z,T,fgm_T,Z,C,h,omega_C,fgm_omega_C,qdot,fgm_qdot,covered
0.000000000000000000e+00,3.000000000000000000e+02,3.000329284043222628e+02,6.903384453385025266e-02,6.254458802555348806e-02,-8.938987278519615065e+05,3.059833665872629472e-05,3.341931688958910644e-05,9.584921359288091480e+03,9.765762844927547121e+03,1.000000000000000000e+00
1.080419165670002704e-05,3.073190897816437541e+02,3.073501386107385542e+02,6.902655081273295634e-02,6.348029539587150827e-02,-8.941698767054652562e+05,3.072918926102950678e-05,3.355974977806256169e-05,8.841014203072427335e+03,9.028414820932681323e+03,1.000000000000000000e+00
2.160838331340005409e-05,3.145928812053271031e+02,3.146238071804933156e+02,6.901964735250111505e-02,6.441037622737513790e-02,-8.944125907219946384e+05,3.092898290909746933e-05,3.378730889282568573e-05,8.249661801022390136e+03,8.428977308007080865e+03,1.000000000000000000e+00
3.241257497010008282e-05,3.218232484319036644e+02,3.218573081875593402e+02,6.901311787306867174e-02,6.533527683770516681e-02,-8.946292673140000552e+05,3.132420345816922398e-05,3.422214816066496905e-05,7.774689008047832431e+03,7.931735570818179440e+03,1.000000000000000000e+00
4.321676662680010817e-05,3.290119658545596621e+02,3.290464130455960685e+02,6.900694753823596872e-02,6.625540688526840305e-02,-8.948220506214442430e+05,3.202911453457343632e-05,3.497701765121269976e-05,7.392992558069275219e+03,7.545200779057030559e+03,1.000000000000000000e+00
5.402095828350013352e-05,3.361607155480477900e+02,3.361931291007260825e+02,6.900112278719768011e-02,6.717114330131476740e-02,-8.949928621529191732e+05,3.309383318890743778e-05,3.606602589171067414e-05,7.087422193907575092e+03,7.243841568146519421e+03,1.000000000000000000e+00
6.482514994020016565e-05,3.432710938427008500e+02,3.433050248954950234e+02,6.899563118995769018e-02,6.808283370716895766e-02,-8.951434273206641665e+05,3.453943847249870910e-05,3.759904824971001047e-05,6.844900947269807148e+03,6.993976473633682872e+03,1.000000000000000000e+00
7.562934159690019777e-05,3.503446171971226590e+02,3.503782385222392008e+02,6.899046132269756604e-02,6.899079939574354059e-02,-8.952752984559262404e+05,3.637605485974304906e-05,3.950565675985746476e-05,6.655371500719644246e+03,6.803113407248583826e+03,1.000000000000000000e+00
8.643353325360021635e-05,3.573827274952426478e+02,3.574199651138566765e+02,6.898560265987679907e-02,6.989533794254382260e-02,-8.953898748068193672e+05,3.861180732237827419e-05,4.200713030959569397e-05,6.511063773457159186e+03,6.652076634460750938e+03,1.000000000000000000e+00
9.723772491030023492e-05,3.643867968609152399e+02,3.644215117234557511e+02,6.898104548043397510e-02,7.079672550020818522e-02,-8.954884199468917213e+05,4.125712493719288997e-05,4.461699189559452378e-05,6.405961813865947079e+03,6.549521237412156552e+03,1.000000000000000000e+00
1.080419165670002670e-04,3.713581320605286464e+02,3.713911202639529847e+02,6.897678078592812956e-02,7.169521882160767579e-02,-8.955720769591169665e+05,4.432673854844457792e-05,4.768022375588951964e-05,6.335409706984567492e+03,6.478777952110831393e+03,1.000000000000000000e+00
1.188461082237002992e-04,3.782979785480019927e+02,3.783332916181985297e+02,6.897280022883772732e-02,7.259105704919996405e-02,-8.956418817059292924e+05,4.784058862759951909e-05,5.149278418071671437e-05,6.295814241619698805e+03,6.438311863954408182e+03,1.000000000000000000e+00
1.242482040520503017e-04,3.817564552236911481e+02,3.817940316402983854e+02,6.897091382401651649e-02,7.303803403507365399e-02,-8.956717491312994389e+05,4.977317877779940106e-05,5.368543059923005150e-05,6.286788883088542207e+03,6.429774927638290137e+03,1.000000000000000000e+00
1.296502998804003313e-04,3.852074818721165457e+02,3.852443459726781612e+02,6.896909581327066718e-02,7.348442830440335416e-02,-8.956985026196510298e+05,5.182704092491324224e-05,5.580637622533318921e-05,6.284553846513877033e+03,6.429061056332375301e+03,1.000000000000000000e+00
1.350523957087503609e-04,3.886511992553755590e+02,3.886884090247938275e+02,6.896734530593912060e-02,7.393026558730533826e-02,-8.957222468437950592e+05,5.400616573491466105e-05,5.806515253602623677e-05,6.288878302999126390e+03,6.433287283366739757e+03,1.000000000000000000e+00
1.404544915371003634e-04,3.920877449262155210e+02,3.921259545693276891e+02,6.896566144167581847e-02,7.437557077490564161e-02,-8.957430816792222904e+05,5.631489817655176605e-05,6.060019789286757519e-05,6.299564655606784982e+03,6.446131855344920041e+03,1.000000000000000000e+00
1.458565873654503659e-04,3.955172533237209223e+02,3.955547124895036859e+02,6.896404338903930342e-02,7.482036795577168276e-02,-8.957611024601877434e+05,5.875794746768009781e-05,6.302527117248117182e-05,6.316446805053714343e+03,6.462541630876229647e+03,1.000000000000000000e+00
1.512586831938003955e-04,3.989398558655431088e+02,3.989787049047810683e+02,6.896249034416329637e-02,7.526468045038228749e-02,-8.957764002201751573e+05,6.134039031179214251e-05,6.592483236810068844e-05,6.339388076777003334e+03,6.489210190939131280e+03,1.000000000000000000e+00
1.566607790221503981e-04,4.023556810368281731e+02,4.023938143800189664e+02,6.896100152950256079e-02,7.570853084376154285e-02,-8.957890619178101188e+05,6.406767553021901120e-05,6.863344699891877373e-05,6.368279192004101787e+03,6.517525663711938250e+03,1.000000000000000000e+00
1.620628748505004006e-04,4.057648544759877041e+02,4.058038377783610144e+02,6.895957619264930782e-02,7.615194101639273516e-02,-8.957991706492071971e+05,6.694563025134916013e-05,7.179842392546109306e-05,6.403036410524459825e+03,6.556193981941718448e+03,1.000000000000000000e+00
1.674649706788504302e-04,4.091674990574484241e+02,4.092068163266560532e+02,6.895821360521486865e-02,7.659493217351986960e-02,-8.958068058476651786e+05,6.998046761905846961e-05,7.495110427789398555e-05,6.443599883498070085e+03,6.597743218674724631e+03,1.000000000000000000e+00
1.728670665072004327e-04,4.125637349715066193e+02,4.126023806935197626e+02,6.895691306177283153e-02,7.703752487293664963e-02,-8.958120434715567390e+05,7.317879598528459874e-05,7.824863727007536031e-05,6.489932218213742090e+03,6.645886007702963070e+03,1.000000000000000000e+00
1.782691623355504352e-04,4.159536798014091232e+02,4.159946460519439029e+02,6.895567387885946642e-02,7.747973905135560613e-02,-8.958149561811995227e+05,7.654762956195811834e-05,8.205655247489488172e-05,6.542017242726332370e+03,6.703550614391469026e+03,1.000000000000000000e+00
1.836712581639004648e-04,4.193374485977720951e+02,4.193752080874226067e+02,6.895449539402741246e-02,7.792159404944368206e-02,-8.958156135054351762e+05,8.009440051575990327e-05,8.531153771720141003e-05,6.599858954072995402e+03,6.757796079422882940e+03,1.000000000000000000e+00
1.890733539922504673e-04,4.227151539504450852e+02,4.227582718714962198e+02,6.895337696494990842e-02,7.836310863560400075e-02,-8.958140819985859562e+05,8.382697249733532616e-05,9.003063250684696422e-05,6.663480633524881341e+03,6.835367257694702857e+03,1.000000000000000000e+00
1.944754498206004698e-04,4.260869060579215102e+02,4.261234994273766574e+02,6.895231796857159701e-02,7.880430102857891028e-02,-8.958104253884266363e+05,8.775365557528092193e-05,9.299391438103270517e-05,6.732924113359722469e+03,6.890365097217853872e+03,1.000000000000000000e+00
1.998775456489504995e-04,4.294528127943917752e+02,4.294965495761458101e+02,6.895131780030364088e-02,7.924518891894311023e-02,-8.958047047157387715e+05,9.188322256982516065e-05,9.861355573363756084e-05,6.808249182191259024e+03,6.988622250836017884e+03,1.000000000000000000e+00
2.052796414773005020e-04,4.328129797745295377e+02,4.328518993688384739e+02,6.895037587325970885e-02,7.968578948955207242e-02,-8.957969784659998259e+05,9.622492675594407309e-05,1.021588695137778534e-04,6.889533117904040409e+03,7.057176739988876761e+03,1.000000000000000000e+00
2.106817373056505045e-04,4.361675104160995602e+02,4.362093414634294390e+02,6.894949161753120837e-02,8.012611943500569378e-02,-8.957873026937016984e+05,1.007885209077379626e-04,1.076052764921467885e-04,6.976870339877161314e+03,7.158878555268406672e+03,1.000000000000000000e+00
2.160838331340005341e-04,4.395165060004679276e+02,4.395584650658190071e+02,6.894866447949854482e-02,8.056619498018409431e-02,-8.957757311397705926e+05,1.055842776276550343e-04,1.125337143200756933e-04,7.070372174866026398e+03,7.254038239270374106e+03,1.000000000000000000e+00
2.214859289623505637e-04,4.428600657310958582e+02,4.428996798777830577e+02,6.894789392117658955e-02,8.100603189790708814e-02,-8.957623153425130295e+05,1.106230108854595000e-04,1.173442044700248078e-04,7.170166734100109352e+03,7.350241614072543598e+03,1.000000000000000000e+00
2.268880247907005662e-04,4.461982867900914584e+02,4.462438404550701989e+02,6.894717941959260799e-02,8.144564552576764871e-02,-8.957471047425057041e+05,1.159160986419790042e-04,1.241425485093170596e-04,7.276398902613485916e+03,7.481343139296536719e+03,1.000000000000000000e+00
2.322901206190505687e-04,4.495312643928912735e+02,4.495702030794960820e+02,6.894652046619398345e-02,8.188505078218472066e-02,-8.957301467817908851e+05,1.214755063902259332e-04,1.282314033743683305e-04,7.389230446577141265e+03,7.568894721016936273e+03,1.000000000000000000e+00
2.376922164474005983e-04,4.528590918411423445e+02,4.529030333192291096e+02,6.894591656628477894e-02,8.232426218171813581e-02,-8.957114869977404596e+05,1.273138114975108637e-04,1.357909266919169681e-04,7.508840250834969993e+03,7.718477841770654777e+03,1.000000000000000000e+00
2.430943122757506009e-04,4.561818605738488941e+02,4.562243914941349772e+02,6.894536723848902759e-02,8.276329384968650338e-02,-8.956911691119036404e+05,1.334442298206156953e-04,1.417427837246585341e-04,7.635424717118226908e+03,7.841940762579246439e+03,1.000000000000000000e+00
2.484964081041006034e-04,4.594996602168485538e+02,4.595401750047014957e+02,6.894487201423925293e-02,8.320215953612544735e-02,-8.956692351141555700e+05,1.398806792303300167e-04,1.480720793870074264e-04,7.769198555316893362e+03,7.974538835981645207e+03,1.000000000000000000e+00
2.593005997608006626e-04,4.661207065565388916e+02,4.661608701817859242e+02,6.894404247595523061e-02,8.407947073739358013e-02,-8.956208902492620982e+05,1.537181782203550940e-04,1.621194644290094213e-04,8.058756275899295360e+03,8.267510426434602778e+03,1.000000000000000000e+00
2.647026955891506922e-04,4.694241344021217515e+02,4.694681267225496981e+02,6.894370661349745466e-02,8.451791770223499034e-02,-8.955943339727714192e+05,1.611632879338706229e-04,1.712501911853248570e-04,8.215495319746189125e+03,8.453756723756023348e+03,1.000000000000000000e+00
2.701047914175007218e-04,4.727229343458046174e+02,4.727680363977319757e+02,6.894342309888697173e-02,8.495625017669310164e-02,-8.955663137190617854e+05,1.689777953828759411e-04,1.794902519397611042e-04,8.380418562085113081e+03,8.625132828150784917e+03,1.000000000000000000e+00
2.755068872458506972e-04,4.760171876375694637e+02,4.760576891436563756e+02,6.894319152070689516e-02,8.539448022328352539e-02,-8.955368639364156406e+05,1.771795766818389385e-04,1.863502697006844773e-04,8.553833337722016950e+03,8.773765926424053760e+03,1.000000000000000000e+00
2.809089830742007268e-04,4.793069739792089194e+02,4.793543431783099891e+02,6.894301147773757021e-02,8.583261960096197352e-02,-8.955060177620542236e+05,1.857873941382408452e-04,1.978344007657368978e-04,8.736064054644011776e+03,9.007772741773547750e+03,1.000000000000000000e+00
2.863110789025507565e-04,4.825923715636801035e+02,4.826362735174562886e+02,6.894288257858653679e-02,8.627067977534251531e-02,-8.954738070803161245e+05,1.948209721027919887e-04,2.057343216076166017e-04,8.927453944205408334e+03,9.178026133064999158e+03,1.000000000000000000e+00
2.917131747309007319e-04,4.858734571132126803e+02,4.859164608889872170e+02,6.894280444133472907e-02,8.670867192848558114e-02,-8.954402625779374503e+05,2.043010448998470183e-04,2.154188473010099699e-04,9.128366318111156943e+03,9.382670854293321099e+03,1.000000000000000000e+00
2.971152705592507615e-04,4.891503059162133695e+02,4.891998288419999312e+02,6.894277669319776036e-02,8.714660696827716824e-02,-8.954054137966012349e+05,2.142494068127802007e-04,2.283132361302002531e-04,9.339185660993811325e+03,9.647153373660159559e+03,1.000000000000000000e+00
3.025173663876007911e-04,4.924229918630084057e+02,4.924660352002528043e+02,6.894279897020177961e-02,8.758449553741912141e-02,-8.953692891829152359e+05,2.246889655754111454e-04,2.361634635923612043e-04,9.560318657920750411e+03,9.820251620244660444e+03,1.000000000000000000e+00
3.079194622159507665e-04,4.956915874804661826e+02,4.957366729666694027e+02,6.894287091687273383e-02,8.802234802205011199e-02,-8.953319161359482678e+05,2.356437994174047032e-04,2.488674742802723374e-04,9.792195210529409451e+03,1.008449088095415937e+04,1.000000000000000000e+00
3.133215580443007961e-04,4.989561639655368595e+02,4.990050239964947423e+02,6.894299218593877288e-02,8.846017456001495360e-02,-8.952933210524858441e+05,2.471392176875024166e-04,2.623628798817640535e-04,1.003526947469729021e+04,1.036401586977430452e+04,1.000000000000000000e+00
3.187236538726508257e-04,5.022167912177472999e+02,5.022594467622038223e+02,6.894316243804471389e-02,8.889798504879928287e-02,-8.952535293701048940e+05,2.592018251005298655e-04,2.713853638688269059e-04,1.029002094006918742e+04,1.056181888067302680e+04,1.000000000000000000e+00
3.241257497010008011e-04,5.054735378706868687e+02,5.055203932073332567e+02,6.894338134147837138e-02,8.933578915314591140e-02,-8.952125656082208734e+05,2.718595897080734432e-04,2.872892429165457449e-04,1.055695556571303678e+04,1.088897688429539085e+04,1.000000000000000000e+00
3.295278455293508308e-04,5.087264713225188757e+02,5.087751807075904367e+02,6.894364857190764251e-02,8.977359631236747628e-02,-8.951704534071771195e+05,2.851419146944649593e-04,3.017672333694301030e-04,1.083660698197117745e+04,1.119017909592088836e+04,1.000000000000000000e+00
3.349299413577008604e-04,5.119756577655497836e+02,5.120183018134119948e+02,6.894396381212841707e-02,9.021141574737007174e-02,-8.951272155655303504e+05,2.990797141044771032e-04,3.123382251540742080e-04,1.112953776693072541e+04,1.141980696645933313e+04,1.000000000000000000e+00
3.403320371860508358e-04,5.152211622148896595e+02,5.152693968593350746e+02,6.894432675182202153e-02,9.064925646740136511e-02,-8.950828740755851613e+05,3.137054925808904706e-04,3.314635480362987364e-04,1.143634080491629902e+04,1.181054140616310906e+04,1.000000000000000000e+00
3.457341330144008654e-04,5.184630485362325771e+02,5.185119672878104211e+02,6.894473708732255790e-02,9.108712727653564545e-02,-8.950374501573169837e+05,3.290534291520126955e-04,3.474647301803886657e-04,1.175764073450733486e+04,1.214349537374973261e+04,1.000000000000000000e+00
3.511362288427508950e-04,5.217013794727877212e+02,5.217442933230025801e+02,6.894519452139286075e-02,9.152503677990816988e-02,-8.949909642907248344e+05,3.451594650400906846e-04,3.598913737815030776e-04,1.209409549390149368e+04,1.241067770186146663e+04,1.000000000000000000e+00
3.565383246711008704e-04,5.249362166713882516e+02,5.249853988280829071e+02,6.894569876300901679e-02,9.196299338971014592e-02,-8.949434362467302708e+05,3.620613953128533086e-04,3.822876212224654850e-04,1.244639797191494108e+04,1.286586661744235062e+04,1.000000000000000000e+00
3.619404204994509000e-04,5.281676207078069183e+02,5.282170376078677236e+02,6.894624952715340538e-02,9.240100533095514657e-02,-8.948948851166953100e+05,3.797989640753776739e-04,4.005218710480947463e-04,1.281527777444375170e+04,1.324390160363833820e+04,1.000000000000000000e+00
3.673425163278009296e-04,5.313956511113010492e+02,5.314390307150271155e+02,6.894684653461483070e-02,9.283908064702715845e-02,-8.948453293406168232e+05,3.984139626262185054e-04,4.149898202889034738e-04,1.320150311711858558e+04,1.355243235577377527e+04,1.000000000000000000e+00
3.727446121561509050e-04,5.346203663884156185e+02,5.346699951448132424e+02,6.894748951179648089e-02,9.327722720502004683e-02,-8.947947867340821540e+05,4.179503297890473025e-04,4.407988419020946467e-04,1.360588285758902930e+04,1.407434810880585792e+04,1.000000000000000000e+00
3.781467079845009347e-04,5.378418240460655397e+02,5.378921149735741665e+02,6.894817819053059016e-02,9.371545270087758284e-02,-8.947432745140445186e+05,4.384542540249060502e-04,4.620614404304705701e-04,1.402926868880732764e+04,1.451118417154031158e+04,1.000000000000000000e+00
3.835488038128509643e-04,5.410600806139216274e+02,5.411045422140580285e+02,6.894891230789992886e-02,9.415376466434274838e-02,-8.946908093234814005e+05,4.599742861656265524e-04,4.785329689540947402e-04,1.447255757983673175e+04,1.485859390953750335e+04,1.000000000000000000e+00
3.889508996412009397e-04,5.442751916661211453e+02,5.443251621267256724e+02,6.894969160606533032e-02,9.459217046372445092e-02,-8.946374072549960110e+05,4.825616110947414904e-04,5.078769148830841003e-04,1.493669537613256762e+04,1.544943366144704123e+04,1.000000000000000000e+00
3.997550912979009989e-04,5.506961912842774609e+02,5.507418417099388535e+02,6.895138511769739742e-02,9.546931140047523745e-02,-8.945280253582072910e+05,5.311053023797313120e-04,5.524068939511675089e-04,1.592977032180330752e+04,1.636729667927780429e+04,1.000000000000000000e+00
4.105592829546010039e-04,5.571052730119885155e+02,5.571583981702309529e+02,6.895325581350225663e-02,9.634691024406004389e-02,-8.944150450498487335e+05,5.845903121463430193e-04,6.164183100898011462e-04,1.701837767044607608e+04,1.765287341509280668e+04,1.000000000000000000e+00
4.213634746113010089e-04,5.635028478480719514e+02,5.635523626442106888e+02,6.895530180341498394e-02,9.722502043861666610e-02,-8.942985773892154684e+05,6.435308819681170422e-04,6.736782860170710671e-04,1.821170013176201246e+04,1.881353580982655694e+04,1.000000000000000000e+00
4.321676662680010682e-04,5.698893134464819923e+02,5.699384319860055257e+02,6.895752126372700630e-02,9.810369325594980872e-02,-8.941787265950272558e+05,7.084965903783995702e-04,7.385514010860795477e-04,1.951990058205861351e+04,2.011899773568194723e+04,1.000000000000000000e+00
4.429718579247011274e-04,5.762650546656122970e+02,5.763203001808668660e+02,6.895991243283319805e-02,9.898297791089408215e-02,-8.940555905938704964e+05,7.801184432340982963e-04,8.225191909812297085e-04,2.095418191345698142e+04,2.178675715481131920e+04,1.000000000000000000e+00
4.537760495814011324e-04,5.826304440852497919e+02,5.826782603159274458e+02,6.896247360723842257e-02,9.986292166873660114e-02,-8.939292615263436455e+05,8.590957452484745179e-04,8.926548568697309808e-04,2.252686344901060511e+04,2.319445930350130948e+04,1.000000000000000000e+00
4.645802412381011375e-04,5.889858424930486080e+02,5.890393443465324026e+02,6.896520313780012124e-02,1.007435699453079619e-01,-8.937998262149392394e+05,9.462037713157202311e-04,9.908523744736625477e-04,2.425146628788989256e+04,2.512267354938896824e+04,1.000000000000000000e+00
4.753844328948011967e-04,5.953315993422403380e+02,5.953845316809926089e+02,6.896809942618555012e-02,1.016249664002930042e-01,-8.936673665973229799e+05,1.042301922535869129e-03,1.089891261724261788e-03,2.614280026955705762e+04,2.706681993657232306e+04,1.000000000000000000e+00
4.807865287231511721e-04,5.985009712991435435e+02,5.985573617467365466e+02,6.896960943497951191e-02,1.020659499252579150e-01,-8.935999502007859992e+05,1.094074646467239550e-03,1.148382284419767561e-03,2.715789757270604605e+04,2.820514644928331472e+04,1.000000000000000000e+00
4.861886245515012017e-04,6.016680555352525062e+02,6.017187389614203994e+02,6.897116068351041851e-02,1.025071367747523859e-01,-8.935318140202203067e+05,1.148465325277090842e-03,1.190758674951980685e-03,2.822099720245981734e+04,2.904265949274208469e+04,1.000000000000000000e+00
4.915907203798512313e-04,6.048328928413443464e+02,6.048845376534163734e+02,6.897275298422445022e-02,1.029485319614339145e-01,-8.934629670948752901e+05,1.205609669863033162e-03,1.253897116520333007e-03,2.933442794122116538e+04,3.026676779511892164e+04,1.000000000000000000e+00
4.969928162082012067e-04,6.079955233729050406e+02,6.080535306826820943e+02,6.897438615215595314e-02,1.033901404031473542e-01,-8.933934182287360309e+05,1.265650111347542840e-03,1.329232888346545266e-03,3.050061348109292885e+04,3.171725277045786788e+04,1.000000000000000000e+00
5.023949120365512905e-04,6.111559866615186820e+02,6.112094565844698764e+02,6.897606000483606781e-02,1.038319669251833999e-01,-8.933231760009009158e+05,1.328736496429377490e-03,1.382687977952370625e-03,3.172208048671112556e+04,3.275986139497254044e+04,1.000000000000000000e+00
5.077970078649012660e-04,6.143143216259027213e+02,6.143643855851639728e+02,6.897777436220367542e-02,1.042740162624601619e-01,-8.932522487756129121e+05,1.395026461466459828e-03,1.442476835999616583e-03,3.300146415214011358e+04,3.391856476830125757e+04,1.000000000000000000e+00
5.131991036932512414e-04,6.174705665825965752e+02,6.175266218017305846e+02,6.897952904651838413e-02,1.047162930616311188e-01,-8.931806447119670920e+05,1.464685796316220288e-03,1.531148727223411235e-03,3.434151323268831038e+04,3.560896004029787582e+04,1.000000000000000000e+00
5.186011995216013252e-04,6.206247592563121316e+02,6.206813713599233324e+02,6.898132388227558309e-02,1.051588018831209753e-01,-8.931083717732820660e+05,1.537888823263899385e-03,1.606336482656673184e-03,3.574509482050112274e+04,3.704933653960027732e+04,1.000000000000000000e+00
5.240032953499514090e-04,6.237769367899514918e+02,6.238279995581794992e+02,6.898315869612323126e-02,1.056015472030925328e-01,-8.930354377362076193e+05,1.614818792528601842e-03,1.666552213005150808e-03,3.721519894949361333e+04,3.821210329108851874e+04,1.000000000000000000e+00
5.294053911783013844e-04,6.269271357543025260e+02,6.269811654891303760e+02,6.898503331678051964e-02,1.060445334153464758e-01,-8.929618501995148836e+05,1.695668293705441480e-03,1.762924127771423998e-03,3.875494307719357312e+04,4.003481163328047114e+04,1.000000000000000000e+00
5.348074870066513598e-04,6.300753921574174683e+02,6.301355326836414861e+02,6.898694757495832386e-02,1.064877648331559734e-01,-8.928876165926461108e+05,1.780639682407718968e-03,1.866717288551708511e-03,4.036757647345713485e+04,4.199228512707933987e+04,1.000000000000000000e+00
5.402095828350014436e-04,6.332217414536813749e+02,6.332760213178652293e+02,6.898890130328107217e-02,1.069312456910387343e-01,-8.928127441839887761e+05,1.869945521485753912e-03,1.938434569932141359e-03,4.205648453471784160e+04,4.335818844429700403e+04,1.000000000000000000e+00
5.456116786633514191e-04,6.363662185525781751e+02,6.364182724812789047e+02,6.899089433621037604e-02,1.073749801464674303e-01,-8.927372400889158016e+05,1.963809036267280799e-03,2.028211165276998934e-03,4.382519303417077754e+04,4.505088364940653264e+04,1.000000000000000000e+00
5.510137744917013945e-04,6.395088578271613642e+02,6.395669133079007906e+02,6.899292650996985410e-02,1.078189722815214857e-01,-8.926611112775932997e+05,2.062464583351844225e-03,2.151930744583746037e-03,4.567737231296701793e+04,4.735672064548550406e+04,1.000000000000000000e+00
5.564158703200514783e-04,6.426496931222335434e+02,6.427075432373268313e+02,6.899499766247163546e-02,1.082632261044808308e-01,-8.925843645825718995e+05,2.166158132467494932e-03,2.255424139057711323e-03,4.761684141250974062e+04,4.929270191749662627e+04,1.000000000000000000e+00
5.618179661484014537e-04,6.457887577622436766e+02,6.458411629694933254e+02,6.899710763324398699e-02,1.087077455513641988e-01,-8.925070067061634036e+05,2.275147760912197767e-03,2.341435829259129464e-03,4.964757214523240691e+04,5.090901689033761068e+04,1.000000000000000000e+00
5.672200619767514291e-04,6.489260845589059272e+02,6.489816311525261199e+02,6.899925626336013418e-02,1.091525344874126058e-01,-8.924290442276126705e+05,2.389704160047930077e-03,2.478683647978652260e-03,5.177369309863479430e+04,5.344148841160609300e+04,1.000000000000000000e+00
5.726221578051015129e-04,6.520617058185476935e+02,6.521234101016425484e+02,6.900144339536863625e-02,1.095975967085204977e-01,-8.923504836101047695e+05,2.510111153252852882e-03,2.625172807077850133e-03,5.399949356503058516e+04,5.613866516548929940e+04,1.000000000000000000e+00
5.780242536334514883e-04,6.551956533491910477e+02,6.552515360316331225e+02,6.900366887322441356e-02,1.100429359426150500e-01,-8.922713312075664289e+05,2.636666224696393186e-03,2.728186266168507006e-03,5.632942738884621212e+04,5.804533444311275525e+04,1.000000000000000000e+00
5.834263494618014637e-04,6.583279584673738327e+02,6.583810690349854440e+02,6.900593254222128770e-02,1.104885558509854648e-01,-8.921915932713007787e+05,2.769681058185897472e-03,2.852489842946255919e-03,5.876811672121092124e+04,6.032723685971109080e+04,1.000000000000000000e+00
5.888284452901515476e-04,6.614586520047158729e+02,6.615176333020623360e+02,6.900823424892518765e-02,1.109344600295636696e-01,-8.921112759564819280e+05,2.909482085277437582e-03,3.026549842076513026e-03,6.132035567138082115e+04,6.348464196826585248e+04,1.000000000000000000e+00
5.942305411185015230e-04,6.645877643142350735e+02,6.646476029600581796e+02,6.901057384110859116e-02,1.113806520101569414e-01,-8.920303853284602519e+05,3.056411041736783497e-03,3.177920197587752026e-03,6.399111384349692526e+04,6.623436508841835894e+04,1.000000000000000000e+00
5.996326369468514984e-04,6.677153252764193212e+02,6.677697425923565788e+02,6.901295116768585425e-02,1.118271352616344028e-01,-8.919489273689491674e+05,3.210825531345927811e-03,3.301539425034649439e-03,6.678553974674080382e+04,6.848545893213180534e+04,1.000000000000000000e+00
6.050347327752015822e-04,6.708413643050582778e+02,6.708975706764418874e+02,6.901536607864930395e-02,1.122739131910680394e-01,-8.918669079820533516e+05,3.373099595949749681e-03,3.485503792981277903e-03,6.970896406634860614e+04,7.178464259866999055e+04,1.000000000000000000e+00
6.104368286035515576e-04,6.739659103528404103e+02,6.740282278994378657e+02,6.901781842500626096e-02,1.127209891448293227e-01,-8.917843330001734430e+05,3.543624290531771810e-03,3.692765724153200275e-03,7.276690278292766016e+04,7.548813417472729634e+04,1.000000000000000000e+00
6.158389244319015330e-04,6.770889919167206017e+02,6.771473071619892607e+02,6.902030805871696428e-02,1.131683664096425485e-01,-8.917012081897839671e+05,3.722808262020931621e-03,3.849744193149283455e-03,7.596506012701976579e+04,7.829667751905899786e+04,1.000000000000000000e+00
6.212410202602516168e-04,6.802106370430620927e+02,6.802641924047835573e+02,6.902283483263305097e-02,1.136160482135957495e-01,-8.916175392570826225e+05,3.911078330402213525e-03,4.009357372700105872e-03,7.930933135576543282e+04,8.114454601438817917e+04,1.000000000000000000e+00
6.266431160886015922e-04,6.833308733325578714e+02,6.833900511963214512e+02,6.902539860043689635e-02,1.140640377271100736e-01,-8.915333318535260623e+05,4.108880070632240158e-03,4.255544222650117954e-03,8.280580533862950688e+04,8.546808434210668202e+04,1.000000000000000000e+00
6.320452119169515676e-04,6.864497279449370808e+02,6.865123743081600196e+02,6.902799921658175908e-02,1.145123380638686100e-01,-8.914485915812682360e+05,4.316678393724383833e-03,4.486442343607794335e-03,8.646076693887407600e+04,8.952371848770073848e+04,1.000000000000000000e+00
6.374473077453016515e-04,6.895672276034588322e+02,6.896243365666091449e+02,6.903063653623227325e-02,1.149609522817053586e-01,-8.913633239984769607e+05,4.534958125304887518e-03,4.665364445672225656e-03,9.028069917796336813e+04,9.266858432129766152e+04,1.000000000000000000e+00
6.428494035736516269e-04,6.926833985991999043e+02,6.927395669584901725e+02,6.903331041520595346e-02,1.154098833834551752e-01,-8.912775346245627152e+05,4.764224579802505549e-03,4.898044924576261741e-03,9.427228516979035339e+04,9.671230738782683329e+04,1.000000000000000000e+00
6.482514994020016023e-04,6.957982667951405347e+02,6.958602736891697305e+02,6.903602070991501916e-02,1.158591343177654553e-01,-8.911912289453061530e+05,5.005004128361703608e-03,5.190976350478756184e-03,9.844240981229598401e+04,1.017626649803670007e+05,1.000000000000000000e+00
6.536535952303516861e-04,6.989118576300514860e+02,6.989732504450986426e+02,6.903876727730900997e-02,1.163087079798704043e-01,-8.911044124179040082e+05,5.257844758465064425e-03,5.439689261650426308e-03,1.027981612241864059e+05,1.060503981576974620e+05,1.000000000000000000e+00
6.590556910587016615e-04,7.020241961221883003e+02,7.020803307820098098e+02,6.904154997481769251e-02,1.167586072123281138e-01,-8.910170904759122059e+05,5.523316623154383466e-03,5.655254365537291592e-03,1.073468319150244351e+05,1.097664360389538779e+05,1.000000000000000000e+00
6.644577868870516369e-04,7.051353068727967184e+02,7.051939637622637065e+02,6.904436866029486919e-02,1.172088348057220564e-01,-8.909292685341279721e+05,5.802012577654068297e-03,5.976978998713157291e-03,1.120959196776996687e+05,1.152183807827993005e+05,1.000000000000000000e+00
6.698598827154017207e-04,7.082452140694325635e+02,7.083098961869444565e+02,6.904722319196227032e-02,1.176593934993265672e-01,-8.908409519933812553e+05,6.094548701225848200e-03,6.325339889073419188e-03,1.170531281937796448e+05,1.211058729792796075e+05,1.000000000000000000e+00
6.752619785437516961e-04,7.113539414891027945e+02,7.114143510272804178e+02,6.905011342835438992e-02,1.181102859817375894e-01,-8.907521462452466367e+05,6.401564802581204833e-03,6.594496186384925761e-03,1.222263673476626427e+05,1.256494450615599198e+05,1.000000000000000000e+00
6.806640743721016715e-04,7.144615125012297767e+02,7.145170933728342106e+02,6.905303922826325214e-02,1.185615148914694883e-01,-8.906628566767032025e+05,6.723724911301477355e-03,6.869462137820029485e-03,1.276237532733134140e+05,1.302768861369241204e+05,1.000000000000000000e+00
6.860661702004517554e-04,7.175679500704447946e+02,7.176290130669524387e+02,6.905600045068421844e-02,1.190130828175176569e-01,-8.905730886747029144e+05,7.061717788965147027e-03,7.283119280550574316e-03,1.332536083425054094e+05,1.371214217996093503e+05,1.000000000000000000e+00
6.914682660288017308e-04,7.206732767592138771e+02,7.207383957437103845e+02,6.905899695476168387e-02,1.194649922998885921e-01,-8.904828476306941593e+05,7.416257738843351835e-03,7.679358323439415719e-03,1.391244626694195904e+05,1.436759054274854716e+05,1.000000000000000000e+00
6.973031883983058822e-04,7.240261857446196245e+02,7.240854462847411241e+02,6.906227303403378315e-02,1.199534968149165437e-01,-8.903848563272967003e+05,7.818624038546571897e-03,8.015650971812707595e-03,1.457459666959327587e+05,1.492288839286209841e+05,1.000000000000000000e+00
7.031381107678101421e-04,7.273778520658573825e+02,7.274364295545408368e+02,6.906558992400997632e-02,1.204424057152197192e-01,-8.902863256345287664e+05,8.242121200261888492e-03,8.448146086293763929e-03,1.526700582290686434e+05,1.562820637558568269e+05,1.000000000000000000e+00
7.089730331373142935e-04,7.307283025887985559e+02,7.307931272467130839e+02,6.906894744738997782e-02,1.209317220124426495e-01,-8.901872624006186379e+05,8.687750268131608222e-03,8.977788059809112958e-03,1.599082673820166965e+05,1.648493357155125414e+05,1.000000000000000000e+00
7.148079555068184449e-04,7.340775636446335284e+02,7.341401755325202885e+02,6.907234542677623268e-02,1.214214486540982629e-01,-8.900876735046093818e+05,9.156548979631503118e-03,9.419944324233726213e-03,1.674723977686452272e+05,1.719925811584764742e+05,1.000000000000000000e+00
7.206428778763227048e-04,7.374256610325653583e+02,7.374826256926539827e+02,6.907578368459743601e-02,1.219115885241070368e-01,-8.899875658625561045e+05,9.649591867310701454e-03,9.834046028074187873e-03,1.753745208753545303e+05,1.786690107855862298e+05,1.000000000000000000e+00
7.264778002458268562e-04,7.407726200222830357e+02,7.408350173169384334e+02,6.907926204303251050e-02,1.224021444432897010e-01,-8.898869464336670935e+05,1.016799059871253963e-02,1.045791344716241397e-02,1.836269716129653389e+05,1.885337623027776426e+05,1.000000000000000000e+00
7.323127226153310076e-04,7.441184653562238509e+02,7.441846296746424514e+02,6.908278032393488921e-02,1.228931191698135889e-01,-8.897858222263467032e+05,1.071289429299796502e-02,1.105496369769963863e-02,1.922423435919008625e+05,1.979670456152762054e+05,1.000000000000000000e+00
7.381476449848352675e-04,7.474632212516290792e+02,7.475236583015913538e+02,6.908633834875765878e-02,1.233845153995941357e-01,-8.896842003041948192e+05,1.128548978285144784e-02,1.153872671092740290e-02,2.012334839514373743e+05,2.055906700430590718e+05,1.000000000000000000e+00
7.439825673543395274e-04,7.508069114024040118e+02,7.508670273482916855e+02,6.908993593847873038e-02,1.238763357666518850e-01,-8.895820877919275081e+05,1.188700181659272694e-02,1.215933597513625675e-02,2.106134877326973074e+05,2.152395763127204264e+05,1.000000000000000000e+00
7.498174897238436788e-04,7.541495589807902888e+02,7.542158388613305533e+02,6.909357291352673236e-02,1.243685828434268892e-01,-8.894794918812434189e+05,1.251869319910387489e-02,1.289978406977186458e-02,2.203956918119467155e+05,2.266611811287294549e+05,1.000000000000000000e+00
7.556524120933478302e-04,7.574911866388563340e+02,7.575551450285075816e+02,6.909724909370712487e-02,1.248612591410502015e-01,-8.893764198366252240e+05,1.318186487119347994e-02,1.352500615399555850e-02,2.305936684200597811e+05,2.362865478116974409e+05,1.000000000000000000e+00
7.614873344628520901e-04,7.608318165098161217e+02,7.608902318674275875e+02,6.910096429812884189e-02,1.253543671095746492e-01,-8.892728790011066012e+05,1.387785592769450599e-02,1.411574192899388118e-02,2.412212182810905797e+05,2.453598999304199824e+05,1.000000000000000000e+00
7.673222568323563499e-04,7.641714702091825302e+02,7.642351808195634248e+02,6.910471834513114142e-02,1.258479091381647375e-01,-8.891688768019661075e+05,1.460804357521183761e-02,1.497947387844949033e-02,2.522923634087478858e+05,2.583562351130683091e+05,1.000000000000000000e+00
7.731571792018605014e-04,7.675101688357643752e+02,7.675779608611034064e+02,6.910851105221095525e-02,1.263418875552476395e-01,-8.890644207563833334e+05,1.537384303112676424e-02,1.581604028496555805e-02,2.638213396061689709e+05,2.709348482800349593e+05,1.000000000000000000e+00
7.789921015713646528e-04,7.708479329725143998e+02,7.709100254197750246e+02,6.911234223595047466e-02,1.268363046286255236e-01,-8.889595184770658379e+05,1.617670736611725307e-02,1.650603152007277391e-02,2.758225887199820136e+05,2.812880129376631230e+05,1.000000000000000000e+00
7.848270239408689126e-04,7.741847826872350424e+02,7.742460099746658670e+02,6.911621171194504143e-02,1.273311625655504931e-01,-8.888541776778148487e+05,1.701812729320163406e-02,1.735902692286983573e-02,2.883107507061652141e+05,2.939239800980959553e+05,1.000000000000000000e+00
7.906619463103731725e-04,7.775207375331514186e+02,7.775879649880527040e+02,6.912011929473137195e-02,1.278264635127630555e-01,-8.887484061790696578e+05,1.789963090700491533e-02,1.838229000864213813e-02,3.013006555705904611e+05,3.089445898561844951e+05,1.000000000000000000e+00
7.964968686798773239e-04,7.808558165493572005e+02,7.809215151671687636e+02,6.912406479771603107e-02,1.283222095564950926e-01,-8.886422119134120876e+05,1.882278337769932586e-02,1.927312143763559166e-02,3.148073152534119436e+05,3.219930183839953970e+05,1.000000000000000000e+00
8.023317910493814754e-04,7.841900382611414670e+02,7.842504024724933060e+02,6.912804803310422519e-02,1.288184027224385519e-01,-8.885356029310494196e+05,1.978918660477892166e-02,2.009520068141509158e-02,3.288459155314925592e+05,3.340129927174730110e+05,1.000000000000000000e+00
8.081667134188857352e-04,7.875234206802028893e+02,7.875878995465614025e+02,6.913206881182869246e-02,1.293150449756799159e-01,-8.884285874052630970e+05,2.080047883653849891e-02,2.126207656594554518e-02,3.434318080185776926e+05,3.507204644672870636e+05,1.000000000000000000e+00
8.140016357883899951e-04,7.908559813047590978e+02,7.909256581679162537e+02,6.913612694347895382e-02,1.298121382206029462e-01,-8.883211736378401984e+05,2.185833426180334993e-02,2.243494815799916553e-02,3.585805023475545458e+05,3.674919104317780584e+05,1.000000000000000000e+00
8.198365581578941465e-04,7.941877371195568003e+02,7.942517532916947403e+02,6.914022223623075836e-02,1.303096843007589545e-01,-8.882133700644930359e+05,2.296446258108970212e-02,2.340171661316994833e-02,3.743076586235207506e+05,3.812728739904582035e+05,1.000000000000000000e+00
8.256714805273982979e-04,7.975187045957883356e+02,7.975806539074574175e+02,6.914435449677563961e-02,1.308076849987066803e-01,-8.881051852602476720e+05,2.412060856495852612e-02,2.452800879526660649e-02,3.906290802401110413e+05,3.971678401417889982e+05,1.000000000000000000e+00
8.315064028969025578e-04,8.008488996909223943e+02,8.009167021659247894e+02,6.914852353025072174e-02,1.313061420358224707e-01,-8.879966279448389541e+05,2.532855160784328388e-02,2.591606070034080042e-02,4.075607071546111256e+05,4.165279403799299616e+05,1.000000000000000000e+00
8.373413252664068177e-04,8.041783378484519744e+02,8.042461813925315255e+02,6.915272914016862282e-02,1.318050570720810943e-01,-8.878877069880862255e+05,2.659010528606873050e-02,2.717559313318787528e-02,4.251186097196648479e+05,4.340668245954781887e+05,1.000000000000000000e+00
8.431762476359109691e-04,8.075070339975660545e+02,8.075695671034881116e+02,6.915697112834760796e-02,1.323044317058084673e-01,-8.877784314152778825e+05,2.790711692913807468e-02,2.831525555377162676e-02,4.433189831709437422e+05,4.499070298888353864e+05,1.000000000000000000e+00
8.490111700054151205e-04,8.108350025527497564e+02,8.108999591437552681e+02,6.916124929484165906e-02,1.328042674734072059e-01,-8.876688104125417303e+05,2.928146721361653271e-02,2.982899724856323195e-02,4.621781428705792059e+05,4.705651928635979421e+05,1.000000000000000000e+00
8.548460923749193804e-04,8.141622574133155013e+02,8.142333302869557201e+02,6.916556343787085004e-02,1.333045658490554231e-01,-8.875588533322297735e+05,3.071506978908987440e-02,3.143763415975974612e-02,4.817125204057374503e+05,4.924473676502541057e+05,1.000000000000000000e+00
8.606810147444236402e-04,8.174888119628699314e+02,8.175550065515053575e+02,6.916991335375163863e-02,1.338053282443796288e-01,-8.874485696983132511e+05,3.220987094571668707e-02,3.279155254842645167e-02,5.019386606401089230e+05,5.108015423955531442e+05,1.000000000000000000e+00
8.665159371139277917e-04,8.208146790687188741e+02,8.208770079354943618e+02,6.917429883682729708e-02,1.343065560081022347e-01,-8.873379692117827944e+05,3.376784933280883860e-02,3.423512733583417011e-02,5.228732198133839411e+05,5.302527346944464371e+05,1.000000000000000000e+00
8.723508594834319431e-04,8.241398710812140962e+02,8.242078659357573542e+02,6.917871967939827338e-02,1.348082504256647995e-01,-8.872270617560715182e+05,3.539101573766727238e-02,3.608525060944752644e-02,5.445329647798154037e+05,5.547925048003566917e+05,1.000000000000000000e+00
8.781857818529362029e-04,8.274643998330410568e+02,8.275346109916476962e+02,6.918317567165258031e-02,1.353104127188267114e-01,-8.871158574024996487e+05,3.708141293357955504e-02,3.783773987430896768e-02,5.669347734718603315e+05,5.780114446364942705e+05,1.000000000000000000e+00
8.840207042224404628e-04,8.307882766384512934e+02,8.308531162353275477e+02,6.918766660159617055e-02,1.358130440452403609e-01,-8.870043664157333551e+05,3.884111560542221481e-02,3.939439020123571000e-02,5.900956366683723172e+05,5.985816796506982064e+05,1.000000000000000000e+00
8.898556265919446142e-04,8.341115122924376237e+02,8.341766618172938479e+02,6.919219225498315917e-02,1.363161454980033604e-01,-8.868925992592939874e+05,4.067223036075272302e-02,4.129787100270350397e-02,6.140326611393106868e+05,6.233978932737861760e+05,1.000000000000000000e+00
8.956905489614487657e-04,8.374341170698548922e+02,8.375051292911102792e+02,6.919675241524576859e-02,1.368197181051874489e-01,-8.867805666010816349e+05,4.257689583357754382e-02,4.342683419345570728e-02,6.387630742298110854e+05,6.509769309039060026e+05,1.000000000000000000e+00
9.015254713309530255e-04,8.407561007244814846e+02,8.408247159916558076e+02,6.920134686342448160e-02,1.373237628293449142e-01,-8.866682793189520016e+05,4.455728288720108010e-02,4.532031987604166756e-02,6.643042299365544459e+05,6.754220590433411999e+05,1.000000000000000000e+00
9.073603937004572854e-04,8.440774724880232043e+02,8.441408606561983561e+02,6.920597537809752842e-02,1.378282805669924505e-01,-8.865557485063201748e+05,4.661559492166759966e-02,4.714579102204483757e-02,6.906736165180387907e+05,6.989329995984263951e+05,1.000000000000000000e+00
9.131953160699614368e-04,8.473982410690556435e+02,8.474662090810055588e+02,6.921063773531034580e-02,1.383332721480728389e-01,-8.864429854778335430e+05,4.875406829034634182e-02,4.954754696886672083e-02,7.178888656681656139e+05,7.293133675392229343e+05,1.000000000000000000e+00
9.190302384394655882e-04,8.507184146519027763e+02,8.507912073608698620e+02,6.921533370850456446e-02,1.388387383353941740e-01,-8.863300017750742845e+05,5.097497282916951811e-02,5.193678386960486754e-02,7.459677632693102350e+05,7.595054165488685248e+05,1.000000000000000000e+00
9.248651608089698481e-04,8.540380008954469986e+02,8.541053418775594537e+02,6.922006306844667722e-02,1.393446798240465800e-01,-8.862168091723393882e+05,5.328061250095710716e-02,5.401932815291067558e-02,7.749282617272316711e+05,7.857059843652211130e+05,1.000000000000000000e+00
9.307000831784741079e-04,8.573570069318676587e+02,8.574222252089060703e+02,6.922482558315604106e-02,1.398510972407965292e-01,-8.861034196824620012e+05,5.567332615614224711e-02,5.635662633027987978e-02,8.047884938754013274e+05,8.148825401959425071e+05,1.000000000000000000e+00
9.365350055479782594e-04,8.606754393653019406e+02,8.607462662885718601e+02,6.922962101783257383e-02,1.403579911434584271e-01,-8.859898455627145013e+05,5.815548841009400560e-02,5.912113035511896292e-02,8.355667884214877849e+05,8.490576255828789435e+05,1.000000000000000000e+00
9.423699279174824108e-04,8.639933042704234367e+02,8.640645645993970447e+02,6.923444913478357665e-02,1.408653620202432455e-01,-8.858760993207736174e+05,6.072951063611480016e-02,6.170778657980438564e-02,8.672816868933278602e+05,8.809512861505484907e+05,1.000000000000000000e+00
9.482048502869866707e-04,8.673106071909311368e+02,8.673767165856943393e+02,6.923930969334994578e-02,1.413732102890835340e-01,-8.857621937207593583e+05,6.339784207211372757e-02,6.410349007582843983e-02,8.999519620265393751e+05,9.103955219381194329e+05,1.000000000000000000e+00
9.540397726564908221e-04,8.706273531379439419e+02,8.706951512086645835e+02,6.924420244983162109e-02,1.418815362969350069e-01,-8.856481417893534526e+05,6.616297103792267986e-02,6.704262718770433171e-02,9.335966375207550591e+05,9.460380661305757239e+05,1.000000000000000000e+00
9.598746950259949735e-04,8.739435465882910421e+02,8.740172377031908582e+02,6.924912715741185498e-02,1.423903403190535377e-01,-8.855339568220077781e+05,6.902742625927106579e-02,7.016981033243843702e-02,9.682350090769212693e+05,9.838300934758356307e+05,1.000000000000000000e+00
9.657096173954992334e-04,8.772591914826931543e+02,8.773291136037006481e+02,6.925408356608095395e-02,1.428996225582479795e-01,-8.854196523892225232e+05,7.199377829356268244e-02,7.296669808408344504e-02,1.003886666614173213e+06,1.017460367373801069e+06,1.000000000000000000e+00
9.715445397650033848e-04,8.805742912238242752e+02,8.806393928979919110e+02,6.925907142255847970e-02,1.434093831441066724e-01,-8.853052423429340124e+05,7.506464105185192692e-02,7.579255459758993396e-02,1.040571517551924335e+06,1.051328520657842513e+06,1.000000000000000000e+00
9.773794621345075363e-04,8.838888486742480382e+02,8.839592934546662946e+02,6.926409047021446497e-02,1.439196221321990266e-01,-8.851907408229795983e+05,7.824267341078282312e-02,7.932257911546723717e-02,1.078309811031320831e+06,1.093097935579404002e+06,1.000000000000000000e+00
9.832143845040117961e-04,8.872028661542177588e+02,8.872768489698930807e+02,6.926914044898931089e-02,1.444303395032494608e-01,-8.850761622636675602e+05,8.153058090777925981e-02,8.276704831653003414e-02,1.117122162940194830e+06,1.133798496744340984e+06,1.000000000000000000e+00
9.890493068735158391e-04,8.905163454393332358e+02,8.905850392359822081e+02,6.927422109531224115e-02,1.449415351622846404e-01,-8.849615214004478185e+05,8.493111751245108199e-02,8.588366796588987884e-02,1.157029581597917713e+06,1.170410184671626659e+06,1.000000000000000000e+00
9.948842292430200990e-04,8.938292877580450977e+02,8.938968237910463586e+02,6.927933214201827117e-02,1.454532089377523763e-01,-8.848468332766784588e+05,8.844708746705332025e-02,8.939863017392926658e-02,1.198053493951173965e+06,1.211403411718423944e+06,1.000000000000000000e+00
1.000719151612524359e-03,8.971416937889966903e+02,8.972148309701966582e+02,6.928447331826358135e-02,1.459653605806116861e-01,-8.847321132505011046e+05,9.208134718891808346e-02,9.336601687509722691e-02,1.240215772129800171e+06,1.257388581864766078e+06,1.000000000000000000e+00
1.006554073982028619e-03,9.004535636581962308e+02,9.005261881473267067e+02,6.928964434943904460e-02,1.464779897633928241e-01,-8.846173770018222276e+05,9.583680722814136299e-02,9.708569408918252264e-02,1.283538760214023292e+06,1.300315592383355601e+06,1.000000000000000000e+00
1.012388996351532879e-03,9.037648969360095634e+02,9.038325565972932054e+02,6.929484495708219949e-02,1.469910960792274457e-01,-8.845026405393962050e+05,9.971643427454165987e-02,1.006173519657269505e-01,1.328045301073399605e+06,1.340920613730841083e+06,1.000000000000000000e+00
1.018223918721036922e-03,9.070756926339654456e+02,9.071457474348962933e+02,6.930007485878691975e-02,1.475046790408470754e-01,-8.843879202080244431e+05,1.037232532092394466e-01,1.049023904181071720e-01,1.373758763156031026e+06,1.389705319264646154e+06,1.000000000000000000e+00
1.024058841090540965e-03,9.103859492013643830e+02,9.104618434237660267e+02,6.930533376811147395e-02,1.480187380795496277e-01,-8.842732326958561316e+05,1.078603491986590834e-01,1.093509167085411488e-01,1.420703067142293556e+06,1.440274427343277261e+06,1.000000000000000000e+00
1.029893763460045224e-03,9.136956645216828292e+02,9.137670157763205907e+02,6.931062139448408710e-02,1.485332725441328439e-01,-8.841585950418023858e+05,1.121308698337982329e-01,1.133795810679888300e-01,1.468902712446811842e+06,1.485709242465680465e+06,1.000000000000000000e+00
1.035728685829549484e-03,9.170048359087652443e+02,9.170720735086023296e+02,6.931593744310657335e-02,1.490482816997942273e-01,-8.840440246430529514e+05,1.165380273302074610e-01,1.175452887847541483e-01,1.518382803702013567e+06,1.532545225012321724e+06,1.000000000000000000e+00
1.041563608199053744e-03,9.203134601027965118e+02,9.203859970553924086e+02,6.932128161485558160e-02,1.495637647269961179e-01,-8.839295392627124675e+05,1.210851008437245774e-01,1.225139413373898395e-01,1.569169077733851271e+06,1.587994072102445876e+06,1.000000000000000000e+00
1.047398530568558004e-03,9.236215332660456170e+02,9.236969040041892640e+02,6.932665360618128769e-02,1.500797207202954342e-01,-8.838151570375269512e+05,1.257754391080510570e-01,1.273497069077676735e-01,1.621287932692359900e+06,1.641815266280786134e+06,1.000000000000000000e+00
1.053233452938062264e-03,9.269290509783731977e+02,9.269993437985418723e+02,6.933205310900390772e-02,1.505961486871366106e-01,-8.837008964857378742e+05,1.306124642532444924e-01,1.318229676436157294e-01,1.674766465194348479e+06,1.691205083518930012e+06,1.000000000000000000e+00
1.059068375307566524e-03,9.302360082324903487e+02,9.303057354527928737e+02,6.933747981060738030e-02,1.511130475466062884e-01,-8.835867765150323976e+05,1.355996806817513500e-01,1.368564050280362265e-01,1.729632538679983933e+06,1.746548783286837861e+06,1.000000000000000000e+00
1.064903297677070567e-03,9.335423994289435541e+02,9.336176860305020000e+02,6.934293339353045371e-02,1.516304161281437635e-01,-8.834728164306016406e+05,1.407407072657206326e-01,1.423939399926335836e-01,1.785914984646063065e+06,1.807272696750354953e+06,1.000000000000000000e+00
1.073669072869613741e-03,9.385085019893436993e+02,9.385800878004391734e+02,6.935117630105061548e-02,1.524085413643331832e-01,-8.833019946761543397e+05,1.487597359908206240e-01,1.501517387373421664e-01,1.873175845647748094e+06,1.891692229286055779e+06,1.000000000000000000e+00
1.082434848062157132e-03,9.434732897622293422e+02,9.435453754586974355e+02,6.935947795521325843e-02,1.531877180645324354e-01,-8.831316392841407796e+05,1.571465572100362307e-01,1.587095421216367652e-01,1.963798476656924468e+06,1.984204865992703242e+06,1.000000000000000000e+00
1.091200623254700306e-03,9.484367360899030928e+02,9.485121533663135551e+02,6.936783721793357560e-02,1.539679410849543184e-01,-8.829618210431210464e+05,1.659142113519976314e-01,1.677032148224096852e-01,2.057888334038113477e+06,2.080879896515011787e+06,1.000000000000000000e+00
1.099966398447243480e-03,9.533988111566351336e+02,9.534682437208316514e+02,6.937625292409189959e-02,1.547492047901404266e-01,-8.827926129777081078e+05,1.750762193615434115e-01,1.764175773301062677e-01,2.155555211491492111e+06,2.173654799810750876e+06,1.000000000000000000e+00
1.108732173639786871e-03,9.583594819387880079e+02,9.584371528484426790e+02,6.938472388058983253e-02,1.555315030412808830e-01,-8.826240904130671406e+05,1.846465572514413012e-01,1.866808829883095378e-01,2.256913059961965308e+06,2.282683726735259872e+06,1.000000000000000000e+00
1.117497948832330045e-03,9.633187121519137008e+02,9.633904950737110084e+02,6.939324886537884263e-02,1.563148291840373294e-01,-8.824563310399367474e+05,1.946396647516114853e-01,1.961885640470791559e-01,2.362080000475913286e+06,2.382545001670909114e+06,1.000000000000000000e+00
1.126263724024873219e-03,9.682764621948887225e+02,9.683508483043299293e+02,6.940182662646357525e-02,1.570991760358682321e-01,-8.822894149800327141e+05,2.050704578660014765e-01,2.070391617357905389e-01,2.471178350938106421e+06,2.496231652056738269e+06,1.000000000000000000e+00
1.135029499217416610e-03,9.732326890911258488e+02,9.733080714750428797e+02,6.941045588088146090e-02,1.578845358728498960e-01,-8.821234248516568914e+05,2.159543414053042565e-01,2.179980276322510679e-01,2.584334641145656351e+06,2.610313033423716668e+06,1.000000000000000000e+00
1.143795274409960001e-03,9.781873464269219767e+02,9.782589248344784210e+02,6.941913531366165901e-02,1.586709004159858605e-01,-8.819584458353044465e+05,2.273072207566315672e-01,2.290764610784576383e-01,2.701679611338994931e+06,2.724680288361506537e+06,1.000000000000000000e+00
1.152561049602503175e-03,9.831403842870037124e+02,9.832198901677815002e+02,6.942786357676589137e-02,1.594582608169983484e-01,-8.817945657391424756e+05,2.391455125876292276e-01,2.416031734727185909e-01,2.823348193409350701e+06,2.854018619172203355e+06,1.000000000000000000e+00
1.161326824795046349e-03,9.880917491873537983e+02,9.881637279041641477e+02,6.943663928801457885e-02,1.602466076435967446e-01,-8.816318750641180668e+05,2.514861542442963227e-01,2.531871959668693384e-01,2.949479475145719945e+06,2.971904555628716946e+06,1.000000000000000000e+00
1.170092599987589740e-03,9.930413840054070533e+02,9.931181173440679686e+02,6.944546103000190373e-02,1.610359308642183851e-01,-8.814704670685812598e+05,2.643466116021043755e-01,2.668058412366268173e-01,3.080216649196971208e+06,3.110866862830176018e+06,1.000000000000000000e+00
1.178858375180132914e-03,9.979892279077189414e+02,9.980645736917382465e+02,6.945432734900373883e-02,1.618262198322401313e-01,-8.813104378322259290e+05,2.777448851086756765e-01,2.800589759068023432e-01,3.215706951053016353e+06,3.244868660358162597e+06,1.000000000000000000e+00
1.187624150372676088e-03,1.002935216275215453e+03,1.003008990547462759e+03,6.946323675388228758e-02,1.626174632696598676e-01,-8.811520608455718029e+05,2.916995116119611153e-01,2.940003264786986148e-01,3.356100806719097774e+06,3.385126449751780368e+06,1.000000000000000000e+00
1.196389925565219479e-03,1.007879279843855670e+03,1.007958444559952682e+03,6.947218771501253998e-02,1.634096492504665821e-01,-8.809953096910234308e+05,3.062295709928011256e-01,3.090963856381751529e-01,3.501553805863706861e+06,3.536913815054699779e+06,1.000000000000000000e+00
1.205155700757762653e-03,1.012821343690618733e+03,1.012892955249411671e+03,6.948117866317585212e-02,1.642027651839652602e-01,-8.808403934447754873e+05,3.213546790398140729e-01,3.233236430176756881e-01,3.652223802669414319e+06,3.677929658538042568e+06,1.000000000000000000e+00
1.213921475950305827e-03,1.017761328783079421e+03,1.017840606443805314e+03,6.949020798850887026e-02,1.649967977973745281e-01,-8.806873650624881266e+05,3.370949885616337793e-01,3.401285444559742910e-01,3.808272836366367061e+06,3.845428713695124723e+06,1.000000000000000000e+00
1.222687251142849218e-03,1.022699152056646199e+03,1.022774570962398343e+03,6.949927403944962390e-02,1.657917331174186826e-01,-8.805362777713506948e+05,3.534711803964607491e-01,3.560153992916740284e-01,3.969866271416465286e+06,4.001764531513128895e+06,1.000000000000000000e+00
1.231453026335392392e-03,1.027634726330051535e+03,1.027710935265151420e+03,6.950837512170846000e-02,1.665875564513821794e-01,-8.803871850876134122e+05,3.705044531430628507e-01,3.734282776359042488e-01,4.137172619634504430e+06,4.173156458253927063e+06,1.000000000000000000e+00
1.240218801527935566e-03,1.032567960219407041e+03,1.032646888372316198e+03,6.951750949726953621e-02,1.673842523676878358e-01,-8.802401408331701532e+05,3.882165093792089294e-01,3.914804657712691038e-01,4.310363337796745822e+06,4.350201235164280981e+06,1.000000000000000000e+00
1.248984576720478957e-03,1.037498758051013510e+03,1.037572435619225644e+03,6.952667538342917342e-02,1.681818046760180929e-01,-8.800951991511562373e+05,4.066295382152224080e-01,4.092173175961725251e-01,4.489612604075953364e+06,4.522207223654394969e+06,1.000000000000000000e+00
1.257750351913022131e-03,1.042427019773143229e+03,1.042508814100730206e+03,6.953587095187732658e-02,1.689801964070047069e-01,-8.799524145205478417e+05,4.257661940844467696e-01,4.295875248832235482e-01,4.675097075322234072e+06,4.721174921382301487e+06,1.000000000000000000e+00
1.266516127105565305e-03,1.047352640867004538e+03,1.047427778405118261e+03,6.954509432782872425e-02,1.697794097915131528e-01,-8.798118417697466211e+05,4.456495717198165618e-01,4.485034227877810475e-01,4.866995626663911156e+06,4.902711205018851906e+06,1.000000000000000000e+00
1.275281902298108696e-03,1.052275512257120909e+03,1.052354166587719646e+03,6.955434358921021298e-02,1.705794262395546601e-01,-8.796735360891113523e+05,4.663031773125835278e-01,4.700614792723069590e-01,5.065489074744901620e+06,5.110754291130173020e+06,1.000000000000000000e+00
1.284047677490652087e-03,1.057195520221354627e+03,1.057274079888734150e+03,6.956361676591084342e-02,1.713802263188605179e-01,-8.795375530424374156e+05,4.877508958916473292e-01,4.914272695277381309e-01,5.270759885908727534e+06,5.315266217403439805e+06,1.000000000000000000e+00
1.292813452683195261e-03,1.062112546300813847e+03,1.062188594339714427e+03,6.957291183910145616e-02,1.721817897331580915e-01,-8.794039485773636261e+05,5.100169549918529555e-01,5.134614563597736936e-01,5.482991870615204796e+06,5.525012615797980689e+06,1.000000000000000000e+00
1.301579227875738435e-03,1.067026467209888551e+03,1.067108720950929410e+03,6.958222674063031798e-02,1.729840953001919313e-01,-8.792727790346884867e+05,5.331258846805877472e-01,5.376253602446078306e-01,5.702369865129746497e+06,5.755880664139465429e+06,1.000000000000000000e+00
1.310345003068281826e-03,1.071937154746656915e+03,1.072012001565639594e+03,6.959155935250124769e-02,1.737871209295348274e-01,-8.791441011565972585e+05,5.571024739486958310e-01,5.601544549467714074e-01,5.929079400639130734e+06,5.967410481562311761e+06,1.000000000000000000e+00
1.319110778260825000e-03,1.076844475703912622e+03,1.076925828389900744e+03,6.960090750644079560e-02,1.745908436002393538e-01,-8.790179720938012470e+05,5.819717232551084862e-01,5.867559755185882686e-01,6.163306357293321751e+06,6.219821176323763095e+06,1.000000000000000000e+00
1.327876553453368174e-03,1.081748291781069611e+03,1.081826319917164255e+03,6.961026898356072190e-02,1.753952393383834685e-01,-8.788944494115638081e+05,6.077587923953613469e-01,6.118411463887515334e-01,6.405236592881917953e+06,6.454465041935025714e+06,1.000000000000000000e+00
1.336642328645911565e-03,1.086648459497205295e+03,1.086727023952731543e+03,6.961964151412221302e-02,1.762002831945668202e-01,-8.787735910946388030e+05,6.344889410571563637e-01,6.390518327780938534e-01,6.655055512119771913e+06,6.709220646853322163e+06,1.000000000000000000e+00
1.345408103838454739e-03,1.091544830105557139e+03,1.091626238426702230e+03,6.962902277740840029e-02,1.770059492214254293e-01,-8.786554555510898354e+05,6.621874537403664718e-01,6.673146179420206270e-01,6.912947461920373142e+06,6.973261798429509625e+06,1.000000000000000000e+00
1.352980396700575322e-03,1.095771364510606872e+03,1.095846584041517190e+03,6.963713184505011811e-02,1.777023996437102626e-01,-8.785556331241682637e+05,6.869154900607316039e-01,6.906500088340632448e-01,7.142385137052117847e+06,7.188420757990816608e+06,1.000000000000000000e+00
1.360552689562696121e-03,1.099994847020572251e+03,1.100076770542398208e+03,6.964524409590479304e-02,1.783992764143344234e-01,-8.784579267571495147e+05,7.124015772836580496e-01,7.179847864314774508e-01,7.378104304199939594e+06,7.443126962622030638e+06,1.000000000000000000e+00
1.368124982424816704e-03,1.104215171935645685e+03,1.104295584197088374e+03,6.965335794107554990e-02,1.790965609248705848e-01,-8.783623748802598566e+05,7.386620325050844427e-01,7.438107297156265618e-01,7.620222384453650564e+06,7.680832249350300990e+06,1.000000000000000000e+00
1.375697275286937287e-03,1.108432230452460090e+03,1.108509482491774179e+03,6.966147176354348103e-02,1.797942339646364518e-01,-8.782690161620730069e+05,7.657130903403682742e-01,7.702961378570445383e-01,7.868855598250515759e+06,7.923695827107826248e+06,1.000000000000000000e+00
1.383269568149057870e-03,1.112645910627002877e+03,1.112730110165597580e+03,6.966958391837686781e-02,1.804922757101749542e-01,-8.781778895090399310e+05,7.935708800395886442e-01,8.000758196609589756e-01,8.124118914559978060e+06,8.199008226296164095e+06,1.000000000000000000e+00
1.390841861011178453e-03,1.116856097338588597e+03,1.116935335647658121e+03,6.967769273299656563e-02,1.811906657148653621e-01,-8.780890340645584511e+05,8.222514035654280296e-01,8.274485504984490092e-01,8.386125949396347627e+06,8.447622342650052160e+06,1.000000000000000000e+00
1.398414153873299036e-03,1.121062672254918880e+03,1.121141834121883448e+03,6.968579650749891219e-02,1.818893828986797856e-01,-8.780024892075911630e+05,8.517705131409993857e-01,8.574504693412688949e-01,8.654988846010170877e+06,8.721322184998389333e+06,1.000000000000000000e+00
1.405986446735419618e-03,1.125265513798271968e+03,1.125349973329809245e+03,6.969389351503713081e-02,1.825884055381012394e-01,-8.779182945508136181e+05,8.821438888277539636e-01,8.893212696421108898e-01,8.930818150357358158e+06,9.012831655060032383e+06,1.000000000000000000e+00
1.413558739597540201e-03,1.129464497112858453e+03,1.129542595325706543e+03,6.970198200226207508e-02,1.832877112562174282e-01,-8.778364899382932344e+05,9.133870166593806017e-01,9.185204188630832212e-01,9.213722687635447830e+06,9.275192322335146368e+06,1.000000000000000000e+00
1.421131032459660784e-03,1.133659494033389365e+03,1.133740831466677719e+03,6.971006018982356389e-02,1.839872770130061563e-01,-8.777571154427133733e+05,9.455151676754365297e-01,9.523175799394822949e-01,9.503809442249841988e+06,9.581740430034577847e+06,1.000000000000000000e+00
1.428703325321781367e-03,1.137850373054888450e+03,1.137933541284193780e+03,6.971812627293283438e-02,1.846870790958245467e-01,-8.776802113621005556e+05,9.785433780768607592e-01,9.857977526851811056e-01,9.801183442064868286e+06,9.883899553301932290e+06,1.000000000000000000e+00
1.436275618183901950e-03,1.142036999303783432e+03,1.142114103599039481e+03,6.972617842198695903e-02,1.853870931101154751e-01,-8.776058182160818251e+05,1.012486430650690217e+00,1.017759600517873730e+00,1.010594764707103558e+07,1.016913303124619275e+07,1.000000000000000000e+00
1.443847911046022532e-03,1.146219234510304659e+03,1.146302819571111286e+03,6.973421478325599054e-02,1.860872939703421269e-01,-8.775339767416414106e+05,1.047358837559657863e+00,1.055460260168457065e+00,1.041820284219569340e+07,1.050953848660643958e+07,1.000000000000000000e+00
1.451420203908143115e-03,1.150396936982220723e+03,1.150478512268892473e+03,6.974223347963282027e-02,1.867876558911600315e-01,-8.774647278883530525e+05,1.083174824550926507e+00,1.090622188785041580e+00,1.073804753371141106e+07,1.082320140528933890e+07,1.000000000000000000e+00
1.458992496770263915e-03,1.154569961579928076e+03,1.154648786092959199e+03,6.975023261144686071e-02,1.874881523788353710e-01,-8.773981128130870638e+05,1.119948316600962945e+00,1.126822614116635979e+00,1.106557784848343953e+07,1.114519470282549039e+07,1.000000000000000000e+00
1.466564789632384498e-03,1.158738159692920590e+03,1.158824001353325457e+03,6.975821025734098291e-02,1.881887562229166699e-01,-8.773341728741590632e+05,1.157692924977970161e+00,1.167297597107785245e+00,1.140088743511521071e+07,1.150773491738332808e+07,1.000000000000000000e+00
1.474137082494505081e-03,1.162901379217655631e+03,1.162981656656024825e+03,6.976616447521261088e-02,1.888894394881656114e-01,-8.772729496248828946e+05,1.196421935668459113e+00,1.203721248817588796e+00,1.174406736589118652e+07,1.182829609279605933e+07,1.000000000000000000e+00
1.481709375356625880e-03,1.167059464536836458e+03,1.167140507157535012e+03,6.977409330321857062e-02,1.895901735067508920e-01,-8.772144848065155093e+05,1.236148299081399227e+00,1.244530014777776028e+00,1.209520603827688843e+07,1.218986733482786454e+07,1.000000000000000000e+00
1.489281668218746463e-03,1.171212256500124113e+03,1.171297376246454405e+03,6.978199476084379071e-02,1.902909288707093083e-01,-8.771588203405429376e+05,1.276884620912597246e+00,1.287001022501384595e+00,1.245438907462700270e+07,1.256643256139569171e+07,1.000000000000000000e+00
1.496853961080867046e-03,1.175359592406304046e+03,1.175438544425653845e+03,6.978986685003379931e-02,1.909916754246752668e-01,-8.771059983202633448e+05,1.318643154027049569e+00,1.325687984993388246e+00,1.282169921868194826e+07,1.290444844068960845e+07,1.000000000000000000e+00
1.504426253942987629e-03,1.179501305986921579e+03,1.179584519274010745e+03,6.979770755639080893e-02,1.916923822588813553e-01,-8.770560610016314313e+05,1.361435791201319745e+00,1.371637730469790428e+00,1.319721622742750123e+07,1.331013038614374958e+07,1.000000000000000000e+00
1.511998546805108212e-03,1.183637227391408487e+03,1.183720742053473487e+03,6.980551485043290372e-02,1.923930177024286980e-01,-8.770090507933088811e+05,1.405274058569787599e+00,1.415411937554571065e+00,1.358101675699161738e+07,1.369351713913950697e+07,1.000000000000000000e+00
1.519570839667228794e-03,1.187767183173729336e+03,1.187846420315237310e+03,6.981328668891637057e-02,1.930935493168288719e-01,-8.769650102458540350e+05,1.450169109649325883e+00,1.458298378262392836e+00,1.397317424153514765e+07,1.406646390381718241e+07,1.000000000000000000e+00
1.527143132529349377e-03,1.191890996280571244e+03,1.191976901586475606e+03,6.982102101622023049e-02,1.937939438898150790e-01,-8.769239820400135359e+05,1.496131719897939805e+00,1.508038929624405888e+00,1.437375876471778937e+07,1.450316541394792870e+07,1.000000000000000000e+00
1.534715425391469960e-03,1.196008486041112292e+03,1.196090572284114842e+03,6.982871576579294248e-02,1.944941674294224931e-01,-8.768860089740176918e+05,1.543172281928472778e+00,1.553049210542460479e+00,1.478283692460465617e+07,1.489328586037787795e+07,1.000000000000000000e+00
1.542287718253590543e-03,1.200119468158401332e+03,1.200200765397719351e+03,6.983636886166025293e-02,1.951941851583354481e-01,-8.768511339498421876e+05,1.591300801799102604e+00,1.601613728132138759e+00,1.520047169549844600e+07,1.531511255051407963e+07,1.000000000000000000e+00
1.549860011115711126e-03,1.204223754702386259e+03,1.204310487630325724e+03,6.984397821999363543e-02,1.958939615084987762e-01,-8.768193999583275290e+05,1.640526897276855633e+00,1.653977974868170886e+00,1.562672229553371295e+07,1.577152620523708500e+07,1.000000000000000000e+00
1.557432303977831708e-03,1.208321154104624156e+03,1.208401907994959856e+03,6.985154175073829408e-02,1.965934601159891604e-01,-8.767908500630714698e+05,1.690859799440626254e+00,1.700245594161108764e+00,1.606164407966532744e+07,1.616827693517718837e+07,1.000000000000000000e+00
1.565004596839952291e-03,1.212411471154686978e+03,1.212495293514056584e+03,6.985905735929916205e-02,1.972926438161388685e-01,-8.767655273829982616e+05,1.742308358031924742e+00,1.754743846403181928e+00,1.650528849823530950e+07,1.663998071663350798e+07,1.000000000000000000e+00
1.572576889702072874e-03,1.216494506998244333e+03,1.216579694919531448e+03,6.986652294828279985e-02,1.979914746389015157e-01,-8.767434750734481495e+05,1.794881041150009793e+00,1.808045250501269408e+00,1.695770319340579212e+07,1.709957070761320740e+07,1.000000000000000000e+00
1.580149182564193674e-03,1.220570059136150803e+03,1.220649926843395633e+03,6.987393641928786592e-02,1.986899138043801694e-01,-8.767247363058523042e+05,1.848585866841967018e+00,1.858612869575654081e+00,1.741893232173057646e+07,1.753218970399324223e+07,1.000000000000000000e+00
1.587721475426314257e-03,1.224637921427240144e+03,1.224724061560487598e+03,6.988129567473908010e-02,1.993879217189772068e-01,-8.767093542452404508e+05,1.903429953696309518e+00,1.918554220463614124e+00,1.788901708523823321e+07,1.804964611414711922e+07,1.000000000000000000e+00
1.601952016283241485e-03,1.232261305266070167e+03,1.232342671265941362e+03,6.989497399779631692e-02,2.006984208072455089e-01,-8.766897249830202200e+05,2.009560051502661260e+00,2.021741398642789456e+00,1.879611610845275223e+07,1.892986314229758084e+07,1.000000000000000000e+00
1.616182557140168497e-03,1.239855406444493383e+03,1.239938352876534736e+03,6.990844047572052078e-02,2.020069800601591026e-01,-8.766823463599490933e+05,2.119771854016594403e+00,2.133898083098051845e+00,1.973467330445430055e+07,1.988786748881047964e+07,1.000000000000000000e+00
1.630413097997095509e-03,1.247418755675713328e+03,1.247506933844340210e+03,6.992168141848462137e-02,2.033133136808574215e-01,-8.766875017720228061e+05,2.234097130284516730e+00,2.253296524434123427e+00,2.070474722070943937e+07,2.090398206007202715e+07,1.000000000000000000e+00
1.644643638854022521e-03,1.254949839178687398e+03,1.255033664732725583e+03,6.993468329472501965e-02,2.046171255535035316e-01,-8.767054724665936083e+05,2.352558324695886327e+00,2.368850552078585192e+00,2.170631226067028940e+07,2.187849056756681949e+07,1.000000000000000000e+00
1.658874179710949533e-03,1.262447099192087308e+03,1.262529381924071231e+03,6.994743278382915819e-02,2.059181092177639893e-01,-8.767365366546158912e+05,2.475167924995822055e+00,2.489246010239491547e+00,2.273924327795538679e+07,2.289265925073593855e+07,1.000000000000000000e+00
1.673104720567876545e-03,1.269908934636773893e+03,1.269995580021975229e+03,6.995991682984112336e-02,2.072159478657674969e-01,-8.767809685238006059e+05,2.601926820102933746e+00,2.622535454629583374e+00,2.380330173864248022e+07,2.401584088055042922e+07,1.000000000000000000e+00
1.687335261424803556e-03,1.277333701948206226e+03,1.277420045319896872e+03,6.997212269706096222e-02,2.085103143655645253e-01,-8.768390371469069505e+05,2.732822458130321763e+00,2.754299919930074392e+00,2.489812199235902354e+07,2.511792328052385151e+07,1.000000000000000000e+00
1.701565802281730568e-03,1.284719716099382140e+03,1.284801694484802965e+03,6.998403802710888300e-02,2.098008713156321314e-01,-8.769110052812931826e+05,2.867826825999761908e+00,2.885178914265808192e+00,2.602319707351559401e+07,2.620791568282115087e+07,1.000000000000000000e+00
1.715796343138657580e-03,1.292065251835289928e+03,1.292150850637311578e+03,6.999565089716387745e-02,2.110872711354135067e-01,-8.769971280579420272e+05,3.006894259473078090e+00,3.027717902999088828e+00,2.717786403955981135e+07,2.739166461591493338e+07,1.000000000000000000e+00
1.730026883995584592e-03,1.299368545140221840e+03,1.299457692928627011e+03,7.000694987902561506e-02,2.123691561972999020e-01,-8.770976515605025925e+05,3.149959115342665150e+00,3.177297076533271536e+00,2.836128906031461433e+07,2.863283980466043577e+07,1.000000000000000000e+00
1.744257424852511604e-03,1.306627794959318635e+03,1.306712334243382884e+03,7.001792409858872968e-02,2.136461590057979198e-01,-8.772128112974071410e+05,3.296933350558702180e+00,3.320335469809267082e+00,2.957245254570898041e+07,2.981091689321485534e+07,1.000000000000000000e+00
1.758487965709438616e-03,1.313841165195223084e+03,1.313925295824855993e+03,7.002856329525618262e-02,2.149179024298447094e-01,-8.773428305726976832e+05,3.447704055257362121e+00,3.469334094381358202e+00,3.081013460518692434e+07,3.103366889481610060e+07,1.000000000000000000e+00
1.772718506566365627e-03,1.321006786999754240e+03,1.321095385695516825e+03,7.003885788075799035e-02,2.161839999943252488e-01,-8.774879187636264833e+05,3.602130971819248018e+00,3.631153693672903859e+00,3.207290103777778149e+07,3.235766859259473905e+07,1.000000000000000000e+00
1.786949047423292639e-03,1.328122761379264603e+03,1.328210087316879481e+03,7.004879899679188060e-02,2.174440562368621654e-01,-8.776482695157664130e+05,3.760043989026326194e+00,3.790115941234420749e+00,3.335908968750730157e+07,3.365444775356936455e+07,1.000000000000000000e+00
1.801179588280219651e-03,1.335187162131506739e+03,1.335270628421219271e+03,7.005837857087979237e-02,2.186976671359951441e-01,-8.778240588693763129e+05,3.921240600836947809e+00,3.945685152079518421e+00,3.466679581318027526e+07,3.491530890966869146e+07,1.000000000000000000e+00
1.815410129137146663e-03,1.342198039133577595e+03,1.342284891558944310e+03,7.006758936991865083e-02,2.199444206168648941e-01,-8.780154433341893600e+05,4.085484578300706993e+00,4.116127000010314063e+00,3.599385113700397313e+07,3.629492662041158974e+07,1.000000000000000000e+00
1.822556808164088517e-03,1.345697969102455772e+03,1.345782592818191233e+03,7.007207328062457774e-02,2.205677946726991301e-01,-8.781174676341656595e+05,4.169056971021408486e+00,4.197628580611383775e+00,3.666694809000266343e+07,3.695122988758187741e+07,1.000000000000000000e+00
1.829703487191030589e-03,1.349183629995970932e+03,1.349273786949319629e+03,7.007646148627499905e-02,2.211892767969584894e-01,-8.782234850306730950e+05,4.253295391728393327e+00,4.290691236814577536e+00,3.734400654628105462e+07,3.769982144989271462e+07,1.000000000000000000e+00
1.836850166217972660e-03,1.352654769357935720e+03,1.352741031022837205e+03,7.008075333099417215e-02,2.218088126814525829e-01,-8.783335089813566301e+05,4.338159266617047649e+00,4.368088227945390756e+00,3.802468542399695516e+07,3.831878091447538882e+07,1.000000000000000000e+00
1.843996845244914515e-03,1.356111133966092211e+03,1.356197285464974584e+03,7.008494822127052382e-02,2.224263476311491849e-01,-8.784475513247866184e+05,4.423606445173597024e+00,4.455456558283252377e+00,3.870862530935620517e+07,3.901847039130345732e+07,1.000000000000000000e+00
1.851143524271856369e-03,1.359552469978954832e+03,1.359642686685278022e+03,7.008904562710387143e-02,2.230418265903221786e-01,-8.785656222215305315e+05,4.509592538015510854e+00,4.549332373965147447e+00,3.939544939710684866e+07,3.977123980394261330e+07,1.000000000000000000e+00
1.858290203298798441e-03,1.362978523088413112e+03,1.363063858710177101e+03,7.009304508307792614e-02,2.236551941699426171e-01,-8.786877300952812657e+05,4.596070781310071851e+00,4.626968418796207239e+00,4.008476405935423821e+07,4.039026519205664098e+07,1.000000000000000000e+00
1.865436882325740512e-03,1.366389038678455336e+03,1.366476313986597688e+03,7.009694618934375621e-02,2.242663946765524607e-01,-8.788138815746870823e+05,4.682992028088314385e+00,4.719939631018394088e+00,4.077615927929891646e+07,4.113039812090602517e+07,1.000000000000000000e+00
1.872583561352682367e-03,1.369783761989080176e+03,1.369873073543448299e+03,7.010074861249430966e-02,2.248753721424954777e-01,-8.789440814361289376e+05,4.770304769981118298e+00,4.810822496689629801e+00,4.146920901996466517e+07,4.185250899622800946e+07,1.000000000000000000e+00
1.879730240379624221e-03,1.373162438285923599e+03,1.373246866697875248e+03,7.010445208632920533e-02,2.254820703576344010e-01,-8.790783325477710459e+05,4.857955167496443849e+00,4.888969920223975585e+00,4.216347157971442491e+07,4.247033370302634686e+07,1.000000000000000000e+00
1.886876919406566292e-03,1.376524813034652425e+03,1.376613554109417237e+03,7.010805641249555353e-02,2.260864329023820618e-01,-8.792166358149921289e+05,4.945887086036824698e+00,4.986281352047265081e+00,4.285848997140772641e+07,4.323867707832686603e+07,1.000000000000000000e+00
1.894023598433508364e-03,1.379870632080727091e+03,1.379959334377020241e+03,7.011156146100622211e-02,2.266884031821820855e-01,-8.793589901275198208e+05,5.034042137903974812e+00,5.074018550584380449e+00,4.355379234242492914e+07,4.393090977666296065e+07,1.000000000000000000e+00
1.901170277460450218e-03,1.383199641833495662e+03,1.383284490951358521e+03,7.011496717062250250e-02,2.272879244632457774e-01,-8.795053923083932605e+05,5.122359731662124105e+00,5.156617007438176969e+00,4.424889244854813069e+07,4.458153193310180306e+07,1.000000000000000000e+00
1.908316956487392073e-03,1.386511589455262310e+03,1.386601579080550891e+03,7.011827354910457610e-02,2.278849399096863348e-01,-8.796558370650745928e+05,5.210777129206042524e+00,5.256232917925919956e+00,4.494329018479103595e+07,4.536568082398312539e+07,1.000000000000000000e+00
1.915463635514334144e-03,1.389806223054179327e+03,1.389894177449436029e+03,7.012148067331709644e-02,2.284793926218338100e-01,-8.798103169427684043e+05,5.299229511307858687e+00,5.340277227528725135e+00,4.563647217826659232e+07,4.602437805832559615e+07,1.000000000000000000e+00
1.922610314541276216e-03,1.393083291881639525e+03,1.393169391435782927e+03,7.012458868919500821e-02,2.290712256758787868e-01,-8.799688222803237149e+05,5.387650051482963498e+00,5.426609841383618793e+00,4.632791244167758524e+07,4.669899466089317948e+07,1.000000000000000000e+00
1.929756993568218070e-03,1.396342546532903043e+03,1.396433831162638626e+03,7.012759781155783467e-02,2.296603821646012733e-01,-8.801313411687711487e+05,5.475969998569803820e+00,5.525804623951668937e+00,4.701707308988337964e+07,4.747379719057260454e+07,1.000000000000000000e+00
1.936903672595159925e-03,1.399583739151660666e+03,1.399671078794796585e+03,7.013050832377860921e-02,2.302468052393393250e-01,-8.802978594128150726e+05,5.564118767643558172e+00,5.605692677623955511e+00,4.770340511641423404e+07,4.809644592483370006e+07,1.000000000000000000e+00
1.944050351622101996e-03,1.402806623637158054e+03,1.402893982277634905e+03,7.013332057729716740e-02,2.308304381529278082e-01,-8.804683604953216854e+05,5.652024039474847328e+00,5.695445358604153796e+00,4.838634923118977994e+07,4.879307876438523829e+07,1.000000000000000000e+00
1.951197030649044067e-03,1.406010955854612348e+03,1.406102357177294834e+03,7.013603499098512717e-02,2.314112243037678707e-01,-8.806428255451231962e+05,5.739611868060720212e+00,5.791170409373738615e+00,4.906533675535489619e+07,4.953469486675456911e+07,1.000000000000000000e+00
1.958343709675985922e-03,1.409196493847433885e+03,1.409283239150281588e+03,7.013865205035342554e-02,2.319891072807311327e-01,-8.808212333081790712e+05,5.826806796326099658e+00,5.868133687254240449e+00,4.973979057369542122e+07,5.013016004387018830e+07,1.000000000000000000e+00
1.965490388702927776e-03,1.412362998052021567e+03,1.412451609218240719e+03,7.014117230661137681e-02,2.325640309090678814e-01,-8.810035601223831763e+05,5.913531979474759837e+00,5.961105284931853987e+00,5.040912613980291784e+07,5.084784376806365699e+07,1.000000000000000000e+00
1.972637067729869631e-03,1.415510231513533427e+03,1.415601139537147674e+03,7.014359637556934202e-02,2.331359392969947486e-01,-8.811897798960179789e+05,5.999709315996323511e+00,6.052429882428703500e+00,5.107275253378548473e+07,5.155203254361675680e+07,1.000000000000000000e+00
1.979783746756811486e-03,1.418637960103444129e+03,1.418724161321016709e+03,7.014592493639541793e-02,2.337047768831408134e-01,-8.813798640901671024e+05,6.085259585778000968e+00,6.127624481163337578e+00,5.173007356705403328e+07,5.213010410122694075e+07,1.000000000000000000e+00
1.986930425783753774e-03,1.421745952737187736e+03,1.421835768370837741e+03,7.014815873021955361e-02,2.342704884845022151e-01,-8.815737817050430458e+05,6.170102595245544386e+00,6.222084287191379737e+00,5.238048893340924382e+07,5.285340815145035833e+07,1.000000000000000000e+00
1.994077104810696062e-03,1.424833981592740884e+03,1.424924458351296607e+03,7.015029855859720997e-02,2.348330193450910430e-01,-8.817714992705303011e+05,6.254157328967073326e+00,6.307602154274252193e+00,5.302339540044885874e+07,5.350814960810472816e+07,1.000000000000000000e+00
2.001223783837637916e-03,1.427901822328349681e+03,1.427987510716527822e+03,7.015234528182713591e-02,2.353923151849070527e-01,-8.819729808408675017e+05,6.337342107578527006e+00,6.382713474160635947e+00,5.365818804012556374e+07,5.408221186863507330e+07,1.000000000000000000e+00
2.008370462864579771e-03,1.430949254300305483e+03,1.431040161166088183e+03,7.015429981713686147e-02,2.359483222494236920e-01,-8.821781879937598715e+05,6.419574751487838071e+00,6.475551436853010046e+00,5.428426149222382903e+07,5.478752438148530573e+07,1.000000000000000000e+00
2.015517141891521626e-03,1.433976060778884403e+03,1.434066024884502667e+03,7.015616313673203597e-02,2.365009873591962242e-01,-8.823870798338159220e+05,6.500772750210789042e+00,6.554398176813588606e+00,5.490101125946456194e+07,5.538609782517147809e+07,1.000000000000000000e+00
2.022663820918463480e-03,1.436982029163405969e+03,1.437068630540660706e+03,7.015793626572408570e-02,2.370502579597912607e-01,-8.825996130005822051e+05,6.580853436953298718e+00,6.629246200889513219e+00,5.550783502786648273e+07,5.595310178633153439e+07,1.000000000000000000e+00
2.029810499945405335e-03,1.439966951194451667e+03,1.440058907037127256e+03,7.015962027993420669e-02,2.375960821716242288e-01,-8.828157416810153518e+05,6.659734168573428370e+00,6.719644068050374841e+00,5.610413401004353166e+07,5.663665662115827203e+07,1.000000000000000000e+00
2.036957178972347189e-03,1.442930623164251529e+03,1.443020414990793597e+03,7.016121630358890249e-02,2.381384088399135512e-01,-8.830354176266845316e+05,6.737332511307181804e+00,6.792641886999758682e+00,5.668931430137407035e+07,5.718814035913240165e+07,1.000000000000000000e+00
2.044103857999289477e-03,1.445872846123212639e+03,1.445960698393857456e+03,7.016272550690644261e-02,2.386771875843144430e-01,-8.832585901754311053e+05,6.813566433116795551e+00,6.866742541419792900e+00,5.726278824826848507e+07,5.774573138582947105e+07,1.000000000000000000e+00
2.051785521161778210e-03,1.449011186605917828e+03,1.449104585717718692e+03,7.016425224261477189e-02,2.392522871608778190e-01,-8.835023094650494168e+05,6.893893580642844299e+00,6.958885793380232165e+00,5.786549289606149495e+07,5.843670034606450051e+07,1.000000000000000000e+00
2.059467184324266509e-03,1.452124291031881739e+03,1.452213079283795878e+03,7.016568166355606484e-02,2.398231705652382750e-01,-8.837499376192231430e+05,6.972449813662807472e+00,7.027645104572978418e+00,5.845329311576462537e+07,5.895164355097384006e+07,1.000000000000000000e+00
2.067148847486754808e-03,1.455211932340414251e+03,1.455301841597188286e+03,7.016701537970863878e-02,2.403897786256370406e-01,-8.840014026445561321e+05,7.049136184988332943e+00,7.107919865529072290e+00,5.902549421245398372e+07,5.954965536466089636e+07,1.000000000000000000e+00
2.074830510649243107e-03,1.458273890909629472e+03,1.458366457066952307e+03,7.016825504782465972e-02,2.409520534740861031e-01,-8.842566295112030348e+05,7.123855328240479068e+00,7.188251733686534806e+00,5.958141715653602034e+07,6.014709182724905014e+07,1.000000000000000000e+00
2.082512173811731405e-03,1.461309954819738095e+03,1.461397064434770300e+03,7.016940236739924175e-02,2.415099386141171534e-01,-8.845155402180283563e+05,7.196511712296336682e+00,7.250945624545786394e+00,6.012040054991797358e+07,6.061293175204421580e+07,1.000000000000000000e+00
2.090193836974219704e-03,1.464319920106109748e+03,1.464411912555462777e+03,7.017045907656367654e-02,2.420633789870039188e-01,-8.847780538643972250e+05,7.267011907517755276e+00,7.331518689044541404e+00,6.064180250531122833e+07,6.120799184915948659e+07,1.000000000000000000e+00
2.097875500136708003e-03,1.467303591003342490e+03,1.467395376804186526e+03,7.017142694792903590e-02,2.426123210367024940e-01,-8.850440867288617883e+05,7.335264852779655342e+00,7.399567851319147849e+00,6.114500245678474754e+07,6.171010343804154545e+07,1.000000000000000000e+00
2.105557163299196302e-03,1.470260780177640754e+03,1.470348845684835169e+03,7.017230778438829364e-02,2.431567127728907207e-01,-8.853135523542125011e+05,7.401182119057594377e+00,7.460457487429300372e+00,6.162940290898726135e+07,6.215761919445482641e+07,1.000000000000000000e+00
2.113238826461684601e-03,1.473191308948867572e+03,1.473285118216113688e+03,7.017310341490368142e-02,2.436965038323670729e-01,-8.855863616390568204e+05,7.464678167675536713e+00,7.534483406036854625e+00,6.209443111754972488e+07,6.269934186268398166e+07,1.000000000000000000e+00
2.120920489624172900e-03,1.476095007499584199e+03,1.476185590732714672e+03,7.017381569028822985e-02,2.442316455381834950e-01,-8.858624229353339178e+05,7.525670601597390430e+00,7.589550202262204337e+00,6.253954069638392329e+07,6.310133060368542373e+07,1.000000000000000000e+00
2.128602152786661199e-03,1.478971715072575762e+03,1.479061499073463665e+03,7.017444647900780708e-02,2.447620909567925218e-01,-8.861416421518716961e+05,7.584080408657225547e+00,7.647855508736334684e+00,6.296421314138262719e+07,6.352476424341944605e+07,1.000000000000000000e+00
2.136283815949149498e-03,1.481821280154197666e+03,1.481916166272905912e+03,7.017499766301242559e-02,2.452877949525830714e-01,-8.864239228633291787e+05,7.639832195296481387e+00,7.713286643922799612e+00,6.336795926604568958e+07,6.399880822417683899e+07,1.000000000000000000e+00
2.143965479111637797e-03,1.484643560645175739e+03,1.484733235801286583e+03,7.017547113362217204e-02,2.458087142401076952e-01,-8.867091664246916771e+05,7.692854409826230366e+00,7.757273006234060908e+00,6.375032053930768371e+07,6.431585947082662582e+07,1.000000000000000000e+00
2.151647142274126095e-03,1.487438424016242834e+03,1.487530176503327084e+03,7.017586878747626711e-02,2.463248074333808657e-01,-8.869972720904772868e+05,7.743079553839335105e+00,7.811485038054431840e+00,6.411087032204758376e+07,6.470442217170125246e+07,1.000000000000000000e+00
2.159328805436614394e-03,1.490205747450371064e+03,1.490300369667622363e+03,7.017619252256906970e-02,2.468360350925755120e-01,-8.872881371387918480e+05,7.790444380928292389e+00,7.864160312489844706e+00,6.444921499374980479e+07,6.508106900413842499e+07,1.000000000000000000e+00
2.167010468599103127e-03,1.492945417969051960e+03,1.493034188278659713e+03,7.017644423438051948e-02,2.473423597675051822e-01,-8.875816569994629826e+05,7.834890081379398907e+00,7.900439328901099678e+00,6.476499496696948260e+07,6.533853558829090744e+07,1.000000000000000000e+00
2.174692131761591860e-03,1.495657332544510837e+03,1.495750324278762491e+03,7.017662581212315287e-02,2.478437460382473811e-01,-8.878777253862799844e+05,7.876362452192569030e+00,7.948371740060451884e+00,6.505788558242876083e+07,6.567719520043484867e+07,1.000000000000000000e+00
2.182373794924080158e-03,1.498341398195385636e+03,1.498435176291869084e+03,7.017673913511184025e-02,2.483401605523078426e-01,-8.881762344325485174e+05,7.914812051198904186e+00,7.988539105345637381e+00,6.532759788369664550e+07,6.595937259393840283e+07,1.000000000000000000e+00
2.190055458086568457e-03,1.500997532067885686e+03,1.501085350739565683e+03,7.017678606927620077e-02,2.488315720587083724e-01,-8.884770748299635015e+05,7.950194334828310616e+00,8.017733263457657245e+00,6.557387926575461775e+07,6.616128574155478179e+07,1.000000000000000000e+00
2.197737121249056756e-03,1.503625661500049773e+03,1.503720236883431426e+03,7.017676846382023270e-02,2.493179514384163131e-01,-8.887801359699614113e+05,7.982469778447251585e+00,8.057917892292172368e+00,6.579651399777100235e+07,6.643920593467739224e+07,1.000000000000000000e+00
2.205418784411545055e-03,1.506225724071238119e+03,1.506319594802983602e+03,7.017668814804672861e-02,2.497992717315255518e-01,-8.890853060875934316e+05,8.011603979043233181e+00,8.086505745826423563e+00,6.599532361591675878e+07,6.663405121980120242e+07,1.000000000000000000e+00
2.213100447574033354e-03,1.508797667634581785e+03,1.508886920140632810e+03,7.017654692834904284e-02,2.502755081606292120e-01,-8.893924724070043303e+05,8.037567739347789342e+00,8.108474107270431830e+00,6.617016718790256977e+07,6.678043948802588880e+07,1.000000000000000000e+00
2.220782110736521653e-03,1.511341450334634374e+03,1.511437140575092371e+03,7.017634658538524084e-02,2.507466381508209330e-01,-8.897015212885900401e+05,8.060337133405752752e+00,8.138491993811639347e+00,6.632094144653195888e+07,6.698185144629222155e+07,1.000000000000000000e+00
2.228463773899009952e-03,1.513857040608057105e+03,1.513950608210935343e+03,7.017608887143515772e-02,2.512126413457895779e-01,-8.900123383768819040e+05,8.079893552861621586e+00,8.155979356407137004e+00,6.644758079515460879e+07,6.709427192629545182e+07,1.000000000000000000e+00
2.236145437061498251e-03,1.516344417169684675e+03,1.516434098908990563e+03,7.017577550795274510e-02,2.516734996204714747e-01,-8.903248087492726045e+05,8.096223734189148757e+00,8.169652162722648825e+00,6.655005718348339200e+07,6.717859447606180608e+07,1.000000000000000000e+00
2.243827100223986550e-03,1.518803568981916442e+03,1.518899111281049954e+03,7.017540818331205466e-02,2.521291970897520662e-01,-8.906388170645852806e+05,8.109319766301322119e+00,8.189095791910370181e+00,6.662837985730709136e+07,6.730221049769687653e+07,1.000000000000000000e+00
2.251508763386474848e-03,1.521234495209872193e+03,1.521327544982854533e+03,7.017498855075660069e-02,2.525797201137068293e-01,-8.909542477116384543e+05,8.119179078991912490e+00,8.196436419728023282e+00,6.668259498073498160e+07,6.733831437886120379e+07,1.000000000000000000e+00
2.259190426548963147e-03,1.523637205160370513e+03,1.523727571394457527e+03,7.017451822654866000e-02,2.530250572989025670e-01,-8.912709849568204954e+05,8.125804412003240884e+00,8.201387620777570220e+00,6.671278513302119821e+07,6.735543554309768975e+07,1.000000000000000000e+00
2.266872089711451446e-03,1.526011718207252216e+03,1.526108753504784545e+03,7.017399878832548954e-02,2.534651994962718868e-01,-8.915889130908339284e+05,8.129203766328224390e+00,8.210653097863829686e+00,6.671906867354142666e+07,6.740085232101386786e+07,1.000000000000000000e+00
2.274553752873939745e-03,1.528358063701230321e+03,1.528452256846234604e+03,7.017343177365788220e-02,2.539001397951126116e-01,-8.919079165736507857e+05,8.129390341864482394e+00,8.208571092404174152e+00,6.670159895995528996e+07,6.736747389452795684e+07,1.000000000000000000e+00
2.282235416036428044e-03,1.530676280866877732e+03,1.530767076551982882e+03,7.017281867881687563e-02,2.543298735137395350e-01,-8.922278801777763292e+05,8.126382479941899106e+00,8.203993688041887111e+00,6.666056335309161246e+07,6.731575965760523081e+07,1.000000000000000000e+00
2.289917079198916777e-03,1.532966418685106873e+03,1.533063321042011921e+03,7.017216095774615747e-02,2.547543981863469309e-01,-8.925486891287401086e+05,8.120203684119301712e+00,8.202416187408660520e+00,6.659618172056652606e+07,6.728341046082486212e+07,1.000000000000000000e+00
2.298938850336430979e-03,1.535620311991782273e+03,1.535713534902445872e+03,7.017133333866806821e-02,2.552463329631813882e-01,-8.929263976910264464e+05,8.108942073343079926e+00,8.189085717934764475e+00,6.649114932606669515e+07,6.716444630638669431e+07,1.000000000000000000e+00
2.307960621473945616e-03,1.538235676716337139e+03,1.538328460271409995e+03,7.017044836000170538e-02,2.557310877434776364e-01,-8.933049313556081615e+05,8.093399330218868926e+00,8.173407867483495792e+00,6.635473262831462920e+07,6.702622359705758840e+07,1.000000000000000000e+00
2.316982392611459819e-03,1.540812642115155995e+03,1.540910654221283039e+03,7.016950814379555035e-02,2.562086700234756376e-01,-8.936841082483822247e+05,8.073638138647002194e+00,8.157568569128947900e+00,6.618745668170029670e+07,6.688470908849669993e+07,1.000000000000000000e+00
2.326004163748974021e-03,1.543351354755626517e+03,1.543442371797026908e+03,7.016851472708547643e-02,2.566790913331348234e-01,-8.940637484464581357e+05,8.049729772143605189e+00,8.130753165980763697e+00,6.598989926229375601e+07,6.666698568371756375e+07,1.000000000000000000e+00
2.335025934886488224e-03,1.545851978109845732e+03,1.545947931647199994e+03,7.016747006177251333e-02,2.571423671679080036e-01,-8.944436742539749248e+05,8.021753508276264100e+00,8.104065989723352459e+00,6.576268890726841241e+07,6.644718522878500819e+07,1.000000000000000000e+00
2.344047706024002427e-03,1.548314692120929521e+03,1.548411168413048699e+03,7.016637601494310483e-02,2.575985169126379093e-01,-8.948237104654253926e+05,7.989796176337899070e+00,8.073205129719575268e+00,6.550650210446465760e+07,6.619908399982206523e+07,1.000000000000000000e+00
2.353069477161516630e-03,1.550739692746571109e+03,1.550829272785680132e+03,7.016523436959951066e-02,2.580475637586656656e-01,-8.952036846170843346e+05,7.953951709026606309e+00,8.036383587382113447e+00,6.522206016629976779e+07,6.590965206940185279e+07,1.000000000000000000e+00
2.362091248299030832e-03,1.553127191478926079e+03,1.553224705757774927e+03,7.016404682576257712e-02,2.584895346139591266e-01,-8.955834272252669325e+05,7.914320675684068718e+00,7.998188388888660683e+00,6.491012594026435167e+07,6.560517526962202787e+07,1.000000000000000000e+00
2.371113019436545035e-03,1.555477414845632666e+03,1.555572578535139883e+03,7.016281500192188270e-02,2.589244600073347669e-01,-8.959627720117624849e+05,7.871009797414515674e+00,7.954757219416796588e+00,6.457150041733092815e+07,6.526468121612375230e+07,1.000000000000000000e+00
2.380134790574059238e-03,1.557790603891257888e+03,1.557883018830458695e+03,7.016154043679766195e-02,2.593523739866303579e-01,-8.963415561151721049e+05,7.824131446834737602e+00,7.907597367654384257e+00,6.420701927985459566e+07,6.489743026480710506e+07,1.000000000000000000e+00
2.389156561711573441e-03,1.560067013643930068e+03,1.560166242902238537e+03,7.016022459138873679e-02,2.597733140119109496e-01,-8.967196202886316460e+05,7.773803137127552887e+00,7.858349135344629310e+00,6.381754941500262916e+07,6.451433211929162592e+07,1.000000000000000000e+00
2.398178332849087643e-03,1.562306912566560186e+03,1.562400705387704420e+03,7.015886885127126105e-02,2.601873208436104590e-01,-8.970968090828242712e+05,7.720147003479116421e+00,7.804736081265617464e+00,6.340398542062310874e+07,6.410298549971681833e+07,1.000000000000000000e+00
2.407200103986601846e-03,1.564510581997297550e+03,1.564604032412493325e+03,7.015747452912209081e-02,2.605944384266832836e-01,-8.974729710148263257e+05,7.663289281145315712e+00,7.747477216597983940e+00,6.296724612243061513e+07,6.366230528974667192e+07,1.000000000000000000e+00
2.416221875124116049e-03,1.566678315578678166e+03,1.566778566245049888e+03,7.015604286743230833e-02,2.609947137707002707e-01,-8.978479587219110690e+05,7.603359782767672215e+00,7.687860169494389773e+00,6.250827112442905456e+07,6.320149453908870369e+07,1.000000000000000000e+00
2.425243646261630252e-03,1.568810418679939403e+03,1.568904395052715245e+03,7.015457504138516986e-02,2.613881968269416989e-01,-8.982216291009576526e+05,7.540491378578445314e+00,7.625818212980610689e+00,6.202801740744458884e+07,6.272713917344382405e+07,1.000000000000000000e+00
2.434265417399144454e-03,1.570907207811992976e+03,1.571002119414612025e+03,7.015307216186571215e-02,2.617749403624408111e-01,-8.985938434327087598e+05,7.474819481415053701e+00,7.559249593268844158e+00,6.152745599256801605e+07,6.221919869772400707e+07,1.000000000000000000e+00
2.443287188536658657e-03,1.572969010039307477e+03,1.573069479803778222e+03,7.015153527857802274e-02,2.621549998319970820e-01,-8.989644674916642252e+05,7.406481539071625875e+00,7.490287687103957204e+00,6.100756867731671780e+07,6.169361959331952780e+07,1.000000000000000000e+00
2.452308959674172860e-03,1.574996162388200446e+03,1.575089841537105258e+03,7.014996538324025366e-02,2.625284332481229166e-01,-8.993333716409690678e+05,7.335616534287236590e+00,7.421558862643889753e+00,6.046934484879622608e+07,6.117258753086072206e+07,1.000000000000000000e+00
2.461330730811687063e-03,1.576989011255563582e+03,1.577083455340381761e+03,7.014836341283686716e-02,2.628953010499013310e-01,-8.997004309131172486e+05,7.262364492285184880e+00,7.347216225632931419e+00,5.991377835912660509e+07,6.060885005679424852e+07,1.000000000000000000e+00
2.470352501949201265e-03,1.578947911817527711e+03,1.579048371667705851e+03,7.014673025290352193e-02,2.632556659707258051e-01,-9.000655250759271439e+05,7.186865992569002159e+00,7.269844457816210692e+00,5.934186442288777232e+07,6.002191682477568090e+07,1.000000000000000000e+00
2.479374273086715468e-03,1.580873227441914878e+03,1.580967929879182293e+03,7.014506674083210991e-02,2.636095929058590026e-01,-9.004285386845904868e+05,7.109261681992210313e+00,7.194999327396633504e+00,5.875459643056733906e+07,5.945318048360040039e+07,1.000000000000000000e+00
2.488396044224229671e-03,1.582765329104131979e+03,1.582859750681973992e+03,7.014337366918482752e-02,2.639571487797923721e-01,-9.007893611190486699e+05,7.029691796736545761e+00,7.114870774873559789e+00,5.815296243179804832e+07,5.884555729477199167e+07,1.000000000000000000e+00
2.497417815361744307e-03,1.584624594810499502e+03,1.584725595211192058e+03,7.014165178903042364e-02,2.642984024142914778e-01,-9.011478866069475189e+05,6.948295784254565177e+00,7.030051287181559694e+00,5.753794063993180543e+07,5.820316277506958693e+07,1.000000000000000000e+00
2.506439586499258510e-03,1.586451409029623164e+03,1.586548383121069037e+03,7.013990181335087726e-02,2.646334243969744593e-01,-9.015040142294730758e+05,6.865212571775730410e+00,6.949726986939675832e+00,5.691049178065026551e+07,5.759428323668609560e+07,1.000000000000000000e+00
2.524483128774287349e-03,1.590008950308808380e+03,1.590109093918317285e+03,7.013631985959926929e-02,2.652850030103172663e-01,-9.022087649709626567e+05,6.694577997454003615e+00,6.775683014029025841e+00,5.562203265068979561e+07,5.628040999388705939e+07,1.000000000000000000e+00
2.542526671049315755e-03,1.593441646242701836e+03,1.593532251429940061e+03,7.013263373078966467e-02,2.659125854295045777e-01,-9.029028824641207466e+05,6.518803844863340302e+00,6.606948685304583790e+00,5.429524680203893036e+07,5.500652801835098118e+07,1.000000000000000000e+00
2.560570213324344160e-03,1.596752745536097564e+03,1.596853413795185588e+03,7.012884806256944326e-02,2.665167860771723296e-01,-9.035857395835606148e+05,6.338925936716410803e+00,6.418191255686282126e+00,5.293736404246550053e+07,5.358135799961327761e+07,1.000000000000000000e+00
2.578613755599372566e-03,1.599945549019634882e+03,1.600040305505439619e+03,7.012496714750035554e-02,2.670982356036153416e-01,-9.042567842458781088e+05,6.155936010796589031e+00,6.239465478620147998e+00,5.155529465562554449e+07,5.223063251444803178e+07,1.000000000000000000e+00
2.590968689163908149e-03,1.602065410629083090e+03,1.602166737466661061e+03,7.012225707043266698e-02,2.674836144671397520e-01,-9.047091875006275950e+05,6.029314255726882621e+00,6.106019774936917166e+00,5.059853033323706686e+07,5.122229857618291676e+07,1.000000000000000000e+00
2.603323622728444166e-03,1.604132394753845119e+03,1.604225705291273698e+03,7.011950536183444993e-02,2.678588245933637424e-01,-9.051556769730763044e+05,5.901963161927204382e+00,5.987638037425424109e+00,4.963550436545276642e+07,5.032218543045803159e+07,1.000000000000000000e+00
2.615678556292980184e-03,1.606147582958884868e+03,1.606246261877448205e+03,7.011671322134155337e-02,2.682240767014618110e-01,-9.055961324304508744e+05,5.774155891001699459e+00,5.852591384102403538e+00,4.866812805021898448e+07,4.930228160787875205e+07,1.000000000000000000e+00
2.628033489857515767e-03,1.608112057649263988e+03,1.608211110274203520e+03,7.011388182396076363e-02,2.685795825109063006e-01,-9.060304485148731619e+05,5.646151319680624781e+00,5.723707667647901509e+00,4.769822541977481544e+07,4.832767397544268519e+07,1.000000000000000000e+00
2.640388423422051350e-03,1.610026900214277930e+03,1.610117781013342210e+03,7.011101232746869139e-02,2.689255542894080642e-01,-9.064585342215262353e+05,5.518194200310082564e+00,5.603671886050634043e+00,4.672752631921130419e+07,4.741671330431980640e+07,1.000000000000000000e+00
2.652743356986587368e-03,1.611893189278236378e+03,1.611992937004232999e+03,7.010810587869645283e-02,2.692622044256866576e-01,-9.068803123643565923e+05,5.390514954956248772e+00,5.464924995961970566e+00,4.575766396133890003e+07,4.636421740685969591e+07,1.000000000000000000e+00
2.665098290551123385e-03,1.613711999062116092e+03,1.613809809110969582e+03,7.010516361887859926e-02,2.695897450278224028e-01,-9.072957190272734733e+05,5.263329573098630476e+00,5.340849876526193363e+00,4.479017425420038402e+07,4.541690484681100398e+07,1.000000000000000000e+00
2.677453224115658968e-03,1.615484397853326072e+03,1.615578058170346139e+03,7.010218668815272614e-02,2.699083875467593874e-01,-9.077047030011556344e+05,5.136839627896015337e+00,5.218603655183123635e+00,4.382649605587289482e+07,4.448234466988448799e+07,1.000000000000000000e+00
2.689808157680194552e-03,1.617211446584624809e+03,1.617312884125296932e+03,7.009917622927543113e-02,2.702183424253623567e-01,-9.081072252101043705e+05,5.011232390372751588e+00,5.081803536633365148e+00,4.286797204515526444e+07,4.344068700494343042e+07,1.000000000000000000e+00
2.702163091244730569e-03,1.618894197518109422e+03,1.618992214199287446e+03,7.009613339060515036e-02,2.705198187723012460e-01,-9.085032581292396644e+05,4.886681025171370152e+00,4.962498205152892083e+00,4.191585007945784181e+07,4.252630549381888658e+07,1.000000000000000000e+00
2.714518024809266586e-03,1.620533693034030875e+03,1.620627872471386809e+03,7.009305932840684261e-02,2.708130240608160322e-01,-9.088927851980070118e+05,4.763344856909760949e+00,4.843056454458094073e+00,4.097128496670205891e+07,4.160959502275354415e+07,1.000000000000000000e+00
2.726872958373802169e-03,1.622130964519758663e+03,1.622232851479868486e+03,7.008995520852874528e-02,2.710981638514300407e-01,-9.092758002313708421e+05,4.641369697620685741e+00,4.709389107193709734e+00,4.003534060111151636e+07,4.058540956308173388e+07,1.000000000000000000e+00
2.739227891938337753e-03,1.623687031357731712e+03,1.623786321793217212e+03,7.008682220750636627e-02,2.713754415383979879e-01,-9.096523068326540524e+05,4.520888227236008916e+00,4.593074952659190302e+00,3.910899241483172774e+07,3.968944942867067456e+07,1.000000000000000000e+00
2.751582825502873770e-03,1.625202900007346443e+03,1.625295910401189531e+03,7.008366151314594783e-02,2.716450581188073476e-01,-9.100223178100257646e+05,4.402020418946714031e+00,4.481473285071730039e+00,3.819313010246138275e+07,3.882857985821747780e+07,1.000000000000000000e+00
2.763937759067409787e-03,1.626679563178917078e+03,1.626779547620080166e+03,7.008047432464213633e-02,2.719072119839184287e-01,-9.103858545999269700e+05,4.284874002120458769e+00,4.352553476066055360e+00,3.728856057382425666e+07,3.784017697834613174e+07,1.000000000000000000e+00
2.776292692631945370e-03,1.628117999094441529e+03,1.628217990566541857e+03,7.007726185228141391e-02,2.721620987315631068e-01,-9.107429466990152141e+05,4.169544955394314911e+00,4.236559266040149652e+00,3.639601109472512454e+07,3.694373073115313798e+07,1.000000000000000000e+00
2.788647626196480954e-03,1.629519170832808641e+03,1.629612190847505190e+03,7.007402531678369462e-02,2.724099109990413270e-01,-9.110936311073680408e+05,4.056118023385344884e+00,4.134179375025296643e+00,3.551613257499385625e+07,3.614392687484768778e+07,1.000000000000000000e+00
2.801002559761016971e-03,1.630884025754102595e+03,1.630982548789640759e+03,7.007076594833026861e-02,2.726508383152872472e-01,-9.114379517840964254e+05,3.944667250606726405e+00,4.013483356083249909e+00,3.464950296799511462e+07,3.520629875379148871e+07,1.000000000000000000e+00
2.813357493325552988e-03,1.632213495000318744e+03,1.632316832667130484e+03,7.006748498532620884e-02,2.728850669716425537e-01,-9.117759591175653040e+05,3.835256526997665283e+00,3.894009042781010344e+00,3.379663074647210538e+07,3.427772210130334646e+07,1.000000000000000000e+00
2.825712426890088572e-03,1.633508493067202153e+03,1.633606676272712320e+03,7.006418367294089955e-02,2.731127799100033782e-01,-9.121077094109874452e+05,3.727940139743765258e+00,3.797295314284980794e+00,3.295795842443465814e+07,3.351587462375116721e+07,1.000000000000000000e+00
2.838067360454624155e-03,1.634769917444342809e+03,1.634865318689336164e+03,7.006086326146908350e-02,2.733341566276210610e-01,-9.124332643850540044e+05,3.622763326828375430e+00,3.695039911268242605e+00,3.213386609610513225e+07,3.271364621304242313e+07,1.000000000000000000e+00
2.850422294019160172e-03,1.635998648318403184e+03,1.636100104487922636e+03,7.005752500455031395e-02,2.735493730973447835e-01,-9.127526906980287749e+05,3.519762828080462036e+00,3.580540439321449053e+00,3.132467496740971878e+07,3.182036649316673353e+07,1.000000000000000000e+00
2.862777227583696189e-03,1.637195548336556158e+03,1.637297445521436657e+03,7.005417015728322705e-02,2.737586017025687712e-01,-9.130660594845429296e+05,3.418967430164800980e+00,3.477931296455700760e+00,3.053065085708381608e+07,3.101393168009645492e+07,1.000000000000000000e+00
2.875132161148231773e-03,1.638361462425249329e+03,1.638457617009426485e+03,7.005079997426645610e-02,2.739620111857167251e-01,-9.133734459131318145e+05,3.320398502291948883e+00,3.389845451509411411e+00,2.975200764839012176e+07,3.031302634835645556e+07,1.000000000000000000e+00
2.887487094712767356e-03,1.639497217661416926e+03,1.639594095540571971e+03,7.004741570759619174e-02,2.741597666095351715e-01,-9.136749287634451175e+05,3.224070520011386165e+00,3.290796968489609675e+00,2.898891067411440611e+07,2.953033710271518677e+07,1.000000000000000000e+00
2.899842028277303373e-03,1.640603623191556153e+03,1.640705393442711056e+03,7.004401860484621434e-02,2.743520293300919510e-01,-9.139705900228522951e+05,3.129991574769742435e+00,3.185801437364571331e+00,2.824148002084606513e+07,2.870377023534165323e+07,1.000000000000000000e+00
2.912196961841839390e-03,1.641681470195899465e+03,1.641782770218562064e+03,7.004060990705444911e-02,2.745389569807812347e-01,-9.142605145030487329e+05,3.038163867397361884e+00,3.094558903374094339e+00,2.750979374016353860e+07,2.797697700989369676e+07,1.000000000000000000e+00
2.924551895406374974e-03,1.642731531893439069e+03,1.642827672103828263e+03,7.003719084673604156e-02,2.747207034663069480e-01,-9.145447894762074575e+05,2.948584183990787366e+00,3.014910016082266608e+00,2.679389095714581758e+07,2.733459109402617067e+07,1.000000000000000000e+00
2.936906828970910557e-03,1.643754563585204323e+03,1.643851412166799491e+03,7.003376264594129985e-02,2.748974189659886269e-01,-9.148235043309405446e+05,2.861244353036485943e+00,2.925223910324693311e+00,2.609377486812451109e+07,2.661640367339684442e+07,1.000000000000000000e+00
2.949261762535446141e-03,1.644751302731899159e+03,1.644853116965846539e+03,7.003032651437353373e-02,2.750692499454479023e-01,-9.150967502475040965e+05,2.776131682910568443e+00,2.829539771837500162e+00,2.540941562192183360e+07,2.585325690471592546e+07,1.000000000000000000e+00
2.961616696099981724e-03,1.645722469063505741e+03,1.645825178877525786e+03,7.002688364757975181e-02,2.752363391760692668e-01,-9.153646198922640178e+05,2.693229379190420492e+00,2.743679540799612404e+00,2.474075308024130389e+07,2.516303872001546621e+07,1.000000000000000000e+00
2.973971629664517741e-03,1.646668764717324393e+03,1.646767327161194999e+03,7.002343522522488928e-02,2.753988257613809165e-01,-9.156272071307153674e+05,2.612516941499491097e+00,2.672327179020355548e+00,2.408769945465698466e+07,2.457949101333829015e+07,1.000000000000000000e+00
2.986321426446380926e-03,1.647590496039529626e+03,1.647685886188969107e+03,7.001998384593000058e-02,2.755567803982521546e-01,-9.158845008211776149e+05,2.534002746175532561e+00,2.597978394063024332e+00,2.345040373506475985e+07,2.397385012220783532e+07,1.000000000000000000e+00
2.998671223228244545e-03,1.648488728117144319e+03,1.648589353758581865e+03,7.001652921855336387e-02,2.757104032751275247e-01,-9.161367065584746888e+05,2.457626016508786204e+00,2.511633667837805728e+00,2.282845563060840592e+07,2.327688492827792093e+07,1.000000000000000000e+00
3.011021020010108164e-03,1.649364110585679100e+03,1.649467901331778194e+03,7.001307246432372788e-02,2.758598225527496006e-01,-9.163839201443215134e+05,2.383357347868380494e+00,2.427658895447692533e+00,2.222169920572761074e+07,2.259907580075469613e+07,1.000000000000000000e+00
3.023370816791971782e-03,1.650217276302681057e+03,1.650319336127350880e+03,7.000961468269847887e-02,2.760051628922765010e-01,-9.166262376087644370e+05,2.311165016437497055e+00,2.361532648401318824e+00,2.162996023751442879e+07,2.205112949793695286e+07,1.000000000000000000e+00
3.035720613573835401e-03,1.651048841590556322e+03,1.651146938944159047e+03,7.000615695014793249e-02,2.761465455070765684e-01,-9.168637550091884332e+05,2.241015274300607096e+00,2.299803743279941415e+00,2.105304827489990368e+07,2.153672076617172733e+07,1.000000000000000000e+00
3.048070410355698586e-03,1.651859406493349525e+03,1.651957970882696145e+03,7.000270031904681778e-02,2.762840882179150581e-01,-9.170965682441826211e+05,2.172872621724157849e+00,2.230023109158691508e+00,2.049075863225409016e+07,2.096125003957762942e+07,1.000000000000000000e+00
3.060420207137561771e-03,1.652649555045855777e+03,1.652752546842775018e+03,6.999924581666883139e-02,2.764179055111635752e-01,-9.173247728817668976e+05,2.106700042248584648e+00,2.154691402511115239e+00,1.994287443027754873e+07,2.034349098611868545e+07,1.000000000000000000e+00
3.072770003919425390e-03,1.653419855552571107e+03,1.653525563595612311e+03,6.999579444427186936e-02,2.765481085995512567e-01,-9.175484640011732699e+05,2.042459117094799659e+00,2.081401213470357447e+00,1.940916936934079602e+07,1.974249578604526445e+07,1.000000000000000000e+00
3.097469597483152193e-03,1.654902594667370067e+03,1.655002026566505492e+03,6.998890404218971462e-02,2.767979985185641256e-01,-9.179825791851300746e+05,1.919637168302840591e+00,1.973524595824326155e+00,1.838317921407154948e+07,1.883173398801099509e+07,1.000000000000000000e+00
3.122169191046878997e-03,1.656312561413411686e+03,1.656415120707278220e+03,6.998203738236458138e-02,2.770347269229059828e-01,-9.183998638559567044e+05,1.804048139786104343e+00,1.850349492234956372e+00,1.741088774026867375e+07,1.780183521109556779e+07,1.000000000000000000e+00
3.146868784610605801e-03,1.657653758503785184e+03,1.657758787252353159e+03,6.997520146582142386e-02,2.772590703905329912e-01,-9.188010465349340811e+05,1.695358961056319114e+00,1.733900044482459046e+00,1.649017963654107787e+07,1.682398356996561959e+07,1.000000000000000000e+00
3.171568378174332604e-03,1.658929966941787143e+03,1.659028719351396376e+03,6.996840283011579453e-02,2.774717596965364796e-01,-9.191868373650276335e+05,1.593234889500155571e+00,1.645436471853070071e+00,1.561890062075156718e+07,1.605897085876114108e+07,1.000000000000000000e+00
3.196267971738059408e-03,1.660144756129528560e+03,1.660249395156943365e+03,6.996164754712086431e-02,2.776734820167410245e-01,-9.195579259573157178e+05,1.497342482621974558e+00,1.537826954550256975e+00,1.479487545617619902e+07,1.514210709251552075e+07,1.000000000000000000e+00
3.220967565301786212e-03,1.661301493939407919e+03,1.661408505916204149e+03,6.995494122498149836e-02,2.778648831243841766e-01,-9.199149797176368302e+05,1.407352424530575297e+00,1.441274017308860289e+00,1.401592885328429006e+07,1.431279242767486349e+07,1.000000000000000000e+00
3.245667158865513449e-03,1.662403356672102973e+03,1.662505197506923651e+03,6.994828901389803233e-02,2.780465695607972632e-01,-9.202586426184342708e+05,1.322941976674617104e+00,1.368827102910715965e+00,1.327990419116414711e+07,1.367151371655411273e+07,1.000000000000000000e+00
3.270366752429240253e-03,1.663453338832459622e+03,1.663558518723935777e+03,6.994169561528312817e-02,2.782191107634593430e-01,-9.205895343641003128e+05,1.243796965882474570e+00,1.282927524544141606e+00,1.258467920811520144e+07,1.292247057093836740e+07,1.000000000000000000e+00
3.295066345992967057e-03,1.664454262668652973e+03,1.664563536034368099e+03,6.993516529379592561e-02,2.783830411383496628e-01,-9.209082498970394954e+05,1.169613325449223806e+00,1.195976858609904658e+00,1.192817870581760630e+07,1.216747811201744340e+07,1.000000000000000000e+00
3.319765939556694294e-03,1.665408787429548056e+03,1.665514870002383077e+03,6.992870189176268736e-02,2.785388620661156667e-01,-9.212153591935032746e+05,1.100098239199456929e+00,1.136491976106760893e+00,1.130838455085295998e+07,1.162818358585530706e+07,1.000000000000000000e+00
3.344465533120421098e-03,1.666319418307869000e+03,1.666422449286335677e+03,6.992230884550880432e-02,2.786870438346040757e-01,-9.215114073032572633e+05,1.034970944878777610e+00,1.076224022991225659e+00,1.072334331378908642e+07,1.108362607219552249e+07,1.000000000000000000e+00
3.369165126684147901e-03,1.667188515044224687e+03,1.667296921266473419e+03,6.991598920316527410e-02,2.788280274922442237e-01,-9.217969145912314998e+05,9.739632510917766162e-01,1.004661474333553572e+00,1.017117187713624910e+07,1.044631027834389918e+07,1.000000000000000000e+00
3.393864720247874705e-03,1.668018300176522189e+03,1.668128677017394693e+03,6.990974564354840437e-02,2.789622266189768496e-01,-9.220723771445732564e+05,9.168198164278033024e-01,9.408285384647933070e-01,9.650061320637499914e+06,9.873516499091988429e+06,1.000000000000000000e+00
3.418564313811601509e-03,1.668810866924456150e+03,1.668918075156592749e+03,6.990358049575894073e-02,2.790900290127326655e-01,-9.223382673124124995e+05,8.632982338230797970e-01,8.960926802974925609e-01,9.158279358245389536e+06,9.454685381614884362e+06,1.000000000000000000e+00
3.443263907375328746e-03,1.669568186705529797e+03,1.669672659630859698e+03,6.989749575918718927e-02,2.792117982909985696e-01,-9.225950343503307085e+05,8.131689572992414350e-01,8.499634056798958115e-01,8.694171572141081095e+06,9.025248681282844394e+06,1.000000000000000000e+00
3.467963500939055550e-03,1.670292116282381130e+03,1.670401324139741519e+03,6.989149312365691702e-02,2.793278754078336590e-01,-9.228431051448470680e+05,7.662151031981513372e-01,7.944492179995275016e-01,8.256161655901554041e+06,8.516433047315163538e+06,1.000000000000000000e+00
3.492663094502782353e-03,1.670984404545857615e+03,1.671096360169068703e+03,6.988557398947821409e-02,2.794385800877217108e-01,-9.230828849971456220e+05,7.222321531423593344e-01,7.415042053995651861e-01,7.842750853515489027e+06,8.031203414398152381e+06,1.000000000000000000e+00
3.517362688066509591e-03,1.671646698940217902e+03,1.671757167804640630e+03,6.987973948722020490e-02,2.795442121781195333e-01,-9.233147584479690995e+05,6.810275819182994850e-01,7.060331658049910919e-01,7.452516752578529529e+06,7.689566168269841000e+06,1.000000000000000000e+00
3.542062281630236394e-03,1.672280551539941598e+03,1.672387799235388002e+03,6.987399049704590137e-02,2.796450529232127336e-01,-9.235390901287497254e+05,6.424204296584294926e-01,6.738478882298265527e-01,7.084111569612981752e+06,7.376978939488029107e+06,1.000000000000000000e+00
3.566761875193963198e-03,1.672887424788567387e+03,1.672995682729594364e+03,6.986832766748524159e-02,2.797413661616148239e-01,-9.237562256261729635e+05,6.062408345781010732e-01,6.359371562213893547e-01,6.736260042362700216e+06,7.014340910781251267e+06,1.000000000000000000e+00
3.591461468757690002e-03,1.673468696911944789e+03,1.673580609744324420e+03,6.986275143354696293e-02,2.798333994511322809e-01,-9.239664923498366261e+05,5.723295396286368630e-01,5.951696088545062047e-01,6.407757028294213116e+06,6.627615094653331675e+06,1.000000000000000000e+00
3.616161062321416805e-03,1.674025667018523791e+03,1.674139855827190559e+03,6.985726203409672874e-02,2.799213851237736250e-01,-9.241702003942794399e+05,5.405373840654076334e-01,5.561919706699882671e-01,6.097464890177772380e+06,6.257896853299920447e+06,1.000000000000000000e+00
3.640860655885144043e-03,1.674559559900472550e+03,1.674672552781918967e+03,6.985185952844724655e-02,2.800055412743843730e-01,-9.243676433885663282e+05,5.107247887621817473e-01,5.306701292618718480e-01,5.804310737858968787e+06,6.002976410125368275e+06,1.000000000000000000e+00
3.665560249448870846e-03,1.675071530549187855e+03,1.675182025302811780e+03,6.984654381212658525e-02,2.800860726862353101e-01,-9.245590993277864764e+05,4.827612423376853035e-01,5.078172186121913123e-01,5.527283580683933571e+06,5.772230612570918165e+06,1.000000000000000000e+00
3.690259843012597650e-03,1.675562668399373706e+03,1.675670907514004966e+03,6.984131463180362487e-02,2.801631716969714692e-01,-9.247448313823422650e+05,4.565247938005980166e-01,4.843823498973281461e-01,5.265431436739832163e+06,5.536543384231193922e+06,1.000000000000000000e+00
3.714959436576324887e-03,1.676034001315363184e+03,1.676146011383578980e+03,6.983617159936438001e-02,2.802370190082096313e-01,-9.249250886817686260e+05,4.319015577816652240e-01,4.547257123355316066e-01,5.017858439886125736e+06,5.243650502291256562e+06,1.000000000000000000e+00
3.739659030140051691e-03,1.676486499333567963e+03,1.676601281768376111e+03,6.983111420513868350e-02,2.803077844420632792e-01,-9.251001070712208748e+05,4.087852458395957456e-01,4.263023795295158846e-01,4.783722025611912832e+06,4.962958428690129891e+06,1.000000000000000000e+00
3.764358623703778495e-03,1.676921078174028480e+03,1.677037735903766588e+03,6.982614183027437138e-02,2.803756276476458975e-01,-9.252701098398213508e+05,3.870767655692139986e-01,3.990484903326751431e-01,4.562230567460420541e+06,4.693834689475717954e+06,1.000000000000000000e+00
3.793363337622715926e-03,1.677409632261228808e+03,1.677524933809416098e+03,6.982041039701562812e-02,2.804517569764429785e-01,-9.254636102433525957e+05,3.632600059848270502e-01,3.795249960504319398e-01,4.317285770529123023e+06,4.488854622552915476e+06,1.000000000000000000e+00
3.822368051541653357e-03,1.677876002020155966e+03,1.677988906009295988e+03,6.981479373719573500e-02,2.805242950834092031e-01,-9.256508241670617135e+05,3.411171418052970084e-01,3.617430166407998304e-01,4.087620426996208727e+06,4.300758679314871319e+06,1.000000000000000000e+00
3.851372765460590788e-03,1.678321418010582647e+03,1.678431997895527729e+03,6.980929039493379007e-02,2.805934536597010087e-01,-9.258320538986423053e+05,3.205206295382195814e-01,3.437353585420752644e-01,3.872189514737565070e+06,4.110824654576933477e+06,1.000000000000000000e+00
3.880377479379528219e-03,1.678747032106264214e+03,1.678861450570228044e+03,6.980389879210532889e-02,2.806594299465313136e-01,-9.260075832435982302e+05,3.013529212077575847e-01,3.203321505022678761e-01,3.670022170833779499e+06,3.868323285997872241e+06,1.000000000000000000e+00
3.909382193298465216e-03,1.679153923007269896e+03,1.679271305473494976e+03,6.979861724682613622e-02,2.807224078158431779e-01,-9.261776787490467541e+05,2.835057555392357376e-01,2.979864535029941308e-01,3.480216587109428365e+06,3.636797797893442679e+06,1.000000000000000000e+00
3.938386907217403081e-03,1.679543101348845994e+03,1.679662672727186418e+03,6.979344399025871892e-02,2.807825587664963818e-01,-9.263425908625761513e+05,2.668794357391543470e-01,2.766378816676927643e-01,3.301935163737960625e+06,3.415620736266314518e+06,1.000000000000000000e+00
3.967391621136340946e-03,1.679915514436443800e+03,1.680034478816436831e+03,6.978837718186649275e-02,2.808400428425222861e-01,-9.265025550277929287e+05,2.513821583408173965e-01,2.626364301868771012e-01,3.134399868243664969e+06,3.263425743721742649e+06,1.000000000000000000e+00
3.996396335055277943e-03,1.680272050634889183e+03,1.680389165311333272e+03,6.978341492315605354e-02,2.808950094795619190e-01,-9.266577927314492408e+05,2.369296208460501540e-01,2.514576522445295392e-01,2.976889392185574863e+06,3.138329339955551084e+06,1.000000000000000000e+00
4.054405762893152805e-03,1.680940001725501816e+03,1.681053574994208020e+03,6.977379817768145087e-02,2.809978100094737696e-01,-9.269547110612547258e+05,2.108855342945960276e-01,2.292692217395940479e-01,2.689487233621157240e+06,2.890619566051059403e+06,1.000000000000000000e+00
4.112415190731027667e-03,1.681554127337554064e+03,1.681673888631139334e+03,6.976457208855327274e-02,2.810921738577698559e-01,-9.272353674648774322e+05,1.881479017741049808e-01,2.006744846821687800e-01,2.434655633205401246e+06,2.576804721476565581e+06,1.000000000000000000e+00
4.170424618568901662e-03,1.682119759066583129e+03,1.682243954267379422e+03,6.975572048064115904e-02,2.811789804659828862e-01,-9.275011004473646171e+05,1.682554876689827950e-01,1.743504595207213681e-01,2.208282477817415725e+06,2.287950923520241398e+06,1.000000000000000000e+00
4.228434046406776524e-03,1.682641614086520804e+03,1.682762145735423474e+03,6.974722716672634992e-02,2.812590020559140314e-01,-9.277531048043310875e+05,1.508138348173008181e-01,1.611404211844676415e-01,2.006804330444739666e+06,2.131713455148038454e+06,1.000000000000000000e+00
4.286443474244651386e-03,1.683123873996386010e+03,1.683239974826217576e+03,6.973907612631130570e-02,2.813329182111921067e-01,-9.279924493524484569e+05,1.354870760476902247e-01,1.492844553298178223e-01,1.827139270074628759e+06,1.990857587922285777e+06,1.000000000000000000e+00
4.344452902082525381e-03,1.683570252773874699e+03,1.683689230409601123e+03,6.973125164367781348e-02,2.814013283215348604e-01,-9.282200925655424362e+05,1.219890329206891194e-01,1.341223482189760063e-01,1.666620104146850295e+06,1.811603190371191129e+06,1.000000000000000000e+00
4.402462329920400243e-03,1.683984055380962900e+03,1.684108582366490509e+03,6.972373841157690488e-02,2.814647622115013514e-01,-9.284368961524839979e+05,1.100754985914095957e-01,1.184247531027373401e-01,1.522935683079323731e+06,1.626524445151519962e+06,1.000000000000000000e+00
4.460471757758275105e-03,1.684368228373912189e+03,1.684497555882282995e+03,6.971652160664916498e-02,2.815236892327743212e-01,-9.286436367978180060e+05,9.953772861322643384e-02,1.038296580659825302e-01,1.394080480837953510e+06,1.454464385062947869e+06,1.000000000000000000e+00
4.518481185596149967e-03,1.684725403675023472e+03,1.684851294549393060e+03,6.970958694195207583e-02,2.815785260557345238e-01,-9.288410163020202890e+05,9.019697224251377321e-02,9.626605886680286717e-02,1.278311492135894718e+06,1.359502196713310899e+06,1.000000000000000000e+00
4.576490613434024829e-03,1.685057936490918792e+03,1.685179114489093308e+03,6.970292070116114458e-02,2.816296433586681913e-01,-9.290296703416092787e+05,8.189987900705569812e-02,9.027624367032549557e-02,1.174111428624572232e+06,1.282469555868220981e+06,1.000000000000000000e+00
4.634500041271899691e-03,1.685367938215161985e+03,1.685484640716508693e+03,6.969650975824925876e-02,2.816773715815195089e-01,-9.292101760457581840e+05,7.451463823016660215e-02,8.468190092076655073e-02,1.080157293737451313e+06,1.210531565245312406e+06,1.000000000000000000e+00
4.692509469109774553e-03,1.685657305027556276e+03,1.685776760254769897e+03,6.969034158581062510e-02,2.817220058846585107e-01,-9.293830585627108812e+05,6.792772394512151812e-02,7.702890389279801187e-02,9.952934924201042159e+05,1.112308635014045518e+06,1.000000000000000000e+00
4.750518896947649415e-03,1.685927743454666825e+03,1.686052487177081503e+03,6.968440424625370333e-02,2.817638104596585369e-01,-9.295487963494298747e+05,6.204109713658175623e-02,6.910159623446072985e-02,9.185084771848947275e+05,1.010894568542942521e+06,1.000000000000000000e+00
4.808528324785524277e-03,1.686180790273509274e+03,1.686310633984322749e+03,6.967868640893569443e-02,2.818030221664178936e-01,-9.297078274260452017e+05,5.676966593863762289e-02,6.165871677252169475e-02,8.489139628510972252e+05,9.156875444851909997e+05,1.000000000000000000e+00
4.924547180461273134e-03,1.686638878035114658e+03,1.686769692737962259e+03,6.966787688091423403e-02,2.818743059884449842e-01,-9.300069729645778425e+05,4.781924569638692363e-02,5.084995977196947459e-02,7.285231509899268858e+05,7.751298307060919469e+05,1.000000000000000000e+00
5.040566036137021991e-03,1.687043058012719257e+03,1.687160528014779857e+03,6.965780828552972648e-02,2.819376646244012852e-01,-9.302845321327373385e+05,4.055121131279913055e-02,4.597746504676700902e-02,6.286018094150244724e+05,7.067617627183742588e+05,1.000000000000000000e+00
5.156584891812771715e-03,1.687401122259145723e+03,1.687508420056947216e+03,6.964841014338110647e-02,2.819942730623565819e-01,-9.305428547208551317e+05,3.461057633989884919e-02,4.145302731936958973e-02,5.451755955868297024e+05,6.428629989915380720e+05,1.000000000000000000e+00
5.272603747488521439e-03,1.687719525525600147e+03,1.687837143053630598e+03,6.963961948623947906e-02,2.820450976822006517e-01,-9.307839537593666464e+05,2.972235136046764981e-02,3.476325643018494255e-02,4.751136001471266500e+05,5.473762103870576248e+05,1.000000000000000000e+00
5.388622603164271163e-03,1.688003646033763516e+03,1.688132286946170552e+03,6.963138013383073088e-02,2.820909382750186323e-01,-9.310095607878622832e+05,2.567436760159031578e-02,2.871674531165517921e-02,4.159458581942173769e+05,4.610874565926092910e+05,1.000000000000000000e+00
5.504641458840020887e-03,1.688257990046214672e+03,1.688398415192456923e+03,6.962364200349781262e-02,2.821324606579623806e-01,-9.312211712047455367e+05,2.230177444938306192e-02,2.322847899128906851e-02,3.657118167299420456e+05,3.827798191995072411e+05,1.000000000000000000e+00
5.620660314515769744e-03,1.688486353339315883e+03,1.688605216684820562e+03,6.961636046567405700e-02,2.821702221675991273e-01,-9.314200812349369517e+05,1.947508227502625297e-02,2.148237655149625239e-02,3.228431968198270770e+05,3.556974716729259817e+05,1.000000000000000000e+00
5.874605226283687726e-03,1.688906761079740363e+03,1.688987270523044799e+03,6.960187679551860240e-02,2.822413886003264372e-01,-9.318150802171843825e+05,1.477771481932984438e-02,1.857061949305454859e-02,2.494504277571079438e+05,3.098298753922793549e+05,1.000000000000000000e+00
6.128550138051606574e-03,1.689246084761957036e+03,1.689331005197382183e+03,6.958896645137155335e-02,2.823010956401047489e-01,-9.321680541810533032e+05,1.145286900958171136e-02,1.461126243982434521e-02,1.957812239392364281e+05,2.456413242979406496e+05,1.000000000000000000e+00
6.382495049819525423e-03,1.689522664220248771e+03,1.689632536906454106e+03,6.957736363036140514e-02,2.823519589706393607e-01,-9.324860162655224558e+05,9.049833384144997245e-03,1.066362916914633495e-02,1.557716370619438530e+05,1.810105109187293565e+05,1.000000000000000000e+00
6.636439961587444272e-03,1.689749951224746155e+03,1.689868355644241092e+03,6.956685881148932937e-02,2.823958790143096809e-01,-9.327743683721005218e+05,7.278227908704869992e-03,7.829090512037168229e-03,1.254135753429842734e+05,1.344309022059915296e+05,1.000000000000000000e+00
7.144329785123281970e-03,1.690086807859009468e+03,1.690118610262365564e+03,6.954864418155994044e-02,2.824671040643444986e-01,-9.332748205030588433e+05,4.992564643224908782e-03,6.579911108753951944e-03,8.449471488372924796e+04,1.126835723209047865e+05,1.000000000000000000e+00
7.652219608659118801e-03,1.690323591962547653e+03,1.690346009455922967e+03,6.953297560524915322e-02,2.825247874327779796e-01,-9.337085327164963819e+05,3.613729652037600548e-03,5.069207760254010840e-03,5.872470936051783792e+04,8.491977312113356311e+04,1.000000000000000000e+00
8.160123708451996749e-03,1.690491357617282347e+03,1.690562649603873069e+03,6.951925181452413283e-02,2.825731443532460418e-01,-9.340902685726215132e+05,2.743751904265978939e-03,3.377282620567476426e-03,4.176139206637613825e+04,5.331708784592041775e+04,1.000000000000000000e+00
8.668027808244873830e-03,1.690609945104479948e+03,1.690702166579136701e+03,6.950706232668331375e-02,2.826148381850134284e-01,-9.344301206985824974e+05,2.174437226849334007e-03,2.246043085335372100e-03,3.017632509970053070e+04,3.196411520492571071e+04,1.000000000000000000e+00
9.175931908037750911e-03,1.690692527545881376e+03,1.690710625208125521e+03,6.949611753679260651e-02,2.826516178002201340e-01,-9.347352452189595206e+05,1.791115877638587914e-03,2.084939222277247886e-03,2.201505426823846938e+04,2.818628780409242972e+04,1.000000000000000000e+00
9.683836007830627993e-03,1.690748130462765630e+03,1.690718100379024463e+03,6.948620702457891651e-02,2.826846672136547056e-01,-9.350108853767126566e+05,1.527323399091661330e-03,1.940135461183239117e-03,1.611138868539873329e+04,2.479119325684160140e+04,1.000000000000000000e+00
1.019174010763487792e-02,1.690783108280389342e+03,1.690747552051871935e+03,6.947717323991153826e-02,2.827148091960545728e-01,-9.352610081580948317e+05,1.342754372692415814e-03,1.717315875512740288e-03,1.174177637488863184e+04,1.951831286191288382e+04,1.000000000000000000e+00
1.069964420743912958e-02,1.690802041924653849e+03,1.690790594275471221e+03,6.946889482911390579e-02,2.827426276776020542e-01,-9.354886989315436222e+05,1.211984371451365478e-03,1.464029522726061809e-03,8.442002462194022883e+03,1.352944976670720825e+04,1.000000000000000000e+00
1.120754830724338125e-02,1.690808303431804688e+03,1.690832298326701448e+03,6.946127594033825459e-02,2.827685435680157289e-01,-9.356964068411677144e+05,1.118425610688538081e-03,1.228538834556047689e-03,5.905492792626268965e+03,7.960290272847274537e+03,1.000000000000000000e+00
1.171545240704763118e-02,1.690804421748634240e+03,1.690854326666706811e+03,6.945423930658481404e-02,2.827928627728217847e-01,-9.358860958061331185e+05,1.050944122511198939e-03,1.045892838189128871e-03,3.924612976623346185e+03,3.582058844213755037e+03,1.000000000000000000e+00
1.222335650685183253e-02,1.690792325912847218e+03,1.690800816354801100e+03,6.944772176504442063e-02,2.828158069417951448e-01,-9.360593334804048063e+05,1.001888367362232038e-03,1.026161553481161554e-03,2.355582870425915644e+03,2.827108225658781066e+03,1.000000000000000000e+00
1.273126060665603215e-02,1.690773510433636602e+03,1.690752689902057000e+03,6.944167138902637704e-02,2.828375330136472243e-01,-9.362173368997008074e+05,9.658922040051455549e-04,1.007555073951847506e-03,1.096842984372350884e+03,2.113482114518598792e+03,1.000000000000000000e+00
1.374706880626443140e-02,1.690719245328483112e+03,1.690679229904296790e+03,6.943084432732772593e-02,2.828776444740069840e-01,-9.364902931251480477e+05,9.215018201159420885e-04,9.634318618667669183e-04,-7.175652277219442112e+02,4.908239132493847592e+02,1.000000000000000000e+00
1.476287700587265890e-02,1.690650575701660500e+03,1.690634177181195355e+03,6.942114007789998431e-02,2.829149481003457867e-01,-9.367263287646302488e+05,8.949137914041130348e-04,9.056550990331224162e-04,-1.971158063308151213e+03,-1.528515563056602559e+03,1.000000000000000000e+00
1.577868520548088641e-02,1.690571803018910941e+03,1.690572752351532472e+03,6.941230463389391758e-02,2.829499499239410132e-01,-9.369326406440589344e+05,8.772619381287073692e-04,8.643018077638163835e-04,-2.861707595507105452e+03,-2.962792811629282824e+03,1.000000000000000000e+00
1.679449340508939320e-02,1.690486029195737274e+03,1.690467098844836073e+03,6.940412590485398048e-02,2.829830083275388652e-01,-9.371153181539644720e+05,8.637298850838488057e-04,8.515104158533754819e-04,-3.506145440353684080e+03,-3.370507045315371670e+03,1.000000000000000000e+00
1.781030160469790347e-02,1.690395611513027916e+03,1.690369547954039263e+03,6.939642507447110753e-02,2.830143851345144901e-01,-9.372795746213085949e+05,8.517768199825148830e-04,8.363654369243613213e-04,-3.977022102234467638e+03,-3.807638841233611856e+03,1.000000000000000000e+00
1.882610980430641373e-02,1.690302444606050813e+03,1.690281365399618380e+03,6.938905195330621889e-02,2.830442733675676004e-01,-9.374299016477020923e+05,8.401249753652870536e-04,8.198892756813208399e-04,-4.321360176603807304e+03,-4.276630866094871635e+03,1.000000000000000000e+00
1.984191800391492053e-02,1.690208150472571788e+03,1.690193402626378884e+03,6.938188352424171090e-02,2.830728102106453425e-01,-9.375701583925902378e+05,8.282013672228120352e-04,8.065914322754427117e-04,-4.570900664550176771e+03,-4.552572435380982824e+03,1.000000000000000000e+00
2.085772620352342732e-02,1.690114221210427104e+03,1.690104857657019693e+03,6.937482575838736787e-02,2.831000786823699711e-01,-9.377035909454432549e+05,8.158296033046732662e-04,7.950305506414681415e-04,-4.747921186239412236e+03,-4.686417113634786801e+03,1.000000000000000000e+00
2.187353440313193759e-02,1.690022141682733263e+03,1.690006329369226023e+03,6.936781944727388183e-02,2.831260983265657116e-01,-9.378327618439295329e+05,8.030635937940557197e-04,7.781208086790195651e-04,-4.868671693640444573e+03,-4.792760195129971180e+03,1.000000000000000000e+00
2.288934260274044091e-02,1.689933511041262818e+03,1.689922199457243323e+03,6.936085149775925163e-02,2.831508026281539525e-01,-9.379593521384747000e+05,7.901052754514506418e-04,7.644577249238303446e-04,-4.945492862514403896e+03,-4.869052100616404459e+03,1.000000000000000000e+00
2.390515080234894771e-02,1.689850178895741237e+03,1.689848257420637083e+03,6.935397404366015761e-02,2.831739981321470534e-01,-9.380837742488346994e+05,7.772756164386800636e-04,7.520025647917719320e-04,-4.988209526956871741e+03,-4.891860244696514201e+03,1.000000000000000000e+00
2.492095900195745797e-02,1.689774412152585683e+03,1.689771216822119186e+03,6.934733501883058593e-02,2.831952968034037177e-01,-9.382044987410842441e+05,7.650240810322063347e-04,7.362893690510500253e-04,-5.005170542992914307e+03,-4.894362389980919943e+03,1.000000000000000000e+00
2.593676720156596824e-02,1.689709111710259776e+03,nan,6.934122573544750090e-02,2.832140084319699769e-01,-9.383169461184190586e+05,7.539712955086238459e-04,nan,-5.004251710128166451e+03,nan,0.000000000000000000e+00
2.796838360078298183e-02,1.689621390935610862e+03,nan,6.933211933801314286e-02,2.832401911187821808e-01,-9.384888200421093497e+05,7.380944378919862461e-04,nan,-4.975621781002178977e+03,nan,0.000000000000000000e+00
2.999999999999999889e-02,1.689621390935610862e+03,nan,6.933211933801314286e-02,2.832401911187821253e-01,-9.384888200421098154e+05,7.380944378964397149e-04,nan,-4.975621780985599798e+03,nan,0.000000000000000000e+00
