z,T,fgm_T,Z,C,h,omega_C,fgm_omega_C,qdot,fgm_qdot,covered
0.000000000000000000e+00,3.000000000000000000e+02,3.000568707329612721e+02,5.490691668930231667e-02,5.539444553716453556e-02,-7.998939417108243797e+05,2.536696249331992642e-02,2.560390315143829323e-02,8.929508995875042165e+05,8.831007543656928465e+05,1.000000000000000000e+00
2.701047914175006761e-06,3.067521029875952649e+02,3.068082056831635782e+02,5.489711087627516251e-02,5.617476770923086199e-02,-7.999695431042336859e+05,2.517435417499671452e-02,2.547566325053378031e-02,8.498718902571075596e+05,8.434652563073146157e+05,1.000000000000000000e+00
5.402095828350013522e-06,3.134709379659431647e+02,3.135297014880235338e+02,5.488763118147894915e-02,5.695080921375752364e-02,-8.000198825954472413e+05,2.521238409674621955e-02,2.541582411014611451e-02,8.170615157512007281e+05,8.094411699256624561e+05,1.000000000000000000e+00
8.103143742525020706e-06,3.201576935762039966e+02,3.202188568322495712e+02,5.487846505226014193e-02,5.772287872810218795e-02,-8.000468748019468039e+05,2.540509939401684736e-02,2.566509015288708645e-02,7.921267842876876239e+05,7.868106206512826029e+05,1.000000000000000000e+00
1.080419165670002704e-05,3.268135085977781387e+02,3.268753771100726340e+02,5.486960092552237156e-02,5.849126190968354649e-02,-8.000522492173272185e+05,2.574682425904368382e-02,2.601491796234213505e-02,7.737426896137336735e+05,7.690559415631300071e+05,1.000000000000000000e+00
1.350523957087503338e-05,3.334394747805589532e+02,3.335014137468650119e+02,5.486102812465239176e-02,5.925622363112540564e-02,-8.000375704652699642e+05,2.623500765977895832e-02,2.665454723185675667e-02,7.609979264229034306e+05,7.596686013796721818e+05,1.000000000000000000e+00
1.620628748505004141e-05,3.400366393341718094e+02,3.401030433568101330e+02,5.485273676916718050e-02,6.001800994957642854e-02,-8.000042561271350132e+05,2.686739424149086827e-02,2.723917045542775459e-02,7.532287687967442907e+05,7.522690614377621096e+05,1.000000000000000000e+00
1.890733539922504944e-05,3.466060071735284396e+02,3.466750212411178040e+02,5.484471769536794494e-02,6.077684984796132006e-02,-7.999535924384956015e+05,2.764211157905673358e-02,2.830183321363878221e-02,7.499383355101060588e+05,7.543779072634566110e+05,1.000000000000000000e+00
2.160838331340005409e-05,3.531485429813783981e+02,3.532167222527094168e+02,5.483696238649784366e-02,6.153295677936339303e-02,-7.998867481220640475e+05,2.855781417606970130e-02,2.920858252060383811e-02,7.507502318010913441e+05,7.559385605753175914e+05,1.000000000000000000e+00
2.430943122757505873e-05,3.596651731247897033e+02,3.597308137723080677e+02,5.482946291110089160e-02,6.228653004055938885e-02,-7.998047865932543064e+05,2.961377405176006741e-02,3.036416408663862587e-02,7.553795940120326122e+05,7.636537081368307117e+05,1.000000000000000000e+00
2.701047914175006676e-05,3.661567874514141181e+02,3.662242420056346077e+02,5.482221186846378963e-02,6.303775599696093135e-02,-7.997086767453218345e+05,3.080999384164975416e-02,3.162860571798679910e-02,7.636141186108491383e+05,7.739676923410637537e+05,1.000000000000000000e+00
3.241257497010008282e-05,3.790685072219050085e+02,3.791395615524737082e+02,5.480842845404550190e-02,6.453393313317666580e-02,-7.994780720415485557e+05,3.362344019204342727e-02,3.472815888463410411e-02,7.901067388317541918e+05,8.076043892976875650e+05,1.000000000000000000e+00
3.511362288427509086e-05,3.854903278086862883e+02,3.855612870327454402e+02,5.480188097311552986e-02,6.527914639200951830e-02,-7.993445206849448150e+05,3.524602115698476784e-02,3.655335644533168338e-02,8.083974222719331738e+05,8.304345682991435751e+05,1.000000000000000000e+00
3.781467079845009889e-05,3.918903535994641061e+02,3.919613813394822159e+02,5.479555675722978109e-02,6.602264805500490663e-02,-7.991999244176716311e+05,3.701519978685757772e-02,3.859247343196224589e-02,8.299202038490204141e+05,8.577546378317169147e+05,1.000000000000000000e+00
4.051571871262510014e-05,3.982692400821125602e+02,3.983429918241989185e+02,5.478945049425948399e-02,6.676456534159849743e-02,-7.990449010382329579e+05,3.893422418399381663e-02,4.086104531566596421e-02,8.546787773736750241e+05,8.900114855243731290e+05,1.000000000000000000e+00
4.321676662680010817e-05,4.046277660477691711e+02,4.047058508499623031e+02,5.478355703900810586e-02,6.750503538096211398e-02,-7.988800222065241542e+05,4.100694909298660540e-02,4.331220855559707317e-02,8.827028622435599100e+05,9.256338925677182851e+05,1.000000000000000000e+00
4.591781454097511620e-05,4.109666086974093560e+02,4.110489687721092196e+02,5.477787160417729034e-02,6.824417921823977551e-02,-7.987058103382184636e+05,4.323781519079124280e-02,4.606336336924251457e-02,9.140454899155182065e+05,9.680456265320365783e+05,1.000000000000000000e+00
4.861886245515011746e-05,4.172864200422455951e+02,4.173734105226342876e+02,5.477238966254371899e-02,6.898211119921697498e-02,-7.985227457654884784e+05,4.563186234450977707e-02,4.794050661497351040e-02,9.487812952620878350e+05,9.947890656486635562e+05,1.000000000000000000e+00
5.131991036932512549e-05,4.235878280219059775e+02,4.236683943313025793e+02,5.476710692644883027e-02,6.971893945433890738e-02,-7.983312705494702095e+05,4.819472263844729737e-02,5.088906190261346246e-02,9.870048479338000761e+05,1.040874244446455967e+06,1.000000000000000000e+00
5.402095828350013352e-05,4.298714375662794396e+02,4.299473751955339367e+02,5.476201932918097620e-02,7.045476633947639344e-02,-7.981317919049116317e+05,5.093261555951290181e-02,5.437015406933849021e-02,1.028829218061050167e+06,1.098611399497680832e+06,1.000000000000000000e+00
5.672200619767514155e-05,4.361378316037581158e+02,4.362201965587609607e+02,5.475712300803955990e-02,7.118968883800617931e-02,-7.979246852815520251e+05,5.385234545487873475e-02,5.808833674558391141e-02,1.074384738355170470e+06,1.160566573103691451e+06,1.000000000000000000e+00
5.942305411185014959e-05,4.423875720178528468e+02,4.424779637826505905e+02,5.475241428889693340e-02,7.192379892814879105e-02,-7.977102971411384642e+05,5.696130105702735397e-02,6.092346812331998762e-02,1.123817924466878641e+06,1.206044809837685432e+06,1.000000000000000000e+00
6.212410202602515084e-05,4.486212005550245294e+02,4.487027348356223229e+02,5.474788967209737178e-02,7.265718391914255392e-02,-7.974889474641984561e+05,6.026745679289198521e-02,6.455746206131311726e-02,1.177290518931747181e+06,1.267230360243012663e+06,1.000000000000000000e+00
6.482514994020016565e-05,4.548392396846520001e+02,4.549193733883458890e+02,5.474354581955283988e-02,7.338992675921218733e-02,-7.972609320165043464e+05,6.377937555958644589e-02,6.922532256171572140e-02,1.234978628299646080e+06,1.349608692873874214e+06,1.000000000000000000e+00
6.752619785437518046e-05,4.610421934155519352e+02,4.611304297419238196e+02,5.473937954291047125e-02,7.412210631833532348e-02,-7.970265244014194468e+05,6.750621263464950950e-02,7.403637419605742231e-02,1.297071927227983484e+06,1.433718437213521684e+06,1.000000000000000000e+00
7.022724576855018171e-05,4.672305480690386617e+02,4.673175600654642494e+02,5.473538779268451171e-02,7.485379764800711988e-02,-7.967859779213187285e+05,7.145772038034708951e-02,7.708284902444803577e-02,1.363772907025646884e+06,1.484532775575268781e+06,1.000000000000000000e+00
7.292829368272518297e-05,4.734047730116722619e+02,4.734850061947052495e+02,5.473156764825593684e-02,7.558507222029556272e-02,-7.965395272683894727e+05,7.564425340145271293e-02,8.277415214017402878e-02,1.435296149362534517e+06,1.587662157169213984e+06,1.000000000000000000e+00
7.562934159690019777e-05,4.795653213495082809e+02,4.796537569702368273e+02,5.472791630865552620e-02,7.631599814809902904e-02,-7.962873900627733674e+05,8.007677381714325970e-02,8.872770108302968639e-02,1.511867608580774628e+06,1.696251173505324638e+06,1.000000000000000000e+00
7.833038951107519903e-05,4.857126305858167257e+02,4.857981063092802287e+02,5.472443108405524587e-02,7.704664038833369810e-02,-7.960297682538955705e+05,8.476685631142784338e-02,9.238044481637863736e-02,1.593723888360559009e+06,1.759535791710450314e+06,1.000000000000000000e+00
8.103143742525020028e-05,4.918471232441767711e+02,4.919282362225826546e+02,5.472110938790202689e-02,7.777706092959628392e-02,-7.957668493990011048e+05,8.972669263146194896e-02,9.935241045683929073e-02,1.681111500489006517e+06,1.889274464869405609e+06,1.000000000000000000e+00
8.373248533942521509e-05,4.979692074587887305e+02,4.980618863061264960e+02,5.471794872963513245e-02,7.850731896568659274e-02,-7.954988078313050792e+05,9.496909520897772738e-02,1.047137143867361425e-01,1.774286095242431387e+06,1.986336971149936318e+06,1.000000000000000000e+00
8.643353325360021635e-05,5.040792775337806688e+02,5.041566437403351415e+02,5.471494670793489168e-02,7.923747105623191178e-02,-7.952258057287482079e+05,1.005074995872816263e-01,1.109572983273831998e-01,1.873511654502575053e+06,2.102074236027434468e+06,1.000000000000000000e+00
8.913458116777521760e-05,5.101777144732210445e+02,5.102607458758642451e+02,5.471210100445685759e-02,7.996757127553059952e-02,-7.949479940931254532e+05,1.063559653445409203e-01,1.194422039149889703e-01,1.979059640258816769e+06,2.262690793066482525e+06,1.000000000000000000e+00
9.183562908195023241e-05,5.162648864834823144e+02,5.163549732518323481e+02,5.470940937801016535e-02,8.069767135062007324e-02,-7.946655136482530506e+05,1.125291752142387053e-01,1.239185434416144316e-01,2.091208092656482477e+06,2.342259531231958419e+06,1.000000000000000000e+00
9.453667699612523366e-05,5.223411494495097713e+02,5.224186987264339450e+02,5.470686965914353661e-02,8.142782078947373436e-02,-7.943784956648736261e+05,1.190424321159995191e-01,1.334320424500195501e-01,2.210240673295276705e+06,2.523736739493383560e+06,1.000000000000000000e+00
9.723772491030023492e-05,5.284068473866386739e+02,5.284972004234520000e+02,5.470447974510662947e-02,8.215806700015962361e-02,-7.940870627191611566e+05,1.259116538250417139e-01,1.408209261818230140e-01,2.336445651094525121e+06,2.662163539250007365e+06,1.000000000000000000e+00
9.993877282447524973e-05,5.344623128691603142e+02,5.345346992740310270e+02,5.470223759515750045e-02,8.288845540167530390e-02,-7.937913293909564381e+05,1.331533650265851743e-01,1.491257684876227674e-01,2.470114829752916005e+06,2.820729253819958307e+06,1.000000000000000000e+00
1.026398207386502510e-04,5.405078674372069827e+02,5.405891100462970371e+02,5.470014122619085151e-02,8.361902952714982129e-02,-7.934914029071663972e+05,1.407846865237555034e-01,1.604428775836787835e-01,2.611542417665098328e+06,3.035533472935929429e+06,1.000000000000000000e+00
1.053408686528252522e-04,5.465438219833455378e+02,5.466243697947625151e+02,5.469818870866379606e-02,8.434983112002958361e-02,-7.931873837351825787e+05,1.488233213942850020e-01,1.663458796501633141e-01,2.761023843129910063e+06,3.144168739496042021e+06,1.000000000000000000e+00
1.080419165670002670e-04,5.525704771198963954e+02,5.526469150123472218e+02,5.469637816279870890e-02,8.508090022377451378e-02,-7.928793661307081347e+05,1.572875379224831505e-01,1.791447105871658840e-01,2.918854519769851118e+06,3.390249399937360082e+06,1.000000000000000000e+00
1.107429644811752819e-04,5.585881235284675768e+02,5.586758593788244980e+02,5.469470775504487597e-02,8.581227526559938312e-02,-7.925674386438393267e+05,1.661961491714289973e-01,1.855953226638751563e-01,3.085328569325564895e+06,3.508963792116891127e+06,1.000000000000000000e+00
1.134440123953502831e-04,5.645970422925811363e+02,5.646691847888344000e+02,5.469317569478264474e-02,8.654399313469046673e-02,-7.922516845869318349e+05,1.755684891056040198e-01,1.999207620947067443e-01,3.260737511314507108e+06,3.785551069315794390e+06,1.000000000000000000e+00
1.161450603095252844e-04,5.705975052147377937e+02,5.706882761170314780e+02,5.469178023125511462e-02,8.727608925534416362e-02,-7.919321824673556257e+05,1.854243852344427124e-01,2.077811881851422682e-01,3.445368931545203086e+06,3.931312412953867111e+06,1.000000000000000000e+00
1.188461082237002992e-04,5.765897751187117137e+02,5.766583065740137499e+02,5.469051965071421856e-02,8.800859765538462942e-02,-7.916090063879768131e+05,1.957841278388968154e-01,2.228611098117706801e-01,3.639505144152242690e+06,4.220895263928444125e+06,1.000000000000000000e+00
1.215471561378753004e-04,5.825741061382809676e+02,5.826572750499085487e+02,5.468939227376901080e-02,8.874155103023581570e-02,-7.912822264178945916e+05,2.066684360455736669e-01,2.351704100317192347e-01,3.843421865217791405e+06,4.452613551588261500e+06,1.000000000000000000e+00
1.242482040520503017e-04,5.885507439931014915e+02,5.886162041405533500e+02,5.468839645292517676e-02,8.947498080294574718e-02,-7.909519089357507182e+05,2.180984216517319330e-01,2.481556308711958814e-01,4.057386921925120987e+06,4.698861109155130573e+06,1.000000000000000000e+00
1.269492519662253165e-04,5.945199262527909241e+02,5.945966406959437336e+02,5.468753057030546760e-02,9.020891718047960306e-02,-7.906181169476875803e+05,2.300955541446443320e-01,2.647562399410329781e-01,4.281659037808864377e+06,5.011198130799340084e+06,1.000000000000000000e+00
1.296502998804003313e-04,6.004818825898398700e+02,6.005447750083322944e+02,5.468679303554165039e-02,9.094338920653080582e-02,-7.902809103818719741e+05,2.426816413811089257e-01,2.760007943639032901e-01,4.516486797319428995e+06,5.221912657297960483e+06,1.000000000000000000e+00
1.323513477945753461e-04,6.064368350222638355e+02,6.065081880516380579e+02,5.468618228382909896e-02,9.167842481111407316e-02,-7.899403463613224449e+05,2.558788895178740197e-01,2.964688987561308053e-01,4.762108159871110693e+06,5.606458691981359385e+06,1.000000000000000000e+00
1.350523957087503609e-04,6.123849981464447865e+02,6.124485821076800676e+02,5.468569677413606667e-02,9.241405085713129408e-02,-7.895964794566303026e+05,2.697103255202686345e-01,3.067448536132494352e-01,5.018752138963978738e+06,5.796868400870801881e+06,1.000000000000000000e+00
1.404544915371003634e-04,6.242617677493897190e+02,6.243245898630133297e+02,5.468509594088279135e-02,9.388720142718627593e-02,-7.888993056981342379e+05,2.993396224420069029e-01,3.406448294327835691e-01,5.564718791849759407e+06,6.427511856513395905e+06,1.000000000000000000e+00
1.458565873654503659e-04,6.361138499887044873e+02,6.361753483564132239e+02,5.468497571528074808e-02,9.536299512541751566e-02,-7.881893423482713988e+05,3.317692871583568515e-01,3.776576692805035385e-01,6.157050883155310526e+06,7.107916173661810346e+06,1.000000000000000000e+00
1.512586831938003955e-04,6.479427095893382784e+02,6.480010807809318294e+02,5.468532454566685241e-02,9.684161188177103918e-02,-7.874669554262370802e+05,3.671803934827932991e-01,4.182047145545413902e-01,6.796993166935470887e+06,7.845933904876129702e+06,1.000000000000000000e+00
1.539597311079753832e-04,6.538488657857158159e+02,6.539094192321744003e+02,5.468567103265317697e-02,9.758202043548430682e-02,-7.871010937988543883e+05,3.860743974873628304e-01,4.476567277585773441e-01,7.135772359013412148e+06,8.377249618413751014e+06,1.000000000000000000e+00
1.566607790221503981e-04,6.597497071601734433e+02,6.598037466257738970e+02,5.468613111774174584e-02,9.832320052335918881e-02,-7.867322974093959201e+05,4.057833834299613418e-01,4.624032864256264475e-01,7.486842889458554797e+06,8.640180659835211933e+06,1.000000000000000000e+00
1.593618269363254129e-04,6.656453907167376656e+02,6.657034046942321766e+02,5.468670341497285092e-02,9.906517110155363404e-02,-7.863606065869356971e+05,4.263305672567676563e-01,4.943619073886606485e-01,7.850315409748880193e+06,9.208473808807831258e+06,1.000000000000000000e+00
1.620628748505004006e-04,6.715360679539610373e+02,6.715847713798771110e+02,5.468738655094713269e-02,9.980795039953178904e-02,-7.859860608228584751e+05,4.477384662079782474e-01,5.104250254678960319e-01,8.226287285461303778e+06,9.490821854557368904e+06,1.000000000000000000e+00
1.647639227646754154e-04,6.774218850215764860e+02,6.774799282952200201e+02,5.468817916417118008e-02,1.005515559446034102e-01,-7.856086988879770506e+05,4.700293355241985660e-01,5.425378520014082495e-01,8.614847039059979841e+06,1.005298249716800079e+07,1.000000000000000000e+00
1.674649706788504302e-04,6.833029828716961447e+02,6.833487830137073615e+02,5.468907990445185524e-02,1.012960045851848678e-01,-7.852285589439688483e+05,4.932252748178962976e-01,5.624825578034059470e-01,9.016077157098239288e+06,1.039880112587059103e+07,1.000000000000000000e+00
1.701660185930254179e-04,6.891794974044659057e+02,6.892394741020494848e+02,5.469008743232980918e-02,1.020413125128414172e-01,-7.848456786501200404e+05,5.173482658491952435e-01,5.928075428383958734e-01,9.430056731377007440e+06,1.092225183524261601e+07,1.000000000000000000e+00
1.728670665072004327e-04,6.950515596081152125e+02,6.950947113825379802e+02,5.469120041854257791e-02,1.027874952831791949e-01,-7.844600952663747594e+05,5.424202026967464008e-01,6.190203806582140755e-01,9.856864242594653741e+06,1.137202082662666403e+07,1.000000000000000000e+00
1.755681144213754475e-04,7.009192956933198957e+02,7.009821635117816641e+02,5.469241754350745444e-02,1.035345678356511534e-01,-7.840718457536393544e+05,5.684629293838814323e-01,6.459504425810538297e-01,1.029658053966914862e+07,1.182913598885431699e+07,1.000000000000000000e+00
1.782691623355504352e-04,7.067828272217794847e+02,7.068232738938194188e+02,5.469373749681413766e-02,1.042825445123372052e-01,-7.836809668722591596e+05,5.954982891049962479e-01,6.801269648041450289e-01,1.074929200208117068e+07,1.240822291912729852e+07,1.000000000000000000e+00
1.809702102497254500e-04,7.126422712288883758e+02,7.127093682268725843e+02,5.469515897671833188e-02,1.050314390757520200e-01,-7.832874952795749996e+05,6.235481864225755899e-01,7.019037307056418262e-01,1.121509385199123062e+07,1.277021218996495195e+07,1.000000000000000000e+00
1.836712581639004648e-04,7.184977403403674998e+02,7.185353944201012837e+02,5.469668068962717927e-02,1.057812647257296290e-01,-7.828914676273292862e+05,6.526346629766793805e-01,7.460070523403878884e-01,1.169409357428024895e+07,1.350808471658824384e+07,1.000000000000000000e+00
1.863723060780754525e-04,7.243493428827142679e+02,7.244079426367995893e+02,5.469830134956808060e-02,1.065320341154273875e-01,-7.824929206597390585e+05,6.827799868981957454e-01,7.687285445594920219e-01,1.218641439806411043e+07,1.387883731865345500e+07,1.000000000000000000e+00
1.890733539922504673e-04,7.301971829873281195e+02,7.302321459331679989e+02,5.470001967763359757e-02,1.072837593664885403e-01,-7.820918913128860295e+05,7.140067558881613152e-01,8.168067480870546682e-01,1.269219879071837291e+07,1.467112602324936725e+07,1.000000000000000000e+00
1.917744019064254821e-04,7.360413606881694477e+02,7.360892322402370382e+02,5.470183440139523429e-02,1.080364520833962949e-01,-7.816884168160652043e+05,7.463380137290378524e-01,8.412711437263753478e-01,1.321161191456374153e+07,1.506341823671127856e+07,1.000000000000000000e+00
1.944754498206004698e-04,7.418819720128252584e+02,7.419141159624844022e+02,5.470374425428027598e-02,1.087901233670494627e-01,-7.812825347956195474e+05,7.797973798097821430e-01,8.928348980987375061e-01,1.374484499701396190e+07,1.590123693493031710e+07,1.000000000000000000e+00
1.971764977347754846e-04,7.477191090668629840e+02,7.477545863608007721e+02,5.470574797490653646e-02,1.095447838275846186e-01,-7.808742833816877101e+05,8.144091910718265215e-01,9.193093905626422702e-01,1.429211856714181602e+07,1.632050356141572632e+07,1.000000000000000000e+00
1.998775456489504995e-04,7.535528601113801415e+02,7.535812789611337621e+02,5.470784430637094797e-02,1.103004435964665270e-01,-7.804637013182610972e+05,8.501986556203091627e-01,9.747524522145951664e-01,1.485368551521977223e+07,1.721091316490022466e+07,1.000000000000000000e+00
2.025785935631254872e-04,7.593833096336758217e+02,7.594060124426534912e+02,5.471003199548898910e-02,1.110571123378649161e-01,-7.800508280767704127e+05,8.871920170971844266e-01,1.002812044658706325e+00,1.542983393673665263e+07,1.764586403801312670e+07,1.000000000000000000e+00
2.052796414773005020e-04,7.652105384110014938e+02,7.652411942121741504e+02,5.471230979198294514e-02,1.118147992593326312e-01,-7.796357039733917918e+05,9.254167287841958967e-01,1.055626937968865864e+00,1.602088972852514684e+07,1.847994047444466501e+07,1.000000000000000000e+00
2.079806893914755168e-04,7.710346235673748652e+02,7.710519909999031825e+02,5.471467644761804361e-02,1.125735131217968782e-01,-7.792183702901634388e+05,9.649016362970070926e-01,1.092343540948000458e+00,1.662721891174984351e+07,1.904715920705317333e+07,1.000000000000000000e+00
2.106817373056505045e-04,7.768556386234726006e+02,7.768962693215559057e+02,5.471713071528676309e-02,1.133332622488738423e-01,-7.787988693998756353e+05,1.005677167649841053e+00,1.132270110480779746e+00,1.724922966435362771e+07,1.966079525171514601e+07,1.000000000000000000e+00
2.133827852198255193e-04,7.826736535397575381e+02,7.826874358546027679e+02,5.471967134804187755e-02,1.140940545355244584e-01,-7.783772448946423829e+05,1.047775529415177154e+00,1.188292340664272251e+00,1.788737405386219919e+07,2.053101285765215009e+07,1.000000000000000000e+00
2.160838331340005341e-04,7.884887347523778089e+02,7.885270824197275488e+02,5.472229709808165005e-02,1.148558974559995699e-01,-7.779535417181248777e+05,1.091230907670287298e+00,1.221745635077789105e+00,1.854214946979763359e+07,2.103180399836996943e+07,1.000000000000000000e+00
2.187848810481755489e-04,7.943009452030158855e+02,7.943112300507104919e+02,5.472500671568762687e-02,1.156187980711940039e-01,-7.775278063009122852e+05,1.136079672433957910e+00,1.290824045394675545e+00,1.921409976346505061e+07,2.209822246762470156e+07,1.000000000000000000e+00
2.214859289623505637e-04,8.001103443617570292e+02,8.001332679502289693e+02,5.472779894812070806e-02,1.163827630352917142e-01,-7.771000866990155773e+05,1.182360584303316253e+00,1.326370831860780530e+00,1.990381611015187204e+07,2.262398231322445348e+07,1.000000000000000000e+00
2.241869768765255514e-04,8.059169882436622174e+02,8.059240077830590963e+02,5.473067253847887365e-02,1.171477986017699507e-01,-7.766704327351022512e+05,1.230115002072674546e+00,1.400307750165693976e+00,2.061193761645757779e+07,2.375359132440122962e+07,1.000000000000000000e+00
2.268880247907005662e-04,8.117209294191163735e+02,8.117278911943875528e+02,5.473362622452090237e-02,1.179139106287381833e-01,-7.762388961420552805e+05,1.279387090170375441e+00,1.438043714488744795e+00,2.133915170067973435e+07,2.430656571501400322e+07,1.000000000000000000e+00
2.295890727048755810e-04,8.175222170181464207e+02,8.175274016058936013e+02,5.473665873746175886e-02,1.186811045836237283e-01,-7.758055307085711975e+05,1.330224024861601073e+00,1.514911841509737123e+00,2.208619427973596379e+07,2.547016340390379727e+07,1.000000000000000000e+00
2.322901206190505687e-04,8.233208967289110660e+02,8.233174754758516656e+02,5.473976880074418738e-02,1.194493855471894794e-01,-7.753703924263617955e+05,1.382676198254819244e+00,1.557780804451559531e+00,2.285384979863361642e+07,2.609538253817132115e+07,1.000000000000000000e+00
2.349911685332255835e-04,8.291170107905787745e+02,8.291364185576072714e+02,5.474295512879250730e-02,1.202187582168953578e-01,-7.749335396386758657e+05,1.436797419292320299e+00,1.613490100202092936e+00,2.364295114128148928e+07,2.691468472350254655e+07,1.000000000000000000e+00
2.376922164474005983e-04,8.349105979807995936e+02,8.349032058906747125e+02,5.474621642575350916e-02,1.209892269095864947e-01,-7.744950331896952121e+05,1.492645111012894432e+00,1.686313658012902783e+00,2.445437946095074713e+07,2.800019131543903798e+07,1.000000000000000000e+00
2.403932643615755860e-04,8.407016935979937671e+02,8.407197476111310834e+02,5.474955138423016898e-02,1.217607955635213318e-01,-7.740549365746172844e+05,1.550280503533393528e+00,1.730978064301931019e+00,2.528906396863353997e+07,2.863820127870763466e+07,1.000000000000000000e+00
2.430943122757506009e-04,8.464903294386529069e+02,8.464785231563072330e+02,5.475295868401283683e-02,1.225334677397210414e-01,-7.736133160900183721e+05,1.609768822304779690e+00,1.824355710571063272e+00,2.614798171420593932e+07,3.003340445697626844e+07,1.000000000000000000e+00
2.457953601899256157e-04,8.522765337698618850e+02,8.522755569036308998e+02,5.475643699081340215e-02,1.233072466226541319e-01,-7.731702409843766363e+05,1.671179471358016588e+00,1.871794045168546639e+00,2.703215739281791076e+07,3.070936547543229163e+07,1.000000000000000000e+00
2.484964081041006034e-04,8.580603312972151571e+02,8.580442544014489386e+02,5.475998495500628699e-02,1.240821350202373219e-01,-7.727257836084767478e+05,1.734586211350263474e+00,1.972004418744997656e+00,2.794266320335114747e+07,3.219138830828980729e+07,1.000000000000000000e+00
2.511974560182756453e-04,8.638417431283131691e+02,8.638223312466610651e+02,5.476360121038134632e-02,1.248581353631673940e-01,-7.722800195656393189e+05,1.800067332369916562e+00,2.021728291687967527e+00,2.888061878167215735e+07,3.289569310166556016e+07,1.000000000000000000e+00
2.538985039324506330e-04,8.696207867319751585e+02,8.696117830532513153e+02,5.476728437291168705e-02,1.256352497035647386e-01,-7.718330278616029536e+05,1.867705821528817367e+00,2.111276616268213946e+00,2.984719122449658439e+07,3.419742562299678475e+07,1.000000000000000000e+00
2.565995518466256207e-04,8.753974758933301246e+02,8.753717043528720296e+02,5.477103303954092978e-02,1.264134797129445320e-01,-7.713848910541166551e+05,1.937589525497415144e+00,2.183779342233860277e+00,3.084359521492509916e+07,3.524331778477511555e+07,1.000000000000000000e+00
2.593005997608006626e-04,8.811718206648794194e+02,8.811793998266080052e+02,5.477484578699215456e-02,1.271928266794952467e-01,-7.709356954021569109e+05,2.009811308175662337e+00,2.240267837625779190e+00,3.187109325347604230e+07,3.603387810843943059e+07,1.000000000000000000e+00
2.620016476749757045e-04,8.869438273136642010e+02,8.869132356446727954e+02,5.477872117060231943e-02,1.279732915046823960e-01,-7.704855310149033321e+05,2.084469203795568326e+00,2.358054859518485369e+00,3.293099599403469265e+07,3.775193152185772359e+07,1.000000000000000000e+00
2.647026955891506922e-04,8.927134982645941363e+02,8.927008061362885201e+02,5.478265772318385157e-02,1.287548746991560855e-01,-7.700344920004841406e+05,2.161666565752828451e+00,2.417725034095093317e+00,3.402466267748637497e+07,3.858562882277686894e+07,1.000000000000000000e+00
2.674037435033256799e-04,8.984808320399305330e+02,8.984454556997253576e+02,5.478665395391704718e-02,1.295375763779692269e-01,-7.695826766147317830e+05,2.241512211543741806e+00,2.545355822681054647e+00,3.515350165254476666e+07,4.043006202287511528e+07,1.000000000000000000e+00
2.701047914175007218e-04,9.042458231955258725e+02,9.042122877279048225e+02,5.479070834727276657e-02,1.303213962551471317e-01,-7.691301874097930267e+05,2.324120564164726233e+00,2.608556842239074580e+00,3.631897096807555109e+07,4.131350837973969430e+07,1.000000000000000000e+00
2.728058393316757095e-04,9.100084622527404008e+02,9.099735451352794371e+02,5.479481936197169722e-02,1.311063336374996002e-01,-7.686771313832224114e+05,2.409611790368511031e+00,2.735851898177266150e+00,3.752257901919335127e+07,4.312997774459679425e+07,1.000000000000000000e+00
2.755068872458506972e-04,9.157687356272203942e+02,9.157236419368041425e+02,5.479898542997813787e-02,1.318923874177886923e-01,-7.682236201272895560e+05,2.498111936179709947e+00,2.814761921038487547e+00,3.876588522680662572e+07,4.423896913744571805e+07,1.000000000000000000e+00
2.782079351600257391e-04,9.215266255539964959e+02,9.215132588778203626e+02,5.480320495553230725e-02,1.326795560671922281e-01,-7.677697699788418831e+05,2.589753060093959114e+00,2.894871909134584254e+00,4.005050072947576642e+07,4.534870498834227026e+07,1.000000000000000000e+00
2.809089830742007268e-04,9.272821100090504842e+02,9.272315961549725216e+02,5.480747631422262789e-02,1.334678376270734268e-01,-7.673157021698720055e+05,2.684673364450044897e+00,3.037524073693000926e+00,4.137808906662974507e+07,4.737468864459276199e+07,1.000000000000000000e+00
2.836100309883757145e-04,9.330351626273790089e+02,9.330062253327082544e+02,5.481179785210014282e-02,1.342572297000551584e-01,-7.668615429788875626e+05,2.783017325611567561e+00,3.113682992938370031e+00,4.275036683386674523e+07,4.842346655365139246e+07,1.000000000000000000e+00
2.863110789025507565e-04,9.387857526175835119e+02,9.387296468212866785e+02,5.481616788483757718e-02,1.350477294403967243e-01,-7.664074238832155243e+05,2.884935823928103105e+00,3.277884349709770717e+00,4.416910429477296025e+07,5.073286968859147280e+07,1.000000000000000000e+00
2.890121268167257442e-04,9.445338446730162332e+02,9.444825973546105615e+02,5.482058469693513320e-02,1.358393335436707539e-01,-7.659534817123257089e+05,2.990586275170384667e+00,3.358543870916254281e+00,4.563612594058889151e+07,5.184403485127389431e+07,1.000000000000000000e+00
2.917131747309007319e-04,9.502793988795202722e+02,9.502211984984280662e+02,5.482504654097629382e-02,1.366320382357373298e-01,-7.654998588022156619e+05,3.100132766684522423e+00,3.528686488211422390e+00,4.715331100156227499e+07,5.420613324843766540e+07,1.000000000000000000e+00
2.944142226450757738e-04,9.560223706197944011e+02,9.559569767329039678e+02,5.482955163693647993e-02,1.374258392610111512e-01,-7.650467031508919317e+05,3.213746204808787255e+00,3.623884225223646727e+00,4.872259393704525381e+07,5.551828107439144701e+07,1.000000000000000000e+00
2.971152705592507615e-04,9.617627104744198050e+02,9.617282464691651285e+02,5.483409817154823868e-02,1.382207318700154897e-01,-7.645941685748995515e+05,3.331604487093989597e+00,3.731499859698022004e+00,5.034596497595123202e+07,5.698309206394765526e+07,1.000000000000000000e+00
2.998163184734257492e-04,9.675003641195770570e+02,9.674283833396145837e+02,5.483868429772697367e-02,1.390167108062127510e-01,-7.641424148668408161e+05,3.453892727714651834e+00,3.911957321736843962e+00,5.202547086832416058e+07,5.947060294478292018e+07,1.000000000000000000e+00
3.025173663876007911e-04,9.732352722214563983e+02,9.731866188672278213e+02,5.484330813406163713e-02,1.398137702920937975e-01,-7.636916079537447076e+05,3.580803595903039316e+00,4.010209267592539817e+00,5.376321620203884691e+07,6.080165991213727742e+07,1.000000000000000000e+00
3.052184143017757788e-04,9.789673703273099363e+02,9.788892192097987390e+02,5.484796776437601828e-02,1.406119040144913623e-01,-7.632419200560713653e+05,3.712537893406987699e+00,4.222465759541178087e+00,5.556136620072507113e+07,6.368999657992711663e+07,1.000000000000000000e+00
3.079194622159507665e-04,9.846965887529599968e+02,9.846250642704285383e+02,5.485266123736682459e-02,1.414111051090505000e-01,-7.627935298470255220e+05,3.849305631712539366e+00,4.325951621452952089e+00,5.742215520739332587e+07,6.508965466596450657e+07,1.000000000000000000e+00
3.133215580443007961e-04,9.961462274800743444e+02,9.960595709028895044e+02,5.486214348667070584e-02,1.430126948272631981e-01,-7.619013647634886438e+05,4.138462881027696660e+00,4.671114129467721199e+00,6.133618812751410902e+07,6.973251832550083101e+07,1.000000000000000000e+00
3.187236538726508257e-04,1.007583403493019432e+03,1.007489536261602439e+03,5.487173672547514258e-02,1.446184414492714121e-01,-7.610169873553285142e+05,4.450331164891343505e+00,5.046227400171255262e+00,6.552750512376721948e+07,7.472230821304166317e+07,1.000000000000000000e+00
3.241257497010008011e-04,1.019007351307284125e+03,1.018906337629543486e+03,5.488142417421205954e-02,1.462282689194219776e-01,-7.601424552259296179e+05,4.786800959855558091e+00,5.451760030677289315e+00,7.001526825081546605e+07,8.005860230725128949e+07,1.000000000000000000e+00
3.268267976151758430e-04,1.024714000612050995e+03,1.024619639613156096e+03,5.488629682842224855e-02,1.470346771257608487e-01,-7.597093391568401130e+05,4.965094186896358508e+00,5.587406230030427245e+00,7.237914586353246868e+07,8.185649974973173440e+07,1.000000000000000000e+00
3.295278455293508308e-04,1.030416998114951639e+03,1.030314600713101527e+03,5.489118645149815290e-02,1.478420759569419873e-01,-7.592791934133444447e+05,5.150326404423966054e+00,5.869955401865433409e+00,7.482492293086007237e+07,8.550594174757350981e+07,1.000000000000000000e+00
3.322288934435258185e-04,1.036116218887388413e+03,1.036006693351060676e+03,5.489609077650565994e-02,1.486504528009301440e-01,-7.588521627146373503e+05,5.342774824883838036e+00,6.036601985975155849e+00,7.735524764043426514e+07,8.769405628290696442e+07,1.000000000000000000e+00
3.349299413577008604e-04,1.041811531743025625e+03,1.041737843217472573e+03,5.490100750334877405e-02,1.494597943049825184e-01,-7.584283947661420098e+05,5.542723790118320615e+00,6.209258613017877515e+00,7.997279460758014023e+07,8.992504933416712284e+07,1.000000000000000000e+00
3.376309892718758481e-04,1.047502799104514679e+03,1.047385633449672696e+03,5.490593429967665501e-02,1.502700863521514996e-01,-7.580080403460874222e+05,5.750465154212088592e+00,6.523774221152826236e+00,8.268026963876676559e+07,9.394509086886346340e+07,1.000000000000000000e+00
3.403320371860508358e-04,1.053189876869590080e+03,1.053097378796630665e+03,5.491086880195140268e-02,1.510813140371321805e-01,-7.575912533910883358e+05,5.966298474938002805e+00,6.690853381296165914e+00,8.548040902955813706e+07,9.610586103837974370e+07,1.000000000000000000e+00
3.430330851002258777e-04,1.058872614276566992e+03,1.058747750882556829e+03,5.491580861668415164e-02,1.518934616414292782e-01,-7.571781910803103819e+05,6.190531094974360826e+00,7.050255873894360370e+00,8.837597761747457087e+07,1.006193085276370049e+08,1.000000000000000000e+00
3.457341330144008654e-04,1.064550853769383593e+03,1.064433095760478636e+03,5.492075132184687930e-02,1.527065126078328561e-01,-7.567690139178541722e+05,6.423478156581390763e+00,7.227398472087748438e+00,9.136976624164918065e+07,1.029051004524620026e+08,1.000000000000000000e+00
3.484351809285758531e-04,1.070224430862376266e+03,1.070099669097720152e+03,5.492569446846694292e-02,1.535204495142026837e-01,-7.563638858130294830e+05,6.665462571064207253e+00,7.586904022183676766e+00,9.446458881491385400e+07,1.073551624022913426e+08,1.000000000000000000e+00
3.511362288427508950e-04,1.075893174004995444e+03,1.075760412294243451e+03,5.493063558241136762e-02,1.543352540465635636e-01,-7.559629741581695853e+05,6.916814953017469847e+00,7.810709358311442863e+00,9.766327910159932077e+07,1.101968142838246971e+08,1.000000000000000000e+00
3.538372767569258827e-04,1.081556904446695853e+03,1.081462247934656034e+03,5.493557216636707485e-02,1.551509069715205080e-01,-7.555664499036812922e+05,7.177873523673945932e+00,8.031284902155018557e+00,1.009686872468842268e+08,1.129616493292020708e+08,1.000000000000000000e+00
3.565383246711008704e-04,1.087215436102239664e+03,1.087074270235447784e+03,5.494050170202307432e-02,1.559673881080035907e-01,-7.551744876299813623e+05,7.448983984793066782e+00,8.443148699020943226e+00,1.043836760795400143e+08,1.179946981457390040e+08,1.000000000000000000e+00
3.592393725852759123e-04,1.092868575417667444e+03,1.092753081468658365e+03,5.494542165246018434e-02,1.567846762983558795e-01,-7.547872656159711769e+05,7.730499363018822123e+00,8.661390700047579827e+00,1.079111171969250888e+08,1.207311039809097499e+08,1.000000000000000000e+00
3.619404204994509000e-04,1.098516121237192010e+03,1.098366930658141882e+03,5.495032946475330443e-02,1.576027493787802158e-01,-7.544049659037226811e+05,8.022779823825512580e+00,9.123918285124597460e+00,1.115538868337645531e+08,1.262760548231947422e+08,1.000000000000000000e+00
3.646414684136258877e-04,1.104157864671292145e+03,1.104016719570637179e+03,5.495522257279052136e-02,1.584215841491643517e-01,-7.540277743589732563e+05,8.326192453719098552e+00,9.355404287669584207e+00,1.153148615119693726e+08,1.291695206554844826e+08,1.000000000000000000e+00
3.673425163278009296e-04,1.109793588966275820e+03,1.109644265669183824e+03,5.496009840031289284e-02,1.592411563423045129e-01,-7.536558807271127589e+05,8.641111009098422002e+00,9.818643699631930843e+00,1.191969134661324769e+08,1.346462243573313951e+08,1.000000000000000000e+00
3.700435642419759173e-04,1.115423069375603973e+03,1.115266380740759359e+03,5.496495436417806607e-02,1.600614405925525618e-01,-7.532894786842048634e+05,8.967915630024405615e+00,1.010879617907603745e+01,1.232029058377634883e+08,1.381962200551013947e+08,1.000000000000000000e+00
3.727446121561509050e-04,1.121046073033269749e+03,1.120928233120381947e+03,5.496978787784997239e-02,1.608824104039135172e-01,-7.529287658827126725e+05,9.306992517045369340e+00,1.039865361133825772e+01,1.273356876303243488e+08,1.416960981220464408e+08,1.000000000000000000e+00
3.754456600703259470e-04,1.126662358829534242e+03,1.126497464903370656e+03,5.497459635511624254e-02,1.617040381176242936e-01,-7.525739439914651448e+05,9.658733569162620824e+00,1.091762044051049685e+01,1.315980884165539294e+08,1.477425611136926711e+08,1.000000000000000000e+00
3.781467079845009347e-04,1.132271677289337958e+03,1.132134152035099987e+03,5.497937721403401562e-02,1.625262948792466078e-01,-7.522252187294584000e+05,1.002353598098031284e+01,1.120282890004198251e+01,1.359929127892936170e+08,1.511938029702704847e+08,1.000000000000000000e+00
3.808477558986759224e-04,1.137873770453708858e+03,1.137700615006310272e+03,5.498412788110389887e-02,1.633491506053127429e-01,-7.518827998930492904e+05,1.040180179705669161e+01,1.178823063893708323e+01,1.405229345469592214e+08,1.578762120636179447e+08,1.000000000000000000e+00
3.835488038128509643e-04,1.143468371764505036e+03,1.143305432951111243e+03,5.498884579567098890e-02,1.641725739495633607e-01,-7.515469013760822127e+05,1.079393742146071489e+01,1.208860254443243853e+01,1.451908906049177945e+08,1.614947080004394352e+08,1.000000000000000000e+00
3.862498517270259520e-04,1.149055205952835649e+03,1.148879663566109230e+03,5.499352841455069918e-02,1.649965322688236591e-01,-7.512177411824698793e+05,1.120035308053427769e+01,1.269109824900318273e+01,1.499994746242905557e+08,1.682681338629595041e+08,1.000000000000000000e+00
3.889508996412009397e-04,1.154633988931521799e+03,1.154454495378132606e+03,5.499817321687609784e-02,1.658209915885655028e-01,-7.508955414307643659e+05,1.162146223686461610e+01,1.304687366021980566e+01,1.549513303500833809e+08,1.724697051082451046e+08,1.000000000000000000e+00
3.916519475553759816e-04,1.160204427691966202e+03,1.160060786867211391e+03,5.500277770916239123e-02,1.666459165682095955e-01,-7.505805283501889789e+05,1.205768095248596339e+01,1.344604287250942498e+01,1.600490446510155499e+08,1.770693885828557611e+08,1.000000000000000000e+00
3.943529954695509693e-04,1.165766220205811351e+03,1.165578425137185377e+03,5.500733943058289110e-02,1.674712704662236207e-01,-7.502729322676571319e+05,1.250942719935242309e+01,1.407533330796055182e+01,1.652951402540072203e+08,1.840620903368980289e+08,1.000000000000000000e+00
3.970540433837259570e-04,1.171319055331788149e+03,1.171161973458537432e+03,5.501185595844963055e-02,1.682970151050798280e-01,-7.499729875852226978e+05,1.297712011515532282e+01,1.444376815189868601e+01,1.706920681669149995e+08,1.883442203280712068e+08,1.000000000000000000e+00
3.997550912979009989e-04,1.176862612728157274e+03,1.176666836436821313e+03,5.501632491389037150e-02,1.691231108361365698e-01,-7.496809327474388992e+05,1.346117920260147827e+01,1.517631980097450928e+01,1.762421997838218808e+08,1.962911659722845852e+08,1.000000000000000000e+00
4.024561392120759866e-04,1.182396562771166145e+03,1.182214384869990909e+03,5.502074396771257370e-02,1.699495165045163403e-01,-7.493970101980904583e+05,1.396202347032058455e+01,1.556390126787603556e+01,1.819478186679526865e+08,2.007733659472435713e+08,1.000000000000000000e+00
4.051571871262509743e-04,1.187920566479960144e+03,1.187717086552939008e+03,5.502511084644327866e-02,1.707761894140567560e-01,-7.491214663257384673e+05,1.448007051363617137e+01,1.635228037283613034e+01,1.878111120081359148e+08,2.091632750981837511e+08,1.000000000000000000e+00
4.078582350404260162e-04,1.193434275448390281e+03,1.193233574357638645e+03,5.502942333853253626e-02,1.716030852924140260e-01,-7.488545513975211652e+05,1.501573553351143886e+01,1.676214412200412340e+01,1.938341617455929816e+08,2.138638730285794735e+08,1.000000000000000000e+00
4.105592829546010039e-04,1.198937331784185290e+03,1.198765440895732809e+03,5.503367930070660746e-02,1.724301582564068680e-01,-7.485965194806535728e+05,1.556943029207409346e+01,1.732613216544537593e+01,2.000189353688200414e+08,2.200002875594437718e+08,1.000000000000000000e+00
4.132603308687759916e-04,1.204429368055959912e+03,1.204220658456928959e+03,5.503787666445524029e-02,1.732573607776925761e-01,-7.483476283510653302e+05,1.614156200323353119e+01,1.804892320444553278e+01,2.063672763753384948e+08,2.276950271692201495e+08,1.000000000000000000e+00
4.159613787829510335e-04,1.209910007248549618e+03,1.209736655934782220e+03,5.504201344263641438e-02,1.740846436488714399e-01,-7.481081393886130536e+05,1.673253215702794350e+01,1.852171624166689767e+01,2.128808944002037346e+08,2.329551994544087946e+08,1.000000000000000000e+00
4.186624266971260212e-04,1.215378862727173328e+03,1.215162493969161915e+03,5.504608773617974266e-02,1.749119559501230436e-01,-7.478783174583110958e+05,1.734273527648646507e+01,1.942027732137852780e+01,2.195613550123666823e+08,2.422172196751404405e+08,1.000000000000000000e+00
4.213634746113010089e-04,1.220835538210944151e+03,1.220638026913047497e+03,5.505009774086856711e-02,1.757392450164826370e-01,-7.476584307770394953e+05,1.797255760595598417e+01,1.991257367700594472e+01,2.264100691813044846e+08,2.476611487418451905e+08,1.000000000000000000e+00
4.240645225254760509e-04,1.226279627756250193e+03,1.226056351790291956e+03,5.505404175417896034e-02,1.765664564058717634e-01,-7.474487507651771884e+05,1.862237573003377022e+01,2.087483399076037927e+01,2.334282824177785516e+08,2.573906559002475142e+08,1.000000000000000000e+00
4.267655704396510386e-04,1.231710715750553845e+03,1.231490555903988934e+03,5.505791818215247102e-02,1.773935338680019957e-01,-7.472495518826616462e+05,1.929255512246109561e+01,2.139042556615107316e+01,2.406170635941471457e+08,2.630603446998739243e+08,1.000000000000000000e+00
4.294666183538260263e-04,1.237128376917159812e+03,1.236925247158094635e+03,5.506172554627774413e-02,1.782204193142788162e-01,-7.470611114489346510e+05,1.998344862457586046e+01,2.219452844030262284e+01,2.479772934514399767e+08,2.712603108285313249e+08,1.000000000000000000e+00
4.321676662680010682e-04,1.242532176331519167e+03,1.242304784924209798e+03,5.506546249035466911e-02,1.790470527888348984e-01,-7.468837094463293906e+05,2.069539485319423022e+01,2.297045320548565073e+01,2.555096528022909462e+08,2.792413078469093442e+08,1.000000000000000000e+00
4.348687141821761101e-04,1.247921669449646288e+03,1.247736203707952427e+03,5.506912778731341829e-02,1.798733724408317081e-01,-7.467176283064138843e+05,2.142871653809467247e+01,2.356645505081885972e+01,2.632146104409480691e+08,2.855675310473999381e+08,1.000000000000000000e+00
4.375697620963510978e-04,1.253296402149239157e+03,1.253062400971578199e+03,5.507272034595890597e-02,1.806993144981703381e-01,-7.465631526788790943e+05,2.218371878961552213e+01,2.464067270406661692e+01,2.710924107739097476e+08,2.960936276024945378e+08,1.000000000000000000e+00
4.402708100105260855e-04,1.258655910784097841e+03,1.258447137505620276e+03,5.507623921761056751e-02,1.815248132427608740e-01,-7.464205691825676477e+05,2.296068729725023871e+01,2.526052388807592308e+01,2.791430611872435808e+08,3.026332006606733799e+08,1.000000000000000000e+00
4.429718579247011274e-04,1.263999722252450510e+03,1.263759614161871241e+03,5.507968360260531021e-02,1.823498009875034742e-01,-7.462901661383125465e+05,2.375988646053478703e+01,2.640530192109561725e+01,2.873663191694318056e+08,3.136378552171103358e+08,1.000000000000000000e+00
4.456729058388761151e-04,1.269327354079800898e+03,1.269095951044786489e+03,5.508305285663112061e-02,1.831742080551398422e-01,-7.461722332832489628e+05,2.458155745397166925e+01,2.704435321645332024e+01,2.957616792115343809e+08,3.203413996849730611e+08,1.000000000000000000e+00
4.483739537530511028e-04,1.274638314516919309e+03,1.274403566219359163e+03,5.508634649685729273e-02,1.839979627591399325e-01,-7.460670614663716406e+05,2.542591622822715181e+01,2.816101661063730788e+01,3.043283595097387433e+08,3.309857854162037373e+08,1.000000000000000000e+00
4.510750016672261447e-04,1.279932102653604488e+03,1.279689147352847840e+03,5.508956420782663843e-02,1.848209913867920051e-01,-7.459749423251069384e+05,2.629315145036704848e+01,2.893827197483864211e+01,3.130652884987671971e+08,3.388370340941606760e+08,1.000000000000000000e+00
4.537760495814011324e-04,1.285208208548847324e+03,1.285005133435358630e+03,5.509270584707436774e-02,1.856432181846697782e-01,-7.458961679427694762e+05,2.718342238647538522e+01,2.974436148332857144e+01,3.219710912483451366e+08,3.468575740353448391e+08,1.000000000000000000e+00
4.564770974955761201e-04,1.290466113378026421e+03,1.290217578671209594e+03,5.509577145043767499e-02,1.864645653466548425e-01,-7.458310304868199164e+05,2.809685673061518330e+01,3.093451672002168351e+01,3.310440757588383555e+08,3.580299503057478070e+08,1.000000000000000000e+00
4.591781454097511620e-04,1.295705289597774481e+03,1.295489993870476837e+03,5.509876123701996919e-02,1.872849530046951649e-01,-7.457798218279025750e+05,2.903354838475032551e+01,3.169695223844916043e+01,3.402822191962944269e+08,3.656840974630700350e+08,1.000000000000000000e+00
4.618791933239261497e-04,1.300925201129137122e+03,1.300672036788104833e+03,5.510167561377325718e-02,1.881042992224851162e-01,-7.457428331397399306e+05,2.999355519495014377e+01,3.302263049938601114e+01,3.496831541114665866e+08,3.778118914330002666e+08,1.000000000000000000e+00
4.645802412381011375e-04,1.306125303559661234e+03,1.305888554240835902e+03,5.510451517966272195e-02,1.889225199922549558e-01,-7.457203544800058007e+05,3.097689664993933434e+01,3.380464876411600272e+01,3.592441546919289231e+08,3.856171186543253660e+08,1.000000000000000000e+00
4.672812891522761794e-04,1.311305044365022241e+03,1.311048033896493507e+03,5.510728072937760152e-02,1.897395292348595941e-01,-7.457126743524147896e+05,3.198355154883302376e+01,3.520425005073880698e+01,3.689621231010689139e+08,3.981814497778329849e+08,1.000000000000000000e+00
4.699823370664511671e-04,1.316463863150805309e+03,1.316208567733811606e+03,5.510997325655312556e-02,1.905552388033583677e-01,-7.457200792503400007e+05,3.301345564571306568e+01,3.600849324054885869e+01,3.788335759625572562e+08,4.061572753702753186e+08,1.000000000000000000e+00
4.726833849806261548e-04,1.321601191915034633e+03,1.321367826247115090e+03,5.511259395646932180e-02,1.913695584902794233e-01,-7.457428531823449302e+05,3.406649927954363477e+01,3.717484433495083351e+01,3.888546310538656712e+08,4.168177351945778131e+08,1.000000000000000000e+00
4.753844328948011967e-04,1.326716455332032638e+03,1.326457220738745718e+03,5.511514422819338566e-02,1.921823960387605279e-01,-7.457812771801606286e+05,3.514252499879378888e+01,3.832581276046113317e+01,3.990209942773683667e+08,4.273859728932409286e+08,1.000000000000000000e+00
4.780854808089761844e-04,1.331809071058165500e+03,1.331591776140613320e+03,5.511762567613405495e-02,1.929936571577594573e-01,-7.458356287896740250e+05,3.624132519102597172e+01,3.924447343757793760e+01,4.093279469826522470e+08,4.361467017634095550e+08,1.000000000000000000e+00
4.807865287231511721e-04,1.336878450060014529e+03,1.336615982251039895e+03,5.512004011097779849e-02,1.938032455415242827e-01,-7.459061815456680488e+05,3.736263972860986371e+01,4.073702058731514342e+01,4.197703337186713219e+08,4.491564571529172063e+08,1.000000000000000000e+00
4.834875766373262140e-04,1.341923996965482274e+03,1.341686115019717590e+03,5.512238954997886881e-02,1.946110628935118214e-01,-7.459932044310937636e+05,3.850615364263001084e+01,4.167069670488606903e+01,4.303425504994082451e+08,4.580092184718209505e+08,1.000000000000000000e+00
4.861886245515012017e-04,1.346945110438306529e+03,1.346680435337979361e+03,5.512467621657754502e-02,1.954170089549388256e-01,-7.460969613218118902e+05,3.967149483795945741e+01,4.322984197353967772e+01,4.410385336715657711e+08,4.713371999821944833e+08,1.000000000000000000e+00
4.888896724656761894e-04,1.351941183576427420e+03,1.351683306288174663e+03,5.512690253932323731e-02,1.962209815381456557e-01,-7.462177104178264271e+05,4.085823186336423163e+01,4.417260196395137939e+01,4.518517494776129127e+08,4.802308276244806647e+08,1.000000000000000000e+00
4.915907203798512313e-04,1.356911604334600725e+03,1.356653308921516782e+03,5.512907115008225389e-02,1.970228765649462699e-01,-7.463557036621702136e+05,4.206587175136685630e+01,4.570475378445841841e+01,4.627751844119865894e+08,4.932115526683543324e+08,1.000000000000000000e+00
4.942917682940262732e-04,1.361855755971617100e+03,1.361588865794719368e+03,5.513118488151286245e-02,1.978225881101308148e-01,-7.465111861486585112e+05,4.329385794343458826e+01,4.677474589509015601e+01,4.738013364725633860e+08,5.029681449063675404e+08,1.000000000000000000e+00
4.969928162082012067e-04,1.366773017522421924e+03,1.366545313318172475e+03,5.513324676379385142e-02,1.986200084502802443e-01,-7.466843955199308693e+05,4.454156831683927464e+01,4.793667212992897930e+01,4.849222074134475589e+08,5.132752530674164295e+08,1.000000000000000000e+00
4.996938641223762486e-04,1.371662764295387205e+03,1.371394568177053316e+03,5.513526002059612741e-02,1.994150281180395445e-01,-7.468755613572269212e+05,4.580831333026132768e+01,4.945763478695656090e+01,4.961292961086596847e+08,5.260356017200904489e+08,1.000000000000000000e+00
5.023949120365512905e-04,1.376524368394912926e+03,1.376288594418257162e+03,5.513722806429096485e-02,2.002075359619878425e-01,-7.470849045634829672e+05,4.709333430586143976e+01,5.053620801658878747e+01,5.074135931394193172e+08,5.357333265168541670e+08,1.000000000000000000e+00
5.050959599507262240e-04,1.381357199269478770e+03,1.381088708043969746e+03,5.513915449039216016e-02,2.009974192122294112e-01,-7.473126367414776469e+05,4.839580186610977108e+01,5.220732476849128290e+01,5.187655767202259898e+08,5.493263879812026024e+08,1.000000000000000000e+00
5.077970078649012660e-04,1.386160624285188078e+03,1.385905428293341402e+03,5.514104307123372795e-02,2.017845635518159542e-01,-7.475589595688267145e+05,4.971481454412310796e+01,5.328247491580117412e+01,5.301752100809643865e+08,5.589466839137986898e+08,1.000000000000000000e+00
5.104980557790763079e-04,1.390934009324763565e+03,1.390666388148617443e+03,5.514289774888893325e-02,2.025688531940941228e-01,-7.478240641716836253e+05,5.104939758661332405e+01,5.500957561551975772e+01,5.416319404234740734e+08,5.727008908190286160e+08,1.000000000000000000e+00
5.131991036932512414e-04,1.395676719411882686e+03,1.395405289119144982e+03,5.514472262734070734e-02,2.033501709660564538e-01,-7.481081304991123034e+05,5.239850196876790278e+01,5.608829673963280982e+01,5.531246995714907646e+08,5.822985896508568525e+08,1.000000000000000000e+00
5.159001516074262833e-04,1.400388119360636665e+03,1.400144568527122829e+03,5.514652196391812977e-02,2.041283983977542626e-01,-7.484113267003818182e+05,5.376100364046715896e+01,5.753796403558148853e+01,5.646419064328981638e+08,5.941290091786150932e+08,1.000000000000000000e+00
5.186011995216013252e-04,1.405067574449808717e+03,1.404796964931878620e+03,5.514830016001769780e-02,2.049034158178105192e-01,-7.487338085072214017e+05,5.513570302316719562e+01,5.896776090882948296e+01,5.761714713917157650e+08,6.058121355417581797e+08,1.000000000000000000e+00
5.213022474357763671e-04,1.409714451121565162e+03,1.409482186280712767e+03,5.515006175113292691e-02,2.056751024550513285e-01,-7.490757186232885579e+05,5.652132477653842813e+01,6.015600874772982110e+01,5.877008027452752590e+08,6.159260956813104153e+08,1.000000000000000000e+00
5.240032953499514090e-04,1.414328117704048282e+03,1.414059527726560646e+03,5.515181139621986445e-02,2.064433365462483572e-01,-7.494371861231734511e+05,5.791651785354102344e+01,6.187181776397003574e+01,5.992168152989575863e+08,6.291450016369870901e+08,1.000000000000000000e+00
5.267043432641263425e-04,1.418907945157241556e+03,1.418656323587525094e+03,5.515355386643035207e-02,2.072079954499436161e-01,-7.498183258633016376e+05,5.931985586200889315e+01,6.304751796036027400e+01,6.107059412265162468e+08,6.391055369733343124e+08,1.000000000000000000e+00
5.294053911783013844e-04,1.423453307841370588e+03,1.423187982618058868e+03,5.515529403324915397e-02,2.079689557663004784e-01,-7.502192379071413307e+05,6.072983775003527995e+01,6.479320122844430330e+01,6.221541432987778187e+08,6.522270639951326847e+08,1.000000000000000000e+00
5.321064390924764263e-04,1.427963584306973189e+03,1.427692357430735456e+03,5.515703685607470375e-02,2.087260934628979991e-01,-7.506400069671381498e+05,6.214488883145040177e+01,6.594127179988183229e+01,6.335469305768611431e+08,6.619240998771870136e+08,1.000000000000000000e+00
5.348074870066513598e-04,1.432438158105655020e+03,1.432190962436538257e+03,5.515878736928708087e-02,2.094792840063589567e-01,-7.510807018658674788e+05,6.356336216649909687e+01,6.749494168899970248e+01,6.448693766582633257e+08,6.737106494862054586e+08,1.000000000000000000e+00
5.375085349208264017e-04,1.436876418620411641e+03,1.436606870369775834e+03,5.516055066885017927e-02,2.102284024996733114e-01,-7.515413750188434497e+05,6.498354031141812470e+01,6.886910499067373337e+01,6.561061405550823212e+08,6.844988023931447268e+08,1.000000000000000000e+00
5.402095828350014436e-04,1.441277761914268694e+03,1.441048176086672129e+03,5.516233189849818752e-02,2.109733238250465215e-01,-7.520220619414624525e+05,6.640363744901625864e+01,7.011335691645226120e+01,6.672414902731567621e+08,6.944900092868245840e+08,1.000000000000000000e+00
5.429106307491763771e-04,1.445641591595856198e+03,1.445376946012107737e+03,5.516413623555917189e-02,2.117139227920761813e-01,-7.525227807825182099e+05,6.782180191055067553e+01,7.177627428879056026e+01,6.782593291492246389e+08,7.064758943295705318e+08,1.000000000000000000e+00
5.456116786633514191e-04,1.449967319700396274e+03,1.449717695603525954e+03,5.516596887647123165e-02,2.124500742910262474e-01,-7.530435318867065944e+05,6.923611909718678703e+01,7.298013612880949097e+01,6.891432249898923635e+08,7.161030227031340599e+08,1.000000000000000000e+00
5.483127265775264610e-04,1.454254367584444026e+03,1.453996124870898939e+03,5.516783502204845174e-02,2.131816534509377858e-01,-7.535842973884631647e+05,7.064461480713141839e+01,7.463837529842911067e+01,6.998764420418387651e+08,7.276649273592444658e+08,1.000000000000000000e+00
5.510137744917013945e-04,1.458502166832583498e+03,1.458231741392105278e+03,5.516973986255592488e-02,2.139085358022856376e-01,-7.541450408394465921e+05,7.204525897215364694e+01,7.579894679704767668e+01,7.104419758066787720e+08,7.369301341419005394e+08,1.000000000000000000e+00
5.537148224058764364e-04,1.462710160174138537e+03,1.462472839861641432e+03,5.517168856265395466e-02,2.146305974438565689e-01,-7.547257068718830124e+05,7.343596980464485569e+01,7.724144408230733916e+01,7.208225906967169046e+08,7.471783265945104361e+08,1.000000000000000000e+00
5.564158703200514783e-04,1.466877802407825129e+03,1.466614455486762608e+03,5.517368624627279339e-02,2.153477152134948558e-01,-7.553262208999000723e+05,7.481461835367687740e+01,7.859816234157503345e+01,7.310008605093476772e+08,7.569894766014081240e+08,1.000000000000000000e+00
5.591169182342264118e-04,1.471004561332129015e+03,1.470774476936604060e+03,5.517573798147946962e-02,2.160597668623309986e-01,-7.559464888608453330e+05,7.617903346565094580e+01,7.980084756291836356e+01,7.409592116779783964e+08,7.660418514982905388e+08,1.000000000000000000e+00
5.618179661484014537e-04,1.475089918679067523e+03,1.474835256225706416e+03,5.517784876539833655e-02,2.167666312320790101e-01,-7.565863969985174481e+05,7.752700714216916822e+01,8.129341116349849017e+01,7.506799692365267277e+08,7.757875947244524956e+08,1.000000000000000000e+00
5.645190140625764956e-04,1.479133371048854087e+03,1.478881155694935615e+03,5.518002350924660487e-02,2.174681884349574656e-01,-7.572458116900441237e+05,7.885630028467278407e+01,8.243435131209614042e+01,7.601454054125142097e+08,7.843574098646578789e+08,1.000000000000000000e+00
5.672200619767514291e-04,1.483134430842870415e+03,1.482889940643459113e+03,5.518226702354531166e-02,2.181643200357643586e-01,-7.579245793179167667e+05,8.016464881228770878e+01,8.386308371081752000e+01,7.693377907406575680e+08,7.931623893204401731e+08,1.000000000000000000e+00
5.699211098909264710e-04,1.487092627192227610e+03,1.486831025011155589e+03,5.518458400356517080e-02,2.188549092356071313e-01,-7.586225261889883550e+05,8.144977013595058679e+01,8.497157079811567826e+01,7.782394475657666922e+08,8.013981777433437109e+08,1.000000000000000000e+00
5.726221578051015129e-04,1.491007506879083166e+03,1.490791647477707102e+03,5.518697901506491865e-02,2.195398410567640513e-01,-7.593394585011873860e+05,8.270936996891036586e+01,8.612195813820419232e+01,7.868328057781898975e+08,8.093737785073250532e+08,1.000000000000000000e+00
5.753232057192764464e-04,1.494878635247788907e+03,1.494629521160073182e+03,5.518945648037843626e-02,2.202190025281327568e-01,-7.600751623593253316e+05,8.394114945019339302e+01,8.738686228714415449e+01,7.951004606012147665e+08,8.168828138179851770e+08,1.000000000000000000e+00
5.780242536334514883e-04,1.498705597102841239e+03,1.498468322824823872e+03,5.519202066490429964e-02,2.208922828706975094e-01,-7.608294038408405613e+05,8.514281255454872621e+01,8.844981860204363500e+01,8.030252322242383957e+08,8.242958552071614265e+08,1.000000000000000000e+00
5.807253015476265302e-04,1.502487997590527812e+03,1.502252995297303187e+03,5.519467566404945985e-02,2.215595736824287620e-01,-7.616019291120914277e+05,8.631207375919638025e+01,8.961620707508053840e+01,8.105902270504763126e+08,8.304850305814427137e+08,1.000000000000000000e+00
5.834263494618014637e-04,1.506225463061099845e+03,1.505968360586560038e+03,5.519742539067599985e-02,2.222207691220142722e-01,-7.623924645957089961e+05,8.744666593459443504e+01,9.061683207565762643e+01,8.177789003029469252e+08,8.374572268942022324e+08,1.000000000000000000e+00
5.861273973759765056e-04,1.509917641908233918e+03,1.509705502476208721e+03,5.520027356309696598e-02,2.228757660908037008e-01,-7.632007171891805483e+05,8.854434842351706436e+01,9.160842364443337260e+01,8.245751197080657482e+08,8.433509544779529572e+08,1.000000000000000000e+00
5.888284452901515476e-04,1.513564205382511545e+03,1.513323274934480423e+03,5.520322369366476023e-02,2.235244644123404456e-01,-7.640263745346909855e+05,8.960291526988413580e+01,9.259451727161373924e+01,8.309632299524830580e+08,8.484503758636507988e+08,1.000000000000000000e+00
5.915294932043264810e-04,1.517164848376690088e+03,1.516937012483953822e+03,5.520627907799555145e-02,2.241667670090052300e-01,-7.648691053399547236e+05,9.062020355638377112e+01,9.352071797634742722e+01,8.369281175869036913e+08,8.542994041731495857e+08,1.000000000000000000e+00
5.942305411185015230e-04,1.520719290174082062e+03,1.520498134072499170e+03,5.520944278484962719e-02,2.248025800743281288e-01,-7.657285597496950068e+05,9.159410180619346420e+01,9.435129812424597162e+01,8.424552760247664452e+08,8.572882927619664669e+08,1.000000000000000000e+00
5.969315890326765649e-04,1.524227275167549578e+03,1.523980260852215451e+03,5.521271764673596483e-02,2.254318132419431686e-01,-7.666043697667587548e+05,9.252255840518483865e+01,9.522852477072336796e+01,8.475308702753753662e+08,8.628481279220461845e+08,1.000000000000000000e+00
5.996326369468514984e-04,1.527688573534946045e+03,1.527490038415571007e+03,5.521610625123775373e-02,2.260543797489135143e-01,-7.674961497222497128e+05,9.340358999479562385e+01,9.599517067468582354e+01,8.521418010202707052e+08,8.667263673461396694e+08,1.000000000000000000e+00
6.023336848610265403e-04,1.531102981873343879e+03,1.530877687862528092e+03,5.521961093310268770e-02,2.266701965936324392e-01,-7.684034967932996806e+05,9.423528978710820070e+01,9.664131344020988479e+01,8.562757676317332983e+08,8.684302073751544952e+08,1.000000000000000000e+00
6.050347327752015822e-04,1.534470323787645157e+03,1.534245946401151514e+03,5.522323376712016951e-02,2.272791846874769872e-01,-7.693259915671182098e+05,9.501583575167643403e+01,9.738024006995195236e+01,8.599213297257541418e+08,8.724631341314514875e+08,1.000000000000000000e+00
6.077357806893765157e-04,1.537790450430652072e+03,1.537591030997756434e+03,5.522697656180543258e-02,2.278812689996344287e-01,-7.702631986496568425e+05,9.574349862219892771e+01,9.778546270557423270e+01,8.630679668202947378e+08,8.716129468220299482e+08,1.000000000000000000e+00
6.104368286035515576e-04,1.541063240991519024e+03,1.540833853192531478e+03,5.523084085391025133e-02,2.284763786944762898e-01,-7.712146673170340946e+05,9.641664967132641095e+01,9.847388416145379608e+01,8.657061356764509678e+08,8.752250297420041561e+08,1.000000000000000000e+00
6.131378765177265995e-04,1.544288603129852390e+03,1.544094586133097891e+03,5.523482790377394480e-02,2.290644472609276727e-01,-7.721799322076474782e+05,9.703376820107403944e+01,9.902784706333389408e+01,8.678273248846186399e+08,8.773215811975214481e+08,1.000000000000000000e+00
6.158389244319015330e-04,1.547466473352714956e+03,1.547267650307343501e+03,5.523893869152866898e-02,2.296454126332570511e-01,-7.731585140526820906e+05,9.759344869722954741e+01,9.921171040206408520e+01,8.694241062714370489e+08,8.746566551804300547e+08,1.000000000000000000e+00
6.185399723460765749e-04,1.550596817332084811e+03,1.550368523301317509e+03,5.524317391416685985e-02,2.302192173027804156e-01,-7.741499204425750067e+05,9.809440759629053730e+01,9.979265360936513218e+01,8.704901826961978674e+08,8.772651498592897654e+08,1.000000000000000000e+00
6.212410202602516168e-04,1.553679630160434044e+03,1.553505984984081351e+03,5.524753398347939659e-02,2.307858084199662652e-01,-7.751536466267637443e+05,9.853548961521033789e+01,1.000052494327365906e+02,8.710204318267576694e+08,8.757628754629818201e+08,1.000000000000000000e+00
6.239420681744265503e-04,1.556714936542352689e+03,1.556517815036788079e+03,5.525201902486658739e-02,2.313451378864964658e-01,-7.761691763439651113e+05,9.891567359536352910e+01,1.001055568889998710e+02,8.710109454871363640e+08,8.729784781806051731e+08,1.000000000000000000e+00
6.266431160886015922e-04,1.559702790920379584e+03,1.559500766456812244e+03,5.525662887702556536e-02,2.318971624368461049e-01,-7.771959826799884904e+05,9.923407781476370815e+01,1.004769234423617519e+02,8.704590641985605955e+08,8.735931079514428377e+08,1.000000000000000000e+00
6.293441640027766341e-04,1.562643277533411037e+03,1.562482468368273430e+03,5.526136309251061113e-02,2.324418437090098877e-01,-7.782335289500564104e+05,9.948996472472137498e+01,1.002005956656377350e+02,8.693634065475152731e+08,8.672241875051587820e+08,1.000000000000000000e+00
6.320452119169515676e-04,1.565536510406424213e+03,1.565343342597728906e+03,5.526622093916493811e-02,2.329791483040280498e-01,-7.792812696024470497e+05,9.968274507060357337e+01,1.004202066858925093e+02,8.677238930522633791e+08,8.662488286820410490e+08,1.000000000000000000e+00
6.347462598311266095e-04,1.568382633270414090e+03,1.568206429366714701e+03,5.527120140241526675e-02,2.335090478340242082e-01,-7.803386511401678436e+05,9.981198135954792861e+01,1.005809804784224326e+02,8.655417642208740711e+08,8.648992280139886141e+08,1.000000000000000000e+00
6.374473077453016515e-04,1.571181819411905053e+03,1.571038249346747534e+03,5.527630318842261664e-02,2.340315189585076283e-01,-7.814051130573613336e+05,9.987739064224902563e+01,9.990801794287918369e+01,8.628195925394337177e+08,8.550002535340622663e+08,1.000000000000000000e+00
6.401483556594765850e-04,1.573934271451536688e+03,1.573749578426913331e+03,5.528152472807527917e-02,2.345465434087483092e-01,-7.824800887870386941e+05,9.987884658010383987e+01,1.001360761599924416e+02,8.595612881602015495e+08,8.544157491595509052e+08,1.000000000000000000e+00
6.428494035736516269e-04,1.576640221051755134e+03,1.576485984802983012e+03,5.528686418181226470e-02,2.350541080000853322e-01,-7.835630066567367176e+05,9.981638077398474707e+01,1.000698066772842765e+02,8.557720981118751764e+08,8.511131440896494389e+08,1.000000000000000000e+00
6.455504514878266688e-04,1.579299928553754398e+03,1.579172179118530494e+03,5.529231944525796888e-02,2.355542046320802385e-01,-7.846532908486886881e+05,9.969018333591372993e+01,9.912905528025484614e+01,8.514585988935276270e+08,8.391679146367561817e+08,1.000000000000000000e+00
6.482514994020016023e-04,1.581913682544404082e+03,1.581741002854824274e+03,5.529788815565074567e-02,2.360468302764899828e-01,-7.857503623611114454e+05,9.950060269049291151e+01,9.922200478991167927e+01,8.466286823716406822e+08,8.374217182598888874e+08,1.000000000000000000e+00
6.509525473161766442e-04,1.584481799353983888e+03,1.584348131163442304e+03,5.530356769904073988e-02,2.365319869530803920e-01,-7.868536399672223488e+05,9.924814459859905469e+01,9.896172960055204726e+01,8.412915349456417561e+08,8.324830159827789068e+08,1.000000000000000000e+00
6.536535952303516861e-04,1.587004622486170774e+03,1.586902442232372096e+03,5.530935521823416440e-02,2.370096816933705552e-01,-7.879625411687261658e+05,9.893347040187649100e+01,9.774086023798400902e+01,8.354576100088300705e+08,8.184003998617508411e+08,1.000000000000000000e+00
6.563546431445266196e-04,1.589482521981785112e+03,1.589332763393452296e+03,5.531524762145360180e-02,2.374799264924417341e-01,-7.890764831404797733e+05,9.855739449260690321e+01,9.770188800214653213e+01,8.291385937817282677e+08,8.155238292205480337e+08,1.000000000000000000e+00
6.590556910587016615e-04,1.591915893718446341e+03,1.591800808382688501e+03,5.532124159168584632e-02,2.379427382490162945e-01,-7.901948836632580496e+05,9.812088101978029897e+01,9.727927498639746773e+01,8.223473646575633287e+08,8.093355992042452097e+08,1.000000000000000000e+00
6.617567389728767034e-04,1.594305158648306588e+03,1.594236878928817305e+03,5.532733359668105810e-02,2.383981386940511871e-01,-7.913171620415616781e+05,9.762503984840607529e+01,9.573879853961184949e+01,8.150979462515072823e+08,7.928863645107787848e+08,1.000000000000000000e+00
6.644577868870516369e-04,1.596650761976685999e+03,1.596530939194026132e+03,5.533351989956907663e-02,2.388461543081640548e-01,-7.924427400035718456e+05,9.707112179528866136e+01,9.555737131287473574e+01,8.074054544059252739e+08,7.888650445762240887e+08,1.000000000000000000e+00
6.671588348012266788e-04,1.598953172284405582e+03,1.598850364861430990e+03,5.533979657005096836e-02,2.392868162282418831e-01,-7.935710425805323757e+05,9.646051317062794794e+01,9.504310260186048254e+01,7.992860384547015429e+08,7.820608393224931955e+08,1.000000000000000000e+00
6.698598827154017207e-04,1.601212880597251115e+03,1.601176986849104651e+03,5.534615949612593788e-02,2.397201601436561580e-01,-7.947014989629313350e+05,9.579472966070343887e+01,9.338346369886717468e+01,7.907568171051081419e+08,7.651386455466457605e+08,1.000000000000000000e+00
6.725609306295766542e-04,1.603430399405932121e+03,1.603353966829099818e+03,5.535260439630645263e-02,2.401462261825325351e-01,-7.958335433310947847e+05,9.507540959280078141e+01,9.283604702103605177e+01,7.818358093418686390e+08,7.579478222454423904e+08,1.000000000000000000e+00
6.752619785437516961e-04,1.605606261640503362e+03,1.605513751564441691e+03,5.535912683227640213e-02,2.405650587885931335e-01,-7.969666156579169910e+05,9.430430662909492412e+01,9.233584257854371913e+01,7.725418608047384024e+08,7.513539275531429052e+08,1.000000000000000000e+00
6.779630264579267380e-04,1.607741019603090990e+03,1.607724764361729513e+03,5.536572222194035414e-02,2.409767065891058602e-01,-7.981001624817040283e+05,9.348328194199569907e+01,9.105364834813809694e+01,7.628945661285485029e+08,7.382391202793672085e+08,1.000000000000000000e+00
6.806640743721016715e-04,1.609835243863330561e+03,1.609819259923867321e+03,5.537238585281430842e-02,2.413812222545412556e-01,-7.992336376472503180e+05,9.261429592918122466e+01,8.958373385180264847e+01,7.529141877695615292e+08,7.233645976932718754e+08,1.000000000000000000e+00
6.833651222862767135e-04,1.611889522120739912e+03,1.611811039152551302e+03,5.537911289570220108e-02,2.417786623505416288e-01,-8.003665030134946574e+05,9.169939953294515078e+01,8.914235942651482958e+01,7.426215718717089891e+08,7.173400014581519365e+08,1.000000000000000000e+00
6.860661702004517554e-04,1.613904458038755365e+03,1.613893816426698550e+03,5.538589841860512564e-02,2.421690871828660052e-01,-8.014982291262842482e+05,9.074072523446287164e+01,8.810359840426184519e+01,7.320380617757101059e+08,7.066344457277576923e+08,1.000000000000000000e+00
6.887672181146266889e-04,1.615880670054921211e+03,1.615942316066779767e+03,5.539273740080535163e-02,2.425525606359703601e-01,-8.026282958549652249e+05,8.974047779335631958e+01,8.585710608140936984e+01,7.211854099489043951e+08,6.858327651730493307e+08,1.000000000000000000e+00
6.914682660288017308e-04,1.617818790172145555e+03,1.617819264091019932e+03,5.539962474707049722e-02,2.429291500059261311e-01,-8.037561929916958325e+05,8.870092475918312402e+01,8.530129594454166408e+01,7.100856899513573647e+08,6.789141169892292023e+08,1.000000000000000000e+00
6.943857272135537523e-04,1.619870131474310256e+03,1.619866428870579512e+03,5.540711245274603652e-02,2.433282580724273614e-01,-8.049714546201550402e+05,8.753660619880275817e+01,8.440515485220606706e+01,6.978447046696665287e+08,6.692780435883908272e+08,1.000000000000000000e+00
6.973031883983058822e-04,1.621878617244418820e+03,1.621971146488608383e+03,5.541464401419812780e-02,2.437195112422762544e-01,-8.061829880373752676e+05,8.633210736485841608e+01,8.254496129904865143e+01,6.853696930348796844e+08,6.521511979525926113e+08,1.000000000000000000e+00
7.002206495830580121e-04,1.623845087158895467e+03,1.623932272387483181e+03,5.542221283468799081e-02,2.441030063053973020e-01,-8.073901938322233036e+05,8.509044868315190513e+01,8.092934713633904664e+01,6.726889876353365183e+08,6.367694812234386206e+08,1.000000000000000000e+00
7.031381107678101421e-04,1.625770392385161358e+03,1.625780869799698394e+03,5.542981229624449613e-02,2.444788436891599526e-01,-8.085924889248460531e+05,8.381468123364680878e+01,8.021632517145803831e+01,6.598308572850259542e+08,6.285840845720317364e+08,1.000000000000000000e+00
7.060555719525622720e-04,1.627655393773295145e+03,1.627754353088798098e+03,5.543743577999504096e-02,2.448471271871300869e-01,-8.097893071525028208e+05,8.250787233351285010e+01,7.881711331472314441e+01,6.468233799217813015e+08,6.155489153274165392e+08,1.000000000000000000e+00
7.089730331373142935e-04,1.629500960064211540e+03,1.629699947149860691e+03,5.544507668611414752e-02,2.452079636860232947e-01,-8.109800997927760473e+05,8.117309149278443670e+01,7.623894657056742119e+01,6.336943216607834101e+08,5.934418623260148764e+08,1.000000000000000000e+00
7.118904943220663150e-04,1.631307966121641584e+03,1.631429873697160701e+03,5.545272845329270867e-02,2.455614628920858578e-01,-8.121643360249375692e+05,7.981339686930826360e+01,7.541802349457105947e+01,6.204710211764341593e+08,5.845376244337263107e+08,1.000000000000000000e+00
7.148079555068184449e-04,1.633077291195263115e+03,1.633175605715337724e+03,5.546038457763944468e-02,2.459077370581213562e-01,-8.133415033303486416e+05,7.843182228304348769e+01,7.438932921495489836e+01,6.071802799493480921e+08,5.743211028042637110e+08,1.000000000000000000e+00
7.177254166915705749e-04,1.634809817221557296e+03,1.635007643244687870e+03,5.546803863092897996e-02,2.462469007122970177e-01,-8.145111078331101453e+05,7.703136484852450394e+01,7.282710724666401347e+01,5.938482590761919022e+08,5.605561217823330164e+08,1.000000000000000000e+00
7.206428778763227048e-04,1.636506427168921391e+03,1.636773707301473451e+03,5.547568427811982311e-02,2.465790703898431135e-01,-8.156726745822337689e+05,7.561497328606870383e+01,7.046429729755693927e+01,5.805003832790496349e+08,5.408333152862200737e+08,1.000000000000000000e+00
7.235603390610748347e-04,1.638168003432754176e+03,1.638352997558176867e+03,5.548331529406926033e-02,2.469043643686718026e-01,-8.168257477769490797e+05,7.418553697021312132e+01,6.957213062709726614e+01,5.671612526589308977e+08,5.315693412708989382e+08,1.000000000000000000e+00
7.264778002458268562e-04,1.639795426286076008e+03,1.639983167572373077e+03,5.549092557938165027e-02,2.472229024099048267e-01,-8.179698909368177410e+05,7.274587576793085475e+01,6.840594324017588690e+01,5.538545626332100630e+08,5.207341301830433011e+08,1.000000000000000000e+00
7.293952614305788777e-04,1.641389572390401781e+03,1.641686173454385198e+03,5.549850917533134115e-02,2.475348055042076723e-01,-8.191046870185895823e+05,7.129873071138365503e+01,6.676344390545922636e+01,5.406030323977551460e+08,5.069840722167113423e+08,1.000000000000000000e+00
7.323127226153310076e-04,1.642951313371352626e+03,1.643323311747763455e+03,5.550606027781149893e-02,2.478401956247788251e-01,-8.202297384817750426e+05,6.984675554078054915e+01,6.454225996546686872e+01,5.274283421498928666e+08,4.891792556816485524e+08,1.000000000000000000e+00
7.352301838000831376e-04,1.644481514462652513e+03,1.644766257839543869e+03,5.551357325026529815e-02,2.481391954877482098e-01,-8.213446673051360995e+05,6.839250914334081699e+01,6.359182559378772481e+01,5.143510792116978765e+08,4.797083979218282700e+08,1.000000000000000000e+00
7.381476449848352675e-04,1.645981033221856705e+03,1.646243339858785248e+03,5.552104263556660591e-02,2.484319283206778972e-01,-8.224491149562873179e+05,6.693844890452849938e+01,6.247566776853476966e+01,5.013906930935544372e+08,4.694792831346809864e+08,1.000000000000000000e+00
7.410651061695873974e-04,1.647450718320350234e+03,1.647819148277302247e+03,5.552846316682260447e-02,2.487185176397647968e-01,-8.235427423167781672e+05,6.548692497810860402e+01,6.103006186364809338e+01,4.885654594483144879e+08,4.576365341743011475e+08,1.000000000000000000e+00
7.439825673543395274e-04,1.648891408409829410e+03,1.649407479776613627e+03,5.553582977708135943e-02,2.489990870362786268e-01,-8.246252295649845619e+05,6.404017547226462170e+01,5.867401314711050730e+01,4.758924527766014338e+08,4.402407793462804556e+08,1.000000000000000000e+00
7.469000285390916573e-04,1.650303931066697942e+03,1.650730502114375213e+03,5.554313760793286314e-02,2.492737599726764786e-01,-8.256962760193116264e+05,6.260032254021076881e+01,5.768418424331535732e+01,4.633875276656318307e+08,4.307310875396925807e+08,1.000000000000000000e+00
7.498174897238436788e-04,1.651689101815499725e+03,1.652018779851524414e+03,5.555038201700184669e-02,2.495426595887659804e-01,-8.267555999440692831e+05,6.116936935554203103e+01,5.671638869660549886e+01,4.510653082677648664e+08,4.214365371842025518e+08,1.000000000000000000e+00
7.527349509085957003e-04,1.653047723231773944e+03,1.653475391466812653e+03,5.555755858433628763e-02,2.498059085182040562e-01,-8.278029383205707418e+05,5.974919794518096694e+01,5.538142709071262715e+01,4.389391856622155905e+08,4.108567388275238872e+08,1.000000000000000000e+00
7.556524120933478302e-04,1.654380584124432062e+03,1.654947095081551879e+03,5.556466311770411753e-02,2.500636287155485471e-01,-8.288380465858337702e+05,5.834156784597743695e+01,5.370000811064334556e+01,4.270213226830794215e+08,3.985890439537506104e+08,1.000000000000000000e+00
7.585698732780999601e-04,1.655688458797091243e+03,1.656306069937041229e+03,5.557169165681599687e-02,2.503159412940024753e-01,-8.298606983413959388e+05,5.694811554533698938e+01,5.206208064171543981e+01,4.153226657514261603e+08,3.862761603115960360e+08,1.000000000000000000e+00
7.614873344628520901e-04,1.656972106387546546e+03,1.657493639285932204e+03,5.557864047649935940e-02,2.505629663739244450e-01,-8.308706850345915882e+05,5.557035466117969236e+01,5.107320883955261337e+01,4.038529632068094015e+08,3.771011261124045253e+08,1.000000000000000000e+00
7.644047956476042200e-04,1.658232270283986509e+03,1.658683602627336541e+03,5.558550608885363259e-02,2.508048229421123154e-01,-8.318678156147403643e+05,5.420967681252793824e+01,5.006556132262254266e+01,3.926207896054704189e+08,3.680810022555317283e+08,1.000000000000000000e+00
7.673222568323563499e-04,1.659469677616339141e+03,1.660036719031686061e+03,5.559228524442254293e-02,2.510416287218034670e-01,-8.328519161664835410e+05,5.286735312882726134e+01,4.883902440472696327e+01,3.816335754284188151e+08,3.589655550683828592e+08,1.000000000000000000e+00
7.702397180171084799e-04,1.660685038820662839e+03,1.661403365893859700e+03,5.559897493242332150e-02,2.512735000532811402e-01,-8.338228295226404443e+05,5.154453634380517002e+01,4.734179442568125751e+01,3.708976416313526630e+08,3.488574850515193343e+08,1.000000000000000000e+00
7.731571792018605014e-04,1.661879047274316918e+03,1.662648783710698353e+03,5.560557238007724640e-02,2.515005517849213668e-01,-8.347804148587163072e+05,5.024226341827953490e+01,4.593034855371254821e+01,3.604182384613479972e+08,3.387271801528328061e+08,1.000000000000000000e+00
7.760746403866125229e-04,1.663052378999270104e+03,1.663723037089414902e+03,5.561207505108872046e-02,2.517228971744673860e-01,-8.357245472712420160e+05,4.896145863576369095e+01,4.495838763352378464e+01,3.501995879698323011e+08,3.300174244180253148e+08,1.000000000000000000e+00
7.789921015713646528e-04,1.664205692430787167e+03,1.664771246799617302e+03,5.561848064332370473e-02,2.519406478002763627e-01,-8.366551173419978004e+05,4.770293711509343382e+01,4.400747873884884598e+01,3.402449296596518755e+08,3.214967347099630237e+08,1.000000000000000000e+00
7.819095627561167827e-04,1.665339628248435929e+03,1.666011685282768212e+03,5.562478708573980607e-02,2.521539134822444739e-01,-8.375720306901180884e+05,4.646740868570599048e+01,4.295804888421955070e+01,3.305565687232016921e+08,3.140387717629081607e+08,1.000000000000000000e+00
7.848270239408689126e-04,1.666454809266295342e+03,1.667244750657473560e+03,5.563099253462263499e-02,2.523628022120834591e-01,-8.384752075139778899e+05,4.525548207368812115e+01,4.188951515346645493e+01,3.211359263508909941e+08,3.067104512311407924e+08,1.000000000000000000e+00
7.877444851256210426e-04,1.667551840379037685e+03,1.668530775601181176e+03,5.563709536918389625e-02,2.525674200925910884e-01,-8.393645821246595588e+05,4.406766935093804705e+01,4.046197707860175541e+01,3.119835916224048138e+08,2.985240462969093919e+08,1.000000000000000000e+00
7.906619463103731725e-04,1.668631308560533853e+03,1.669513165372352660e+03,5.564309418657755607e-02,2.527678712855354060e-01,-8.402401024727427866e+05,4.290439060642407298e+01,3.952499021639909671e+01,3.030993745317642689e+08,2.904208496613067985e+08,1.000000000000000000e+00
7.935794074951253024e-04,1.669693782911502467e+03,1.670473160739161813e+03,5.564898779639056853e-02,2.529642579677497394e-01,-8.411017296700228471e+05,4.176597880883664970e+01,3.860758971290980668e+01,2.944823597504019737e+08,2.824869735394264460e+08,1.000000000000000000e+00
7.964968686798773239e-04,1.670739814752742404e+03,1.671465119856654383e+03,5.565477521466476174e-02,2.531566802950150352e-01,-8.419494375076203141e+05,4.065268484645235958e+01,3.771141023651063762e+01,2.861309608094030619e+08,2.751675585022610426e+08,1.000000000000000000e+00
7.994143298646293454e-04,1.671769937760405810e+03,1.672608929326456746e+03,5.566045565750614432e-02,2.533452363732903168e-01,-8.427832119719039183e+05,3.956468275335308959e+01,3.684080846680317478e+01,2.780429745413218737e+08,2.694592752746869922e+08,1.000000000000000000e+00
8.023317910493814754e-04,1.672784668139816176e+03,1.673745514881969029e+03,5.566602853433769843e-02,2.535300222368265244e-01,-8.436030507593099028e+05,3.850207515015642912e+01,3.594447147621718841e+01,2.702156361124956608e+08,2.638571339395337105e+08,1.000000000000000000e+00
8.052492522341336053e-04,1.673784504834241034e+03,1.674932054636271914e+03,5.567149344085137869e-02,2.537111318326763509e-01,-8.444089627910084091e+05,3.746489885100926642e+01,3.486625640721857167e+01,2.626456770288056433e+08,2.582634198859733045e+08,1.000000000000000000e+00
8.081667134188857352e-04,1.674769929764880544e+03,1.675819582385165177e+03,5.567685015171423141e-02,2.538886570110837626e-01,-8.452009677278118907e+05,3.645312990061800207e+01,3.399176055170507738e+01,2.553293981906045675e+08,2.509942963999064267e+08,1.000000000000000000e+00
8.140016357883899951e-04,1.676698961855164271e+03,1.677539143644732121e+03,5.568723870850279117e-02,2.542332196428175317e-01,-8.467432732692024438e+05,3.450697716072841104e+01,3.229473681006718522e+01,2.414540423546301723e+08,2.368878793364859223e+08,1.000000000000000000e+00
8.198365581578941465e-04,1.678575835878796624e+03,1.679611734821244681e+03,5.569719743937080747e-02,2.545645299099267289e-01,-8.482306170488487696e+05,3.266039786849999160e+01,3.091422763042248434e+01,2.285355563304588795e+08,2.283204572714515626e+08,1.000000000000000000e+00
8.256714805273982979e-04,1.680403815212425798e+03,1.681682289891853088e+03,5.570673024966682485e-02,2.548832458109427934e-01,-8.496634972221395001e+05,3.091132710444188803e+01,2.940542512168101297e+01,2.165313370200000703e+08,2.199887579115579724e+08,1.000000000000000000e+00
8.315064028969025578e-04,1.682185923532344532e+03,1.683267028899447268e+03,5.571584314773491559e-02,2.551899928112207894e-01,-8.510425385685717920e+05,2.925714914286210089e+01,2.784990726413264284e+01,2.053957229963776767e+08,2.076134882437190413e+08,1.000000000000000000e+00
8.373413252664068177e-04,1.683924957233230089e+03,1.684985129760771997e+03,5.572454399522573654e-02,2.554853646043968585e-01,-8.523684786784034222e+05,2.769480408994053988e+01,2.655669937694824867e+01,1.950809984462727308e+08,1.983596006893505156e+08,1.000000000000000000e+00
8.431762476359109691e-04,1.685623498308919125e+03,1.686902078848241899e+03,5.573284226340518427e-02,2.557699240383481398e-01,-8.536421547104575438e+05,2.622089108462807872e+01,2.554924444121543559e+01,1.855383374800943732e+08,1.928099243096593320e+08,1.000000000000000000e+00
8.490111700054151205e-04,1.687283927456327319e+03,1.688679968692216789e+03,5.574074879845514197e-02,2.560442041696938675e-01,-8.548644907975086244e+05,2.483176279213807192e+01,2.435598431844588774e+01,1.767186283816364110e+08,1.855668267979967892e+08,1.000000000000000000e+00
8.548460923749193804e-04,1.688908437195009128e+03,1.690115081085235261e+03,5.574827559819175993e-02,2.563087094134915978e-01,-8.560364861481455155e+05,2.352360876923116706e+01,2.300692005051807243e+01,1.685731708765378296e+08,1.753656768747390211e+08,1.000000000000000000e+00
8.606810147444236402e-04,1.690499044826989575e+03,1.691700323815967522e+03,5.575543560204605786e-02,2.565639167584777836e-01,-8.571592038761818549e+05,2.229252725141524039e+01,2.197618851044230226e+01,1.610542503474331796e+08,1.683776848851338327e+08,1.000000000000000000e+00
8.665159371139277917e-04,1.692057605093589927e+03,1.693433912446614841e+03,5.576224249561478191e-02,2.568102770222361331e-01,-8.582337605747393100e+05,2.113458575912072845e+01,2.124972923865517060e+01,1.541155974127302468e+08,1.644686521647046804e+08,1.000000000000000000e+00
8.723508594834319431e-04,1.693585822414977201e+03,1.695173070600764959e+03,5.576871053060566269e-02,2.570482161245630781e-01,-8.592613166410226841e+05,2.004587129542943913e+01,2.044471689636304745e+01,1.477127435872892141e+08,1.599240697687152922e+08,1.000000000000000000e+00
8.781857818529362029e-04,1.695085262625143059e+03,1.696495485476678141e+03,5.577485436058420010e-02,2.572781363609797367e-01,-8.602430673480211990e+05,1.902253108553019700e+01,1.927966767816725024e+01,1.418032848766885698e+08,1.516121641349231899e+08,1.000000000000000000e+00
8.840207042224404628e-04,1.696557364138227285e+03,1.697796718231627210e+03,5.578068889257386392e-02,2.575004176616650930e-01,-8.611802346516104881e+05,1.806080490091193269e+01,1.817382744153723451e+01,1.363470656245670617e+08,1.437613397235433459e+08,1.000000000000000000e+00
8.898556265919446142e-04,1.698003448502692436e+03,1.699407179413686663e+03,5.578622915427053353e-02,2.577154188240598498e-01,-8.620740597143418854e+05,1.715705009322559249e+01,1.766390262436464198e+01,1.313062951261638403e+08,1.410206601958502531e+08,1.000000000000000000e+00
8.956905489614487657e-04,1.699424730316673731e+03,1.701028375192409385e+03,5.579149017639833258e-02,2.579234787099607407e-01,-8.629257961214941461e+05,1.630776063216749350e+01,1.717997566084182282e+01,1.266456103319869190e+08,1.383355301093285680e+08,1.000000000000000000e+00
9.015254713309530255e-04,1.700822326491630292e+03,1.702516485509930590e+03,5.579648688956018177e-02,2.581249173999898838e-01,-8.637367037584879436e+05,1.550958152203539697e+01,1.649977250099641779e+01,1.223321060770366192e+08,1.339881709932067841e+08,1.000000000000000000e+00
9.131953160699614368e-04,1.703549596080090851e+03,1.704914300218224753e+03,5.580573161916692337e-02,2.585088327419222121e-01,-8.652396949236295186e+05,1.405904389735487392e+01,1.462961445458487830e+01,1.146619389594633281e+08,1.215157991660685688e+08,1.000000000000000000e+00
9.190302384394655882e-04,1.704882063451606427e+03,1.706383874431635604e+03,5.581002496085432640e-02,2.586921962482982007e-01,-8.659360484817450633e+05,1.339579969570103657e+01,1.426587940680300015e+01,1.112165104605751634e+08,1.193867189569112360e+08,1.000000000000000000e+00
9.248651608089698481e-04,1.706194489625225287e+03,1.707831030457291490e+03,5.581411119239368390e-02,2.588700509852824849e-01,-8.665965783487034496e+05,1.277189120553691204e+01,1.393033247657999851e+01,1.080097234535456300e+08,1.174489779689478129e+08,1.000000000000000000e+00
9.365350055479782594e-04,1.708761493808090336e+03,1.710533427499065056e+03,5.582170233854902297e-02,2.592099540454472217e-01,-8.678137259975566994e+05,1.163580721757349146e+01,1.289066938193978196e+01,1.022508299797260910e+08,1.105533645049924105e+08,1.000000000000000000e+00
9.482048502869866707e-04,1.711256897601539549e+03,1.712778537251462922e+03,5.582862428892629292e-02,2.595306792439467936e-01,-8.689029182008431526e+05,1.062816131835656819e+01,1.150794457819501915e+01,9.720584919805243611e+07,1.019839443514581323e+08,1.000000000000000000e+00
9.598746950259949735e-04,1.713685256628130901e+03,1.715446622303607228e+03,5.583496955772781351e-02,2.598338148096822620e-01,-8.698732747927019373e+05,9.732907180032128736e+00,1.106073199414415065e+01,9.275027771708887815e+07,9.901007893934008479e+07,1.000000000000000000e+00
9.715445397650033848e-04,1.716050535177361553e+03,1.718013957470651576e+03,5.584082231956088299e-02,2.601207891305215569e-01,-8.707335002077569952e+05,8.936041550636991460e+00,1.040806208662099941e+01,8.878207650015424192e+07,9.432849947500549257e+07,1.000000000000000000e+00
9.832143845040117961e-04,1.718356211264052035e+03,1.720064052601511776e+03,5.584625840049771417e-02,2.603928893890987140e-01,-8.714918523201075150e+05,8.225373450214263471e+00,9.285428828879185303e+00,8.521799984939116240e+07,8.791153070050552487e+07,1.000000000000000000e+00
9.948842292430200990e-04,1.720605362163214295e+03,1.722406083089549156e+03,5.585134549244965413e-02,2.606512778378325956e-01,-8.721561258001982933e+05,7.590299712314910074e+00,8.784984361158945987e+00,8.199035992348422110e+07,8.450664412305082381e+07,1.000000000000000000e+00
1.006554073982028619e-03,1.722800733818047547e+03,1.724889848129681695e+03,5.585614352423259182e-02,2.608970060081508002e-01,-8.727336469858196797e+05,7.021593389412553066e+00,8.527020980184074617e+00,7.904421566657088697e+07,8.193778291826324165e+07,1.000000000000000000e+00
1.018223918721036922e-03,1.724944797062631096e+03,1.726979356863516841e+03,5.586070513561336437e-02,2.611310271318602605e-01,-8.732312777116334764e+05,6.511206446464798070e+00,7.842469741228518920e+00,7.633496707989522815e+07,7.784879023940259218e+07,1.000000000000000000e+00
1.041563608199053744e-03,1.729085880467706829e+03,1.731019888541972932e+03,5.586925679221612512e-02,2.615665435088312396e-01,-8.740059472374931211e+05,5.646565272063750029e+00,6.758649484404513963e+00,7.152527371609388292e+07,7.128779075099633634e+07,1.000000000000000000e+00
1.064903297677070567e-03,1.733047729141506807e+03,1.735265880596265333e+03,5.587734609875172342e-02,2.619651447457318483e-01,-8.745363726543505909e+05,4.942561681281569363e+00,6.210952415116282488e+00,6.731223350458486378e+07,6.665058665434354544e+07,1.000000000000000000e+00
1.082434848062157132e-03,1.735914452082873140e+03,1.737839916545277219e+03,5.588325596004904000e-02,2.622435212190932230e-01,-8.747999068020104896e+05,4.496856338531624253e+00,5.352159720150029720e+00,6.444975886595948786e+07,6.234128635721041262e+07,1.000000000000000000e+00
1.099966398447243480e-03,1.738692171738816114e+03,1.740780176042721450e+03,5.588908759135646775e-02,2.625055461763923792e-01,-8.749613681938468944e+05,4.111379315527615042e+00,5.110350787833310982e+00,6.180649537984753400e+07,5.988724410028755665e+07,1.000000000000000000e+00
1.117497948832330045e-03,1.741385449568720787e+03,1.743759763738264837e+03,5.589489011935850488e-02,2.627528031077879245e-01,-8.750336945493360981e+05,3.776646581011864345e+00,4.929376201516037170e+00,5.935111529651452601e+07,5.740060586236727238e+07,1.000000000000000000e+00
1.135029499217416610e-03,1.743998468660544404e+03,1.746122230980673294e+03,5.590069904560111130e-02,2.629866859850127914e-01,-8.750283558554163901e+05,3.484815877243159221e+00,4.331405583908438217e+00,5.705948786373203993e+07,5.441217505120739341e+07,1.000000000000000000e+00
1.152561049602503175e-03,1.746535087089084300e+03,1.748554544517452541e+03,5.590653888877363670e-02,2.632084252192669060e-01,-8.749555085978506831e+05,3.229376361529569195e+00,3.922217482147140721e+00,5.491264744246895611e+07,5.193659063551221043e+07,1.000000000000000000e+00
1.170092599987589740e-03,1.748998879455731412e+03,1.751174762921387810e+03,5.591242542320285641e-02,2.634191096098473239e-01,-8.748241382156043546e+05,3.004903164117565861e+00,3.813072114862317008e+00,5.289536868312502652e+07,5.021668529966571182e+07,1.000000000000000000e+00
1.187624150372676088e-03,1.751393169891966636e+03,1.753729039193135577e+03,5.591836755240461171e-02,2.636197049831582873e-01,-8.746421889654897386e+05,2.806861410649627686e+00,3.653848688461879490e+00,5.099516708174579591e+07,4.828852968003481627e+07,1.000000000000000000e+00
1.205155700757762653e-03,1.753721058827614570e+03,1.755837926687660683e+03,5.592436886090344783e-02,2.638110700823291799e-01,-8.744166811793233501e+05,2.631448710683077508e+00,3.262019416963826135e+00,4.920159667061652988e+07,4.621144221366774291e+07,1.000000000000000000e+00
1.222687251142849218e-03,1.755985445138989462e+03,1.757944262978704501e+03,5.593042888759788833e-02,2.639939701601286548e-01,-8.741538163933869218e+05,2.475467844748928670e+00,2.947299805493719838e+00,4.750575467573439330e+07,4.435641510371266305e+07,1.000000000000000000e+00
1.240218801527935566e-03,1.758189044816015667e+03,1.760250069442267659e+03,5.593654416154581616e-02,2.641690886437788599e-01,-8.738590711158245103e+05,2.336223357081504304e+00,2.882288135272879082e+00,4.589993014188358933e+07,4.308427916382009536e+07,1.000000000000000000e+00
1.257750351913022131e-03,1.760334406955412987e+03,1.762529667889782559e+03,5.594270903734972072e-02,2.643370371738779090e-01,-8.735372801430618856e+05,2.211437238801852612e+00,2.819150822001375900e+00,4.437735281244962662e+07,4.177357268937020004e+07,1.000000000000000000e+00
1.275281902298108696e-03,1.762423927656798924e+03,1.764545027198944354e+03,5.594891636310025257e-02,2.644983642665461598e-01,-8.731927103852061555e+05,2.099180019204127223e+00,2.622169766683463799e+00,4.293201220559905469e+07,4.026927710788711160e+07,1.000000000000000000e+00
1.292813452683195261e-03,1.764459862236498338e+03,1.766397724545101482e+03,5.595515800954888735e-02,2.646535628049389022e-01,-8.728291261493483325e+05,1.997814489322552678e+00,2.376997095350959377e+00,4.155852656272190809e+07,3.876401602610208839e+07,1.000000000000000000e+00
1.310345003068281826e-03,1.766444336059243597e+03,1.768268497733942013e+03,5.596142528510342912e-02,2.648030765308000412e-01,-8.724498467777523911e+05,1.905950071654949785e+00,2.198934458879977072e+00,4.025204848449102789e+07,3.746495466761677712e+07,1.000000000000000000e+00
1.327876553453368174e-03,1.768379354202768809e+03,1.770251445703707986e+03,5.596770925751051728e-02,2.649473056765828671e-01,-8.720577974611461395e+05,1.822406647985300943e+00,2.159341009384933230e+00,3.900819968623222411e+07,3.655138852199092507e+07,1.000000000000000000e+00
1.345408103838454739e-03,1.770266810102865065e+03,1.772195827244001521e+03,5.597400099977106053e-02,2.650866118515495251e-01,-8.716555539484170731e+05,1.746187604025164042e+00,2.121364822738087241e+00,3.782303223324785382e+07,3.564035524505098164e+07,1.000000000000000000e+00
1.375697275286937287e-03,1.773419965850077688e+03,1.775245753313188288e+03,5.598486873662618379e-02,2.653164611851829835e-01,-8.709418684570955811e+05,1.629157484918328347e+00,1.925961328254251148e+00,3.590233346900913119e+07,3.373681753529317677e+07,1.000000000000000000e+00
1.405986446735419618e-03,1.776446169530792758e+03,1.778024529321985483e+03,5.599569198139642962e-02,2.655342316724135232e-01,-8.702148186360875843e+05,1.527506553964921743e+00,1.671530540425272049e+00,3.412761979356472939e+07,3.178918486948104575e+07,1.000000000000000000e+00
1.436275618183901950e-03,1.779353202477377181e+03,1.780943197680594267e+03,5.600643265021919975e-02,2.657411672171610117e-01,-8.694820992009936599e+05,1.438353499521892509e+00,1.622376956883652799e+00,3.248395093135157228e+07,3.064509387659478933e+07,1.000000000000000000e+00
1.466564789632384498e-03,1.782148180857333273e+03,1.783763284462360843e+03,5.601705731231740315e-02,2.659383313863989962e-01,-8.687498293932277011e+05,1.359469976591333173e+00,1.561557696486899127e+00,3.095835919394323602e+07,2.943700359524840489e+07,1.000000000000000000e+00
1.496853961080867046e-03,1.784837628322925866e+03,1.786281956499970647e+03,5.602753731925603359e-02,2.661266382078213422e-01,-8.680228457490633009e+05,1.289106832932808810e+00,1.403171377703783529e+00,2.953948106096906215e+07,2.784282039653824270e+07,1.000000000000000000e+00
1.527143132529349377e-03,1.787427538974684239e+03,1.788720009004771782e+03,5.603784865928367054e-02,2.663068770705195321e-01,-8.673049398493729532e+05,1.225876065038516982e+00,1.267037459265007993e+00,2.821730296946807206e+07,2.641197613504659384e+07,1.000000000000000000e+00
1.557432303977831708e-03,1.789923432274954848e+03,1.791181095793265968e+03,5.604797165094193429e-02,2.664797330014184729e-01,-8.665990519606163725e+05,1.168664921045393434e+00,1.223997047574754360e+00,2.698296190644304082e+07,2.556521479992818832e+07,1.000000000000000000e+00
1.587721475426314257e-03,1.792330401181278603e+03,1.793570584764089062e+03,5.605789055213685618e-02,2.666458032818243007e-01,-8.659074292152158450e+05,1.116569196359101124e+00,1.190792997282667187e+00,2.582857089222038910e+07,2.474558786809565127e+07,1.000000000000000000e+00
1.616182557140168497e-03,1.794515349470926139e+03,1.795672501754139603e+03,5.606701368562861526e-02,2.667961436262253905e-01,-8.652720865304652834e+05,1.071675496316200960e+00,1.105545345898521381e+00,2.481062646285304800e+07,2.357355571549812332e+07,1.000000000000000000e+00
1.644643638854022521e-03,1.796629479697225861e+03,1.797696388352829217e+03,5.607593775262050689e-02,2.669413293303551371e-01,-8.646518645105381729e+05,1.030171004255451939e+00,1.017756764657834045e+00,2.385199854802975804e+07,2.240293895806382224e+07,1.000000000000000000e+00
1.673104720567876545e-03,1.798676172329850260e+03,1.799673687948551787e+03,5.608465716667108275e-02,2.670817017158261808e-01,-8.640474976066469681e+05,9.916480641586671307e-01,9.704798241780947521e-01,2.294805146701078862e+07,2.160900519709718600e+07,1.000000000000000000e+00
1.701565802281730568e-03,1.800658582189063054e+03,1.801601962499888032e+03,5.609316816877402134e-02,2.672175656062001914e-01,-8.634594781850124709e+05,9.557620057413522829e-01,9.522216884484154820e-01,2.209459549005133286e+07,2.108773286529880390e+07,1.000000000000000000e+00
1.730026883995584592e-03,1.802579657601875851e+03,1.803484323180187857e+03,5.610146856759989920e-02,2.673491942045799763e-01,-8.628881006326288916e+05,9.222218064179606989e-01,9.336875195507620129e-01,2.128784522391642258e+07,2.054663039123422280e+07,1.000000000000000000e+00
1.758487965709438616e-03,1.804442157554010919e+03,1.805316498837604968e+03,5.610955750461181502e-02,2.674768332224493061e-01,-8.623334979561050422e+05,8.907820012623692829e-01,8.790043596732076692e-01,2.052438044906912744e+07,1.961459940559221432e+07,1.000000000000000000e+00
1.786949047423292639e-03,1.806248667037018777e+03,1.807093758394416454e+03,5.611743524397250216e-02,2.676007043709051625e-01,-8.617956720532670151e+05,8.612373831230647481e-01,8.215443736462479940e-01,1.980111642881578207e+07,1.866217256234451756e+07,1.000000000000000000e+00
1.815410129137146663e-03,1.808001610734218502e+03,1.808809945656340915e+03,5.612510298636043393e-02,2.677210082964041615e-01,-8.612745185418960173e+05,8.334226955740493548e-01,7.752532870644596175e-01,1.911529347369174287e+07,1.786245513083770126e+07,1.000000000000000000e+00
1.843996845244914515e-03,1.809710663053405142e+03,1.810457384847195044e+03,5.613259517268509580e-02,2.678384355993767563e-01,-8.607676552903612610e+05,8.071073089628961750e-01,7.599565117808543269e-01,1.846169825731035694e+07,1.747513415532604977e+07,1.000000000000000000e+00
1.872583561352682367e-03,1.811370142975461249e+03,1.812061173376271654e+03,5.613988016314246099e-02,2.679526154461773779e-01,-8.602771520556807518e+05,7.823894350489872807e-01,7.418023012147968442e-01,1.784150351540946960e+07,1.707551151014028490e+07,1.000000000000000000e+00
1.929756993568218070e-03,1.814546575359796407e+03,1.815213581758434202e+03,5.615383791850271644e-02,2.681716876580876874e-01,-8.593441823144091759e+05,7.359597681960894366e-01,6.836269353081687594e-01,1.668832584359782189e+07,1.582888997352083027e+07,1.000000000000000000e+00
1.986930425783753774e-03,1.817551148749887716e+03,1.818218422640198014e+03,5.616703439084156507e-02,2.683797123358193648e-01,-8.584708923654009122e+05,6.940073449741622769e-01,6.263601168051833312e-01,1.564174838710763305e+07,1.452049517577915639e+07,1.000000000000000000e+00
2.044103857999289477e-03,1.820397144563101392e+03,1.820948484774223061e+03,5.617950491100438815e-02,2.685776055810085161e-01,-8.576539531675670296e+05,6.558156721335588468e-01,5.967972404204684445e-01,1.468864806683199108e+07,1.393628799371621758e+07,1.000000000000000000e+00
2.105557163299196302e-03,1.823292635651041792e+03,1.823831303915183753e+03,5.619214083596651282e-02,2.687798968987066273e-01,-8.568348468159800395e+05,6.182509846178391166e-01,5.569499622753765200e-01,1.375560474821303971e+07,1.298880561389865354e+07,1.000000000000000000e+00
2.167010468599103127e-03,1.826032347588787616e+03,1.826643778198571681e+03,5.620403116921425524e-02,2.689722838650441261e-01,-8.560724046563445590e+05,5.839272112668498771e-01,5.043102910663371796e-01,1.290634545701731741e+07,1.177384640531034023e+07,1.000000000000000000e+00
2.228463773899009952e-03,1.828628126453242203e+03,1.829132601313947589e+03,5.621522199087995719e-02,2.691555126451944946e-01,-8.553625199433334637e+05,5.524400036483978482e-01,4.888389639444016277e-01,1.213112715686228126e+07,1.132879484930204786e+07,1.000000000000000000e+00
2.289917079198916777e-03,1.831090610061467942e+03,1.831547448278555976e+03,5.622575776197113323e-02,2.693302399177521789e-01,-8.547012832865545060e+05,5.235244455856590262e-01,4.661081833413722175e-01,1.142188514466145448e+07,1.075458391066065617e+07,1.000000000000000000e+00
2.362091248299030832e-03,1.833824729528253783e+03,1.834390536605901843e+03,5.623734912451555656e-02,2.695253342940193142e-01,-8.539820785406578798e+05,4.922226508167386050e-01,4.224493581572412171e-01,1.066273908807539754e+07,9.664012462552422658e+06,1.000000000000000000e+00
2.434265417399144454e-03,1.836403208437297963e+03,1.836909105512094129e+03,5.624816884111615012e-02,2.697104185961632372e-01,-8.533188290608308744e+05,4.636367881036507210e-01,3.852313653211095756e-01,9.974371209490714595e+06,9.064159562065934762e+06,1.000000000000000000e+00
2.506439586499258510e-03,1.838838425149012892e+03,1.839271364308749980e+03,5.625827660280509346e-02,2.698862326327090000e-01,-8.527065288899333682e+05,4.374445331701636297e-01,3.571549972832733233e-01,9.348339507296089083e+06,8.588328207964060828e+06,1.000000000000000000e+00
2.578613755599372566e-03,1.841141439410837165e+03,1.841684095976738945e+03,5.626772718079529195e-02,2.700534333487267236e-01,-8.521406291442578658e+05,4.135066110639695758e-01,3.199762303355574988e-01,8.777952941490594298e+06,7.748351195642624050e+06,1.000000000000000000e+00
2.677453224115658968e-03,1.844096932709638622e+03,1.844611939534723433e+03,5.627968417562351222e-02,2.702693748634127924e-01,-8.514341431396971457e+05,3.834465250229375233e-01,2.918265932793829842e-01,8.074411656801856123e+06,7.109418277403253131e+06,1.000000000000000000e+00
2.776292692631945370e-03,1.846849121364791245e+03,1.847330174133059472e+03,5.629064791406390711e-02,2.704718531803056436e-01,-8.507958224158785306e+05,3.564633047570678892e-01,2.686073025442399231e-01,7.449056300524267368e+06,6.578639745159189217e+06,1.000000000000000000e+00
2.875132161148231773e-03,1.849417564881723592e+03,1.850035009901329659e+03,5.630072061021999114e-02,2.706620448974837445e-01,-8.502176558182933368e+05,3.321106573247734617e-01,2.325085824316672767e-01,6.890783780312696472e+06,5.747561752896090038e+06,1.000000000000000000e+00
2.973971629664517741e-03,1.851819374517722963e+03,1.852334856904832577e+03,5.630999208427213409e-02,2.708409888641709617e-01,-8.496927373474126216e+05,3.100616124682846753e-01,2.251081712287537340e-01,6.390532956802617759e+06,5.496808026092608459e+06,1.000000000000000000e+00
3.072770003919425390e-03,1.854068673407921324e+03,1.854604740329666811e+03,5.631853780434487727e-02,2.710095386547033414e-01,-8.492152978871474043e+05,2.900495383464978816e-01,2.077849260870787418e-01,5.940903574648001231e+06,5.045367458645065315e+06,1.000000000000000000e+00
3.171568378174332604e-03,1.856179713511576210e+03,1.856825621079393386e+03,5.632643091469271418e-02,2.711685898982678089e-01,-8.487799709543182980e+05,2.718305712163568977e-01,1.933011692690419503e-01,5.535299037628512830e+06,4.501151112668933347e+06,1.000000000000000000e+00
3.270366752429240253e-03,1.858164183843190358e+03,1.858722881479973466e+03,5.633373216959622343e-02,2.713188739955903483e-01,-8.483823093015362974e+05,2.552048151628192318e-01,1.893213000875996477e-01,5.168317601236484945e+06,4.335363246405507438e+06,1.000000000000000000e+00
3.369165126684147901e-03,1.860032441161361248e+03,1.860591877350018422e+03,5.634049494818709619e-02,2.714610448594796388e-01,-8.480184559115141165e+05,2.400047228338408334e-01,1.745871911740207172e-01,4.835374197730347514e+06,4.021573951666022651e+06,1.000000000000000000e+00
3.467963500939055550e-03,1.861793698318885163e+03,1.862453408448239770e+03,5.634676621423595488e-02,2.715956882021637320e-01,-8.476850446592308581e+05,2.261325985946196215e-01,1.494630320360447184e-01,4.532722580398333259e+06,3.556115938389803749e+06,1.000000000000000000e+00
3.566761875193963198e-03,1.863456109011272702e+03,1.864084378833979144e+03,5.635258707661887356e-02,2.717233242784267699e-01,-8.473791361365537159e+05,2.134951750100244627e-01,1.413706851016858779e-01,4.257119402146226726e+06,3.358640857901671436e+06,1.000000000000000000e+00
3.764358623703778495e-03,1.866506174368724260e+03,1.867148955907259278e+03,5.636298544787409631e-02,2.719589172013222034e-01,-8.468416096272345167e+05,1.907528945033994672e-01,1.105158716518816059e-01,3.773941880374499597e+06,2.864759117752248421e+06,1.000000000000000000e+00
3.880377479379528219e-03,1.868158513647219706e+03,1.868861973167713586e+03,5.636850491896461951e-02,2.720872815209560147e-01,-8.465610057006988209e+05,1.790754033497530262e-01,9.797836800469086893e-02,3.525995917822246905e+06,2.559636173544025049e+06,1.000000000000000000e+00
3.996396335055277943e-03,1.869712103420224594e+03,1.870350929460935504e+03,5.637359488524665285e-02,2.722084543990868633e-01,-8.463053213241945487e+05,1.684456292036509706e-01,9.006021135215272477e-02,3.301175020370116457e+06,2.440790372635805514e+06,1.000000000000000000e+00
4.228434046406776524e-03,1.872545423906535689e+03,1.873280584326320195e+03,5.638259121736655111e-02,2.724306495118479776e-01,-8.458609985548043624e+05,1.497039105236529222e-01,7.601043131251690455e-02,2.910749334097568411e+06,2.003557419851944316e+06,1.000000000000000000e+00
4.460471757758275105e-03,1.875086201219760142e+03,1.875759031138489263e+03,5.639041672212575379e-02,2.726311581302646170e-01,-8.454822135285851546e+05,1.337597928430956928e-01,7.069858494716607655e-02,2.583071004612721037e+06,1.813407763845425798e+06,1.000000000000000000e+00
4.692509469109774553e-03,1.877376087372007532e+03,1.878162255151602722e+03,5.639726590186357191e-02,2.728128572095611104e-01,-8.451566667363427114e+05,1.201142828591747896e-01,4.526361975854683445e-02,2.305718562589702196e+06,1.418888579711256782e+06,1.000000000000000000e+00
4.924547180461273134e-03,1.879449224811101658e+03,1.880172816831788396e+03,5.640329340125826985e-02,2.729781503855498448e-01,-8.448748990676249377e+05,1.083643938597623341e-01,4.425102558131813191e-02,2.069144692938253051e+06,1.309063016674407758e+06,1.000000000000000000e+00
5.156584891812771715e-03,1.881333813921612546e+03,1.882146642350722459e+03,5.640862315846332381e-02,2.731290533375760887e-01,-8.446295290256824810e+05,9.818648710666574853e-02,4.345690474366983858e-02,1.865931719288640656e+06,1.102191304506283021e+06,1.000000000000000000e+00
5.388622603164271163e-03,1.883053292595548555e+03,1.883836950817863453e+03,5.641335509496073902e-02,2.732672628259950054e-01,-8.444147436596197076e+05,8.932147162728418244e-02,3.879807731153391004e-02,1.690257857281696983e+06,9.929894210830717348e+05,1.000000000000000000e+00
5.620660314515769744e-03,1.884627228134698498e+03,1.885451448759843515e+03,5.641757000300801767e-02,2.733942104111410365e-01,-8.442259376025004312e+05,8.156761065825376966e-02,3.426346625996959383e-02,1.537534302816415206e+06,8.508504367867223918e+05,1.000000000000000000e+00
5.874605226283687726e-03,1.886201718002698499e+03,1.887052659949822782e+03,5.642166504782355346e-02,2.735216153752645374e-01,-8.440448400705105159e+05,7.415073980775571671e-02,2.850502260060662485e-02,1.392369313097638777e+06,7.222688272233546013e+05,1.000000000000000000e+00
6.128550138051606574e-03,1.887641193258160456e+03,1.888485246189893360e+03,5.642530044608861511e-02,2.736384587428538073e-01,-8.438861237930711359e+05,6.765989054379634160e-02,2.089618752993261871e-02,1.266247375839351444e+06,6.202802068997172173e+05,1.000000000000000000e+00
6.382495049819525423e-03,1.888960607305269605e+03,1.889879409717182398e+03,5.642853145395194253e-02,2.737458664394357699e-01,-8.437468512869467959e+05,6.195954716672422841e-02,1.302756423914015402e-02,1.156129091131915804e+06,4.870739824373945594e+05,1.000000000000000000e+00
6.636439961587444272e-03,1.890172263313995245e+03,1.891046616862462997e+03,5.643140070609768688e-02,2.738447686901819833e-01,-8.436247972092709970e+05,5.697299681997950588e-02,1.136435295695918148e-02,1.059700969429867109e+06,4.466732919290544814e+05,1.000000000000000000e+00
7.144329785123281970e-03,1.892302051046870929e+03,1.893248560460401904e+03,5.643614899414392538e-02,2.740192104893004466e-01,-8.434265413002269343e+05,4.870593083682045465e-02,8.626173167381645870e-03,9.004985048572962405e+05,3.215372083879683050e+05,1.000000000000000000e+00
7.652219608659118801e-03,1.894147007197483845e+03,1.895167114305778114e+03,5.644007923541652372e-02,2.741708730214155176e-01,-8.432654233181986492e+05,4.200182520848445844e-02,9.541033749045635393e-03,7.733400683563246857e+05,2.378617254063433502e+05,1.000000000000000000e+00
8.160123708451996749e-03,1.895758515637360233e+03,1.896789034762863366e+03,5.644337017500263703e-02,2.743037134572979818e-01,-8.431323208040045574e+05,3.653543440074287496e-02,5.454518917446292761e-03,6.704516368280621246e+05,1.733540386076898139e+05,1.000000000000000000e+00
8.668027808244873830e-03,1.897175941782314112e+03,1.898222367963395072e+03,5.644614874944225980e-02,2.744208146090834077e-01,-8.430210756081861909e+05,3.203049785004984107e-02,2.617809587457516681e-03,5.861912427469966933e+05,1.217815416815584904e+05,1.000000000000000000e+00
9.175931908037750911e-03,1.898429589349393837e+03,1.899520239046879396e+03,5.644850390180695954e-02,2.745245806306944036e-01,-8.429275754592358135e+05,2.828115470824049335e-02,3.464469480037954668e-03,5.164693048441014253e+05,9.125954875664002611e+04,1.000000000000000000e+00
9.683836007830627993e-03,1.899542358960158708e+03,1.900679639859446524e+03,5.645049306987454107e-02,2.746168526542862587e-01,-8.428494066790258512e+05,2.514802634263105241e-02,3.136926768837394741e-03,4.583469665318567422e+05,6.421953683349755738e+04,1.000000000000000000e+00
1.069964420743912958e-02,1.901393861479412863e+03,nan,5.645346090071452771e-02,2.747707493618281038e-01,-8.427353995534407441e+05,2.035762245167466872e-02,nan,3.691923306909830426e+05,nan,0.000000000000000000e+00
1.171545240704763118e-02,1.902922871223626089e+03,nan,5.645576613528893034e-02,2.748980758731291441e-01,-8.426477848259299062e+05,1.673320953716746912e-02,nan,3.027325615428187302e+05,nan,0.000000000000000000e+00
1.273126060665603215e-02,1.904202363576503330e+03,nan,5.645759093931578682e-02,2.750047259591131832e-01,-8.425784549497610424e+05,1.395597667626489319e-02,nan,2.521062294219672331e+05,nan,0.000000000000000000e+00
1.374706880626443140e-02,1.905282656180788535e+03,nan,5.645903764126720265e-02,2.750948298258122371e-01,-8.425233020912851207e+05,1.179333440671098340e-02,nan,2.128664616865304706e+05,nan,0.000000000000000000e+00
1.577868520548088641e-02,1.906939366164344847e+03,nan,5.646088968490085847e-02,2.752332210928261635e-01,-8.424547318531447090e+05,8.823707660787345058e-03,nan,1.586726197851397737e+05,nan,0.000000000000000000e+00
1.781030160469790347e-02,1.908219253646133211e+03,nan,5.646222593117122129e-02,2.753401775208103031e-01,-8.424055217738591600e+05,6.781065299486592826e-03,nan,1.218434316146736383e+05,nan,0.000000000000000000e+00
1.984191800391492053e-02,1.909230894639170401e+03,nan,5.646325241588297239e-02,2.754247082446790729e-01,-8.423678733063919935e+05,5.334377937442113041e-03,nan,9.583443390315010038e+04,nan,0.000000000000000000e+00
2.187353440313193759e-02,1.910045097871276766e+03,nan,5.646412236877040164e-02,2.754927082652108838e-01,-8.423360017888492439e+05,4.277966443298364396e-03,nan,7.688778287502158491e+04,nan,0.000000000000000000e+00
2.390515080234894771e-02,1.910707935914447035e+03,nan,5.646498457509725732e-02,2.755479504791985002e-01,-8.423032251890324987e+05,3.487695304209744059e-03,nan,6.279870567052847036e+04,nan,0.000000000000000000e+00
2.593676720156596824e-02,1.911241512101130638e+03,nan,5.646598547577741378e-02,2.755920671313673020e-01,-8.422604369247821160e+05,2.887473255265865513e-03,nan,5.237611487645626767e+04,nan,0.000000000000000000e+00
2.796838360078298183e-02,1.911616168640820433e+03,nan,5.646708320299648198e-02,2.756224169472423213e-01,-8.422051974892641883e+05,2.439153137319706281e-03,nan,4.551027955307153752e+04,nan,0.000000000000000000e+00
2.999999999999999889e-02,1.911616168640820433e+03,nan,5.646708320299648198e-02,2.756224169472423213e-01,-8.422051974892641883e+05,2.439153137319706281e-03,nan,4.551027955307154480e+04,nan,0.000000000000000000e+00
