z,T,fgm_T,Z,C,h,omega_C,fgm_omega_C,qdot,fgm_qdot,covered
0.000000000000000000e+00,3.000000000000000000e+02,3.000562350755556054e+02,6.610625375482810651e-02,6.968747238477136785e-02,-9.569653010536198271e+05,4.802595975280590389e-05,9.996765705296660064e-05,1.048708908946803786e+04,1.272274697393479255e+04,1.000000000000000000e+00
5.402095828350013522e-06,3.038702607758388581e+02,3.039236313821369322e+02,6.610359102076140969e-02,7.017671665120972513e-02,-9.571299536331954878e+05,4.801163455413936165e-05,9.992506726395643842e-05,1.002966431073959211e+04,1.221679087258110121e+04,1.000000000000000000e+00
1.080419165670002704e-05,3.077246032117283789e+02,3.077810490596056638e+02,6.610102703769051014e-02,7.066388509972187926e-02,-9.572858135498263873e+05,4.799645490810516911e-05,9.987843298394865721e-05,9.625428417751722009e+03,1.172445146306283277e+04,1.000000000000000000e+00
1.620628748505004141e-05,3.115633994708781529e+02,3.116167341977227920e+02,6.609855933385321014e-02,7.114905955799083470e-02,-9.574333024211147567e+05,4.797089311961817503e-05,9.983178637234865348e-05,9.265478098107263577e+03,1.132434318575125508e+04,1.000000000000000000e+00
2.160838331340005409e-05,3.153870092479443201e+02,3.154486131483782856e+02,6.609618556325355665e-02,7.163231796259858508e-02,-9.575728164769103751e+05,4.798511500620334074e-05,9.978031917826989756e-05,8.944127662691847945e+03,1.089375551473093765e+04,1.000000000000000000e+00
2.701047914175006676e-05,3.191957803831552383e+02,3.192524224707352687e+02,6.609390349709769186e-02,7.211373460434107596e-02,-9.577047283403560286e+05,4.807369142477657632e-05,9.983747230256034247e-05,8.656923751229263871e+03,1.058698644099060766e+04,1.000000000000000000e+00
3.241257497010008282e-05,3.229900494296857687e+02,3.230434526736127623e+02,6.609171101594535358e-02,7.259338035438604730e-02,-9.578293886689360952e+05,4.825932850129233700e-05,1.000119919628147339e-04,8.400142020402568960e+03,1.030331342121930174e+04,1.000000000000000000e+00
3.781467079845009889e-05,3.267701421799658874e+02,3.268248011288629300e+02,6.608960610250878831e-02,7.307132287305527496e-02,-9.579471276670971420e+05,4.855655164715064892e-05,1.003458837231596212e-04,8.170591660275418690e+03,1.003474175329102218e+04,1.000000000000000000e+00
4.321676662680010817e-05,3.305363741555145225e+02,3.305914366418559212e+02,6.608758683503675180e-02,7.354762680281827503e-02,-9.580582564812576165e+05,4.897434781696295735e-05,1.008611066378975636e-04,7.965512946756896781e+03,9.792694884371550870e+03,1.000000000000000000e+00
4.861886245515011746e-05,3.342890510641501578e+02,3.343443075076911555e+02,6.608565138122834970e-02,7.402235394691702997e-02,-9.581630684871341800e+05,4.951802895637665995e-05,1.015906915897463219e-04,7.782508572316101890e+03,9.574407531598073547e+03,1.000000000000000000e+00
5.402095828350013352e-05,3.380284692278626721e+02,3.380880523749040663e+02,6.608379799262559251e-02,7.449556343489387167e-02,-9.582618404784664745e+05,5.019053929657132733e-05,1.026186792815224146e-04,7.619490756807836988e+03,9.372490896101169710e+03,1.000000000000000000e+00
5.942305411185014959e-05,3.417549159841744881e+02,3.418206992824036092e+02,6.608202499944072772e-02,7.496731187616390013e-02,-9.583548337654091883e+05,5.099336783919483819e-05,1.039783466831412735e-04,7.474637950379170434e+03,9.191072076149786881e+03,1.000000000000000000e+00
6.482514994020016565e-05,3.454686700634371732e+02,3.455389543203738185e+02,6.608033080577808971e-02,7.543765350265842218e-02,-9.584422951901397901e+05,5.192718132919546656e-05,1.055357704451573097e-04,7.346358519013961086e+03,9.039606343725716215e+03,1.000000000000000000e+00
7.022724576855018171e-05,3.491700019441946097e+02,3.492341544622125298e+02,6.607871388521484313e-02,7.590664030146428154e-02,-9.585244580665616086e+05,5.299225993060217193e-05,1.066967497585083805e-04,7.233259989038696403e+03,8.931672973662389268e+03,1.000000000000000000e+00
7.562934159690019777e-05,3.528591741884764588e+02,3.529172710281589502e+02,6.607717277670882572e-02,7.637432213829245531e-02,-9.586015430503579555e+05,5.418879413902301845e-05,1.083849405772757311e-04,7.134122886192029910e+03,8.822951738691928767e+03,1.000000000000000000e+00
8.103143742525020028e-05,3.565364417586600894e+02,3.566062674978572318e+02,6.607570608080454155e-02,7.684074687253016067e-02,-9.586737589451237582e+05,5.551708452553499239e-05,1.110693959899471757e-04,7.047878428949095905e+03,8.712349519523244453e+03,1.000000000000000000e+00
8.643353325360021635e-05,3.602020523173487732e+02,3.602735092448677960e+02,6.607431245611151971e-02,7.730596046455795456e-02,-9.587413034497773042e+05,5.697767382783651874e-05,1.132527005182081849e-04,6.973589474902664733e+03,8.635238233348565700e+03,1.000000000000000000e+00
9.183562908195023241e-05,3.638562465115518307e+02,3.639176778291121082e+02,6.607299061603219559e-02,7.777000707594994289e-02,-9.588043638520041713e+05,5.857143229518315606e-05,1.150227565083077096e-04,6.910434220728054242e+03,8.574821600638926611e+03,1.000000000000000000e+00
9.723772491030023492e-05,3.674992582423102476e+02,3.675727671672777319e+02,6.607173932571772101e-02,7.823292916311845591e-02,-9.588631176720752846e+05,6.029961106314757802e-05,1.187710831994345838e-04,6.857692237177457173e+03,8.514183273403024941e+03,1.000000000000000000e+00
1.026398207386502510e-04,3.711313149207963988e+02,3.712036688722786266e+02,6.607055739923353710e-02,7.869476756491218528e-02,-9.589177332610012963e+05,6.216387397509716200e-05,1.212122565172351241e-04,6.814732487212256274e+03,8.475936430453919456e+03,1.000000000000000000e+00
1.080419165670002670e-04,3.747526377118076084e+02,3.748180025257693160e+02,6.606944369691680752e-02,7.915556158463249448e-02,-9.589683703566308832e+05,6.416631518324894784e-05,1.241041373894292770e-04,6.781003031171574548e+03,8.447028665695685049e+03,1.000000000000000000e+00
1.134440123953502831e-04,3.783634417654891990e+02,3.784453596117876373e+02,6.606839712291107114e-02,7.961534906689024527e-02,-9.590151806010064902e+05,6.630946765386728256e-05,1.290081641302000812e-04,6.756022169360735461e+03,8.431236117992821164e+03,1.000000000000000000e+00
1.188461082237002992e-04,3.819639364380413440e+02,3.820313393978221370e+02,6.606741662286311212e-02,8.007416646968895657e-02,-9.590583080219997792e+05,6.859630614948481050e-05,1.306027162220258137e-04,6.739370811714785305e+03,8.415374187075591180e+03,1.000000000000000000e+00
1.242482040520503017e-04,3.855543255020965603e+02,3.856342257241382754e+02,6.606650118177032072e-02,8.053204893208706916e-02,-9.590978894819916459e+05,7.103024716510240671e-05,1.363786085705011905e-04,6.730685897082857082e+03,8.429838423364151822e+03,1.000000000000000000e+00
1.296502998804003313e-04,3.891348073473968157e+02,3.892085903720496844e+02,6.606564982196590219e-02,8.098903033776103100e-02,-9.591340550961249974e+05,7.361514750744947103e-05,1.387392330699163407e-04,6.729654712178200498e+03,8.429386772519361330e+03,1.000000000000000000e+00
1.350523957087503609e-04,3.927055751723443109e+02,3.927830510719189760e+02,6.606486160123213602e-02,8.144514337476491117e-02,-9.591669286224524258e+05,7.635530266877208123e-05,1.444380226946026145e-04,6.736009983480747906e+03,8.462773766569840518e+03,1.000000000000000000e+00
1.404544915371003634e-04,3.962668171669548087e+02,3.963455604627935145e+02,6.606413561103173515e-02,8.190041959175700659e-02,-9.591966278261078987e+05,7.925544575808007798e-05,1.483206444514825382e-04,6.749525634827367867e+03,8.487549560993069463e+03,1.000000000000000000e+00
1.458565873654503659e-04,3.998187166877005438e+02,3.998954934436083590e+02,6.606347097484829844e-02,8.235488945094150692e-02,-9.592232648194377543e+05,8.232074749097651671e-05,1.536975121961193960e-04,6.770013119744181495e+03,8.534174820164827906e+03,1.000000000000000000e+00
1.512586831938003955e-04,4.033614524246931410e+02,4.034436244416636441e+02,6.606286684662832087e-02,8.280858237795385435e-02,-9.592469463798907818e+05,8.555681755085780128e-05,1.587212575955715150e-04,6.797318251409061304e+03,8.582315581525546804e+03,1.000000000000000000e+00
1.566607790221503981e-04,4.068951985616229763e+02,4.069731534212512543e+02,6.606232240931692035e-02,8.326152680889917224e-02,-9.592677742473112885e+05,8.896970751743149097e-05,1.642016680231793847e-04,6.831318464656933429e+03,8.641845988723278424e+03,1.000000000000000000e+00
1.620628748505004006e-04,4.104201249288434497e+02,4.105042795170877525e+02,6.606183687348074485e-02,8.371375023473745514e-02,-9.592858454021299258e+05,9.256591546463312854e-05,1.698659275537591157e-04,6.871920454252637683e+03,8.708587167605897776e+03,1.000000000000000000e+00
1.674649706788504302e-04,4.139363971499594754e+02,4.140172456501722422e+02,6.606140947601192581e-02,8.416527924319293363e-02,-9.593012523258513538e+05,9.635239228714469163e-05,1.761321348919851553e-04,6.919058141946834439e+03,8.788450241931341225e+03,1.000000000000000000e+00
1.728670665072004327e-04,4.174441767822568181e+02,4.175289272223739658e+02,6.606103947890726302e-02,8.461613955835245449e-02,-9.593140832451087190e+05,1.003365497708563449e-04,1.817397357047404989e-04,6.972690931720364460e+03,8.863931500576043618e+03,1.000000000000000000e+00
1.782691623355504352e-04,4.209436214512870720e+02,4.210290237290774940e+02,6.606072616811740905e-02,8.506635607810407451e-02,-9.593244223604552681e+05,1.045262704122136121e-04,1.896751623066071082e-04,7.032802218679538782e+03,8.976558036951364556e+03,1.000000000000000000e+00
1.836712581639004648e-04,4.244348849799008008e+02,4.245189044378721519e+02,6.606046885246147360e-02,8.551595290955626982e-02,-9.593323500609858893e+05,1.089299189746725094e-04,1.942854953788726753e-04,7.099398121988159801e+03,9.045195141202459126e+03,1.000000000000000000e+00
1.890733539922504673e-04,4.279181175120050966e+02,4.280098035043720870e+02,6.606026686260241254e-02,8.596495340256714301e-02,-9.593379431257746182e+05,1.135563557686599019e-04,2.049750454583809645e-04,7.172506416518943297e+03,9.207130008021222238e+03,1.000000000000000000e+00
1.944754498206004698e-04,4.313934656313047071e+02,4.314752693830333783e+02,6.606011955007899672e-02,8.641338018150372668e-02,-9.593412749130438315e+05,1.184149516513977485e-04,2.082444251958227854e-04,7.252175641657637243e+03,9.261969760162621242e+03,1.000000000000000000e+00
1.998775456489504995e-04,4.348610724752679175e+02,4.349607255951566458e+02,6.606002628639121022e-02,8.686125517534268314e-02,-9.593424155379324220e+05,1.235156047324335480e-04,2.222505484851309925e-04,7.338474368643568596e+03,9.483452552738843224e+03,1.000000000000000000e+00
2.052796414773005020e-04,4.383210778445476308e+02,4.383991533199228456e+02,6.605998646213458170e-02,8.730859964621517921e-02,-9.593414320396176772e+05,1.288687587897920398e-04,2.247621024291040852e-04,7.431490610629910407e+03,9.532109527437494762e+03,1.000000000000000000e+00
2.106817373056505045e-04,4.417736183080721730e+02,4.418730938270414867e+02,6.605999948618146433e-02,8.775543421649209530e-02,-9.593383885385389440e+05,1.344854234057876686e-04,2.385116905467678868e-04,7.531331361927464059e+03,9.758419587426282305e+03,1.000000000000000000e+00
2.160838331340005341e-04,4.452188273040089825e+02,4.453040962051777001e+02,6.606006478490511480e-02,8.820177889449794251e-02,-9.593333463843776844e+05,1.403771958328715538e-04,2.443173060378491142e-04,7.638122254760181022e+03,9.862895615039762561e+03,1.000000000000000000e+00
2.214859289623505637e-04,4.486568352367926877e+02,4.487515755122425389e+02,6.606018180144473950e-02,8.864765309893635203e-02,-9.593263642954183742e+05,1.465562846237446009e-04,2.542746195796005411e-04,7.752007323764780267e+03,1.003580923699845880e+04,1.000000000000000000e+00
2.268880247907005662e-04,4.520877695703992458e+02,4.521841481867460857e+02,6.606034999500834393e-02,8.909307568210424189e-02,-9.593174984898592811e+05,1.530355350511438132e-04,2.666246817596191099e-04,7.873148869736364759e+03,1.025130791718259934e+04,1.000000000000000000e+00
2.322901206190505687e-04,4.555117549180366723e+02,4.556005294933673895e+02,6.606056884021141440e-02,8.953806495196554860e-02,-9.593068028096058406e+05,1.598284563652113699e-04,2.714160577762002920e-04,8.001727415530875987e+03,1.034445520895092704e+04,1.000000000000000000e+00
2.376922164474005983e-04,4.589289131284149335e+02,4.590381128019012635e+02,6.606083782644896207e-02,8.998263869315190067e-02,-9.592943288370309165e+05,1.669492509385047340e-04,2.917817584216558444e-04,8.137941748113393260e+03,1.069938562894153802e+04,1.000000000000000000e+00
2.430943122757506009e-04,4.623393633687473994e+02,4.624249491703171202e+02,6.606115645729905561e-02,9.042681418695192042e-02,-9.592801260051787831e+05,1.744128453576877780e-04,2.950744107421870489e-04,8.282009041716844877e+03,1.077229313884491057e+04,1.000000000000000000e+00
2.484964081041006034e-04,4.657432222046308539e+02,4.658454180967065668e+02,6.606152424995592742e-02,9.087060823034720514e-02,-9.592642417018018896e+05,1.822349235372188174e-04,3.104841546829822203e-04,8.434165057935253571e+03,1.105017613304232145e+04,1.000000000000000000e+00
2.538985039324506330e-04,4.691406036769394632e+02,4.692402579162238112e+02,6.606194073469062733e-02,9.131403715414927735e-02,-9.592467213676534593e+05,1.904319619236348145e-04,3.238798478514681310e-04,8.594664419302591341e+03,1.129698176598124155e+04,1.000000000000000000e+00
2.593005997608006626e-04,4.725316193758653185e+02,4.726255470431071899e+02,6.606240545433825218e-02,9.175711684028789450e-02,-9.592276085893845884e+05,1.990212668850666359e-04,3.301655301903174246e-04,8.763780953596926338e+03,1.142340766495346179e+04,1.000000000000000000e+00
2.647026955891506922e-04,4.759163785122286754e+02,4.760307168760145373e+02,6.606291796380921177e-02,9.219986273829806900e-02,-9.592069451873890357e+05,2.080210143790248460e-04,3.557330283373466334e-04,8.941808106712798690e+03,1.188434310009841101e+04,1.000000000000000000e+00
2.701047914175007218e-04,4.792949879861753288e+02,4.793870847552834107e+02,6.606347782962415649e-02,9.264228988104997176e-02,-9.591847712989073480e+05,2.174502919995239527e-04,3.605827860574191586e-04,9.129059422368609376e+03,1.199046000876295147e+04,1.000000000000000000e+00
2.755068872458506972e-04,4.826675524533735029e+02,4.827723331583054573e+02,6.606408462947034599e-02,9.308441289976317201e-02,-9.591611254566893913e+05,2.273291435223381298e-04,3.770556309458105186e-04,9.325869087525525174e+03,1.229861130255522949e+04,1.000000000000000000e+00
2.809089830742007268e-04,4.860341743888158703e+02,4.861433358162433365e+02,6.606473795177884856e-02,9.352624603834386319e-02,-9.591360446634892141e+05,2.376786160618731838e-04,3.977617564052683382e-04,9.532592542612559555e+03,1.268326710968517546e+04,1.000000000000000000e+00
2.863110789025507565e-04,4.893949541483283383e+02,4.894886263677043416e+02,6.606543739532101667e-02,9.396780316708144842e-02,-9.591095644626282156e+05,2.485208099770579312e-04,4.039811545047900724e-04,9.749607156228723397e+03,1.281629408746849185e+04,1.000000000000000000e+00
2.917131747309007319e-04,4.927499900278806990e+02,4.928643330193018528e+02,6.606618256882346163e-02,9.440909779573869454e-02,-9.590817190048970515e+05,2.598789316581266305e-04,4.310887134532676458e-04,9.977312964070857561e+03,1.331772148111183742e+04,1.000000000000000000e+00
2.971152705592507615e-04,4.960993783207919137e+02,4.962038906487063628e+02,6.606697309059998691e-02,9.485014308606709577e-02,-9.590525411119837081e+05,2.717773493499251922e-04,4.452302057834297026e-04,1.021613347239915311e+04,1.359331844632828324e+04,1.000000000000000000e+00
3.025173663876007911e-04,4.994432133729150678e+02,4.995460638094099863e+02,6.606780858820036906e-02,9.529095186377777027e-02,-9.590220623366540531e+05,2.842416521588654490e-04,4.551240730182979526e-04,1.046651652629162527e+04,1.379410190340104418e+04,1.000000000000000000e+00
3.079194622159507665e-04,5.027815876358864671e+02,5.029041850089204786e+02,6.606868869807409894e-02,9.573153662999586699e-02,-9.589903130198712461e+05,2.972987124166999451e-04,4.921043529386256348e-04,1.072893524345926198e+04,1.447937891852757639e+04,1.000000000000000000e+00
3.133215580443007961e-04,5.061145917185169196e+02,5.062159051683154303e+02,6.606961306524911093e-02,9.617190957222492009e-02,-9.589573223450388759e+05,3.109767515684250336e-04,4.998062208964184445e-04,1.100388901427907513e+04,1.464533203126810622e+04,1.000000000000000000e+00
3.187236538726508257e-04,5.094423144363999540e+02,5.095522578169980079e+02,6.607058134302414010e-02,9.661208257484645012e-02,-9.589231183895221911e+05,3.253054097740228361e-04,5.189080957622207438e-04,1.129190456917255506e+04,1.501423791149723547e+04,1.000000000000000000e+00
3.241257497010008011e-04,5.127648428598092778e+02,5.128873999666018335e+02,6.607159319267420783e-02,9.705206722917761319e-02,-9.588877281736243749e+05,3.403158194099871253e-04,5.550606216930078531e-04,1.159353711430632029e+04,1.569082309124600579e+04,1.000000000000000000e+00
3.295278455293508308e-04,5.160822623599530061e+02,5.161819663355444163e+02,6.607264828316852801e-02,9.749187484310942176e-02,-9.588511777071438264e+05,3.560406826753503991e-04,5.623830164833297420e-04,1.190937153687000864e+04,1.585306708304813401e+04,1.000000000000000000e+00
3.349299413577008604e-04,5.193946566536499176e+02,5.195106413641251493e+02,6.607374629090018159e-02,9.793151645034635366e-02,-9.588134920336764771e+05,3.725143535094873129e-04,5.909406723477271658e-04,1.224002368119265884e+04,1.639618165549848345e+04,1.000000000000000000e+00
3.403320371860508358e-04,5.227021078464895254e+02,5.228242233929963731e+02,6.607488689942679627e-02,9.837100281926627887e-02,-9.587746952727582539e+05,3.897729240393573813e-04,6.258811138322657773e-04,1.258614169700569437e+04,1.705702125363591404e+04,1.000000000000000000e+00
3.457341330144008654e-04,5.260046964745354217e+02,5.261048229762001256e+02,6.607606979922192592e-02,9.881034446142009098e-02,-9.587348106600014726e+05,4.078543157841658809e-04,6.345040907355878074e-04,1.294840746118695461e+04,1.724542240288343964e+04,1.000000000000000000e+00
3.511362288427508950e-04,5.293025015446274892e+02,5.294234340259448572e+02,6.607729468743633872e-02,9.924955163968757210e-02,-9.586938605853157351e+05,4.267983758511755292e-04,6.719778249456891594e-04,1.332753807435329509e+04,1.795475806622128221e+04,1.000000000000000000e+00
3.565383246711008704e-04,5.325956005733376060e+02,5.327185983738835375e+02,6.607856126766881166e-02,9.968863437610650524e-02,-9.586518666293313727e+05,4.466469783647166944e-04,7.074929549866730690e-04,1.372428743352191304e+04,1.863166090824168350e+04,1.000000000000000000e+00
3.619404204994509000e-04,5.358840696246300013e+02,5.359882692481157846e+02,6.607986924974589005e-02,1.001276024593902164e-01,-9.586088495981213637e+05,4.674441313791266725e-04,7.185147751499343241e-04,1.413944788211935156e+04,1.886626486818429112e+04,1.000000000000000000e+00
3.673425163278009296e-04,5.391679833462744682e+02,5.392927676865612057e+02,6.608121834951038998e-02,1.005664654521482293e-01,-9.585648295563127613e+05,4.892360895336186812e-04,7.630465860911537709e-04,1.457385193845590948e+04,1.970773978864023593e+04,1.000000000000000000e+00
3.727446121561509050e-04,5.424474150050600656e+02,5.425726499846010711e+02,6.608260828861764469e-02,1.010052326978238268e-01,-9.585198258586785523e+05,5.120714727113303763e-04,8.014177355647785893e-04,1.502837410361442744e+04,2.044021192634833278e+04,1.000000000000000000e+00
3.781467079845009347e-04,5.457224365208539894e+02,5.458296182973111854e+02,6.608403879433984163e-02,1.014439133273619398e-01,-9.584738571803001687e+05,5.360013909764403846e-04,8.144152855613634836e-04,1.550393274965568889e+04,2.071341379340717685e+04,1.000000000000000000e+00
3.835488038128509643e-04,5.489931184995474496e+02,5.491207660131722150e+02,6.608550959937750657e-02,1.018825162656189776e-01,-9.584269415453537367e+05,5.610795760612474498e-04,8.653091559076871294e-04,1.600149208872734926e+04,2.167567159822476606e+04,1.000000000000000000e+00
3.889508996412009397e-04,5.522595302649300493e+02,5.523882119274527440e+02,6.608702044167788503e-02,1.023210502375271336e-01,-9.583790963546326384e+05,5.873625196933785191e-04,9.099727096771506986e-04,1.652206422360281067e+04,2.252743113467050352e+04,1.000000000000000000e+00
3.943529954695509693e-04,5.555217398895316592e+02,5.556307085810245781e+02,6.608857106426017924e-02,1.027595237740234618e-01,-9.583303384118301328e+05,6.149096190440253139e-04,9.243078689711532519e-04,1.706671127972189061e+04,2.282777214469098908e+04,1.000000000000000000e+00
3.997550912979009989e-04,5.587798142244679411e+02,5.589093830502632727e+02,6.609016121504669716e-02,1.031979452177548273e-01,-9.582806839486805256e+05,6.437833295892445538e-04,9.800339930903538208e-04,1.763654761865126420e+04,2.388098026463435599e+04,1.000000000000000000e+00
4.051571871262509743e-04,5.620338189283261272e+02,5.621672292036789713e+02,6.609179064670046844e-02,1.036363227285681671e-01,-9.582301486490097595e+05,6.740493256935269680e-04,1.035252772042290952e-03,1.823274213267417144e+04,2.492812235318109742e+04,1.000000000000000000e+00
4.105592829546010039e-04,5.652838184951256153e+02,5.653949583515875474e+02,6.609345911646809235e-02,1.040746642887956930e-01,-9.581787476717489772e+05,7.057766692065349946e-04,1.050761940115285632e-03,1.885652061957938713e+04,2.525296391839303760e+04,1.000000000000000000e+00
4.159613787829510335e-04,5.685298762813827125e+02,5.686604412650916629e+02,6.609516638602827565e-02,1.045129777083439737e-01,-9.581264956729661208e+05,7.390379863915135048e-04,1.108528776808724884e-03,1.950916823664393451e+04,2.634584616400072264e+04,1.000000000000000000e+00
4.213634746113010089e-04,5.717720545323152237e+02,5.719113578553891557e+02,6.609691222134549127e-02,1.049512706295949449e-01,-9.580734068269666750e+05,7.739096535081017251e-04,1.180147622191014952e-03,2.019203203231457155e+04,2.769467563253608023e+04,1.000000000000000000e+00
4.267655704396510386e-04,5.750104144072130339e+02,5.751274363247935071e+02,6.609869639252846651e-02,1.053895505321274517e-01,-9.580194948465230409e+05,8.104719913760769336e-04,1.198313293052800021e-03,2.090652355359469948e+04,2.807036542799745075e+04,1.000000000000000000e+00
4.321676662680010682e-04,5.782450160040036735e+02,5.783757537276354697e+02,6.610051867369336198e-02,1.058278247372664571e-01,-9.579647730022581527e+05,8.488094692814833128e-04,1.252272634012558837e-03,2.165412152690936273e+04,2.909627484944887328e+04,1.000000000000000000e+00
4.375697620963510978e-04,5.814759183830418579e+02,5.816222323102902010e+02,6.610237884283143295e-02,1.062661004124670905e-01,-9.579092541412425926e+05,8.890109186029239528e-04,1.348162431507624309e-03,2.243637460964364800e+04,3.089113389435944919e+04,1.000000000000000000e+00
4.429718579247011274e-04,5.847031795901473288e+02,5.848271331439379992e+02,6.610427668168088189e-02,1.067043845755407255e-01,-9.578529507048371015e+05,9.311697565820789167e-04,1.369532832679165981e-03,2.325490420922956037e+04,3.132760368199829099e+04,1.000000000000000000e+00
4.483739537530511028e-04,5.879268566789156694e+02,5.880569538671305736e+02,6.610621197560279105e-02,1.071426840987292350e-01,-9.577958747458232101e+05,9.753842207280965376e-04,1.412865839022739000e-03,2.411140736627269143e+04,3.216054786212980616e+04,1.000000000000000000e+00
4.537760495814011324e-04,5.911470057323273295e+02,5.912956031431613155e+02,6.610818451346089919e-02,1.075810057126336261e-01,-9.577380379448576132e+05,1.021757614419617922e-03,1.529686773140821049e-03,2.500765969774971745e+04,3.433523569379092078e+04,1.000000000000000000e+00
4.591781454097511620e-04,5.943636818836770317e+02,5.944957055567338102e+02,6.611019408750488935e-02,1.080193560100031203e-01,-9.576794516262802063e+05,1.070398564382489277e-03,1.567901899282087832e-03,2.594551839597036087e+04,3.508037163094764401e+04,1.000000000000000000e+00
4.645802412381011375e-04,5.975769393368448164e+02,5.977047409291608346e+02,6.611224049325739593e-02,1.084577414493899522e-01,-9.576201267733161803e+05,1.121421290689294517e-03,1.605889426797580885e-03,2.692692527717209305e+04,3.581862322323303670e+04,1.000000000000000000e+00
4.699823370664511671e-04,6.007868313859300997e+02,6.009337606409482078e+02,6.611432352940414814e-02,1.088961683586752438e-01,-9.575600740426944103e+05,1.174945888633277796e-03,1.725868880300675864e-03,2.795390986328461076e+04,3.804587849568977254e+04,1.000000000000000000e+00
4.753844328948011967e-04,6.039934104342701175e+02,6.041345946208850819e+02,6.611644299768743016e-02,1.093346429384710189e-01,-9.574993037787134526e+05,1.231098606261494914e-03,1.798051984487265094e-03,2.902859238326463310e+04,3.940775331001933955e+04,1.000000000000000000e+00
4.807865287231511721e-04,6.071967280128588982e+02,6.073210251021976092e+02,6.611859870280231699e-02,1.097731712654031883e-01,-9.574378260267963633e+05,1.290011922502089453e-03,1.832042470754796128e-03,3.015318556119954883e+04,4.007630145749458461e+04,1.000000000000000000e+00
4.834875766373262140e-04,6.087971797541476917e+02,6.089327504464783942e+02,6.611969003366970077e-02,1.099924555666101089e-01,-9.574068083804721246e+05,1.320555736325381042e-03,1.867380423301034063e-03,3.073519375371557908e+04,4.073991702974734653e+04,1.000000000000000000e+00
4.861886245515012017e-04,6.103968344665989889e+02,6.105413907030391556e+02,6.612079036349402528e-02,1.102117555698061274e-01,-9.573756183519392507e+05,1.351843071058725886e-03,1.945017377830142013e-03,3.133056400765550279e+04,4.217250200246780878e+04,1.000000000000000000e+00
4.888896724656761894e-04,6.119956983623310407e+02,6.121494280849361758e+02,6.612189966861811707e-02,1.104310720019322650e-01,-9.573442571181925014e+05,1.383892609795756056e-03,2.022668927618442164e-03,3.193960425721932552e+04,4.360535790672664734e+04,1.000000000000000000e+00
4.915907203798512313e-04,6.135937776020710999e+02,6.137450786123341686e+02,6.612301792555121127e-02,1.106504055827419175e-01,-9.573127258398956619e+05,1.416723399084873596e-03,2.066096873863972408e-03,3.256262825887752479e+04,4.441877137150683120e+04,1.000000000000000000e+00
4.942917682940262732e-04,6.151910782956674666e+02,6.153312982528966586e+02,6.612414511096599556e-02,1.108697570248910746e-01,-9.572810256617570994e+05,1.450354936117267089e-03,2.083819448117368509e-03,3.319995614903527166e+04,4.476692291884036968e+04,1.000000000000000000e+00
4.969928162082012067e-04,6.167876065025933485e+02,6.169169499894127284e+02,6.612528120169575141e-02,1.110891270340264581e-01,-9.572491577128815698e+05,1.484807197425002875e-03,2.101548331927453796e-03,3.385191467501479201e+04,4.511519552249576373e+04,1.000000000000000000e+00
4.996938641223762486e-04,6.183833682324424217e+02,6.185144388713496255e+02,6.612642617473143969e-02,1.113085163088727847e-01,-9.572171231071380898e+05,1.520100654151537332e-03,2.131297950104039593e-03,3.451883734594508860e+04,4.567807406784957857e+04,1.000000000000000000e+00
5.023949120365512905e-04,6.199783694454167744e+02,6.201199238111167915e+02,6.612758000721893903e-02,1.115279255413179765e-01,-9.571849229435046436e+05,1.556256284265982066e-03,2.188978006203106449e-03,3.520106456206507573e+04,4.674334189201708068e+04,1.000000000000000000e+00
5.050959599507262240e-04,6.215726160528065520e+02,6.217231683071673842e+02,6.612874267645625637e-02,1.117473554164971350e-01,-9.571525583064117236e+05,1.593295584157455045e-03,2.278644685761241871e-03,3.589894373697044648e+04,4.838608832698186598e+04,1.000000000000000000e+00
5.077970078649012660e-04,6.231661139174628943e+02,6.233258469007444091e+02,6.612991415989076527e-02,1.119668066128749750e-01,-9.571200302660862217e+05,1.631240580204613034e-03,2.368329472353246975e-03,3.661282941673848836e+04,5.002916834892561747e+04,1.000000000000000000e+00
5.104980557790763079e-04,6.247588688542618911e+02,6.249101664317022369e+02,6.613109443511645813e-02,1.121862798023268437e-01,-9.570873398788803024e+05,1.670113840467152885e-03,2.398657554890741214e-03,3.734308339710188739e+04,5.060425029532339977e+04,1.000000000000000000e+00
5.131991036932512414e-04,6.263508866305622860e+02,6.264911891635375696e+02,6.613228347987132327e-02,1.124057756502183369e-01,-9.570544881875956198e+05,1.709938486540682565e-03,2.419791112135727049e-03,3.809007483914010663e+04,5.101390288792741921e+04,1.000000000000000000e+00
5.159001516074262833e-04,6.279421729666557894e+02,6.280716796056982503e+02,6.613348127203470816e-02,1.126252948154835287e-01,-9.570214762218160322e+05,1.750738205583947816e-03,2.440932051554632783e-03,3.885418038370807335e+04,5.142369619117509137e+04,1.000000000000000000e+00
5.186011995216013252e-04,6.295327335362085250e+02,6.296696631293723385e+02,6.613468778962458550e-02,1.128448379507017707e-01,-9.569883049982112134e+05,1.792537262519344667e-03,2.482203801747126688e-03,3.963578426472456340e+04,5.219079427359210240e+04,1.000000000000000000e+00
5.213022474357763671e-04,6.311225739666977006e+02,6.312693822862047455e+02,6.613590301079513845e-02,1.130644057021732707e-01,-9.569549755208553979e+05,1.835360512406374999e-03,2.563129922701425176e-03,4.043527842142615555e+04,5.366604539103939896e+04,1.000000000000000000e+00
5.240032953499514090e-04,6.327116998398395253e+02,6.328675192103731888e+02,6.613712691383408226e-02,1.132839987099932416e-01,-9.569214887815335533e+05,1.879233412981537975e-03,2.666717114177985515e-03,4.125306260961591033e+04,5.554629041828414483e+04,1.000000000000000000e+00
5.267043432641263425e-04,6.343001166920101923e+02,6.344635602960586311e+02,6.613835947716012464e-02,1.135036176081248571e-01,-9.568878457600371912e+05,1.924182037364959410e-03,2.764338899839223398e-03,4.208954451197556045e+04,5.732011051823763410e+04,1.000000000000000000e+00
5.294053911783013844e-04,6.358878300146617448e+02,6.360401628818985955e+02,6.613960067932056486e-02,1.137232630244708470e-01,-9.568540474244693760e+05,1.970233086925599151e-03,2.789572979514292304e-03,4.294513984743611218e+04,5.780240722730453854e+04,1.000000000000000000e+00
5.321064390924764263e-04,6.374748452547286206e+02,6.376162624320112400e+02,6.614085049898880964e-02,1.139429355809438715e-01,-9.568200947315267986e+05,2.017413904305272610e-03,2.814815735995872346e-03,4.382027247965582501e+04,5.828486791755248851e+04,1.000000000000000000e+00
5.348074870066513598e-04,6.390611678150294210e+02,6.391918633545800503e+02,6.614210891496176414e-02,1.141626358935357161e-01,-9.567859886267967522e+05,2.065752486597969943e-03,2.840067183227129154e-03,4.471537452461435169e+04,5.876749286885048787e+04,1.000000000000000000e+00
5.375085349208264017e-04,6.406468030546615182e+02,6.407887840242686934e+02,6.614337590615768092e-02,1.143823645723852089e-01,-9.567517300450309413e+05,2.115277498692343973e-03,2.893439468899184925e-03,4.563088645742077642e+04,5.974541089097514487e+04,1.000000000000000000e+00
5.402095828350014436e-04,6.422317562893890681e+02,6.423831606427152110e+02,6.614465145161355086e-02,1.146021222218449320e-01,-9.567173199104293017e+05,2.166018286812290521e-03,2.998271907487924052e-03,4.656725721860406338e+04,6.163518154638196575e+04,1.000000000000000000e+00
5.429106307491763771e-04,6.438160327920245436e+02,6.439763894608737473e+02,6.614593553048281338e-02,1.148219094405469320e-01,-9.566827591369143920e+05,2.218004892380227855e-03,3.118707133414891190e-03,4.752494432073295320e+04,6.380143776927542785e+04,1.000000000000000000e+00
5.456116786633514191e-04,6.453996377928042421e+02,6.455649218887796223e+02,6.614722812203309432e-02,1.150417268214669608e-01,-9.566480486283955397e+05,2.271268066668336548e-03,3.220571563337485364e-03,4.850441395829088287e+04,6.563895793994668929e+04,1.000000000000000000e+00
5.483127265775264610e-04,6.469825764797576539e+02,6.471368014541466209e+02,6.614852920564376348e-02,1.152615749519879662e-01,-9.566131892790421844e+05,2.325839287933597656e-03,3.250823724849447299e-03,4.950614113078347145e+04,6.620878430445588310e+04,1.000000000000000000e+00
5.510137744917013945e-04,6.485648539990697827e+02,6.487082101066791893e+02,6.614983876080368641e-02,1.154814544139620702e-01,-9.565781819735408062e+05,2.381750787362081102e-03,3.281086174907371904e-03,5.053060981484448712e+04,6.677880321217695018e+04,1.000000000000000000e+00
5.537148224058764364e-04,6.501464754554390311e+02,6.502811354176775467e+02,6.615115676710903170e-02,1.157013657837718951e-01,-9.565430275873552309e+05,2.439035607576265328e-03,3.314314494046200713e-03,5.157831331551748735e+04,6.740061795161805640e+04,1.000000000000000000e+00
5.564158703200514783e-04,6.517274459124270152e+02,6.518735003036155149e+02,6.615248320426087014e-02,1.159213096323903347e-01,-9.565077269869806478e+05,2.497727783363426577e-03,3.377226360506304162e-03,5.264975528034969466e+04,6.854070854275381134e+04,1.000000000000000000e+00
5.618179661484014537e-04,6.548874534629054551e+02,6.550515882461538695e+02,6.615516138435875715e-02,1.163613003840917176e-01,-9.564367201773206471e+05,2.619436902376337008e-03,3.645118226720951617e-03,5.486487967474006291e+04,7.330587933814269491e+04,1.000000000000000000e+00
5.645190140625764956e-04,6.564665015595314799e+02,6.566344800395916081e+02,6.615651297726291014e-02,1.165813449676663394e-01,-9.564009849019227549e+05,2.682559013661429785e-03,3.758254258316481421e-03,5.601062317132014141e+04,7.532408780305850087e+04,1.000000000000000000e+00
5.672200619767514291e-04,6.580449185047507399e+02,6.582018906312201807e+02,6.615787292081649895e-02,1.168014242607657016e-01,-9.563651067925547250e+05,2.747230581062055053e-03,3.794543858478810223e-03,5.718219457513369707e+04,7.599700211199255136e+04,1.000000000000000000e+00
5.699211098909264710e-04,6.596227091615179461e+02,6.597688606945131369e+02,6.615924119521270075e-02,1.170215388081790875e-01,-9.563290866745591629e+05,2.813489660689869748e-03,3.830845708605632328e-03,5.838014441358888871e+04,7.667014297279027232e+04,1.000000000000000000e+00
5.726221578051015129e-04,6.611998783536365636e+02,6.613377782430368370e+02,6.616061778073660526e-02,1.172416891496243646e-01,-9.562929253657564986e+05,2.881374961636385887e-03,3.871273513942935247e-03,5.960503167515385576e+04,7.741455857561939047e+04,1.000000000000000000e+00
5.753232057192764464e-04,6.627764308660705410e+02,6.629257397379093391e+02,6.616200265776320255e-02,1.174618758198008733e-01,-9.562566236766818911e+05,2.950926008704985500e-03,3.945339132060078982e-03,6.085742471483875852e+04,7.873995079604935017e+04,1.000000000000000000e+00
5.780242536334514883e-04,6.643523714452493323e+02,6.645107956139901262e+02,6.616339580675521803e-02,1.176820993484413297e-01,-9.562201824108106084e+05,3.022183196577949565e-03,4.094627804216478990e-03,6.213790156664325332e+04,8.136179537975564017e+04,1.000000000000000000e+00
5.807253015476265302e-04,6.659277047993690530e+02,6.660949768106038391e+02,6.616479720826114186e-02,1.179023602603628817e-01,-9.561836023647811962e+05,3.095187815433450909e-03,4.257216955217854766e-03,6.344705009502317989e+04,8.421288374998988002e+04,1.000000000000000000e+00
5.834263494618014637e-04,6.675024355986872706e+02,6.676739651632702817e+02,6.616620684291314725e-02,1.181226590755170280e-01,-9.561468843286231859e+05,3.169982068937576142e-03,4.391776335572929700e-03,6.478546810011338675e+04,8.657972180192932137e+04,1.000000000000000000e+00
5.861273973759765056e-04,6.690765684758135876e+02,6.692371239339768181e+02,6.616762469142499492e-02,1.183429963090388976e-01,-9.561100290859605884e+05,3.246609090179174151e-03,4.435425055169164160e-03,6.615376340824503859e+04,8.737592961820114579e+04,1.000000000000000000e+00
5.888284452901515476e-04,6.706501080259942000e+02,6.707998709655005314e+02,6.616905073459015962e-02,1.185633724712953502e-01,-9.560730374142501969e+05,3.325112957135629294e-03,4.479088427458483533e-03,6.755255395729601150e+04,8.817240477519418346e+04,1.000000000000000000e+00
5.915294932043264810e-04,6.722230588073921353e+02,6.723633988139981739e+02,6.617048495327967905e-02,1.187837880679324248e-01,-9.560359100849727402e+05,3.405538708387479806e-03,4.525140550135112356e-03,6.898246788152908266e+04,8.900962289112526923e+04,1.000000000000000000e+00
5.942305411185015230e-04,6.737954253413621473e+02,6.739471763089023852e+02,6.617192732844028036e-02,1.190042435999216774e-01,-9.559986478638587287e+05,3.487932360243183386e-03,4.612473567075290118e-03,7.044414360324465088e+04,9.055064957508190128e+04,1.000000000000000000e+00
5.969315890326765649e-04,6.753672121127206083e+02,6.755282245575378965e+02,6.617337784109242338e-02,1.192247395636059359e-01,-9.559612515110860113e+05,3.572340928880357418e-03,4.779275160451761616e-03,7.193822995246096980e+04,9.343828243650624063e+04,1.000000000000000000e+00
5.996326369468514984e-04,6.769384235700113095e+02,6.771082124676269132e+02,6.617483647232823285e-02,1.194452764507438064e-01,-9.559237217814925825e+05,3.658812469883668001e-03,4.968377425565506829e-03,7.346538638435547182e+04,9.670381780193481245e+04,1.000000000000000000e+00
6.023336848610265403e-04,6.785090641257651214e+02,6.786849365969660539e+02,6.617630320330972205e-02,1.196658547485538182e-01,-9.558860594247743720e+05,3.747396178369802495e-03,5.138099894471557724e-03,7.502628353069002333e+04,9.963963872542216268e+04,1.000000000000000000e+00
6.050347327752015822e-04,6.800791381567561302e+02,6.802440516714385694e+02,6.617777801526679438e-02,1.198864749397572649e-01,-9.558482651856881566e+05,3.838142701032541595e-03,5.190714403274928994e-03,7.662160490184757509e+04,1.005829813374917721e+05,1.000000000000000000e+00
6.104368286035515576e-04,6.832176035309001918e+02,6.833611332779862551e+02,6.618075189775106393e-02,1.203278460529244309e-01,-9.557723117350945249e+05,4.026276120280752879e-03,5.295993517403645677e-03,7.991685895461215114e+04,1.024705659979434859e+05,1.000000000000000000e+00
6.158389244319015330e-04,6.863538558974331636e+02,6.865168629317710156e+02,6.618375783964931813e-02,1.207693901724401497e-01,-9.556958363942762371e+05,4.223679028854238592e-03,5.573908517043404433e-03,8.335811978825945698e+04,1.072455645326107187e+05,1.000000000000000000e+00
6.212410202602516168e-04,6.894879289713209118e+02,6.896684842368014188e+02,6.618679569324679990e-02,1.212111109988422697e-01,-9.556188449680375634e+05,4.430788499634698806e-03,6.013842806802755826e-03,8.695117189086033613e+04,1.147140306013922527e+05,1.000000000000000000e+00
6.239420681744265503e-04,6.910541588796439783e+02,6.912241492212473304e+02,6.618832649629971532e-02,1.214320372747885179e-01,-9.555801439314420568e+05,4.538155016933222499e-03,6.080314050333217486e-03,8.880726798047468765e+04,1.158813698234028707e+05,1.000000000000000000e+00
6.266431160886015922e-04,6.926198560147034868e+02,6.927790704603633003e+02,6.618986523236015940e-02,1.216530091481698161e-01,-9.555413168123388896e+05,4.648123534250772626e-03,6.143786524401353109e-03,9.070359300463781983e+04,1.169985802531663940e+05,1.000000000000000000e+00
6.320452119169515676e-04,6.957496677547471791e+02,6.959039792309064296e+02,6.619296651954152677e-02,1.220950945118496056e-01,-9.554633140938556753e+05,4.876046526969897606e-03,6.313747649073903762e-03,9.461842450248992827e+04,1.199427871654051414e+05,1.000000000000000000e+00
6.374473077453016515e-04,6.988773980947208884e+02,6.990504996820578754e+02,6.619609928053783732e-02,1.225373672820662951e-01,-9.553848123704077443e+05,5.115106561635299372e-03,6.749862032963529178e-03,9.870353669233623077e+04,1.272373422357070376e+05,1.000000000000000000e+00
6.428494035736516269e-04,7.020030785985173907e+02,7.021788697761351159e+02,6.619926337091701363e-02,1.229798308943002433e-01,-9.553058172390949912e+05,5.365816877455150888e-03,7.126186166221718313e-03,1.029654240793039207e+05,1.335421292590688390e+05,1.000000000000000000e+00
6.482514994020016023e-04,7.051267403087217644e+02,7.052811439182837603e+02,6.620245864692679560e-02,1.234224887205034316e-01,-9.552263342591512483e+05,5.628711623652883460e-03,7.279388140531563300e-03,1.074107647409960628e+05,1.361865546279902628e+05,1.000000000000000000e+00
6.536535952303516861e-04,7.082484137526803352e+02,7.084139097705276527e+02,6.620568496543996484e-02,1.238653440701031339e-01,-9.551463689573481679e+05,5.904345460009931268e-03,7.558808768306024030e-03,1.120464155462438503e+05,1.408693395330972271e+05,1.000000000000000000e+00
6.590556910587016615e-04,7.113681289483270120e+02,7.115507820083570323e+02,6.620894218390006858e-02,1.243084001909620512e-01,-9.550659268332819920e+05,6.193293862458033698e-03,8.152657097632421898e-03,1.168794111399865797e+05,1.505658902512085042e+05,1.000000000000000000e+00
6.644577868870516369e-04,7.144859154097770215e+02,7.146573622266954544e+02,6.621223016026779595e-02,1.247516602702967298e-01,-9.549850133645677706e+05,6.496153306084891978e-03,8.446701688981759701e-03,1.219169620455140976e+05,1.554460854665316874e+05,1.000000000000000000e+00
6.698598827154017207e-04,7.176018021526923576e+02,7.177558742033330645e+02,6.621554875296808973e-02,1.251951274355548593e-01,-9.549036340119284578e+05,6.813539914498734952e-03,8.644931055171714215e-03,1.271664440153419855e+05,1.587848058933835127e+05,1.000000000000000000e+00
6.725609306295766542e-04,7.191590422640457518e+02,7.193245758685991404e+02,6.621721944308329999e-02,1.254169381905757830e-01,-9.548627585819499800e+05,6.977921633303739088e-03,8.815022471620550387e-03,1.298740418778038293e+05,1.615822617296309618e+05,1.000000000000000000e+00
6.752619785437516961e-04,7.207158178164522724e+02,7.208902421901582329e+02,6.621889774393086014e-02,1.256388019314834681e-01,-9.548217694906973047e+05,7.146178998133783516e-03,9.132336621944982941e-03,1.326375013258963882e+05,1.666654929917356931e+05,1.000000000000000000e+00
6.779630264579267380e-04,7.222721323024494495e+02,7.224551009944098041e+02,6.622058363789770641e-02,1.258607190330916503e-01,-9.547806674176484812e+05,7.318396506080699498e-03,9.476635891223657987e-03,1.354578048673130688e+05,1.721677370906163123e+05,1.000000000000000000e+00
6.806640743721016715e-04,7.238279891842973939e+02,7.240172845365053718e+02,6.622227710738985695e-02,1.260826898666232432e-01,-9.547394530421501258e+05,7.494659448350289924e-03,9.793026619299113542e-03,1.383359422923853272e+05,1.772316959249893262e+05,1.000000000000000000e+00
6.833651222862767135e-04,7.253833918941226102e+02,7.255618626728384015e+02,6.622397813483114903e-02,1.263047147997334030e-01,-9.546981270435678307e+05,7.675054349623526909e-03,9.904732735900921223e-03,1.412729129997025884e+05,1.790810012307928700e+05,1.000000000000000000e+00
6.860661702004517554e-04,7.269383438340561270e+02,7.271061545464020810e+02,6.622568670266142099e-02,1.265267941965317888e-01,-9.546566901014337782e+05,7.859669113547752481e-03,1.001647594636270039e-02,1.442697267291442840e+05,1.809309232515243057e+05,1.000000000000000000e+00
6.887672181146266889e-04,7.284928483763711711e+02,7.286501629269673685e+02,6.622740279333499958e-02,1.267489284176042674e-01,-9.546151428955948213e+05,8.048593085811989178e-03,1.012825630485148475e-02,1.473274038410936482e+05,1.827814628168480122e+05,1.000000000000000000e+00
6.914682660288017308e-04,7.300469088636164088e+02,7.302112900960878505e+02,6.622912638931909013e-02,1.269711178200339519e-01,-9.545734861063556746e+05,8.241917116149787351e-03,1.031077366680890547e-02,1.504469755813880765e+05,1.857294902456665586e+05,1.000000000000000000e+00
6.943857272135537523e-04,7.317249886942495323e+02,7.319000846208914481e+02,6.623099649818535439e-02,1.272111719954697184e-01,-9.545283704456643900e+05,8.455777030814499648e-03,1.063500386583637360e-02,1.538871580025185831e+05,1.908481989089907147e+05,1.000000000000000000e+00
6.973031883983058822e-04,7.334025584874851802e+02,7.335867584728890733e+02,6.623287531984198284e-02,1.274512913959540139e-01,-9.544831285206113243e+05,8.674995758448801608e-03,1.106609167731566375e-02,1.574020879687929119e+05,1.975878787805106840e+05,1.000000000000000000e+00
7.002206495830580121e-04,7.350796223392447928e+02,7.352730991297936498e+02,6.623476283223561634e-02,1.276914764578241102e-01,-9.544377611915238667e+05,8.899693355624242047e-03,1.149731935688025862e-02,1.609931049182097777e+05,2.043297528926958621e+05,1.000000000000000000e+00
7.031381107678101421e-04,7.367561843057104625e+02,7.369387738847021865e+02,6.623665901332166650e-02,1.279317276127620862e-01,-9.543922693201651564e+05,9.129991958814094588e-03,1.165365194105425634e-02,1.646615628215422912e+05,2.068519439086194034e+05,1.000000000000000000e+00
7.060555719525622720e-04,7.384322484034989884e+02,7.386033475511869710e+02,6.623856384106194262e-02,1.281720452878217509e-01,-9.543466537699432811e+05,9.366015784581906492e-03,1.179933002333487940e-02,1.684088300663782866e+05,2.092106319328002573e+05,1.000000000000000000e+00
7.089730331373142935e-04,7.401078186098313836e+02,7.402676155052066633e+02,6.624047729342252833e-02,1.284124299054548723e-01,-9.543009154061231529e+05,9.607891220138243052e-03,1.194506034731333127e-02,1.722362898433032969e+05,2.115701689533340104e+05,1.000000000000000000e+00
7.118904943220663150e-04,7.417828988626990849e+02,7.419519136210668648e+02,6.624239934837147792e-02,1.286528818835362686e-01,-9.542550550960161490e+05,9.855747131742149947e-03,1.218576856485261914e-02,1.761453417245094024e+05,2.153712594504652661e+05,1.000000000000000000e+00
7.148079555068184449e-04,7.434574930610245929e+02,7.436367972895335470e+02,6.624432998387655425e-02,1.288934016353881218e-01,-9.542090737091943156e+05,1.010971586448657436e-02,1.259045700066787135e-02,1.801374069813809474e+05,2.215962790764137462e+05,1.000000000000000000e+00
7.206428778763227048e-04,7.468052382860341822e+02,7.470015558997683911e+02,6.624821700580418860e-02,1.293746492685914906e-01,-9.541167792242342839e+05,1.063638050799188724e-02,1.356433003381662429e-02,1.883731093516907713e+05,2.364672696284033300e+05,1.000000000000000000e+00
7.264778002458268562e-04,7.501510863206733575e+02,7.503243479568644716e+02,6.625213803981322425e-02,1.298561724831985009e-01,-9.540240071728178300e+05,1.118908521417148923e-02,1.391520780609357619e-02,1.969578374731531949e+05,2.420180387320823793e+05,1.000000000000000000e+00
7.323127226153310076e-04,7.534950669353481771e+02,7.536682086904172593e+02,6.625609290967253429e-02,1.303379744214993863e-01,-9.539307646189142251e+05,1.176894220500422639e-02,1.438354182669252315e-02,2.059032756755448063e+05,2.493049744100402750e+05,1.000000000000000000e+00
7.381476449848352675e-04,7.568372092905196951e+02,7.570294194725138368e+02,6.626008143893742652e-02,1.308200581551232089e-01,-9.538370586814222625e+05,1.237709979032316707e-02,1.544132643164737757e-02,2.152213328189823078e+05,2.651100999554164009e+05,1.000000000000000000e+00
7.439825673543395274e-04,7.601775419409432288e+02,7.603649347119236381e+02,6.626410345088067089e-02,1.313024266856331057e-01,-9.537428965402824106e+05,1.301473978157772701e-02,1.618151589947491864e-02,2.249241212140952994e+05,2.762667819591398002e+05,1.000000000000000000e+00
7.498174897238436788e-04,7.635160928396809368e+02,7.636808870084740875e+02,6.626815876842379049e-02,1.317850829450747940e-01,-9.536482854425117839e+05,1.368307713830141555e-02,1.660346956215447839e-02,2.350239481176297413e+05,2.827844374473817879e+05,1.000000000000000000e+00
7.556524120933478302e-04,7.668528893418956613e+02,7.670395316602397315e+02,6.627224721406896335e-02,1.322680297964795026e-01,-9.535532327081646072e+05,1.438335985558061858e-02,1.752204924138029557e-02,2.455333088067586068e+05,2.963706767079156707e+05,1.000000000000000000e+00
7.614873344628520901e-04,7.701879582084367257e+02,7.703899935811599562e+02,6.627636860983117384e-02,1.327512700343226881e-01,-9.534577457362316782e+05,1.511686884631678607e-02,1.878316433731407400e-02,2.564648798113092489e+05,3.147364873394101742e+05,1.000000000000000000e+00
7.673222568323563499e-04,7.735213256092251868e+02,7.737004714284215652e+02,6.628052277717089158e-02,1.332348063849402298e-01,-9.533618320104697486e+05,1.588491778702019394e-02,1.928892117667735037e-02,2.678315121201772708e+05,3.223601178823101218e+05,1.000000000000000000e+00
7.731571792018605014e-04,7.768530171264510500e+02,7.770328497398335230e+02,6.628470953692706946e-02,1.337186415069024914e-01,-9.532654991051858524e+05,1.668885292487768540e-02,1.994941664564039638e-02,2.796462243622682872e+05,3.321582663487899699e+05,1.000000000000000000e+00
7.789921015713646528e-04,7.801830577575867665e+02,7.803816708556407775e+02,6.628892870925046088e-02,1.342027779913478880e-01,-9.531687546909487573e+05,1.753005284876452824e-02,2.134957153561922727e-02,2.919221959991866606e+05,3.521005114569355501e+05,1.000000000000000000e+00
7.848270239408689126e-04,7.835114719182274712e+02,7.837055088903063051e+02,6.629318011353727003e-02,1.346872183622773167e-01,-9.530716065402672393e+05,1.840992822825401887e-02,2.235699005919053114e-02,3.046727605799527955e+05,3.665742817025130498e+05,1.000000000000000000e+00
7.906619463103731725e-04,7.868382834447661480e+02,7.870098504592560857e+02,6.629746356836320464e-02,1.351719650768097303e-01,-9.529740625332120107e+05,1.932992152539909220e-02,2.296172571104113103e-02,3.179113991154456162e+05,3.754664018761187326e+05,1.000000000000000000e+00
7.964968686798773239e-04,7.901635155969109974e+02,7.903559844359938324e+02,6.630177889141773695e-02,1.356570205254008510e-01,-9.528761306629896862e+05,2.029150668461372764e-02,2.415269436235391656e-02,3.316517336359597393e+05,3.922798044463199330e+05,1.000000000000000000e+00
8.023317910493814754e-04,7.934871910600520550e+02,7.936966197812339487e+02,6.630612589943864210e-02,1.361423870320259133e-01,-9.527778190414910205e+05,2.129618880644850235e-02,2.584733405585034130e-02,3.459075209997878992e+05,4.157867032190166647e+05,1.000000000000000000e+00
8.081667134188857352e-04,7.968093319474845657e+02,7.969959805148878331e+02,6.631050440814678648e-02,1.366280668543268240e-01,-9.526791359047912993e+05,2.234550381147028253e-02,2.656728368960420070e-02,3.606926470245016390e+05,4.261107547500932706e+05,1.000000000000000000e+00
8.140016357883899951e-04,8.001299598024959323e+02,8.003144976757890845e+02,6.631491423218120740e-02,1.371140621837254603e-01,-9.525800896186226746e+05,2.344101810081453130e-02,2.745585481954716106e-02,3.760211210155079025e+05,4.386845149772026343e+05,1.000000000000000000e+00
8.198365581578941465e-04,8.034490956003219253e+02,8.036526955176782394e+02,6.631935518503437321e-02,1.376003751455039392e-01,-9.524806886838231003e+05,2.458432822027543235e-02,2.921988113380711780e-02,3.919070707686565584e+05,4.626793643428814248e+05,1.000000000000000000e+00
8.256714805273982979e-04,8.067667597499786325e+02,8.069689679780245797e+02,6.632382707898759611e-02,1.380870077988528011e-01,-9.523809417417536024e+05,2.577706053502665587e-02,3.065156693927085022e-02,4.083647381249326281e+05,4.822434295172386337e+05,1.000000000000000000e+00
8.315064028969025578e-04,8.100829720959756060e+02,8.102627909451381356e+02,6.632832972504663915e-02,1.385739621368876628e-01,-9.522808575796991354e+05,2.702087092222093395e-02,3.150578739647412474e-02,4.254084751557875425e+05,4.941881029776989017e+05,1.000000000000000000e+00
8.373413252664068177e-04,8.133977519199141852e+02,8.135948006670713539e+02,6.633286293287755930e-02,1.390612400866356180e-01,-9.521804451362559339e+05,2.831744448878753193e-02,3.293947063197936315e-02,4.430527410572142689e+05,5.135800384995156783e+05,1.000000000000000000e+00
8.431762476359109691e-04,8.167111179419765676e+02,8.169256322261471723e+02,6.633742651074250873e-02,1.395488435089921597e-01,-9.520797135066986084e+05,2.966849532172835188e-02,3.514039879089379120e-02,4.613120998292554868e+05,5.426892805166038452e+05,1.000000000000000000e+00
8.490111700054151205e-04,8.200230883223089222e+02,8.202186683973361596e+02,6.634202026543579989e-02,1.400367741986490167e-01,-9.519786719483518973e+05,3.107576627811058784e-02,3.625925907499504691e-02,4.802012188153432799e+05,5.578619014471146511e+05,1.000000000000000000e+00
8.548460923749193804e-04,8.233336806623027542e+02,8.235212990854373629e+02,6.634664400221992886e-02,1.405250338839943713e-01,-9.518773298859432107e+05,3.254102882175174266e-02,3.741179335320466565e-02,4.997348681724671624e+05,5.734390554926641053e+05,1.000000000000000000e+00
8.606810147444236402e-04,8.266429120057752016e+02,8.268504471514600027e+02,6.635129752476165432e-02,1.410136242269849072e-01,-9.517756969169675140e+05,3.406608291330094629e-02,3.954306641374645548e-02,5.199279213388790959e+05,6.012031894155024784e+05,1.000000000000000000e+00
8.665159371139277917e-04,8.299507988400538352e+02,8.301625530920387064e+02,6.635598063506817357e-02,1.415025468229915151e-01,-9.516737828170458088e+05,3.565275696003777917e-02,4.159776966078143623e-02,5.407953565606065094e+05,6.279135924802778754e+05,1.000000000000000000e+00
8.723508594834319431e-04,8.332573570969647108e+02,8.334467623351767998e+02,6.636069313342311815e-02,1.419918032006187436e-01,-9.515715975453080609e+05,3.730290783123562520e-02,4.278323006990970845e-02,5.623522595317967935e+05,6.436779081527148373e+05,1.000000000000000000e+00
8.781857818529362029e-04,8.365626021537261749e+02,8.367633323291297529e+02,6.636543481832268832e-02,1.424813948214978532e-01,-9.514691512497662334e+05,3.901842094438533887e-02,4.440520448689996846e-02,5.846138271965036402e+05,6.648078785723621259e+05,1.000000000000000000e+00
8.840207042224404628e-04,8.398665488337483112e+02,8.400843808118157767e+02,6.637020548641132944e-02,1.429713230800548074e-01,-9.513664542727222433e+05,4.080121042694100086e-02,4.719347559335761166e-02,6.075953727513533086e+05,7.000767256539026275e+05,1.000000000000000000e+00
8.898556265919446142e-04,8.431692114073385937e+02,8.433749177546715146e+02,6.637500493241775545e-02,1.434615893032531453e-01,-9.512635171561900061e+05,4.265321935756052202e-02,4.894607999808557597e-02,6.313123318794141524e+05,7.225764830496531213e+05,1.000000000000000000e+00
8.956905489614487657e-04,8.464706035923121590e+02,8.466599676528328473e+02,6.637983294909025056e-02,1.439521947503119015e-01,-9.511603506473441375e+05,4.457642009005914618e-02,5.040094083315566770e-02,6.557802702357758535e+05,7.413883599124205066e+05,1.000000000000000000e+00
9.015254713309530255e-04,8.497707385545063516e+02,8.499813889414539290e+02,6.638468932713208204e-02,1.444431406123986572e-01,-9.510569657039953163e+05,4.657281466250377810e-02,5.289283280580173163e-02,6.810148921947389608e+05,7.725941935321816709e+05,1.000000000000000000e+00
9.073603937004572854e-04,8.530696289081959094e+02,8.532920073185730416e+02,6.638957385513641341e-02,1.449344280122987216e-01,-9.509533735001018504e+05,4.864443529305406688e-02,5.581002624443447135e-02,7.070320508574259002e+05,8.087825855463875923e+05,1.000000000000000000e+00
9.131953160699614368e-04,8.563672867164085574e+02,8.565673082836182175e+02,6.639448631952089841e-02,1.454260580040591666e-01,-9.508495854313238524e+05,5.079334496332246762e-02,5.742426304974135309e-02,7.338477593071473530e+05,8.292195919468695065e+05,1.000000000000000000e+00
9.190302384394655882e-04,8.596637234911363521e+02,8.598661018384574390e+02,6.639942650446181704e-02,1.459180315726089083e-01,-9.507456131206112914e+05,5.302163808919157367e-02,5.934679916404982103e-02,7.614782030879537342e+05,8.532857938268760918e+05,1.000000000000000000e+00
9.248651608089698481e-04,8.629589501934399323e+02,8.631793612376736746e+02,6.640439419182775360e-02,1.464103496333543086e-01,-9.506414684238410555e+05,5.533144127821051916e-02,6.264689215914405473e-02,7.899397538699029246e+05,8.934271452904376201e+05,1.000000000000000000e+00
9.307000831784741079e-04,8.662529772334405607e+02,8.664697147555526726e+02,6.640938916111267798e-02,1.469030130317500460e-01,-9.505371634355129208e+05,5.772491417190598467e-02,6.528749758837797124e-02,8.192489842526096618e+05,9.256972137467254652e+05,1.000000000000000000e+00
9.365350055479782594e-04,8.695458144701979109e+02,8.697405015059473499e+02,6.641441118936823595e-02,1.473960225428452842e-01,-9.504327104944871971e+05,6.020425037060985612e-02,6.716034543574397886e-02,8.494226836470202543e+05,9.488535399956057081e+05,1.000000000000000000e+00
9.423699279174824108e-04,8.728374712114658678e+02,8.730505596958187198e+02,6.641946005113553986e-02,1.478893788708053048e-01,-9.503281221897896612e+05,6.277167843773066858e-02,6.993014020218119020e-02,8.804778751640096307e+05,9.823317571859345771e+05,1.000000000000000000e+00
9.482048502869866707e-04,8.761279562133223635e+02,8.763578882051903065e+02,6.642453551837605719e-02,1.483830826484074383e-01,-9.502234113664746983e+05,6.542946297979322645e-02,7.381456925330749652e-02,9.124318334277594695e+05,1.028568605161228450e+06,1.000000000000000000e+00
9.540397726564908221e-04,8.794172776796682456e+02,8.796286500245878415e+02,6.642963736040150002e-02,1.488771344365119043e-01,-9.501185911315588746e+05,6.817990579805549567e-02,7.613708012743834741e-02,9.453021032219053013e+05,1.056548218619052554e+06,1.000000000000000000e+00
9.598746950259949735e-04,8.827054432615883570e+02,8.829078733539416817e+02,6.643476534380290954e-02,1.493715347235067270e-01,-9.500136748600200517e+05,7.102534710710262100e-02,7.847910501738840361e-02,9.791065188676606631e+05,1.084686557700010017e+06,1.000000000000000000e+00
9.657096173954992334e-04,8.859924600565689161e+02,8.862148609428373902e+02,6.643991923237857478e-02,1.498662839247265621e-01,-9.499086762008655351e+05,7.396816681549375772e-02,8.221318063628735295e-02,1.013863224225157173e+06,1.128554085165156284e+06,1.000000000000000000e+00
9.715445397650033848e-04,8.892783346075649433e+02,8.895067895813702989e+02,6.644509878706082728e-02,1.503613823818447659e-01,-9.498036090832817135e+05,7.701078586334175746e-02,8.602154856604025956e-02,1.049590693203131901e+06,1.173136353845677571e+06,1.000000000000000000e+00
9.773794621345075363e-04,8.925630729019120508e+02,8.927694698531321364e+02,6.645030376584160070e-02,1.508568303622386808e-01,-9.496984877228611149e+05,8.015566761161331544e-02,8.849060941787009749e-02,1.086307750656933291e+06,1.202268015120816883e+06,1.000000000000000000e+00
9.832143845040117961e-04,8.958466803700756600e+02,8.960616272356312493e+02,6.645553392369667189e-02,1.513526280583273598e-01,-9.495933266278987285e+05,8.340531927798208733e-02,9.142535889324998610e-02,1.124033593552057398e+06,1.236598389531161869e+06,1.000000000000000000e+00
9.890493068735158391e-04,8.991291618842298021e+02,8.993607970920093067e+02,6.646078901250855597e-02,1.518487755868814792e-01,-9.494881406057855347e+05,8.676229341422064811e-02,9.616837451532733727e-02,1.162787812269216636e+06,1.291087274917107541e+06,1.000000000000000000e+00
9.948842292430200990e-04,9.024105217566636838e+02,9.026339763379692158e+02,6.646606878098776372e-02,1.523452729883046919e-01,-9.493829447694713017e+05,9.022918942044169666e-02,9.969260974066977699e-02,1.202590411928486312e+06,1.331658107076186920e+06,1.000000000000000000e+00
1.000719151612524359e-03,9.056907637380027154e+02,9.058926958163996233e+02,6.647137297459261573e-02,1.528421202258861689e-01,-9.492777545440205140e+05,9.380865509194988294e-02,1.025105734328070062e-01,1.243461833614178933e+06,1.364168516306563281e+06,1.000000000000000000e+00
1.006554073982028619e-03,9.089698910152454800e+02,9.091941604052168486e+02,6.647670133544737736e-02,1.533393171850239711e-01,-9.491725856732495595e+05,9.750338819519741018e-02,1.066645558693925522e-01,1.285422975390919717e+06,1.411404976122640306e+06,1.000000000000000000e+00
1.012388996351532879e-03,9.122479062096050484e+02,9.124887524503584473e+02,6.648205360225867278e-02,1.538368636724179450e-01,-9.490674542264385382e+05,1.013161380703061776e-01,1.119610766926040918e-01,1.328495213014575886e+06,1.471251642157701775e+06,1.000000000000000000e+00
1.018223918721036922e-03,9.155248113741521365e+02,9.157434793367471002e+02,6.648742951023002556e-02,1.543347594152331137e-01,-9.489623766051515704e+05,1.052497072592076532e-01,1.151713639187544741e-01,1.372700420265235705e+06,1.507537973837184720e+06,1.000000000000000000e+00
1.024058841090540965e-03,9.188006079912539690e+02,9.190146756429727475e+02,6.649282879097466459e-02,1.548330040602311219e-01,-9.488573695501136826e+05,1.093069531610452588e-01,1.186690259312567081e-01,1.418060988867619308e+06,1.546941474434694508e+06,1.000000000000000000e+00
1.029893763460045224e-03,9.220752969698032757e+02,9.223084465257719557e+02,6.649825117242633143e-02,1.553315971728711775e-01,-9.487524501481850166e+05,1.134907897216484718e-01,1.239495847417255298e-01,1.464599848035283852e+06,1.605808286527874414e+06,1.000000000000000000e+00
1.035728685829549484e-03,9.253488786422325347e+02,9.255847987217828177e+02,6.650369637874811723e-02,1.558305382363783242e-01,-9.486476358394131530e+05,1.178041891765324867e-01,1.290131829277846309e-01,1.512340483822846552e+06,1.662082942982793553e+06,1.000000000000000000e+00
1.041563608199053744e-03,9.286213527613105043e+02,9.288354001658026391e+02,6.650916413023925944e-02,1.563298266507794909e-01,-9.485429444241634337e+05,1.222501839057665018e-01,1.326408939478464222e-01,1.561306958834216930e+06,1.702247551121236989e+06,1.000000000000000000e+00
1.047398530568558004e-03,9.318927184967141102e+02,9.321185658001620595e+02,6.651465414323995406e-02,1.568294617319064832e-01,-9.484383940703298431e+05,1.268318686033388654e-01,1.369571188329994360e-01,1.611523933920402080e+06,1.749841361798107857e+06,1.000000000000000000e+00
1.053233452938062264e-03,9.351629744313718220e+02,9.354050001280082824e+02,6.652016613003383649e-02,1.573294427103649196e-01,-9.483340033206132939e+05,1.315524035652788082e-01,1.434169789830000985e-01,1.663016697323514847e+06,1.820707848277877085e+06,1.000000000000000000e+00
1.059068375307566524e-03,9.384321185575685149e+02,9.386633261378784709e+02,6.652569979874858874e-02,1.578297687304674457e-01,-9.482297910998938605e+05,1.364150225717607468e-01,1.481960385029704730e-01,1.715811221931222826e+06,1.872804177680122666e+06,1.000000000000000000e+00
1.064903297677070567e-03,9.417001482727920347e+02,9.419129392297570575e+02,6.653125485325400712e-02,1.583304388491271752e-01,-9.481257767226607539e+05,1.414230610452502646e-01,1.523391940659847565e-01,1.769934337482273579e+06,1.917771424037185963e+06,1.000000000000000000e+00
1.073669072869613741e-03,9.466075970201949303e+02,9.468503318218851064e+02,6.653963988414399178e-02,1.590832413997089190e-01,-9.479699583363083657e+05,1.492259350999408651e-01,1.617315278144059176e-01,1.853782729344303720e+06,2.019463199520685012e+06,1.000000000000000000e+00
1.082434848062157132e-03,9.515125112163244694e+02,9.517391446097595917e+02,6.654807141121066305e-02,1.598368135212537289e-01,-9.478146928053314332e+05,1.573760185302972292e-01,1.697298344636925804e-01,1.940783052416611463e+06,2.105217349898057524e+06,1.000000000000000000e+00
1.091200623254700306e-03,9.564148743421083054e+02,9.566504015880196903e+02,6.655654837484557829e-02,1.605911508739421012e-01,-9.476600508287188131e+05,1.658852828675347335e-01,1.780595756354598214e-01,2.031032864595845575e+06,2.194082777626717463e+06,1.000000000000000000e+00
1.099966398447243480e-03,9.613146667302640935e+02,9.615584767334036087e+02,6.656506969109288185e-02,1.613462486426286979e-01,-9.475061052827710519e+05,1.747661204587371286e-01,1.887201855209692802e-01,2.124633453745612409e+06,2.307609597953369841e+06,1.000000000000000000e+00
1.108732173639786871e-03,9.662118655230352715e+02,9.664362847667846381e+02,6.657363425078564878e-02,1.621021015267528065e-01,-9.473529312793050194e+05,1.840313192385002461e-01,1.967063004547539296e-01,2.221689642858876381e+06,2.391328148389721289e+06,1.000000000000000000e+00
1.117497948832330045e-03,9.711064446272389432e+02,9.713587562243662887e+02,6.658224091866288274e-02,1.628587037298088180e-01,-9.472006062240344472e+05,1.936940681976835332e-01,2.086767401174462744e-01,2.322309771712168120e+06,2.517694073343043681e+06,1.000000000000000000e+00
1.126263724024873219e-03,9.759983746667095375e+02,9.762265532091334990e+02,6.659088853246933337e-02,1.636160489483790559e-01,-9.470492098749714205e+05,2.037679666179934568e-01,2.179431554107976454e-01,2.426605696199800819e+06,2.613710296568537131e+06,1.000000000000000000e+00
1.135029499217416610e-03,9.808876229321961091e+02,9.811325790028724896e+02,6.659957590204064470e-02,1.643741303607241244e-01,-9.468988244006896857e+05,2.142670333492217860e-01,2.289820356042296945e-01,2.534692781546305865e+06,2.728414685131373815e+06,1.000000000000000000e+00
1.143795274409960001e-03,9.857741533287789935e+02,9.860192761349932198e+02,6.660830180837648551e-02,1.651329406149276702e-01,-9.467495344383131014e+05,2.252057153812538626e-01,2.412812399830334131e-01,2.646689885358487722e+06,2.855774314323990606e+06,1.000000000000000000e+00
1.152561049602503175e-03,9.906579263208783459e+02,9.908940056756056265e+02,6.661706500270472842e-02,1.658924718165913359e-01,-9.466014271510647377e+05,2.365988953986478960e-01,2.513634737740289005e-01,2.762719330909914337e+06,2.958368065564084798e+06,1.000000000000000000e+00
1.161326824795046349e-03,9.955388988749285772e+02,9.958006629841080439e+02,6.662586420553982813e-02,1.666527155160767992e-01,-9.464545922852552030e+05,2.484618980721211012e-01,2.665008126541807965e-01,2.882906874192169402e+06,3.114857727603772655e+06,1.000000000000000000e+00
1.170092599987589740e-03,1.000417024399801676e+03,1.000646703126337002e+03,6.663469810573866003e-02,1.674136626952942852e-01,-9.463092594709687401e+05,2.608104930421144552e-01,2.771149590108881178e-01,3.007381013066271786e+06,3.221036928882343695e+06,1.000000000000000000e+00
1.178858375180132914e-03,1.005292252630190205e+03,1.005546806384548518e+03,6.664356535957531580e-02,1.681753037540499318e-01,-9.461653647324412595e+05,2.736609022298541749e-01,2.914728258294676522e-01,3.136274835995520465e+06,3.367130372876167763e+06,1.000000000000000000e+00
1.187624150372676088e-03,1.010164528016859322e+03,1.010410919477909715e+03,6.665246458978280053e-02,1.689376284963765573e-01,-9.460231909383998718e+05,2.870297958378160152e-01,3.055852706103103777e-01,3.269723046322093811e+06,3.509251172106523998e+06,1.000000000000000000e+00
1.196389925565219479e-03,1.015033790607026162e+03,1.015281483174999948e+03,6.666139438464963041e-02,1.697006261165602270e-01,-9.458827863626545295e+05,3.009342954661313740e-01,3.182965877684512113e-01,3.407864197272827383e+06,3.635586546949395910e+06,1.000000000000000000e+00
1.205155700757762653e-03,1.019899976706162192e+03,1.020163269677896665e+03,6.667035329711104574e-02,1.704642851842726736e-01,-9.457441995186614804e+05,3.153919690855275793e-01,3.363847829242160303e-01,3.550839790680218488e+06,3.818497240602124948e+06,1.000000000000000000e+00
1.213921475950305827e-03,1.024763018808956758e+03,1.024997379078778295e+03,6.667933984385887580e-02,1.712285936290754984e-01,-9.456074791792718461e+05,3.304208252098693732e-01,3.493685113740138126e-01,3.698794159355510492e+06,3.945110096761008725e+06,1.000000000000000000e+00
1.222687251142849218e-03,1.029622845528768039e+03,1.029886960714653696e+03,6.668835250447675833e-02,1.719935387245025704e-01,-9.454726743957416620e+05,3.460393044048657440e-01,3.677843753149772077e-01,3.851874330625785980e+06,4.129326574350018054e+06,1.000000000000000000e+00
1.231453026335392392e-03,1.034479381525708050e+03,1.034726538877325083e+03,6.669738972060500204e-02,1.727591070717351129e-01,-9.453398345159897581e+05,3.622662680162918036e-01,3.838020273912580715e-01,4.010229874069609214e+06,4.286068046930306591e+06,1.000000000000000000e+00
1.240218801527935566e-03,1.039332547433518585e+03,1.039589788746749718e+03,6.670644989514080969e-02,1.735252845828855750e-01,-9.452090092020790325e+05,3.791209840420743382e-01,4.005094852970699781e-01,4.174012735268151388e+06,4.449512539028031752e+06,1.000000000000000000e+00
1.248984576720478957e-03,1.044182259785395900e+03,1.044445904998659444e+03,6.671553139147869127e-02,1.742920564639101888e-01,-9.450802484469074989e+05,3.966231101121139302e-01,4.210945086968926332e-01,4.343377056877540424e+06,4.652670470599919558e+06,1.000000000000000000e+00
1.257750351913022131e-03,1.049028430938934434e+03,1.049275072573861962e+03,6.672463253279670159e-02,1.750594071971725008e-01,-9.449536025901035173e+05,4.147926735810733012e-01,4.371199807120605407e-01,4.518478988178481348e+06,4.805859914520250633e+06,1.000000000000000000e+00
1.266516127105565305e-03,1.053870969000362493e+03,1.054144696687546684e+03,6.673375160139349838e-02,1.758273205236835224e-01,-9.448291223330919165e+05,4.336500487808414572e-01,4.603940349232413798e-01,4.699476484273523092e+06,5.035112185637095943e+06,1.000000000000000000e+00
1.275281902298108696e-03,1.058709777748242459e+03,1.058957083026926284e+03,6.674288683808177192e-02,1.765957794250463397e-01,-9.447068587533483515e+05,4.532159315184343118e-01,4.782555766172760237e-01,4.886529096173360944e+06,5.204622520784314722e+06,1.000000000000000000e+00
1.284047677490652087e-03,1.063544756556814946e+03,1.063811703971580300e+03,6.675203644164363903e-02,1.773647661051363511e-01,-9.445868633178104647e+05,4.735113109374081697e-01,5.000030184851241843e-01,5.079797753065183759e+06,5.414660488350078464e+06,1.000000000000000000e+00
1.292813452683195261e-03,1.068375800319166501e+03,1.068639167175632110e+03,6.676119856835255328e-02,1.781342619715496345e-01,-9.444691878954581916e+05,4.945574388793949061e-01,5.230886876750898695e-01,5.279444538008085452e+06,5.636689934027398005e+06,1.000000000000000000e+00
1.301579227875738435e-03,1.073202799370398679e+03,1.073462299798948152e+03,6.677037133156776827e-02,1.789042476168564155e-01,-9.443538847690593684e+05,5.163757968733592163e-01,5.427335923890791447e-01,5.485632458008348942e+06,5.821439341330536641e+06,1.000000000000000000e+00
1.310345003068281826e-03,1.078025639410973781e+03,1.078305100318212681e+03,6.677955280140573935e-02,1.796747027996955515e-01,-9.442410066460815724e+05,5.389880608146822016e-01,5.713696212842478417e-01,5.698525208544440567e+06,6.098813109817757271e+06,1.000000000000000000e+00
1.319110778260825000e-03,1.082844201430419389e+03,1.083090907734987923e+03,6.678874100449394557e-02,1.804456064257509706e-01,-9.441306066687739221e+05,5.624160632082565447e-01,5.914955825066645634e-01,5.918286930195080116e+06,6.284590524384970777e+06,1.000000000000000000e+00
1.327876553453368174e-03,1.087658361631563139e+03,1.087935021891261158e+03,6.679793392381162820e-02,1.812169365286508960e-01,-9.440227384234197671e+05,5.866817523915542898e-01,6.197402984425993688e-01,6.145081948396959342e+06,6.554571453972378746e+06,1.000000000000000000e+00
1.336642328645911565e-03,1.092467991355491449e+03,1.092730092792642381e+03,6.680712949862245564e-02,1.819886702508355936e-01,-9.439174559487699298e+05,6.118071471599593192e-01,6.451049537237784071e-01,6.379074468767948449e+06,6.791855310866094194e+06,1.000000000000000000e+00
1.345408103838454739e-03,1.097272957007442528e+03,1.097543193226136509e+03,6.681632562450420809e-02,1.827607838244418303e-01,-9.438148137436709367e+05,6.378142838830607175e-01,6.704495462946082895e-01,6.620428143826994114e+06,7.028064040509655140e+06,1.000000000000000000e+00
1.352980396700575322e-03,1.101419845711136531e+03,1.101701988934149085e+03,6.682426836579077878e-02,1.834280571480298994e-01,-9.437283089776937850e+05,6.610088858412173085e-01,6.994088739898548512e-01,6.834989424446864054e+06,7.303335185340210795e+06,1.000000000000000000e+00
1.360552689562696121e-03,1.105563057198060733e+03,1.105816701099432066e+03,6.683220849722802670e-02,1.840955791395754715e-01,-9.436438531243999023e+05,6.848923419046444305e-01,7.199006697775791608e-01,7.055272936428005807e+06,7.489279399140723050e+06,1.000000000000000000e+00
1.368124982424816704e-03,1.109702496172614019e+03,1.109979436300116959e+03,6.684014458315355733e-02,1.847633327660321845e-01,-9.435614821744633373e+05,7.094788743349262905e-01,7.471791343899779614e-01,7.281383825711309910e+06,7.744785484824967571e+06,1.000000000000000000e+00
1.375697275286937287e-03,1.113838064440129074e+03,1.114115656129510398e+03,6.684807516411037098e-02,1.854313004478269356e-01,-9.434812323867626255e+05,7.347826508143378010e-01,7.759941265329636240e-01,7.513426565429209732e+06,8.013756523325541057e+06,1.000000000000000000e+00
1.383269568149057870e-03,1.117969660873498469e+03,1.118228761272018801e+03,6.685599875709788420e-02,1.860994640498510877e-01,-9.434031402904430870e+05,7.608177657666033156e-01,7.985355364662775068e-01,7.751504940899638459e+06,8.217098445794204250e+06,1.000000000000000000e+00
1.390841861011178453e-03,1.122097181381191604e+03,1.122381316520016526e+03,6.686391385587259206e-02,1.867678048726343076e-01,-9.433272426864090376e+05,7.875982260466145579e-01,8.308297952640688600e-01,7.995722000940197147e+06,8.519075592098578811e+06,1.000000000000000000e+00
1.398414153873299036e-03,1.126220518874803020e+03,1.126493637286865578e+03,6.687181893129627575e-02,1.874363036434750496e-01,-9.432535766488361405e+05,8.151379370341800268e-01,8.591072890220602387e-01,8.246179994456224144e+06,8.777852016746087000e+06,1.000000000000000000e+00
1.405986446735419618e-03,1.130339563238062965e+03,1.130609529771851385e+03,6.687971243173553015e-02,1.881049405077804548e-01,-9.431821795260964427e+05,8.434506890637947230e-01,8.844801105828028476e-01,8.502980302309952676e+06,9.006617909045403823e+06,1.000000000000000000e+00
1.413558739597540201e-03,1.134454201296312021e+03,1.134745318351759124e+03,6.688759278351161242e-02,1.887736950204901842e-01,-9.431130889413966797e+05,8.725501444800758399e-01,9.222066211926893686e-01,8.766223368800288066e+06,9.358350081744374707e+06,1.000000000000000000e+00
1.421131032459660784e-03,1.138564316786763129e+03,1.138832480766658591e+03,6.689545839140188799e-02,1.894425461376383346e-01,-9.430463427930652397e+05,9.024498255605646335e-01,9.493880789284765420e-01,9.036008634589871392e+06,9.601479927011091262e+06,1.000000000000000000e+00
1.428703325321781367e-03,1.142669790329427997e+03,1.142948589076094777e+03,6.690330763919315193e-02,1.901114722080347597e-01,-9.429819792544527445e+05,9.331631034246647971e-01,9.793945582108990466e-01,9.312434471336612478e+06,9.872897714155796915e+06,1.000000000000000000e+00
1.436275618183901950e-03,1.146770499398864786e+03,1.147062022902728586e+03,6.691113889028772743e-02,1.907804509650971037e-01,-9.429200367734706961e+05,9.647031880127383552e-01,1.019671767325112111e+00,9.595598117936948314e+06,1.024466632943001762e+07,1.000000000000000000e+00
1.443847911046022532e-03,1.150866318296614963e+03,1.151129520636957295e+03,6.691895048836246640e-02,1.914494595188131476e-01,-9.428605540717055555e+05,9.970831191405077343e-01,1.046916668020160257e+00,9.885595617639338598e+06,1.048414129086726159e+07,1.000000000000000000e+00
1.451420203908143115e-03,1.154957118124488034e+03,1.155242949451669347e+03,6.692674075808145717e-02,1.921184743478630552e-01,-9.428035701431372436e+05,1.030315758634650969e+00,1.083875497488598683e+00,1.018252175539237633e+07,1.082011100037143193e+07,1.000000000000000000e+00
1.458992496770263915e-03,1.159042766758557036e+03,1.159328796298349516e+03,6.693450800586223104e-02,1.927874712918779265e-01,-9.427491242523799883e+05,1.064413783490850696e+00,1.122996704975707472e+00,1.048646999431735463e+07,1.117494950226006284e+07,1.000000000000000000e+00
1.466564789632384498e-03,1.163123128824026480e+03,1.163391479599487639e+03,6.694225052069643911e-02,1.934564255438637470e-01,-9.426972559324612375e+05,1.099389680016830351e+00,1.153044314205982523e+00,1.079753241046787240e+07,1.143871200548870862e+07,1.000000000000000000e+00
1.474137082494505081e-03,1.167198065670832875e+03,1.167490878973964755e+03,6.694996657502454152e-02,1.941253116427640590e-01,-9.426480049820834538e+05,1.135255738871426612e+00,1.197174923344256126e+00,1.111579962465763465e+07,1.184014865682505630e+07,1.000000000000000000e+00
1.481709375356625880e-03,1.171267435350144751e+03,1.171547603872523723e+03,6.695765442566523062e-02,1.947941034661896109e-01,-9.426014114623281639e+05,1.172024050965280839e+00,1.234375661814854475e+00,1.144136073062007129e+07,1.217106264077796228e+07,1.000000000000000000e+00
1.489281668218746463e-03,1.175331092591620973e+03,1.175610949441186904e+03,6.696531231479931068e-02,1.954627742232856180e-01,-9.425575156927601201e+05,1.209706504177077591e+00,1.268153309841105969e+00,1.177430321862924658e+07,1.246812767198726162e+07,1.000000000000000000e+00
1.496853961080867046e-03,1.179388888781602418e+03,1.179688573890736507e+03,6.697293847100840858e-02,1.961312964477648357e-01,-9.425163582468921086e+05,1.248314780976638172e+00,1.319750368273068464e+00,1.211471289474404603e+07,1.293654701853735745e+07,1.000000000000000000e+00
1.504426253942987629e-03,1.183440671942098334e+03,1.183714903025853573e+03,6.698053111036803009e-02,1.967996419910743033e-01,-9.424779799469345016e+05,1.287860357156647151e+00,1.353905776008863970e+00,1.246267379662983492e+07,1.323288803366287984e+07,1.000000000000000000e+00
1.511998546805108212e-03,1.187486286710746072e+03,1.187774513760351283e+03,6.698808843759566922e-02,1.974677820157223485e-01,-9.424424218577889260e+05,1.328354502226376077e+00,1.395145756762684819e+00,1.281826810990881175e+07,1.359802596530136280e+07,1.000000000000000000e+00
1.519570839667228794e-03,1.191525574321604608e+03,1.191821814594907437e+03,6.699560864725283282e-02,1.981356869887321848e-01,-9.424097252801997820e+05,1.369808282409092470e+00,1.446990672435845893e+00,1.318157609362006187e+07,1.406293367226647772e+07,1.000000000000000000e+00
1.527143132529349377e-03,1.195558372586956466e+03,1.195826477492719732e+03,6.700308992500138283e-02,1.988033266752437522e-01,-9.423799317429921357e+05,1.412232567677797368e+00,1.481943117138641686e+00,1.355267603413706273e+07,1.436335860185576230e+07,1.000000000000000000e+00
1.534715425391469960e-03,1.199584515879952505e+03,1.199879549844853955e+03,6.701053044891303045e-02,1.994706701322254971e-01,-9.423530829942791024e+05,1.455638043205305099e+00,1.533328480563167728e+00,1.393164426559565030e+07,1.482117403878032789e+07,1.000000000000000000e+00
1.542287718253590543e-03,1.203603835118220331e+03,1.203893233560708723e+03,6.701792839083053899e-02,2.001376857023109412e-01,-9.423292209915296407e+05,1.500035216139594230e+00,1.581879020314855167e+00,1.431855532458451204e+07,1.524914830640705489e+07,1.000000000000000000e+00
1.549860011115711126e-03,1.207616157748153000e+03,1.207896273724447383e+03,6.702528191777645805e-02,2.008043410077229862e-01,-9.423083878903711447e+05,1.545434357651716439e+00,1.621292674314379845e+00,1.471348231606710888e+07,1.558926413644455373e+07,1.000000000000000000e+00
1.557432303977831708e-03,1.211621307729796627e+03,1.211923133069369442e+03,6.703258919339678823e-02,2.014706029443736057e-01,-9.422906260322474409e+05,1.591845081471877643e+00,1.681745927819880526e+00,1.511649744847509451e+07,1.612730244596206024e+07,1.000000000000000000e+00
1.572576889702072874e-03,1.219609621205191161e+03,1.219900734773709701e+03,6.704705991707847479e-02,2.028018589945484451e-01,-9.422645059379582526e+05,1.687687267781663003e+00,1.771673085855660190e+00,1.594658501863792352e+07,1.690513707538693026e+07,1.000000000000000000e+00
1.587721475426314257e-03,1.227567096662318590e+03,1.227842604569214927e+03,6.706132450978592729e-02,2.041311287935040908e-01,-9.422511332202373305e+05,1.787679095831554710e+00,1.878561822346936694e+00,1.680966915204403177e+07,1.783615135466143861e+07,1.000000000000000000e+00
1.601952016283241485e-03,1.235014793074137060e+03,1.235314054231452474e+03,6.707452696530483149e-02,2.053780941265362092e-01,-9.422504897042505909e+05,1.885484400148730089e+00,1.992630417141946442e+00,1.765115271590407193e+07,1.883318927146581933e+07,1.000000000000000000e+00
1.616182557140168497e-03,1.242432587498449720e+03,1.242732762285869512e+03,6.708752240872568884e-02,2.066227975649444493e-01,-9.422616943262611749e+05,1.987060869529971630e+00,2.095225429807632267e+00,1.852240035145140812e+07,1.971752294660107046e+07,1.000000000000000000e+00
1.630413097997095509e-03,1.249819119615752015e+03,1.250100779820863409e+03,6.710029894081671886e-02,2.078649785112017256e-01,-9.422850327814194607e+05,2.092451177067058410e+00,2.198251663420281332e+00,1.942362230367799476e+07,2.060029921047834679e+07,1.000000000000000000e+00
1.644643638854022521e-03,1.257172985249991143e+03,1.257466494878261074e+03,6.711284483409923896e-02,2.091043667808144546e-01,-9.423207903738748282e+05,2.201690602635884009e+00,2.324157585969373940e+00,2.035494972975958884e+07,2.168834958619539812e+07,1.000000000000000000e+00
1.658874179710949533e-03,1.264492736583089709e+03,1.264799765171043646e+03,6.712514858001303319e-02,2.103406825372274858e-01,-9.423692512126931688e+05,2.314805475615550279e+00,2.449122741599040420e+00,2.131642334176543728e+07,2.276168080710685253e+07,1.000000000000000000e+00
1.673104720567876545e-03,1.271776882512275051e+03,1.272071364319746635e+03,6.713719893787684079e-02,2.115736362471340448e-01,-9.424306973016178235e+05,2.431811533441792683e+00,2.556002063859914575e+00,2.230798077474882081e+07,2.366616607352069020e+07,1.000000000000000000e+00
1.687335261424803556e-03,1.279023889169764061e+03,1.279310814448706196e+03,6.714898498543414584e-02,2.128029286602550196e-01,-9.425054075171069708e+05,2.552712076485748049e+00,2.691376038564773587e+00,2.332944292381479964e+07,2.482111045785732195e+07,1.000000000000000000e+00
1.701565802281730568e-03,1.286232180625810770e+03,1.286541120332796936e+03,6.716049617073145683e-02,2.140282508181648446e-01,-9.425936564709413797e+05,2.677495934853374671e+00,2.838632341214361254e+00,2.438049950043542683e+07,2.607798109724863619e+07,1.000000000000000000e+00
1.715796343138657580e-03,1.293400139797084421e+03,1.293701849590721395e+03,6.717172236502438887e-02,2.152492840972170529e-01,-9.426957132555475691e+05,2.806135278492052798e+00,2.960422947886068190e+00,2.546069404370075092e+07,2.710182477442692593e+07,1.000000000000000000e+00
1.730026883995584592e-03,1.300526109582845265e+03,1.300806669012120437e+03,6.718265391634797856e-02,2.164657002910062578e-01,-9.428118400723483646e+05,2.938583306654061644e+00,3.094698122378622962e+00,2.656940862883748114e+07,2.822986441129597276e+07,1.000000000000000000e+00
1.744257424852511604e-03,1.307608394251449681e+03,1.307909209862715670e+03,6.719328170332797279e-02,2.176771617380922619e-01,-9.429422907455132809e+05,3.074771850721717215e+00,3.255675209605886522e+00,2.770584850101515278e+07,2.958951117357025295e+07,1.000000000000000000e+00
1.758487965709438616e-03,1.314645261099382651e+03,1.314953203795405898e+03,6.720359718874928390e-02,2.188833215009098887e-01,-9.430873091257967753e+05,3.214608907757731338e+00,3.405087935090330920e+00,2.886902676346241310e+07,3.084141082837310433e+07,1.000000000000000000e+00
1.772718506566365627e-03,1.321634942404509957e+03,1.321928857485164826e+03,6.721359247234606760e-02,2.200838236019421468e-01,-9.432471273915726924e+05,3.357976080891202919e+00,3.539283157568987814e+00,3.005774889778055251e+07,3.195546950351351127e+07,1.000000000000000000e+00
1.786949047423292639e-03,1.328575637695215846e+03,1.328867896447379280e+03,6.722326034224969382e-02,2.212783033234497765e-01,-9.434219642572394805e+05,3.504725912703743340e+00,3.706136980432654049e+00,3.127059578665640950e+07,3.334552782138353214e+07,1.000000000000000000e+00
1.801179588280219651e-03,1.335465516359648063e+03,1.335778422620466472e+03,6.723259432459809115e-02,2.224663875772281418e-01,-9.436120231025648536e+05,3.654680335573424976e+00,3.885085677399445547e+00,3.250590024457979575e+07,3.483557875009977818e+07,1.000000000000000000e+00
1.808294858708683157e-03,1.338890656492511880e+03,1.339178389180174918e+03,6.723713371795529692e-02,2.230578812917671239e-01,-9.437128204427312594e+05,3.730821128642331175e+00,3.943499187845498799e+00,3.313150999786849320e+07,3.531170287734726816e+07,1.000000000000000000e+00
1.815410129137146663e-03,1.342302374413832240e+03,1.342605065590393906e+03,6.724158726169296441e-02,2.236476301534175981e-01,-9.438175014823243255e+05,3.807684602168726062e+00,4.025272157595765954e+00,3.376201554514647275e+07,3.598835468613495678e+07,1.000000000000000000e+00
1.822556808164088517e-03,1.345715403642127967e+03,1.346023454103127278e+03,6.724597346049901447e-02,2.242381767275380966e-01,-9.439265745929909172e+05,3.885582618619892070e+00,4.128008725871132434e+00,3.439995902359326184e+07,3.683913648912298679e+07,1.000000000000000000e+00
1.829703487191030589e-03,1.349114412996590318e+03,1.349397440987285790e+03,6.725027192979506074e-02,2.248268637756790922e-01,-9.440396055175173096e+05,3.964143728659910160e+00,4.187527987790163664e+00,3.504227531178733706e+07,3.732159172938629985e+07,1.000000000000000000e+00
1.836850166217972660e-03,1.352499160644619451e+03,1.352804788570222399e+03,6.725448219150466367e-02,2.254136409344991154e-01,-9.441566121068444336e+05,4.043332005908328419e+00,4.283579338269702497e+00,3.568865411115365475e+07,3.811482234375209361e+07,1.000000000000000000e+00
1.843996845244914515e-03,1.355869403717499381e+03,1.356172455123822374e+03,6.725860382504733614e-02,2.259984574483319963e-01,-9.442776107326662168e+05,4.123109234324561889e+00,4.377422014216135970e+00,3.633876808233346045e+07,3.888544052842166275e+07,1.000000000000000000e+00
1.851143524271856369e-03,1.359224898448178237e+03,1.359512330413163454e+03,6.726263646828939402e-02,2.265812621928396942e-01,-9.444026162246775348e+05,4.203434883895360130e+00,4.441746717137589506e+00,3.699227310625033826e+07,3.940752989863929898e+07,1.000000000000000000e+00
1.858290203298798441e-03,1.362565400315005945e+03,1.362873808971640074e+03,6.726657981839902212e-02,2.271620037000511294e-01,-9.445316418080655858e+05,4.284266113391639763e+00,4.548582241440284335e+00,3.764880847208657861e+07,4.028568740483471751e+07,1.000000000000000000e+00
1.865436882325740512e-03,1.365890664191402493e+03,1.366188711917925957e+03,6.727043363259900544e-02,2.277406301848124426e-01,-9.446646990414658794e+05,4.365557780004298394e+00,4.632173726742038866e+00,3.830799704489463568e+07,4.096570532199283689e+07,1.000000000000000000e+00
1.872583561352682367e-03,1.369200444501220545e+03,1.369494663889281128e+03,6.727419772880885440e-02,2.283170895726115979e-01,-9.448017977555855177e+05,4.447262453105107483e+00,4.701699159845827758e+00,3.896944544848883152e+07,4.152930435072088242e+07,1.000000000000000000e+00
1.879730240379624221e-03,1.372494495379808995e+03,1.372805624605543471e+03,6.727787198617181386e-02,2.288913295287986482e-01,-9.449429459926853888e+05,4.529330432777696203e+00,4.817883812390141962e+00,3.963274428331360221e+07,4.247846317291965336e+07,1.000000000000000000e+00
1.886876919406566292e-03,1.375772570840503022e+03,1.376065672005606075e+03,6.728145634545976139e-02,2.294632974891548660e-01,-9.450881499471182469e+05,4.611709774402887874e+00,4.890504399444905559e+00,4.029746839180172235e+07,4.306411038931426406e+07,1.000000000000000000e+00
1.894023598433508364e-03,1.379034424946543140e+03,1.379334649327356374e+03,6.728495080935267825e-02,2.300329406918308617e-01,-9.452374139071609825e+05,4.694346320060654776e+00,4.967106700336699987e+00,4.096317717721264809e+07,4.368569741458176821e+07,1.000000000000000000e+00
1.901170277460450218e-03,1.382279811988086067e+03,1.382592767285763102e+03,6.728835544258648937e-02,2.306002062105941275e-01,-9.453907401982931187e+05,4.777183737468521763e+00,5.090267945988126819e+00,4.162941498071084917e+07,4.468639577651146799e+07,1.000000000000000000e+00
1.908316956487392073e-03,1.385508486664295788e+03,1.385796634915486948e+03,6.729167037196745471e-02,2.311650409894033253e-01,-9.455481291282010498e+05,4.860163566705518967e+00,5.151775181126688530e+00,4.229571151822157204e+07,4.517709304959691316e+07,1.000000000000000000e+00
1.915463635514334144e-03,1.388720204270108070e+03,1.389022918096033663e+03,6.729489578624724133e-02,2.317273918782342124e-01,-9.457095789336033631e+05,4.943225275069504931e+00,5.241277194339970968e+00,4.296158237917932123e+07,4.590139589379350096e+07,1.000000000000000000e+00
1.922610314541276216e-03,1.391914720887633848e+03,1.392222828342960838e+03,6.729803193585853771e-02,2.322872056701715260e-01,-9.458750857291991124e+05,5.026306320071883604e+00,5.353655474526221703e+00,4.362652958698029816e+07,4.680873816077296436e+07,1.000000000000000000e+00
1.929756993568218070e-03,1.395091793581731281e+03,1.395375107811692033e+03,6.730107913250624185e-02,2.328444291396759014e-01,-9.460446434588733828e+05,5.109342220741909024e+00,5.414952273159824081e+00,4.429004222204788774e+07,4.729636626784079522e+07,1.000000000000000000e+00
1.936903672595159925e-03,1.398251180599687814e+03,1.398556294465387055e+03,6.730403774861508370e-02,2.333990090820362573e-01,-9.462182438494007802e+05,5.192266637127137763e+00,5.516696489616858656e+00,4.495159710636617988e+07,4.811664841483966261e+07,1.000000000000000000e+00
1.944050351622101996e-03,1.401392641574471099e+03,1.401696011392825312e+03,6.730690821663032342e-02,2.339508923539007634e-01,-9.463958763667721068e+05,5.275011458061422687e+00,5.616600699307662481e+00,4.561065954957871884e+07,4.891712255410933495e+07,1.000000000000000000e+00
1.951197030649044067e-03,1.404515937731478743e+03,1.404801899442214790e+03,6.730969102817344063e-02,2.345000259148927180e-01,-9.465775281753819436e+05,5.357506897014770786e+00,5.680288221456737396e+00,4.626668415475650877e+07,4.942282502825848013e+07,1.000000000000000000e+00
1.958343709675985922e-03,1.407620832098172968e+03,1.407928252671395057e+03,6.731238673305078857e-02,2.350463568701903205e-01,-9.467631841002291767e+05,5.439681596019056542e+00,5.790624233615782046e+00,4.691911568323769420e+07,5.030824831068142503e+07,1.000000000000000000e+00
1.965490388702927776e-03,1.410707089716517203e+03,1.411005938855816112e+03,6.731499593811854365e-02,2.355898325140707850e-01,-9.469528265923102153e+05,5.521462737425638423e+00,5.877869091931883005e+00,4.756738997595474869e+07,5.100248172288151085e+07,1.000000000000000000e+00
1.972637067729869631e-03,1.413774477857537022e+03,1.414065961136006536e+03,6.731751930600331224e-02,2.361304003742836777e-01,-9.471464356973611284e+05,5.602776163418070610e+00,5.945283524877463144e+00,4.821093492998972535e+07,5.153815599481717497e+07,1.000000000000000000e+00
1.979783746756811486e-03,1.416822766237909491e+03,1.417132310983947718e+03,6.731995755368323786e-02,2.366680082572505395e-01,-9.473439890281344997e+05,5.683546502983188198e+00,6.060734994277132692e+00,4.884917152714227140e+07,5.245855936646433175e+07,1.000000000000000000e+00
1.986930425783753774e-03,1.419851727237847626e+03,1.420146100362533389e+03,6.732231145093020563e-02,2.372026042939405499e-01,-9.475454617403151933e+05,5.763697306196006842e+00,6.134706110596296114e+00,4.948151491264787316e+07,5.304238470431900769e+07,1.000000000000000000e+00
1.994077104810696062e-03,1.422861136120172432e+03,1.423157439416854913e+03,6.732458181861952773e-02,2.377341369864161280e-01,-9.477508265122851590e+05,5.843151185478632215e+00,6.204798720298819958e+00,5.010737552029220015e+07,5.359858626182078570e+07,1.000000000000000000e+00
2.001223783837637916e-03,1.425850771249785794e+03,1.426162063501820739e+03,6.732676952690920535e-02,2.382625552548841008e-01,-9.479600535287793027e+05,5.921829963634853478e+00,6.324171739111680068e+00,5.072616024161709100e+07,5.454446585142761469e+07,1.000000000000000000e+00
2.008370462864579771e-03,1.428820414313440324e+03,1.429110523558075784e+03,6.732887549329628907e-02,2.387878084852444738e-01,-9.481731104686661856e+05,5.999654828306118404e+00,6.385688628637124609e+00,5.133727363513370603e+07,5.502692372205507755e+07,1.000000000000000000e+00
2.015517141891521626e-03,1.431769850538961919e+03,1.432069146335550158e+03,6.733090068055404276e-02,2.393098465769578631e-01,-9.483899624968578573e+05,6.076546492649447018e+00,6.461509440682459804e+00,5.194011917303106934e+07,5.562778804360485077e+07,1.000000000000000000e+00
2.022663820918463480e-03,1.434698868913831120e+03,1.435009768222422281e+03,6.733284609455857106e-02,2.398286199912221806e-01,-9.486105722605417250e+05,6.152425361977742924e+00,6.576349505544250462e+00,5.253410052104285359e+07,5.653271815482237935e+07,1.000000000000000000e+00
2.029810499945405335e-03,1.437607262402231981e+03,1.437893245805809784e+03,6.733471278200990617e-02,2.403440797992673628e-01,-9.488348998897603014e+05,6.227211706387826062e+00,6.628641077391132619e+00,5.311862284799693525e+07,5.693953103526704758e+07,1.000000000000000000e+00
2.036957178972347189e-03,1.440494828160487941e+03,1.440795351530402286e+03,6.733650182805718531e-02,2.408561777307561824e-01,-9.490629030024597887e+05,6.300825839630762815e+00,6.710131856580475507e+00,5.369309415796503425e+07,5.758260521381282061e+07,1.000000000000000000e+00
2.044103857999289477e-03,1.443361367749954752e+03,1.443668710621771197e+03,6.733821435383442744e-02,2.413648662220877206e-01,-9.492945367140049348e+05,6.373188304302683349e+00,6.813256439552113797e+00,5.425692664662239701e+07,5.839097300615738332e+07,1.000000000000000000e+00
2.051785521161778210e-03,1.446418830918968069e+03,1.446699015435661295e+03,6.733997104893216235e-02,2.419077803985120734e-01,-9.495475053785372293e+05,6.449482399527698639e+00,6.865634039637604324e+00,5.485045385733853281e+07,5.879632125816121697e+07,1.000000000000000000e+00
2.059467184324266509e-03,1.449451546272053974e+03,1.449755533030520610e+03,6.734164216925660196e-02,2.424466448404661856e-01,-9.498045511816733051e+05,6.524141351690564861e+00,6.964503627568812583e+00,5.543030203445083648e+07,5.957330076449511945e+07,1.000000000000000000e+00
2.067148847486754808e-03,1.452459286075329828e+03,1.452758021985621781e+03,6.734322922499820507e-02,2.429814036019667944e-01,-9.500656088610986480e+05,6.597068710144379011e+00,7.049062528571404584e+00,5.599576821553970873e+07,6.023137514027944207e+07,1.000000000000000000e+00
2.074830510649243107e-03,1.455441829606542569e+03,1.455730299337912811e+03,6.734473375972470366e-02,2.435120019443343664e-01,-9.503306099314772291e+05,6.668169352190498778e+00,7.105978821774764143e+00,5.654616238768183440e+07,6.067430032869083434e+07,1.000000000000000000e+00
2.082512173811731405e-03,1.458398963432078517e+03,1.458707405095959984e+03,6.734615734640686524e-02,2.440383864027084460e-01,-9.505994827320721233e+05,6.737349738235219654e+00,7.210631506573998095e+00,5.708080947482428700e+07,6.149028335523328930e+07,1.000000000000000000e+00
2.090193836974219704e-03,1.461330481675432338e+03,1.461620828511311856e+03,6.734750158340158110e-02,2.445605048513591062e-01,-9.508721524813019205e+05,6.804518177468059648e+00,7.268900800298203180e+00,5.759905126246415824e+07,6.193949525352643430e+07,1.000000000000000000e+00
2.097875500136708003e-03,1.464236186276928265e+03,1.464532419634318558e+03,6.734876809041170920e-02,2.450783065677388795e-01,-9.511485413383352570e+05,6.869585094989101748e+00,7.330872970944199096e+00,5.810024827077851444e+07,6.242284330953423679e+07,1.000000000000000000e+00
2.105557163299196302e-03,1.467115887243351608e+03,1.467425031034440053e+03,6.734995850443810383e-02,2.455917422949573936e-01,-9.514285684714870295e+05,6.932463296660014151e+00,7.431275042069533932e+00,5.858378157899189740e+07,6.319988571285563707e+07,1.000000000000000000e+00
2.113238826461684601e-03,1.469969402887377100e+03,1.470251224154661259e+03,6.735107447574423256e-02,2.461007643026288383e-01,-9.517121501334235072e+05,6.993068229716566719e+00,7.469916937194692963e+00,5.904905459448818117e+07,6.349431601839824021e+07,1.000000000000000000e+00
2.120920489624172900e-03,1.472796560055479404e+03,1.473096153314998901e+03,6.735211766384861798e-02,2.466053264457748195e-01,-9.519991997428516624e+05,7.051318237604862205e+00,7.541920268046358622e+00,5.949549475979029387e+07,6.405394567112883180e+07,1.000000000000000000e+00
2.128602152786661199e-03,1.475597194344307582e+03,1.475898798442960015e+03,6.735308973356496365e-02,2.471053842217438290e-01,-9.522896279726820067e+05,7.107134807724984960e+00,7.617803410481695181e+00,5.992255518820896000e+07,6.463764662091833353e+07,1.000000000000000000e+00
2.136283815949149498e-03,1.478371150304252296e+03,1.478650086169148835e+03,6.735399235110495209e-02,2.476008948248350494e-01,-9.525833428442982258e+05,7.160442810723194995e+00,7.653151886676942794e+00,6.032971622106277943e+07,6.490629248104154319e+07,1.000000000000000000e+00
2.143965479111637797e-03,1.481118281630288266e+03,1.481420938909299593e+03,6.735482718026250537e-02,2.480918171986038478e-01,-9.528802498277703999e+05,7.211170730133212636e+00,7.728874325050905547e+00,6.071648689788161963e+07,6.549177397741386294e+07,1.000000000000000000e+00
2.151647142274126095e-03,1.483838451338883260e+03,1.484133234865376380e+03,6.735559587869330289e-02,2.485781120855443116e-01,-9.531802519478133181e+05,7.259250881038635583e+00,7.782846650828020962e+00,6.108240633335074037e+07,6.590343955973315239e+07,1.000000000000000000e+00
2.159328805436614394e-03,1.486531531931162135e+03,1.486816023956541130e+03,6.735630009430712550e-02,2.490597420741459955e-01,-9.534832498951079324e+05,7.304619616690557926e+00,7.817416189444432284e+00,6.142704499344273657e+07,6.616795797448010743e+07,1.000000000000000000e+00
2.167010468599103127e-03,1.489197405541194030e+03,1.489502514829666779e+03,6.735694146178537733e-02,2.495366716430326703e-01,-9.537891421426687157e+05,7.347217521847992927e+00,7.889788065192250954e+00,6.175000586558123678e+07,6.672209570134424418e+07,1.000000000000000000e+00
2.174692131761591860e-03,1.491835964069703778e+03,1.492124718632315535e+03,6.735752159923936999e-02,2.500088672022016678e-01,-9.540978250670740381e+05,7.386989591885518180e+00,7.924437723767281838e+00,6.205092551651024818e+07,6.698281031168267131e+07,1.000000000000000000e+00
2.182373794924080158e-03,1.494447109302163426e+03,1.494736677453360016e+03,6.735804210501998568e-02,2.504762971310881547e-01,-9.544091930740539683e+05,7.423885396602489806e+00,7.957019935523185872e+00,6.232947503396620601e+07,6.723263501743693650e+07,1.000000000000000000e+00
2.190055458086568457e-03,1.497030753011681327e+03,1.497338176069349856e+03,6.735850455469212517e-02,2.509389318134966351e-01,-9.547231387282337528e+05,7.457859227943616887e+00,8.022726461978079371e+00,6.258536084719119221e+07,6.773168859619753063e+07,1.000000000000000000e+00
2.197737121249056756e-03,1.499586817045738144e+03,1.499870295211556822e+03,6.735891049818250320e-02,2.513967436691443846e-01,-9.550395528865176020e+05,7.488870230737827427e+00,8.040476685921397859e+00,6.281832542374470830e+07,6.786216928048312664e+07,1.000000000000000000e+00
2.205418784411545055e-03,1.502115233397312750e+03,1.502406646705739604e+03,6.735926145711162993e-02,2.518497071818844302e-01,-9.553583248348697089e+05,7.516882515870889847e+00,8.070564541351153309e+00,6.302814783909045905e+07,6.809332695412369072e+07,1.000000000000000000e+00
2.213100447574033354e-03,1.504615944259540584e+03,1.504921769258635777e+03,6.735955892231626496e-02,2.522977989243744834e-01,-9.556793424279548926e+05,7.541865255195260076e+00,8.122492413572325987e+00,6.321464421781350672e+07,6.848548792445196211e+07,1.000000000000000000e+00
2.220782110736521653e-03,1.507088902064571585e+03,1.507367145845802042e+03,6.735980435157078172e-02,2.527409975792886954e-01,-9.560024922313973075e+05,7.563792757811951262e+00,8.129055122291855895e+00,6.337766804434671998e+07,6.853027512089483440e+07,1.000000000000000000e+00
2.228463773899009952e-03,1.509534069505875095e+03,1.509825723320602947e+03,6.735999916751085614e-02,2.531792839568614562e-01,-9.563276596660659416e+05,7.582644527231501286e+00,8.154954281180774700e+00,6.351711034331735969e+07,6.872781645190635324e+07,1.000000000000000000e+00
2.236145437061498251e-03,1.511951419544769578e+03,1.512253405011923405e+03,6.736014475576566907e-02,2.536126410088875849e-01,-9.566547291541664163e+05,7.598405299267261270e+00,8.190858406723185325e+00,6.363289972854106873e+07,6.899628075697274506e+07,1.000000000000000000e+00
2.243827100223986550e-03,1.514340935400536637e+03,1.514615395033356890e+03,6.736024246329946896e-02,2.540410538389966666e-01,-9.569835842665393138e+05,7.611065060368704671e+00,8.190246727857410036e+00,6.372500232151591778e+07,6.898576754324401915e+07,1.000000000000000000e+00
2.251508763386474848e-03,1.516702610525008595e+03,1.516993994127178439e+03,6.736029359696590890e-02,2.544645097093511943e-01,-9.573141078709152061e+05,7.620619046494985227e+00,8.209102881396773910e+00,6.379342153860462457e+07,6.912786168632076681e+07,1.000000000000000000e+00
2.259190426548963147e-03,1.519036448561090310e+03,1.519336635923233189e+03,6.736029942227389489e-02,2.548829980436151388e-01,-9.576461822805644479e+05,7.627067722645680448e+00,8.231862114362991534e+00,6.383819774646437168e+07,6.929215822431726754e+07,1.000000000000000000e+00
2.266872089711451446e-03,1.521342463286217026e+03,1.521614961652360080e+03,6.736026116236609740e-02,2.552965104263686946e-01,-9.579796894030764233e+05,7.630416744332736201e+00,8.223945967993783412e+00,6.385940778011569381e+07,6.922635163552846014e+07,1.000000000000000000e+00
2.274553752873939745e-03,1.523620678540321251e+03,1.523911076253832789e+03,6.736017999720694815e-02,2.557050405988421371e-01,-9.583145108886966482e+05,7.630676905325269210e+00,8.233266704979618211e+00,6.385716430749647319e+07,6.929579392400392890e+07,1.000000000000000000e+00
2.282235416036428044e-03,1.525871128139423945e+03,1.526169873044308360e+03,6.736005706298034412e-02,2.561085844511654663e-01,-9.586505282779705012e+05,7.627864089016997085e+00,8.243780923949348249e+00,6.383161497963584214e+07,6.936751333577045798e+07,1.000000000000000000e+00
2.289917079198916777e-03,1.528093855774588519e+03,1.528364676005306819e+03,6.735989345169589304e-02,2.565071400110097710e-01,-9.589876231478829868e+05,7.621999293806993592e+00,8.228587656864386091e+00,6.378294109102465212e+07,6.924757705039267242e+07,1.000000000000000000e+00
2.298938850336430979e-03,1.530669028249679741e+03,1.530959770469910382e+03,6.735965071799904225e-02,2.569688573482411531e-01,-9.593847483999022515e+05,7.611255001079991978e+00,8.227893518698275344e+00,6.369658593699011952e+07,6.923882664332121611e+07,1.000000000000000000e+00
2.307960621473945616e-03,1.533206149107773172e+03,1.533494851245819746e+03,6.735935497384151760e-02,2.574237000825573829e-01,-9.597830059373552212e+05,7.596385952079552695e+00,8.219139723985895429e+00,6.357904204644377530e+07,6.916443349838119745e+07,1.000000000000000000e+00
2.316982392611459819e-03,1.535705339830583171e+03,1.535977420812056380e+03,6.735900775275661945e-02,2.578716761141860436e-01,-9.601822058517364785e+05,7.577450666958601921e+00,8.196629600821623285e+00,6.343077907656624913e+07,6.898941036323678493e+07,1.000000000000000000e+00
2.326004163748974021e-03,1.538166739549479871e+03,1.538463091281107381e+03,6.735861050493362201e-02,2.583127972423669982e-01,-9.605821594640823314e+05,7.554516218633743563e+00,8.186106541734481823e+00,6.325232240187533200e+07,6.889848113059337437e+07,1.000000000000000000e+00
2.335025934886488224e-03,1.540590504662980038e+03,1.540866989431378670e+03,6.735816459845023196e-02,2.587470791008547599e-01,-9.609826796252921922e+05,7.527657672305491765e+00,8.157069433493264299e+00,6.304425128546096385e+07,6.866960232251892984e+07,1.000000000000000000e+00
2.344047706024002427e-03,1.542976808425067702e+03,1.543257270388682628e+03,6.735767132091835530e-02,2.591745410857412280e-01,-9.613835810066662962e+05,7.496957648187375867e+00,8.129604638102289726e+00,6.280719620888519287e+07,6.845649119944864511e+07,1.000000000000000000e+00
2.353069477161516630e-03,1.545325840507085331e+03,1.545622980779156705e+03,6.735713188150216357e-02,2.595952062762537649e-01,-9.617846803805618547e+05,7.462505885101931469e+00,8.102776594282492084e+00,6.254183586651714891e+07,6.823794591354574263e+07,1.000000000000000000e+00
2.362091248299030832e-03,1.547637806534098445e+03,1.547903642032089692e+03,6.735654741327004591e-02,2.600091013487446090e-01,-9.621857968902126886e+05,7.424398784333375190e+00,8.060971223668316199e+00,6.224889396703332663e+07,6.791521506589558721e+07,1.000000000000000000e+00
2.371113019436545035e-03,1.549912927598739088e+03,1.550196656767320064e+03,6.735591897584673748e-02,2.604162564845265981e-01,-9.625867523083151318e+05,7.382738933700595751e+00,8.024104767248037007e+00,6.192913590468279272e+07,6.763107498567628860e+07,1.000000000000000000e+00
2.380134790574059238e-03,1.552151439753607974e+03,1.552438606733802317e+03,6.735524755832955623e-02,2.608167052718120549e-01,-9.629873712835026672e+05,7.337634615145629979e+00,7.980918211712456412e+00,6.158336534073214233e+07,6.729382493701812625e+07,1.000000000000000000e+00
2.389156561711573441e-03,1.554353593485304145e+03,1.554612783633740491e+03,6.735453408243560758e-02,2.612104846024344007e-01,-9.633874815743978834e+05,7.289199300060445808e+00,7.932525209540716382e+00,6.121242072427733988e+07,6.692244901845071465e+07,1.000000000000000000e+00
2.398178332849087643e-03,1.556519653171235859e+03,1.556805014585468143e+03,6.735377940584418022e-02,2.615976345636411016e-01,-9.637869142705026316e+05,7.237551135984650941e+00,7.883734691409039819e+00,6.081717177889303118e+07,6.653772492274694145e+07,1.000000000000000000e+00
2.407200103986601846e-03,1.558649896522264044e+03,1.558930499703865280e+03,6.735298432570241411e-02,2.619781983256491698e-01,-9.641855039997877320e+05,7.182812428481561540e+00,7.829277658631209391e+00,6.039851597714011371e+07,6.611211893742089719e+07,1.000000000000000000e+00
2.416221875124116049e-03,1.560744614012352940e+03,1.561005723697838221e+03,6.735214958225929638e-02,2.623522220252670900e-01,-9.645830891223327490e+05,7.125109121298532244e+00,7.774781380867167080e+00,5.995737502453105152e+07,6.569598628329298645e+07,1.000000000000000000e+00
2.425243646261630252e-03,1.562804108298203118e+03,1.563088549112429519e+03,6.735127586259795351e-02,2.627197546462728406e-01,-9.649795119100423763e+05,7.064570277959289157e+00,7.712408376903619356e+00,5.949469137065966427e+07,6.520954562287367880e+07,1.000000000000000000e+00
2.434265417399144454e-03,1.564828693630021235e+03,1.565103619352577198e+03,6.735036380443351622e-02,2.630808478968562070e-01,-9.653746187119442038e+05,7.001327567059156820e+00,7.648967563543167536e+00,5.901142476375938207e+07,6.471734925599242002e+07,1.000000000000000000e+00
2.443287188536658657e-03,1.566818695256284173e+03,1.567079027576236967e+03,6.734941399994927302e-02,2.634355560847986277e-01,-9.657682601051805541e+05,6.935514753200577864e+00,7.588139866592443994e+00,5.850854885863943398e+07,6.425016818435181677e+07,1.000000000000000000e+00
2.452308959674172860e-03,1.568774448823602370e+03,1.569057397868776889e+03,6.734842699964188606e-02,2.637839359906968273e-01,-9.661602910313642351e+05,6.867267194072709025e+00,7.514066569351461666e+00,5.798704788112850487e+07,6.366975664229746163e+07,1.000000000000000000e+00
2.461330730811687063e-03,1.570696299774406953e+03,1.570968959551544458e+03,6.734740331615263198e-02,2.641260467398794942e-01,-9.665505709184834268e+05,6.796721342996963955e+00,7.443388590271901251e+00,5.744791333555126935e+07,6.312129528042866290e+07,1.000000000000000000e+00
2.470352501949201265e-03,1.572584602743520236e+03,1.572841826841108741e+03,6.734634342806149199e-02,2.644619496733172648e-01,-9.669389637881413801e+05,6.724014254070868724e+00,7.377163065656635155e+00,5.689214071362870932e+07,6.261252046424250305e+07,1.000000000000000000e+00
2.479374273086715468e-03,1.574439720956253268e+03,1.574719170219265152e+03,6.734524778362907527e-02,2.647917082181543424e-01,-9.673253383483253419e+05,6.649283087399062708e+00,7.293818442174496930e+00,5.632072610081976652e+07,6.196058410481256992e+07,1.000000000000000000e+00
2.488396044224229671e-03,1.576262025629186155e+03,1.576534080185816720e+03,6.734411680447688342e-02,2.651153877581582385e-01,-9.677095680713780457e+05,6.572664625599756505e+00,7.215466171726678368e+00,5.573466243504566699e+07,6.135354892733971030e+07,1.000000000000000000e+00
2.497417815361744307e-03,1.578051895376520179e+03,1.578302089784151576e+03,6.734295088921606054e-02,2.654330555046794382e-01,-9.680915312568659429e+05,6.494294902499341049e+00,7.145518771826343318e+00,5.513493477082506567e+07,6.081877486899838597e+07,1.000000000000000000e+00
2.506439586499258510e-03,1.579809715624071941e+03,1.580082100127669491e+03,6.734175041707365916e-02,2.657447803682519982e-01,-9.684711110770624364e+05,6.414309522030011479e+00,7.056594991992047206e+00,5.452251236986277252e+07,6.012505328650484979e+07,1.000000000000000000e+00
2.524483128774287349e-03,1.583230474178472150e+03,1.583476228327801664e+03,6.733924712035760374e-02,2.663506233548886826e-01,-9.692227526100286050e+05,6.250086424306472210e+00,6.896010390811058599e+00,5.326335966672394425e+07,5.887699356425017864e+07,1.000000000000000000e+00
2.542526671049315755e-03,1.586527997745225775e+03,1.586805963631936493e+03,6.733661025188041049e-02,2.669335985264280620e-01,-9.699636273695664713e+05,6.080972964901361522e+00,6.704361119867941810e+00,5.196494619829126447e+07,5.737553583509427309e+07,1.000000000000000000e+00
2.560570213324344160e-03,1.589705553546474675e+03,1.589959759108418893e+03,6.733384247588440619e-02,2.674943047767462945e-01,-9.706929851507723797e+05,5.907982631628113879e+00,6.549902084358918408e+00,5.063462427592130005e+07,5.618487046841573715e+07,1.000000000000000000e+00
2.578613755599372566e-03,1.592766464568936954e+03,1.593025574139225682e+03,6.733094641542569647e-02,2.680333564127094226e-01,-9.714101543117733672e+05,5.732085177292637113e+00,6.351854880460196640e+00,4.927943775340693444e+07,5.463015619540557265e+07,1.000000000000000000e+00
2.590968689163908149e-03,1.594796984295328230e+03,1.595046138143600047e+03,6.732889085472261448e-02,2.683903277183756764e-01,-9.718938599192467518e+05,5.610420112971093332e+00,6.242750655318247688e+00,4.834074955231171846e+07,5.378194180839385837e+07,1.000000000000000000e+00
2.603323622728444166e-03,1.596775425595349361e+03,1.597047648880733504e+03,6.732677715759294301e-02,2.687376320789529593e-01,-9.723713862533274805e+05,5.488104516719201520e+00,6.085757430691946190e+00,4.739559666810247302e+07,5.254416618252854049e+07,1.000000000000000000e+00
2.615678556292980184e-03,1.598702879064498120e+03,1.598944517374505267e+03,6.732460622005648210e-02,2.690754744082430316e-01,-9.728425786820848007e+05,5.365404377217476650e+00,5.980983613731757131e+00,4.644593550885215402e+07,5.172999211186110973e+07,1.000000000000000000e+00
2.628033489857515767e-03,1.600580436425990683e+03,1.600834660884943105e+03,6.732237897298980200e-02,2.694040604968725994e-01,-9.733072987678364152e+05,5.242571657131234630e+00,5.851188430300614307e+00,4.549363519859307259e+07,5.070874281399983913e+07,1.000000000000000000e+00
2.640388423422051350e-03,1.602409188577212944e+03,1.602670651739812001e+03,6.732009638740879542e-02,2.697235965712245220e-01,-9.737654238295819378e+05,5.119844448023324723e+00,5.705210607958163038e+00,4.454046979090739787e+07,4.955308038149903715e+07,1.000000000000000000e+00
2.652743356986587368e-03,1.604190223747033770e+03,1.604421633722265597e+03,6.731775947848253616e-02,2.700342888769424188e-01,-9.742168464795693289e+05,4.997446723501477450e+00,5.604451234613037514e+00,4.358811516377162188e+07,4.876562445127087086e+07,1.000000000000000000e+00
2.665098290551123385e-03,1.605924625767444240e+03,1.606180165880574123e+03,6.731536930847129008e-02,2.703363432874751338e-01,-9.746614741326299263e+05,4.875588206311515904e+00,5.458548406409431841e+00,4.263814782732634246e+07,4.760973912022139877e+07,1.000000000000000000e+00
2.677453224115658968e-03,1.607613472458836441e+03,1.607865795948348705e+03,6.731292698869835445e-02,2.706299649376113781e-01,-9.750992284900289960e+05,4.754464367482171383e+00,5.325847005198833806e+00,4.169204477430132031e+07,4.655860263541376591e+07,1.000000000000000000e+00
2.689808157680194552e-03,1.609257834128994546e+03,1.609489728884174383e+03,6.731043368064290600e-02,2.709153578821184571e-01,-9.755300450014112284e+05,4.634256532645620652e+00,5.224657040270504815e+00,4.075118404278690368e+07,4.576038784867379069e+07,1.000000000000000000e+00
2.702163091244730569e-03,1.610858772183356677e+03,1.611112158711988513e+03,6.730789059622971360e-02,2.711927247790696383e-01,-9.759538723082392244e+05,4.515132075734440420e+00,5.075125652168995138e+00,3.981684584419799596e+07,4.457088592394404858e+07,1.000000000000000000e+00
2.714518024809266586e-03,1.612417337845250586e+03,1.612664689123010476e+03,6.730529899739158550e-02,2.714622665976327287e-01,-9.763706716727893800e+05,4.397244686347406173e+00,4.949452027944983179e+00,3.889021417172764987e+07,4.357131398096088320e+07,1.000000000000000000e+00
2.726872958373802169e-03,1.613934570982747118e+03,1.614162363804993447e+03,6.730266019497727070e-02,2.717241823496546749e-01,-9.767804163961394224e+05,4.280734699944545696e+00,4.852423477388413176e+00,3.797237882892820984e+07,4.280116484494180232e+07,1.000000000000000000e+00
2.739227891938337753e-03,1.615411499039894579e+03,1.615659437894033317e+03,6.729997554707840834e-02,2.719786688445668954e-01,-9.771830912289919797e+05,4.165729481752611818e+00,4.707182760249316367e+00,3.706433782445503026e+07,4.164001644361655414e+07,1.000000000000000000e+00
2.751582825502873770e-03,1.616849136068339931e+03,1.617095331741869813e+03,6.729724645684664885e-02,2.722259204667711319e-01,-9.775786917784754187e+05,4.052343855885446544e+00,4.579554827505785575e+00,3.616700008353537321e+07,4.061767097493189573e+07,1.000000000000000000e+00
2.763937759067409787e-03,1.618248481856405078e+03,1.618468711530168775e+03,6.729447436987118225e-02,2.724661289748511184e-01,-9.779672239143128973e+05,3.940680571920630371e+00,4.491982390033125938e+00,3.528118842733255029e+07,3.991676901256205887e+07,1.000000000000000000e+00
2.776292692631945370e-03,1.619610521151189005e+03,1.619850796582995372e+03,6.729166077118356459e-02,2.726994833216496161e-01,-9.783487031770914327e+05,3.830830801512140837e+00,4.359339860004661560e+00,3.440764277454454452e+07,3.884958357867995650e+07,1.000000000000000000e+00
2.788647626196480954e-03,1.620936222970283552e+03,1.621184984332480099e+03,6.728880718195436039e-02,2.729261694944334349e-01,-9.787231541914900299e+05,3.722874658254526459e+00,4.218727066093823197e+00,3.354702352075583115e+07,3.771698973680141568e+07,1.000000000000000000e+00
2.801002559761016971e-03,1.622226539998416911e+03,1.622451783527915495e+03,6.728591515594239958e-02,2.731463703741160431e-01,-9.790906100867488421e+05,3.616881734418071481e+00,4.136817212657976306e+00,3.269991505483721942e+07,3.705492953623715043e+07,1.000000000000000000e+00
2.813357493325552988e-03,1.623482408065317031e+03,1.623711833218176253e+03,6.728298627575347857e-02,2.733602656126849495e-01,-9.794511119267269969e+05,3.512911648816939181e+00,4.035264602332400585e+00,3.186682937365630269e+07,3.623445878719686717e+07,1.000000000000000000e+00
2.825712426890088572e-03,1.624704745700025114e+03,1.624949423414979719e+03,6.728002214896162958e-02,2.735680315277754238e-01,-9.798047081513422308e+05,3.411014600525203999e+00,3.887963505682254350e+00,3.104820976041679457e+07,3.504074652268283069e+07,1.000000000000000000e+00
2.838067360454624155e-03,1.625894453757807014e+03,1.626128031269799521e+03,6.727702440414165541e-02,2.737698410135057103e-01,-9.801514540312482277e+05,3.311231923788483300e+00,3.792937867010443220e+00,3.024443449436980858e+07,3.426603357758070529e+07,1.000000000000000000e+00
2.850422294019160172e-03,1.627052415114943415e+03,1.627268119953648466e+03,6.727399468685740791e-02,2.739658634665180226e-01,-9.804914111370977480e+05,3.213596639939408917e+00,3.715740738805963339e+00,2.945582056360023096e+07,3.363444816765767336e+07,1.000000000000000000e+00
2.862777227583696189e-03,1.628179494427540249e+03,1.628411304586346205e+03,6.727093465564590313e-02,2.741562647263422470e-01,-9.808246468248073943e+05,3.118134002698091489e+00,3.596167985006630818e+00,2.868262735509696230e+07,3.266137031416239962e+07,1.000000000000000000e+00
2.875132161148231773e-03,1.629276537949792782e+03,1.629519549023421177e+03,6.726784597803345256e-02,2.743412070290586202e-01,-9.811512337377261138e+05,3.024862033696415153e+00,3.461942834264838176e+00,2.792506030006793141e+07,3.156879737826228142e+07,1.000000000000000000e+00
2.887487094712767356e-03,1.630344373407944659e+03,1.630569233924133641e+03,6.726473032661532681e-02,2.745208489733995672e-01,-9.814712493267284008e+05,2.933792045553655914e+00,3.393551079016505767e+00,2.718327445480379835e+07,3.099943020578208938e+07,1.000000000000000000e+00
2.899842028277303373e-03,1.631383809925605647e+03,1.631600373135071322e+03,6.726158937522690173e-02,2.746953454983205312e-01,-9.817847753887857543e+05,2.844929150252271111e+00,3.318319054636706067e+00,2.645737800079298019e+07,3.037586445620016381e+07,1.000000000000000000e+00
2.912196961841839390e-03,1.632395637996847881e+03,1.632626031255619409e+03,6.725842479523037876e-02,2.748648478712222842e-01,-9.820918976246364182e+05,2.758272750991659361e+00,3.201862634157167431e+00,2.574743564999959990e+07,2.942134766058970243e+07,1.000000000000000000e+00
2.924551895406374974e-03,1.633380629503031287e+03,1.633619099265899422e+03,6.725523825193707728e-02,2.750295036859209397e-01,-9.823927052158165025e+05,2.673817016055075158e+00,3.081991991955460808e+00,2.505347194415606186e+07,2.843908140628018230e+07,1.000000000000000000e+00
2.936906828970910557e-03,1.634339537770007382e+03,1.634561197949833513e+03,6.725203140118249379e-02,2.751894568696034438e-01,-9.826872904213642469e+05,2.591551333596843421e+00,3.021491105785864661e+00,2.437547443901009858e+07,2.792967974988286197e+07,1.000000000000000000e+00
2.949261762535446141e-03,1.635273097661975726e+03,1.635484737945260349e+03,6.724880588606765852e-02,2.753448476979373227e-01,-9.829757481941597071e+05,2.511460746551625878e+00,2.956036334069154226e+00,2.371339676705216244e+07,2.738095416912246123e+07,1.000000000000000000e+00
2.961616696099981724e-03,1.636182025708905485e+03,1.636406251366777497e+03,6.724556333387751716e-02,2.754958128176387966e-01,-9.832581758169544628e+05,2.433526367155558034e+00,2.853580082579708854e+00,2.306716157424266264e+07,2.653438399617634714e+07,1.000000000000000000e+00
2.973971629664517741e-03,1.637067020264128132e+03,1.637300868686485046e+03,6.724230535318423407e-02,2.756424852757433097e-01,-9.835346725578297628e+05,2.357725770730180859e+00,2.738232666823135375e+00,2.243666332840646431e+07,2.558441074084568769e+07,1.000000000000000000e+00
2.986321426446380926e-03,1.637928408232379070e+03,1.638151032860321493e+03,6.723903489432334069e-02,2.757849361690112300e-01,-9.838052280252916971e+05,2.284063567666329231e+00,2.676675082063006972e+00,2.182202345994929969e+07,2.506204503690567240e+07,1.000000000000000000e+00
2.998671223228244545e-03,1.638767224139109430e+03,1.638974060160874160e+03,6.723575216688937317e-02,2.759233531429045039e-01,-9.840700605272074463e+05,2.212479439282998506e+00,2.625019950984239347e+00,2.122282276108227298e+07,2.461919613520051166e+07,1.000000000000000000e+00
3.011021020010108164e-03,1.639584112219289636e+03,1.639799252829492389e+03,6.723245870595712104e-02,2.760578585280673014e-01,-9.843292732809087029e+05,2.142942534709115776e+00,2.549925182047157790e+00,2.063888697666576505e+07,2.398845756327996030e+07,1.000000000000000000e+00
3.023370816791971782e-03,1.640379699435079146e+03,1.640604037871834180e+03,6.722915601827757215e-02,2.761885712326088149e-01,-9.845829702971701045e+05,2.075419814450532474e+00,2.445185389424544553e+00,2.007002368464249000e+07,2.311997215704904124e+07,1.000000000000000000e+00
3.035720613573835401e-03,1.641154595742043512e+03,1.641381118332880305e+03,6.722584558034876145e-02,2.763156067955926942e-01,-9.848312561270679580e+05,2.009876296340284085e+00,2.358175888249957719e+00,1.951602456036410481e+07,2.239310048673577607e+07,1.000000000000000000e+00
3.048070410355698586e-03,1.641909394369520896e+03,1.642122769025422031e+03,6.722252883666661460e-02,2.764390774438462151e-01,-9.850742356251637684e+05,1.946275175572330207e+00,2.313297798184497545e+00,1.897666813622432947e+07,2.200119094325314462e+07,1.000000000000000000e+00
3.072770003919425390e-03,1.643360452521889556e+03,1.643572322288085388e+03,6.721588070562595219e-02,2.766756527934211007e-01,-9.855445778480145382e+05,1.824776437967745579e+00,2.193829851510122886e+00,1.794080702061505243e+07,2.097936490932939574e+07,1.000000000000000000e+00
3.097469597483152193e-03,1.644738006222023387e+03,1.644959950619647543e+03,6.720922381881140606e-02,2.768992723298193681e-01,-9.859950572944954038e+05,1.710568456427081774e+00,2.025841614274743296e+00,1.696049055834684148e+07,1.956459476804885641e+07,1.000000000000000000e+00
3.122169191046878997e-03,1.646046222570042801e+03,1.646245097669378993e+03,6.720256843155111848e-02,2.771107191056564334e-01,-9.864265026502518449e+05,1.603322006028115698e+00,1.951723172539656881e+00,1.603355673732013069e+07,1.890134871403337643e+07,1.000000000000000000e+00
3.146868784610605801e-03,1.647289032229811255e+03,1.647502399038674412e+03,6.719592418531541989e-02,2.773107295414872775e-01,-9.868397305136860814e+05,1.502703164904196642e+00,1.817202338154331853e+00,1.515777971774053201e+07,1.775087552509825304e+07,1.000000000000000000e+00
3.171568378174332604e-03,1.648470140193538327e+03,1.648683526517948621e+03,6.718930009513493506e-02,2.774999956165569159e-01,-9.872355415930396412e+05,1.408376986217761750e+00,1.697896039869217777e+00,1.433089476278491318e+07,1.672399690179496817e+07,1.000000000000000000e+00
3.196267971738059408e-03,1.649593036577670546e+03,1.649789157708350103e+03,6.718270454468980302e-02,2.776791670702704051e-01,-9.876147175578599563e+05,1.320010845356444529e+00,1.635442055131340666e+00,1.355062419664023072e+07,1.615379494806795008e+07,1.000000000000000000e+00
3.220967565301786212e-03,1.650661007350664249e+03,1.650870201686133441e+03,6.717614528823820375e-02,2.778488535916259217e-01,-9.879780185108002042e+05,1.237277333805505863e+00,1.516802766566761163e+00,1.281470042003252916e+07,1.513183924159686640e+07,1.000000000000000000e+00
3.245667158865513449e-03,1.651677144905772366e+03,1.651886648370744751e+03,6.716962945849398736e-02,2.780096269771608064e-01,-9.883261810223778011e+05,1.159856632735719373e+00,1.414234774107679282e+00,1.212088525491749682e+07,1.424175960948392190e+07,1.000000000000000000e+00
3.270366752429240253e-03,1.652644358405718549e+03,1.652837085462042069e+03,6.716316357956519933e-02,2.781620232412926885e-01,-9.886599166647982784e+05,1.087438383001301911e+00,1.366842440141131654e+00,1.146698568336471356e+07,1.379463913932756521e+07,1.000000000000000000e+00
3.295066345992967057e-03,1.653565383841993025e+03,1.653766521834998684e+03,6.715675358409402274e-02,2.783065446664990672e-01,-9.889799109820299782e+05,1.019723102703009143e+00,1.280654933983528476e+00,1.085086630587087013e+07,1.303252905579046719e+07,1.000000000000000000e+00
3.319765939556694294e-03,1.654442793763984355e+03,1.654651449612391389e+03,6.715040483379271230e-02,2.784436617836577588e-01,-9.892868228365718387e+05,9.564232131251613200e-01,1.172070326302801613e+00,1.027045891671275347e+07,1.209272733413092606e+07,1.000000000000000000e+00
3.344465533120421098e-03,1.655279006645703930e+03,1.655475554960859881e+03,6.714412214263477952e-02,2.785738152756241370e-01,-9.895812840783911524e+05,8.972637327376360439e-01,1.131147868669544865e+00,9.723769595553381369e+06,1.170046661168567464e+07,1.000000000000000000e+00
3.369165126684147901e-03,1.656076295867125964e+03,1.656266212463211332e+03,6.713790980203510061e-02,2.786974177992182500e-01,-9.898638994862707332e+05,8.419826941441849177e-01,1.087824819994236636e+00,9.208883688223624602e+06,1.128867174155567586e+07,1.000000000000000000e+00
3.393864720247874705e-03,1.656836798296246798e+03,1.657035330312695123e+03,6.713177160742722638e-02,2.788148557227465574e-01,-9.901352469370854087e+05,7.903313326908398828e-01,1.006298450201163819e+00,8.723969014650978148e+06,1.056381278305023164e+07,1.000000000000000000e+00
3.418564313811601509e-03,1.657562522464361564e+03,1.657765391700045711e+03,6.712571088572263922e-02,2.789264907776108915e-01,-9.903958777632828569e+05,7.420740893813690953e-01,9.257682315213675572e-01,8.267277603691957891e+06,9.850576652132693678e+06,1.000000000000000000e+00
3.443263907375328746e-03,1.658255356333312193e+03,1.658447544772067204e+03,6.711973052320727162e-02,2.790326616238769653e-01,-9.906463172635297524e+05,6.969884648775592773e-01,8.985484964342524972e-01,7.837146218299056403e+06,9.574926663331631571e+06,1.000000000000000000e+00
3.467963500939055550e-03,1.658917074657628518e+03,1.659102260581166775e+03,6.711383299349971132e-02,2.791336853305955712e-01,-9.908870653358310228e+05,6.548647561398378558e-01,8.678138151719868576e-01,7.431995899350648746e+06,9.270812285038983449e+06,1.000000000000000000e+00
3.492663094502782353e-03,1.659549345948581276e+03,1.659741962762163894e+03,6.710802038525598423e-02,2.792298587725167147e-01,-9.911185972063927911e+05,6.155057024565407930e-01,8.078572051968344603e-01,7.050330725270881318e+06,8.722787630365947261e+06,1.000000000000000000e+00
3.517362688066509591e-03,1.660153739049673504e+03,1.660351329796994833e+03,6.710229442936420374e-02,2.793214599453835434e-01,-9.913413642311104340e+05,5.787260634608818455e-01,7.403082221511666505e-01,6.690735955446646549e+06,8.115811486113158055e+06,1.000000000000000000e+00
3.542062281630236394e-03,1.660731729335628415e+03,1.660925013152367228e+03,6.709665652542066983e-02,2.794087492025056907e-01,-9.915557947499286383e+05,5.443521479934335661e-01,7.063154518647410951e-01,6.351875700411277823e+06,7.789019247145691887e+06,1.000000000000000000e+00
3.566761875193963198e-03,1.661284704548242189e+03,1.661469153312777735e+03,6.709110776732576942e-02,2.794919704155916507e-01,-9.917622949771209387e+05,5.122213094811545187e-01,6.876580075648227597e-01,6.032490238699595444e+06,7.591373113446490839e+06,1.000000000000000000e+00
3.591461468757690002e-03,1.661813970283883236e+03,1.661997551047075149e+03,6.708564896787494458e-02,2.795713520630934146e-01,-9.919612499133734964e+05,4.821814206886958498e-01,6.611671670411696233e-01,5.731393080986122601e+06,7.325397197165259160e+06,1.000000000000000000e+00
3.616161062321416805e-03,1.662320755147917907e+03,1.662509495257966137e+03,6.708028068225559137e-02,2.796471082494212390e-01,-9.921530242676318157e+05,4.540903382925273180e-01,6.130431885300696715e-01,5.447467864295001142e+06,6.878690539372054860e+06,1.000000000000000000e+00
3.640860655885144043e-03,1.662806215591974706e+03,1.662998557088566713e+03,6.707500323038806389e-02,2.797194396584935516e-01,-9.923379633789197542e+05,4.278153656482834299e-01,5.627216988288693544e-01,5.179665144488435239e+06,6.416400481735595502e+06,1.000000000000000000e+00
3.665560249448870846e-03,1.663271440449924967e+03,1.663461481420547670e+03,6.706981671807457634e-02,2.797885344450768974e-01,-9.925163941300536972e+05,4.032327204060228709e-01,5.332872677310622755e-01,4.926999141748104244e+06,6.132598801256991923e+06,1.000000000000000000e+00
3.690259843012597650e-03,1.663717455188576196e+03,1.663900399345842516e+03,6.706472105693957186e-02,2.798545690673718278e-01,-9.926886258467287989e+05,3.802270125271389190e-01,5.207680791908316786e-01,4.688544483921825886e+06,5.993566182765214704e+06,1.000000000000000000e+00
3.714959436576324887e-03,1.664145225888704317e+03,1.664320576319097654e+03,6.705971598316200211e-02,2.799177090642149812e-01,-9.928549511769590899e+05,3.586907391971723147e-01,5.087970152714113015e-01,4.463432990066446364e+06,5.860638600953884423e+06,1.000000000000000000e+00
3.739659030140051691e-03,1.664555662971817128e+03,1.664736224928967886e+03,6.705480107501207709e-02,2.799781097801870011e-01,-9.930156469470893499e+05,3.385238115637758671e-01,4.833669801337412419e-01,4.250850571694732644e+06,5.604105596323774196e+06,1.000000000000000000e+00
3.764358623703778495e-03,1.664949624687194728e+03,1.665133735286198316e+03,6.704997576920875002e-02,2.800359170417003329e-01,-9.931709749918216839e+05,3.196331557720250016e-01,4.461073655441029628e-01,4.050034557845952455e+06,5.251071743754713796e+06,1.000000000000000000e+00
3.793363337622715926e-03,1.665392254514154502e+03,1.665579507487252386e+03,6.704442292560733319e-02,2.801006640098867018e-01,-9.933468394707610132e+05,2.989651604127906981e-01,4.043531130917523142e-01,3.828288839776974637e+06,4.855479796838615090e+06,1.000000000000000000e+00
3.822368051541653357e-03,1.665814526226643920e+03,1.665998249370984240e+03,6.703899121704598452e-02,2.801622340458065352e-01,-9.935160359447492519e+05,2.798067215215356285e-01,3.842671666046099110e-01,3.620698986857232172e+06,4.651209031504242681e+06,1.000000000000000000e+00
3.851372765460590788e-03,1.666217588309928942e+03,1.666394250963288641e+03,6.703367914517416315e-02,2.802208196101135806e-01,-9.936789173695719801e+05,2.620389112021810352e-01,3.752663779011012335e-01,3.426267524014126044e+06,4.545444480115246959e+06,1.000000000000000000e+00
3.880377479379528219e-03,1.666602514295237143e+03,1.666771872701466009e+03,6.702848505410088920e-02,2.802765997289528577e-01,-9.938358144304234302e+05,2.455524399852878348e-01,3.665850693767706558e-01,3.244070601153139956e+06,4.443649600094057620e+06,1.000000000000000000e+00
3.909382193298465216e-03,1.666970308155046268e+03,1.667144719662433545e+03,6.702340715428994899e-02,2.803297410196833317e-01,-9.939870369881349616e+05,2.302469378593689775e-01,3.460850685338774935e-01,3.073252743125156499e+06,4.227512965528406203e+06,1.000000000000000000e+00
3.938386907217403081e-03,1.667321909288617690e+03,1.667499787889503068e+03,6.701844354416904015e-02,2.803803986346742327e-01,-9.941328754496130859e+05,2.160302513898655907e-01,3.164962558900239475e-01,2.913021922845604364e+06,3.935635818812813144e+06,1.000000000000000000e+00
3.967391621136340946e-03,1.667658197128360371e+03,1.667838821704625843e+03,6.701359222961922324e-02,2.804287171295224423e-01,-9.942736020594867878e+05,2.028177779595274899e-01,2.882563834346227316e-01,2.762644874614880886e+06,3.657082774983014446e+06,1.000000000000000000e+00
3.996396335055277943e-03,1.667979995395895912e+03,1.668160385297487210e+03,6.700885114150212374e-02,2.804748312617013628e-01,-9.944094721138924360e+05,1.905318423559467511e-01,2.676624930442066397e-01,2.621442673339715227e+06,3.449568877646604087e+06,1.000000000000000000e+00
4.025401048974214940e-03,1.668288076035041740e+03,1.668462442980962123e+03,6.700421815137888593e-02,2.805188667252875856e-01,-9.945407250993959606e+05,1.791011152248605798e-01,2.624927304900835923e-01,2.488786576493390836e+06,3.384400817191217560e+06,1.000000000000000000e+00
4.054405762893152805e-03,1.668583162847142830e+03,1.668751318596147485e+03,6.699969108557227160e-02,2.805609408270341443e-01,-9.946675857613971457e+05,1.684600729637945882e-01,2.575513487110748789e-01,2.364094106712725479e+06,3.322122153218294028e+06,1.000000000000000000e+00
4.083410476812090670e-03,1.668865934852719647e+03,1.669027767070856498e+03,6.699526773771422028e-02,2.806011631087012015e-01,-9.947902651089566061e+05,1.585485280166637201e-01,2.527990296433914597e-01,2.246825443941275124e+06,3.262287013817135245e+06,1.000000000000000000e+00
4.112415190731027667e-03,1.669137029401359769e+03,1.669302988220381621e+03,6.699094587988906058e-02,2.806396359199627710e-01,-9.949089613678255118e+05,1.493114193396646305e-01,2.411318499293601536e-01,2.136481096938923467e+06,3.128880398774954956e+06,1.000000000000000000e+00
4.170424618568901662e-03,1.669645986788822711e+03,1.669817636973253684e+03,6.698259989375335288e-02,2.807116204297406825e-01,-9.951349604215527652e+05,1.326842377230471604e-01,2.045071732598145731e-01,1.934894063998224912e+06,2.748449310016647447e+06,1.000000000000000000e+00
4.228434046406776524e-03,1.670115186147984787e+03,1.670288507282550881e+03,6.697462964907206773e-02,2.807777276538276912e-01,-9.953473574282651534e+05,1.181843195962788973e-01,1.744718817117568155e-01,1.755802413426273502e+06,2.434537706836774480e+06,1.000000000000000000e+00
4.286443474244651386e-03,1.670548470929432142e+03,1.670709218857507040e+03,6.696701743283225983e-02,2.808385619047158444e-01,-9.955473424396205228e+05,1.055133783182862495e-01,1.694420067348798575e-01,1.596383948604261735e+06,2.365952713381952606e+06,1.000000000000000000e+00
4.344452902082525381e-03,1.670949249441252277e+03,1.671097668908202422e+03,6.695974588368230895e-02,2.808946546245388864e-01,-9.957359732490980532e+05,9.441593687786423161e-02,1.647273128316454061e-01,1.454192513381549856e+06,2.301813213589104358e+06,1.000000000000000000e+00
4.402462329920400243e-03,1.671320550220138784e+03,1.671475677669493962e+03,6.695279811503342116e-02,2.809464742204540455e-01,-9.959141918922062032e+05,8.467476255449535305e-02,1.486779370181914028e-01,1.327113860548153752e+06,2.111441911750085186e+06,1.000000000000000000e+00
4.460471757758275105e-03,1.671665069739390219e+03,1.671825852371850488e+03,6.694615780383235404e-02,2.809944344649265568e-01,-9.960828391550641973e+05,7.610506433722914743e-02,1.276838872842860351e-01,1.213319011056615738e+06,1.877167294881669106e+06,1.000000000000000000e+00
4.518481185596149967e-03,1.671985213549693071e+03,1.672150697428993226e+03,6.693980925132872462e-02,2.810389016746226432e-01,-9.962426671725036576e+05,6.854939076022720235e-02,1.081926575146552882e-01,1.111223233523627743e+06,1.659671980387343327e+06,1.000000000000000000e+00
4.576490613434024829e-03,1.672283131814820536e+03,1.672434763071978296e+03,6.693373742147733230e-02,2.810802008559677434e-01,-9.963943503358196467e+05,6.187333359042728603e-02,1.042767873916979338e-01,1.019450977454000618e+06,1.608619002834073035e+06,1.000000000000000000e+00
4.634500041271899691e-03,1.672560750062228180e+03,1.672696953195218612e+03,6.692792796175130177e-02,2.811186209762387422e-01,-9.965384947327147238e+05,5.596193059220738036e-02,1.023283034439322753e-01,9.368060374633898027e+05,1.579149234841530444e+06,1.000000000000000000e+00
4.692509469109774553e-03,1.672819795843754946e+03,1.672941265557765064e+03,6.692236721033299751e-02,2.811544194936722585e-01,-9.966756463237282587e+05,5.071664576608404806e-02,1.005096491840358625e-01,8.622461320775237400e+05,1.551652141769335140e+06,1.000000000000000000e+00
4.750518896947649415e-03,1.673061821897063737e+03,1.673188204541496589e+03,6.691704219298832967e-02,2.811878262590357114e-01,-9.968062980438220548e+05,4.605278518360235440e-02,9.396833171409083030e-02,7.948609635374199133e+05,1.462178934084620327e+06,1.000000000000000000e+00
4.808528324785524277e-03,1.673288226316698456e+03,1.673420538977531351e+03,6.691194061249965130e-02,2.812190468851416547e-01,-9.969308960348938126e+05,4.189712203474987157e-02,8.287730625561195996e-02,7.338522498026799876e+05,1.326473241505074082e+06,1.000000000000000000e+00
4.924547180461273134e-03,1.673697959248841244e+03,1.673840435212948705e+03,6.690237278530952736e-02,2.812754829319835115e-01,-9.971631436296064639e+05,3.489617492017701994e-02,6.278747522670680148e-02,6.284929202079935931e+05,1.080662523870531004e+06,1.000000000000000000e+00
5.040566036137021991e-03,1.674059386216096300e+03,1.674167923069239350e+03,6.689355334881476323e-02,2.813252825314171979e-01,-9.973763017228732351e+05,2.926440430166099560e-02,5.767936794538960216e-02,5.412186136719778879e+05,1.013900977364348830e+06,1.000000000000000000e+00
5.156584891812771715e-03,1.674379571937097126e+03,1.674446493226784469e+03,6.688540681637687724e-02,2.813694550240959380e-01,-9.975726647312429268e+05,2.470460321070742926e-02,5.650458100290841473e-02,4.684964140354978153e+05,9.946019862441326259e+05,1.000000000000000000e+00
5.272603747488521439e-03,1.674664360589556964e+03,1.674722552954956882e+03,6.687786610386792230e-02,2.814088270977421757e-01,-9.977541659588750917e+05,2.098720078821482427e-02,5.283768334646811449e-02,4.075442750932964846e+05,9.360859490918237716e+05,1.000000000000000000e+00
5.388622603164271163e-03,1.674918615078949642e+03,1.674989003762075754e+03,6.687087165786463616e-02,2.814440802677121156e-01,-9.979224445426479215e+05,1.793650624454794923e-02,4.352632711062516535e-02,3.561713405117772636e+05,8.061071516975861741e+05,1.000000000000000000e+00
5.504641458840020887e-03,1.675146404467693401e+03,1.675228237446188587e+03,6.686437063315885110e-02,2.814757798449282200e-01,-9.980788986100722104e+05,1.541714880342811428e-02,3.490454615715652548e-02,3.126415647371060913e+05,6.862338590357886860e+05,1.000000000000000000e+00
5.620660314515769744e-03,1.675351151712335877e+03,1.675425966645227845e+03,6.685831613364881520e-02,2.815043974776574309e-01,-9.982247272732759593e+05,1.332403881679185623e-02,2.874966516186358914e-02,2.755703288760656142e+05,6.003432837057953002e+05,1.000000000000000000e+00
5.747632770399729168e-03,1.675552139367970540e+03,1.675557692354887195e+03,6.685215403265237777e-02,2.815326382904297375e-01,-9.983733302587155486e+05,1.142690435337348140e-02,2.848600898124840214e-02,2.411088176342852821e+05,5.952673905658534495e+05,1.000000000000000000e+00
5.874605226283687726e-03,1.675732231708179143e+03,1.675675801365707002e+03,6.684642719754743667e-02,2.815581056759475231e-01,-9.985116811535129091e+05,9.856956943449086267e-03,2.824627922065658589e-02,2.118831109307210136e+05,5.906518767569722841e+05,1.000000000000000000e+00
6.128550138051606574e-03,1.676037795231299924e+03,1.675932755547675924e+03,6.683615217941941966e-02,2.816018048439683508e-01,-9.987606227840175852e+05,7.480472045893079430e-03,2.631356523467776043e-02,1.659142740296369593e+05,5.536688909128651721e+05,1.000000000000000000e+00
6.382495049819525423e-03,1.676288379741099561e+03,1.676212129380114447e+03,6.682711922830485152e-02,2.816383973625437021e-01,-9.989813121291762218e+05,5.788656270847084007e-03,1.953076538210394772e-02,1.318044799278732098e+05,4.398152357532479800e+05,1.000000000000000000e+00
6.636439961587444272e-03,1.676495980914571646e+03,1.676447900341234345e+03,6.681911357174384614e-02,2.816694533522609012e-01,-9.991784786023340421e+05,4.561162314123711967e-03,1.361269023769721281e-02,1.060568894831835787e+05,3.407461328549192986e+05,1.000000000000000000e+00
7.144329785123281970e-03,1.676809015981653147e+03,1.676571009491411360e+03,6.680567519260315057e-02,2.817184218276802543e-01,-9.995132342936631758e+05,3.011982801492644676e-03,1.212153036981774776e-02,7.157807651498662017e+04,3.149696682153815636e+05,1.000000000000000000e+00
7.652219608659118801e-03,1.677035810844055504e+03,1.676694758687892090e+03,6.679452519143065647e-02,2.817568227948201720e-01,-9.997973368406228255e+05,2.102003663004363074e-03,1.151368595170705264e-02,5.009215848381863179e+04,3.001366188799978700e+05,1.000000000000000000e+00
8.160123708451996749e-03,1.677203615066896191e+03,1.676928961421752547e+03,6.678506274816435606e-02,2.817880503287691907e-01,-1.000043245072127203e+06,1.541513530380112657e-03,8.248306687884204846e-03,3.609565612847913144e+04,2.280900851410093892e+05,1.000000000000000000e+00
8.668027808244873830e-03,1.677329675959613724e+03,1.677125703718352270e+03,6.677688334006331994e-02,2.818142238361523444e-01,-1.000259321492191055e+06,1.181827876864182704e-03,5.155798029774912201e-03,2.662788245992888187e+04,1.604628208394963876e+05,1.000000000000000000e+00
9.175931908037750911e-03,1.677425343554520396e+03,1.677150819987060913e+03,6.676970731262160674e-02,2.818367161023561662e-01,-1.000451310926998849e+06,9.431677287028671086e-04,4.349137506615486856e-03,2.001467223630756052e+04,1.425541485424945131e+05,1.000000000000000000e+00
9.683836007830627993e-03,1.677498329828408714e+03,1.677118347114583003e+03,6.676333708291999625e-02,2.818564411469555164e-01,-1.000623225156895816e+06,7.804937384549154311e-04,4.335953088459621602e-03,1.526569631277942244e+04,1.419273967670303537e+05,1.000000000000000000e+00
1.019174010763487792e-02,1.677554023480278602e+03,1.677097033421070819e+03,6.675763015318184057e-02,2.818740202654622107e-01,-1.000777897138256580e+06,6.671929062622818443e-04,4.307820449965056933e-03,1.177153824264044852e+04,1.408381109338289534e+05,1.000000000000000000e+00
1.069964420743912958e-02,1.677596284051207476e+03,1.677186305670185902e+03,6.675248189445985580e-02,2.818898807670570661e-01,-1.000917325375205255e+06,5.868618863571813810e-04,3.972763629259090830e-03,9.143855356957505137e+03,1.300653258302892791e+05,1.000000000000000000e+00
1.171545240704763118e-02,1.677648991667123710e+03,1.677401844069428080e+03,6.674362746725791273e-02,2.819173270047556357e-01,-1.001154582397406339e+06,4.922188588452492547e-04,2.275683776648362942e-03,5.670325048151014926e+03,7.767308219256406301e+04,1.000000000000000000e+00
1.273126060665603215e-02,1.677675502471989603e+03,1.677490833811873017e+03,6.673601772371301477e-02,2.819415213413503651e-01,-1.001356613849208341e+06,4.406653074073771381e-04,1.368282305112926856e-03,3.478461389094368315e+03,4.958922942562726530e+04,1.000000000000000000e+00
1.374706880626443140e-02,1.677683939701616737e+03,1.677431238903325720e+03,6.672936340773719111e-02,2.819633392407526751e-01,-1.001530144840625580e+06,4.121018795068503819e-04,1.364175171482574257e-03,2.021000682087337282e+03,4.930058167950545612e+04,1.000000000000000000e+00
1.476287700587265890e-02,1.677679477406272099e+03,1.677451733458206945e+03,6.672345249626011887e-02,2.819833330270403171e-01,-1.001680445424604113e+06,3.958420396776383271e-04,1.266696605450877032e-03,1.008371286129667737e+03,4.474393071283501195e+04,1.000000000000000000e+00
1.577868520548088641e-02,1.677665591375611029e+03,1.677613048987469938e+03,6.671812105096301682e-02,2.820018699914649263e-01,-1.001811828578020795e+06,3.861052173698893177e-04,7.608207711018270814e-04,2.789952553627418865e+02,2.177927698204574335e+04,1.000000000000000000e+00
1.679449340508939320e-02,1.677644738764799968e+03,1.677683587304071125e+03,6.671323777882214034e-02,2.820192054393537706e-01,-1.001927918201252003e+06,3.796972220700550738e-04,4.900790679497017818e-04,-2.616570090613208777e+02,9.496986353438402148e+03,1.000000000000000000e+00
1.781030160469790347e-02,1.677618746945575822e+03,1.677648623402412113e+03,6.670869566025978969e-02,2.820355225560015056e-01,-1.002031803391154739e+06,3.748474163780275269e-04,4.874814256310406159e-04,-6.712724316870264829e+02,9.394283926733703993e+03,1.000000000000000000e+00
1.882610980430641373e-02,1.677589047932297717e+03,1.677699830017125350e+03,6.670440759486151450e-02,2.820509540847145336e-01,-1.002126128677175147e+06,3.705919270147041249e-04,3.761393385829146330e-04,-9.864577475697907403e+02,4.137384004609253680e+03,1.000000000000000000e+00
1.984191800391492053e-02,1.677556828586737765e+03,1.677750610144111079e+03,6.670030474055795022e-02,2.820655929380680438e-01,-1.002213138263169327e+06,3.664331100356520241e-04,2.738734766455933273e-04,-1.231313394249703151e+03,-6.557619518138114927e+02,1.000000000000000000e+00
2.085772620352342732e-02,1.677523134701648587e+03,nan,6.669633712828049177e-02,2.820794948543270397e-01,-1.002294675548841944e+06,3.621473954616336553e-04,nan,-1.422264140658904807e+03,nan,0.000000000000000000e+00
2.187353440313193759e-02,1.677488950882981499e+03,nan,6.669247669940400747e-02,2.820926738585831650e-01,-1.002372127631439362e+06,3.576768693996363983e-04,nan,-1.570869439433774460e+03,nan,0.000000000000000000e+00
2.288934260274044091e-02,1.677455269887649365e+03,nan,6.668872337665487926e-02,2.821050895611184051e-01,-1.002446293107975391e+06,3.530703365836531261e-04,nan,-1.685515629226307738e+03,nan,0.000000000000000000e+00
2.390515080234894771e-02,1.677423161027396873e+03,nan,6.668511528163248436e-02,2.821166236615527678e-01,-1.002517137007052661e+06,3.484550459130461618e-04,nan,-1.772489720372420379e+03,nan,0.000000000000000000e+00
2.593676720156596824e-02,1.677367323551670552e+03,nan,6.667861208867012501e-02,2.821363418143454371e-01,-1.002645012688485673e+06,3.398047271043862227e-04,nan,-1.878697977379025133e+03,nan,0.000000000000000000e+00
2.796838360078298183e-02,1.677331755101590034e+03,nan,6.667394785359731513e-02,2.821495437644498949e-01,-1.002740488548811642e+06,3.336925933829192059e-04,nan,-1.921312939235247541e+03,nan,0.000000000000000000e+00
2.999999999999999889e-02,1.677331755101590034e+03,nan,6.667394785359731513e-02,2.821495437644498949e-01,-1.002740488548811642e+06,3.336925933826554737e-04,nan,-1.921312939235237991e+03,nan,0.000000000000000000e+00
