z,T,fgm_T,Z,C,h,omega_C,fgm_omega_C,qdot,fgm_qdot,covered
0.000000000000000000e+00,3.000000000000000000e+02,nan,4.955564254944747060e-02,4.364429013527051232e-02,-6.661284396783515112e+05,1.996296579279045746e-02,nan,7.863462735115361866e+05,nan,0.000000000000000000e+00
2.701047914175006761e-06,3.061591635711598656e+02,3.059784237560381257e+02,4.954409285371938476e-02,4.434378167084142980e-02,-6.662380758983389242e+05,1.991578902844489546e-02,2.016279147011330874e-02,7.550633914385959506e+05,7.610464020567139378e+05,1.000000000000000000e+00
5.402095828350013522e-06,3.123093812100879063e+02,3.121318721241397611e+02,4.953283982500948646e-02,4.504191868916088137e-02,-6.663269906264245510e+05,2.007091850465347188e-02,2.015565629515386065e-02,7.313329695522345137e+05,7.334756572668015724e+05,1.000000000000000000e+00
8.103143742525020706e-06,3.184508657017628366e+02,3.182701345128025991e+02,4.952187512019464583e-02,4.573884840607868318e-02,-6.663964286474314285e+05,2.035983018299009073e-02,2.042262380007621794e-02,7.135397255009311484e+05,7.149388597623296082e+05,1.000000000000000000e+00
1.080419165670002704e-05,3.245838366106794979e+02,3.244081763829649390e+02,4.951119094906680090e-02,4.643470937670369364e-02,-6.664475377579985652e+05,2.077849773538045092e-02,2.074876044109276799e-02,7.008226975207036594e+05,6.999875122436675010e+05,1.000000000000000000e+00
1.620628748505004141e-05,3.368251647115238256e+02,3.366505592295742417e+02,4.949063477538764855e-02,4.782380207534087102e-02,-6.664995340615689056e+05,2.199849851728027939e-02,2.186717073866395120e-02,6.883285149214086123e+05,6.852506833291042130e+05,1.000000000000000000e+00
2.160838331340005409e-05,3.490353739331831662e+02,3.488605479160691516e+02,4.947111106798714186e-02,4.921010273258140388e-02,-6.664899745172992116e+05,2.372931980361258492e-02,2.348773136237177275e-02,6.906185672304360196e+05,6.854208985182023607e+05,1.000000000000000000e+00
2.701047914175006676e-05,3.612163286554622346e+02,3.610452600771949392e+02,4.945257353168771436e-02,5.059445997499172065e-02,-6.664252355245047947e+05,2.597698922702978627e-02,2.565278800592400363e-02,7.059078494405448437e+05,6.994314430691564921e+05,1.000000000000000000e+00
3.241257497010008282e-05,3.733699079776242797e+02,3.731999757423207598e+02,4.943498108281130232e-02,5.197763518963818830e-02,-6.663107823078758083e+05,2.875709459768399645e-02,2.834000652283790930e-02,7.332574401804454392e+05,7.253307480174691882e+05,1.000000000000000000e+00
3.781467079845009889e-05,3.854979843446921564e+02,3.853269108812650643e+02,4.941829706879643375e-02,5.336031391481089320e-02,-6.661513104241576511e+05,3.209481214630868773e-02,3.156744121642211104e-02,7.723225458849599818e+05,7.626643677543628728e+05,1.000000000000000000e+00
4.051571871262510014e-05,3.915530552926031191e+02,3.913798119351392302e+02,4.941028564164547804e-02,5.405164057041701720e-02,-6.660557314563746331e+05,3.398560716173552876e-02,3.341614471784014329e-02,7.963932817390703131e+05,7.861617294647347881e+05,1.000000000000000000e+00
4.321676662680010817e-05,3.976024134940010413e+02,3.974285159435038395e+02,4.940249086368642822e-02,5.474307381153679930e-02,-6.659503960502636619e+05,3.603022251170977935e-02,3.535340933049239270e-02,8.234845406628287164e+05,8.113084874796528602e+05,1.000000000000000000e+00
4.591781454097511620e-05,4.036462865684782173e+02,4.034710236040793916e+02,4.939490909953857950e-02,5.543468253469330947e-02,-6.658357272947198944e+05,3.823455292942477129e-02,3.756826336704383040e-02,8.536769651182042435e+05,8.419434410196460085e+05,1.000000000000000000e+00
4.861886245515011746e-05,4.096848991905927164e+02,4.095142916232425705e+02,4.938753688999035496e-02,5.612653240844824032e-02,-6.657121185508396011e+05,4.060503441984461559e-02,3.989212798248319147e-02,8.870701640631256159e+05,8.746441828402586980e+05,1.000000000000000000e+00
5.131991036932512549e-05,4.157184728658223776e+02,4.155515445925354356e+02,4.938037093946828077e-02,5.681868606816815187e-02,-6.655799357152583543e+05,4.314871018943862435e-02,4.239023894697330902e-02,9.237826858611578355e+05,9.106554223620491102e+05,1.000000000000000000e+00
5.402095828350013352e-05,4.217472257416922048e+02,4.215774328762408913e+02,4.937340810449625250e-02,5.751120329622406990e-02,-6.654395192940157140e+05,4.587324527248395900e-02,4.500612293430324845e-02,9.639516633322008420e+05,9.488763528291507391e+05,1.000000000000000000e+00
5.672200619767514155e-05,4.277713724498238435e+02,4.275969389554903159e+02,4.936664538304715022e-02,5.820414118888372207e-02,-6.652911863047593506e+05,4.878693925580989549e-02,4.784943572935584227e-02,1.007732448535478208e+06,9.918594155668627936e+05,1.000000000000000000e+00
5.942305411185014959e-05,4.337911239748702883e+02,4.336208325595285942e+02,4.936007990470036438e-02,5.889755431101347666e-02,-6.651352320233637001e+05,5.189874092101582487e-02,5.095566841536148389e-02,1.055298279065127950e+06,1.039313882744117174e+06,1.000000000000000000e+00
6.212410202602515084e-05,4.398066875470037758e+02,4.396411233531011362e+02,4.935370892152785016e-02,5.959149483962330324e-02,-6.649719315894121537e+05,5.521826496962221192e-02,5.422185936661015615e-02,1.106839979512835853e+06,1.089855846839691512e+06,1.000000000000000000e+00
6.482514994020016565e-05,4.458182665546669341e+02,4.456486401962710602e+02,4.934752979964068115e-02,6.028601269716078043e-02,-6.648015414836010896e+05,5.875581064018076810e-02,5.761414814115473765e-02,1.162565690860724775e+06,1.143012346206708578e+06,1.000000000000000000e+00
6.752619785437518046e-05,4.518260604750129232e+02,4.516540802590245676e+02,4.934154001133422146e-02,6.098115567540610821e-02,-6.646243008887990145e+05,6.252238196206812149e-02,6.136308918862434097e-02,1.222700616314094048e+06,1.203189741857135436e+06,1.000000000000000000e+00
7.022724576855018171e-05,4.578302648193755999e+02,4.576656064170844047e+02,4.933573712777849368e-02,6.167696955070623571e-02,-6.644404329453812679e+05,6.652970936441962579e-02,6.536882278495981247e-02,1.287486770719628315e+06,1.267908556764147477e+06,1.000000000000000000e+00
7.292829368272518297e-05,4.638310710918244126e+02,4.636624401316819899e+02,4.933011881220368544e-02,6.237349819125405370e-02,-6.642501459103819216e+05,7.079027233756091109e-02,6.949422195256384216e-02,1.357182720584241906e+06,1.335423989397980040e+06,1.000000000000000000e+00
7.562934159690019777e-05,4.698286667586675662e+02,4.696583194585853107e+02,4.932468281353868944e-02,6.307078365701684897e-02,-6.640536342291024048e+05,7.531732282818354163e-02,7.388147026659876160e-02,1.432063302282271441e+06,1.407458262952546356e+06,1.000000000000000000e+00
7.833038951107519903e-05,4.758232352274706045e+02,4.756611472748304550e+02,4.931942696046215380e-02,6.376886629290146047e-02,-6.638510795269355876e+05,8.012490903207185322e-02,7.869189843750470925e-02,1.512419306743770605e+06,1.487485061328406446e+06,1.000000000000000000e+00
8.103143742525020028e-05,4.818149558338886322e+02,4.816478173750535348e+02,4.931434915583299272e-02,6.446778481565351715e-02,-6.636426515284620691e+05,8.522789923423662595e-02,8.361655311963164805e-02,1.598557119808520423e+06,1.570808094306515763e+06,1.000000000000000000e+00
8.373248533942521509e-05,4.878040038352874035e+02,4.876358607850321505e+02,4.930944737146734924e-02,6.516757639498130250e-02,-6.634285089101099875e+05,9.064200533021984918e-02,8.901037429682645552e-02,1.690798308183136396e+06,1.663001686132146046e+06,1.000000000000000000e+00
8.643353325360021635e-05,4.937905504098105212e+02,4.936278549516934504e+02,4.930471964323591971e-02,6.586827672931587496e-02,-6.632088000921554631e+05,9.638380565043305759e-02,9.474948050926684795e-02,1.789479141815764364e+06,1.761539447221989511e+06,1.000000000000000000e+00
8.913458116777521760e-05,4.997747626601916977e+02,4.996062784674803652e+02,4.930016406645523069e-02,6.656992011661888586e-02,-6.629836639751674375e+05,1.024707666955554097e-01,1.005548462199535309e-01,1.894950044210177148e+06,1.862330186693358235e+06,1.000000000000000000e+00
9.183562908195023241e-05,5.057568036212645666e+02,5.055928659305391761e+02,4.929577879155224579e-02,6.727253952058043218e-02,-6.627532306256227894e+05,1.089212633827925658e-01,1.070885621260712489e-01,2.007574963105049916e+06,1.976133926426414168e+06,1.000000000000000000e+00
9.453667699612523366e-05,5.117368322708049959e+02,5.115727453711766088e+02,4.929156201998061843e-02,6.797616663256185465e-02,-6.625176219148226082e+05,1.157545973931587285e-01,1.137383874132005257e-01,2.127730654711924493e+06,2.092698472739189165e+06,1.000000000000000000e+00
9.723772491030023492e-05,5.177150035424930365e+02,5.175478278349924040e+02,4.928751200037392866e-02,6.868083192952724458e-02,-6.622769521150350338e+05,1.229910132075958118e-01,1.208196980137610926e-01,2.255805875772333704e+06,2.218040533269125968e+06,1.000000000000000000e+00
9.993877282447524973e-05,5.236914683415361651e+02,5.235316947527484217e+02,4.928362702491655839e-02,6.938656472834049682e-02,-6.620313284561113687e+05,1.306517114185873352e-01,1.284758953704557283e-01,2.392200478720905725e+06,2.353366924958562478e+06,1.000000000000000000e+00
1.026398207386502510e-04,5.296663735616210715e+02,5.294999750118896600e+02,4.927990542592171341e-02,7.009339323658872467e-02,-6.617808516458335798e+05,1.387588589086689583e-01,1.362090568589491846e-01,2.537324406561771873e+06,2.492593561242566910e+06,1.000000000000000000e+00
1.053408686528252522e-04,5.356398621032874416e+02,5.354783940640294304e+02,4.927634557260281850e-02,7.080134460020778842e-02,-6.615256163566925097e+05,1.473355954982744631e-01,1.450345590301170551e-01,2.691596585537958890e+06,2.651438690168067347e+06,1.000000000000000000e+00
1.080419165670002670e-04,5.416120728936709838e+02,5.414480114553356316e+02,4.927294586802746790e-02,7.151044494814592922e-02,-6.612657116816173075e+05,1.564060366829096993e-01,1.537951050917830964e-01,2.855443715409778059e+06,2.809494652424584143e+06,1.000000000000000000e+00
1.107429644811752819e-04,5.475831409069056690e+02,5.474191626891617943e+02,4.926970474624573632e-02,7.222071943420924067e-02,-6.610012215609654086e+05,1.659952721030551193e-01,1.633586817878911468e-01,3.029298959079844411e+06,2.982765309111777227e+06,1.000000000000000000e+00
1.134440123953502831e-04,5.535531971855391475e+02,5.533916743843096810e+02,4.926662066958358704e-02,7.293219227632814772e-02,-6.607322251827901928e+05,1.761293594267955009e-01,1.733876110042731067e-01,3.213600535648793448e+06,3.164810533777064178e+06,1.000000000000000000e+00
1.161450603095252844e-04,5.595223688627436331e+02,5.593563994243891102e+02,4.926369212609409132e-02,7.364488679339309396e-02,-6.604587973581943661e+05,1.868353133640710539e-01,1.838179530363735215e-01,3.408790223325736355e+06,3.355204764658415690e+06,1.000000000000000000e+00
1.188461082237002992e-04,5.654907791851799175e+02,5.653313997889146094e+02,4.926091762716119232e-02,7.435882543981738035e-02,-6.601810088735107565e+05,1.981410895886980272e-01,1.952630777038097953e-01,3.615311781560241245e+06,3.563949786818990484e+06,1.000000000000000000e+00
1.215471561378753004e-04,5.714585475366717446e+02,5.712926836205351719e+02,4.925829570524918599e-02,7.507402983798078244e-02,-6.598989268207249697e+05,2.100755634038908581e-01,2.065083782394842860e-01,3.833609304538221098e+06,3.769990494151720777e+06,1.000000000000000000e+00
1.242482040520503017e-04,5.774257894625711742e+02,5.772679060241976003e+02,4.925582491179428951e-02,7.579052080868600716e-02,-6.596126149075985886e+05,2.226685030671290977e-01,2.196129338070985926e-01,4.064125521574238781e+06,4.009584890945340972e+06,1.000000000000000000e+00
1.269492519662253165e-04,5.833926166949997878e+02,5.832285883015210857e+02,4.925350381523291299e-02,7.650831839975950899e-02,-6.593221337486319244e+05,2.359505377736938192e-01,2.321494395212612694e-01,4.307300063027661294e+06,4.239249050783070736e+06,1.000000000000000000e+00
1.296502998804003313e-04,5.893591371789052573e+02,5.891999352077060621e+02,4.925133099916366441e-02,7.722744191291359972e-02,-6.590275411380995065e+05,2.499531204074399993e-01,2.465503998922663198e-01,4.563567714035139419e+06,4.502643044099909253e+06,1.000000000000000000e+00
1.323513477945753461e-04,5.953254550991294991e+02,5.951629237635188474e+02,4.924930506063828622e-02,7.794790992898198434e-02,-6.587288923061017413e+05,2.647084852905305929e-01,2.606786108699846172e-01,4.833356681626359001e+06,4.760838096640835516e+06,1.000000000000000000e+00
1.350523957087503609e-04,6.012916709084609010e+02,6.011316650918379310e+02,4.924742460857945564e-02,7.866974033163312563e-02,-6.584262401586956112e+05,2.802496013559883092e-01,2.764421192675136085e-01,5.117086904798804782e+06,5.048505679881202057e+06,1.000000000000000000e+00
1.377534436229253486e-04,6.072578813568524083e+02,6.070967468338111530e+02,4.924568826232026547e-02,7.939295032965743015e-02,-6.581196355029068654e+05,2.966101215382591638e-01,2.923005912798887218e-01,5.415168441592128016e+06,5.337143412429763936e+06,1.000000000000000000e+00
1.404544915371003634e-04,6.132241795217920526e+02,6.130637796339690340e+02,4.924409465026374777e-02,8.011755647792184742e-02,-6.578091272575954208e+05,3.138243303164048870e-01,3.095621276512055542e-01,5.727999976350335404e+06,5.650703007811144926e+06,1.000000000000000000e+00
1.431555394512753782e-04,6.191906548399693975e+02,6.190307846336435205e+02,4.924264240865678516e-02,8.084357469707366406e-02,-6.574947626508651301e+05,3.319270956986088983e-01,3.272898300623777734e-01,6.055967516691946425e+06,5.971514663756599650e+06,1.000000000000000000e+00
1.458565873654503659e-04,6.251573931402060680e+02,6.249969277882546521e+02,4.924133018047625876e-02,8.157102029207582983e-02,-6.571765874049516860e+05,3.509538504447116125e-01,3.461953900046315646e-01,6.399443452705571428e+06,6.312601714556283318e+06,1.000000000000000000e+00
1.485576352796253807e-04,6.311244766777084578e+02,6.309657236309459449e+02,4.924015661442160408e-02,8.229990796963682076e-02,-6.568546459092295263e+05,3.709407081299809783e-01,3.659289214035217341e-01,6.758786586527876556e+06,6.667069830820112489e+06,1.000000000000000000e+00
1.512586831938003955e-04,6.370919841694525303e+02,6.369317200019022494e+02,4.923912036401160985e-02,8.303025185457772739e-02,-6.565289813821977004e+05,3.919251756134624065e-01,3.866357579000630484e-01,7.134345784461631440e+06,7.037353848381508142e+06,1.000000000000000000e+00
1.566607790221503981e-04,6.490285105998449353e+02,6.488686604380983454e+02,4.923745457476830928e-02,8.449537478627790199e-02,-6.558668703765122918e+05,4.369897291295083974e-01,4.311831945338683303e-01,7.933710434252664447e+06,7.827848940032881685e+06,1.000000000000000000e+00
1.620628748505004006e-04,6.609675606255491402e+02,6.608082340790239186e+02,4.923631875617592857e-02,8.596644480882617567e-02,-6.551901591760281008e+05,4.864707994743011632e-01,4.801434611663860652e-01,8.801466639169227332e+06,8.686730578090494499e+06,1.000000000000000000e+00
1.647639227646754154e-04,6.669382173313747444e+02,6.667818152906955902e+02,4.923594617113179889e-02,8.670423348723931001e-02,-6.548463257639659569e+05,5.129827390479604343e-01,5.066414667678226236e-01,9.262523582739744335e+06,9.147650672313492745e+06,1.000000000000000000e+00
1.674649706788504302e-04,6.729096987391053517e+02,6.727510115148390923e+02,4.923570287887542307e-02,8.744355162085137856e-02,-6.544990106431861641e+05,5.407135350250531491e-01,5.338257477026212561e-01,9.741484839817356318e+06,9.616392753383187577e+06,1.000000000000000000e+00
1.701660185930254179e-04,6.788820598997635898e+02,6.787261378823658333e+02,4.923558754905221074e-02,8.818440964782339742e-02,-6.541482526096812217e+05,5.697020899243734338e-01,5.627866262921307206e-01,1.023860113042525947e+07,1.011326895681582019e+07,1.000000000000000000e+00
1.728670665072004327e-04,6.848553526506894968e+02,6.846974517108161535e+02,4.923559885183497603e-02,8.892681752583547761e-02,-6.537940902852542931e+05,5.999865952797660551e-01,5.925393016418170067e-01,1.075411006741975807e+07,1.061898338353198580e+07,1.000000000000000000e+00
1.755681144213754475e-04,6.908296256567841738e+02,6.906741132953450233e+02,4.923573545762072179e-02,8.967078474168484192e-02,-6.534365622191707371e+05,6.316052065677726368e-01,6.240380277595202196e-01,1.128824287045973539e+07,1.115132333962454274e+07,1.000000000000000000e+00
1.782691623355504352e-04,6.968049244512400264e+02,6.966481153236005639e+02,4.923599603674799069e-02,9.041632032036679700e-02,-6.530757069878648035e+05,6.645962290324672894e-01,6.565390227941172441e-01,1.184122859543681890e+07,1.169518862010914087e+07,1.000000000000000000e+00
1.809702102497254500e-04,7.027812914751978042e+02,7.026264387260512194e+02,4.923637925922404179e-02,9.116343283363005645e-02,-6.527115632936261827e+05,6.989982055307066844e-01,6.905871467145219267e-01,1.241329810410078429e+07,1.226110374935146794e+07,1.000000000000000000e+00
1.836712581639004648e-04,7.087587661158640913e+02,7.086030715992538944e+02,4.923688379445188834e-02,9.191213040802612144e-02,-6.523441700632995926e+05,7.348499962390918627e-01,7.262368290092189316e-01,1.300468822461427934e+07,1.284939323402942345e+07,1.000000000000000000e+00
1.863723060780754525e-04,7.147373847425884605e+02,7.145827674202239450e+02,4.923750831094568514e-02,9.266242073246279409e-02,-6.519735665479461895e+05,7.721908723179695677e-01,7.629744744774080711e-01,1.361564617752083577e+07,1.345029458524780907e+07,1.000000000000000000e+00
1.890733539922504673e-04,7.207171807404334913e+02,7.205625398947197482e+02,4.923825147602462621e-02,9.341431106527950390e-02,-6.515997924244352616e+05,8.110606299745908299e-01,8.019789588733943209e-01,1.424643424833226390e+07,1.408420112853040360e+07,1.000000000000000000e+00
1.917744019064254821e-04,7.266981845407175342e+02,7.265437845264293628e+02,4.923911195547472919e-02,9.416780824084909629e-02,-6.512228878998641158e+05,8.514997283698333419e-01,8.413587461580511739e-01,1.489733466524499841e+07,1.471711326712175831e+07,1.000000000000000000e+00
1.944754498206004698e-04,7.326804236480614918e+02,7.325269355887685379e+02,4.924008841316961094e-02,9.492291867571461816e-02,-6.508428938196399249e+05,8.935494570830034844e-01,8.840341811981108355e-01,1.556865464875265397e+07,1.540036099307044968e+07,1.000000000000000000e+00
1.971764977347754846e-04,7.386639226634219995e+02,7.385097138523417470e+02,4.924117951064103244e-02,9.567964837425871338e-02,-6.504598517800044501e+05,9.372521498695733921e-01,9.260585937752559005e-01,1.626073165759021230e+07,1.606397151645122655e+07,1.000000000000000000e+00
1.998775456489504995e-04,7.446487033026454583e+02,7.444963772220363580e+02,4.924238390659244763e-02,9.643800293390004941e-02,-6.500738042456578696e+05,9.826514991758288353e-01,9.727841875677333272e-01,1.697393905665634945e+07,1.680146009784189612e+07,1.000000000000000000e+00
2.025785935631254872e-04,7.506347844099983604e+02,7.504805631764478449e+02,4.924370025634862424e-02,9.719798754979186439e-02,-6.496847946730649564e+05,1.029793150537144930e+00,1.017499805766236554e+00,1.770869310543579981e+07,1.749588960751958191e+07,1.000000000000000000e+00
2.052796414773005020e-04,7.566221819660484016e+02,7.564709688764078237e+02,4.924512721123883857e-02,9.795960701895445322e-02,-6.492928676398015814e+05,1.078726166249734497e+00,1.068623270474389431e+00,1.846546470191507414e+07,1.829144291113087907e+07,1.000000000000000000e+00
2.106817373056505045e-04,7.686009657116015887e+02,7.684509578309904327e+02,4.924830801233245209e-02,9.948777648997142453e-02,-6.485005808022702113e+05,1.182076562739819980e+00,1.171861768313526841e+00,2.004514462494672090e+07,1.987236595236153901e+07,1.000000000000000000e+00
2.133827852198255193e-04,7.745923644328704540e+02,7.744382817052323844e+02,4.925005776077764907e-02,1.002543133533637387e-01,-6.481001134054446593e+05,1.236668563227957041e+00,1.221663695535427641e+00,2.087107317011306807e+07,2.062050197893390805e+07,1.000000000000000000e+00
2.160838331340005341e-04,7.805851151426957131e+02,7.804350984236956492e+02,4.925191266397582757e-02,1.010225003174280572e-01,-6.476969204490834381e+05,1.293254910531929980e+00,1.282276332912445360e+00,2.172134054205107689e+07,2.153747988252980635e+07,1.000000000000000000e+00
2.187848810481755489e-04,7.865792194288176233e+02,7.864228980664911433e+02,4.925387134157924868e-02,1.017923402355899176e-01,-6.472910542913116515e+05,1.351896692406035161e+00,1.337246154783843011e+00,2.259670063335056603e+07,2.235562091211706400e+07,1.000000000000000000e+00
2.214859289623505637e-04,7.925746759380093636e+02,7.924237919684111375e+02,4.925593240394228467e-02,1.025638355780370964e-01,-6.468825693306666799e+05,1.412657148437832966e+00,1.400898758137888001e+00,2.349796692593215033e+07,2.330447110097581893e+07,1.000000000000000000e+00
2.241869768765255514e-04,7.985714803390868610e+02,7.984163167135305912e+02,4.925809445098210115e-02,1.033369884320935184e-01,-6.464715221826093039e+05,1.475602948663419234e+00,1.460783999856987814e+00,2.442602038503038883e+07,2.418490863769683614e+07,1.000000000000000000e+00
2.268880247907005662e-04,8.045696252792628229e+02,8.044184242119624741e+02,4.926035607097344754e-02,1.041118005020308102e-01,-6.460579718621063512e+05,1.540804820437003286e+00,1.527771968742010378e+00,2.538181304644054547e+07,2.516953194821788371e+07,1.000000000000000000e+00
2.295890727048755810e-04,8.105691003335880396e+02,8.104152552203286177e+02,4.926271583928428649e-02,1.048882731082426828e-01,-6.456419799718069844e+05,1.608337986909547102e+00,1.593384867571316033e+00,2.636637016137857735e+07,2.612533661655910686e+07,1.000000000000000000e+00
2.322901206190505687e-04,8.165698919476124047e+02,8.164185622348448987e+02,4.926517231706096372e-02,1.056664071857496834e-01,-6.452236108952314826e+05,1.678282549930098622e+00,1.663696604078035657e+00,2.738079166563597322e+07,2.714574325826583803e+07,1.000000000000000000e+00
2.349911685332255835e-04,8.225719833732646293e+02,8.224196157778960696e+02,4.926772404986988485e-02,1.064462032820087389e-01,-6.448029319945056923e+05,1.750723855692432274e+00,1.735662231847073356e+00,2.842625323082771897e+07,2.818514936183400825e+07,1.000000000000000000e+00
2.376922164474005983e-04,8.285753545980935542e+02,8.284240709697488683e+02,4.927036956630370668e-02,1.072276615539885791e-01,-6.443800138119887561e+05,1.825752853690909117e+00,1.809304072892237381e+00,2.950400700989790261e+07,2.924192896539809182e+07,1.000000000000000000e+00
2.403932643615755860e-04,8.345799822680087345e+02,8.344292218839775614e+02,4.927310737656050155e-02,1.080107817645010737e-01,-6.439549302753444063e+05,1.903466451353473587e+00,1.888325082055133830e+00,3.061538214830076322e+07,3.037405134962838516e+07,1.000000000000000000e+00
2.430943122757506009e-04,8.405858396036907152e+02,8.404348275275991682e+02,4.927593597100428380e-02,1.087955632777476145e-01,-6.435277589053884149e+05,1.983967864279147397e+00,1.965262883231221780e+00,3.176178511857567355e+07,3.146714793909586594e+07,1.000000000000000000e+00
2.457953601899256157e-04,8.465928963108437983e+02,8.464439096932203483e+02,4.927885381871548870e-02,1.095820050540743384e-01,-6.430985810263331514e+05,2.067366961426252203e+00,2.052128239892614836e+00,3.294469993276235834e+07,3.270206729075496271e+07,1.000000000000000000e+00
2.484964081041006034e-04,8.526011184844729769e+02,8.524506439774413593e+02,4.928185936603948075e-02,1.103701056438938094e-01,-6.426674819778046804e+05,2.153780604486208006e+00,2.132329130008444373e+00,3.416568828205054253e+07,3.383156645412217826e+07,1.000000000000000000e+00
2.511974560182756453e-04,8.586104685073686369e+02,8.584634505403076901e+02,4.928495103514179965e-02,1.111598631807720061e-01,-6.422345513283659238e+05,2.243332980840451185e+00,2.227925077030075585e+00,3.542638965031300485e+07,3.518043245690941066e+07,1.000000000000000000e+00
2.538985039324506330e-04,8.646209049429620563e+02,8.644706701387823387e+02,4.928812722257715218e-02,1.119512753736361943e-01,-6.417998830900215544e+05,2.336155929601899217e+00,2.311867848909124668e+00,3.672852144075500220e+07,3.635389341662929207e+07,1.000000000000000000e+00
2.565995518466256207e-04,8.706323824227339401e+02,8.704856643747905309e+02,4.929138629788055309e-02,1.127443394981078872e-01,-6.413635759335545590e+05,2.432389260473494019e+00,2.414699830663228131e+00,3.807387914992465824e+07,3.779247811488224566e+07,1.000000000000000000e+00
2.593005997608006626e-04,8.766448515283035476e+02,8.764937927597148928e+02,4.929472660218672808e-02,1.135390523869148904e-01,-6.409257334043086739e+05,2.532181065241397633e+00,2.508909586032803674e+00,3.946433661347237974e+07,3.910603704020652175e+07,1.000000000000000000e+00
2.620016476749757045e-04,8.826582586683615546e+02,8.825113268399456956e+02,4.929814644688540470e-02,1.143354104193912146e-01,-6.404864641383889830e+05,2.635688021933091374e+00,2.615918605291045473e+00,4.090184634178901464e+07,4.059086873413142562e+07,1.000000000000000000e+00
2.647026955891506922e-04,8.886725459505347544e+02,8.885229813639427903e+02,4.930164411231760524e-02,1.151334095100183252e-01,-6.400458820790291065e+05,2.743075691695169738e+00,2.720020006032738191e+00,4.238843995265650749e+07,4.203332005150116980e+07,1.000000000000000000e+00
2.674037435033256799e-04,8.946876510483226639e+02,8.945407350994399849e+02,4.930521784651996364e-02,1.159330450960204956e-01,-6.396041066932083340e+05,2.854518808621885562e+00,2.832212337778502675e+00,4.392622870197302103e+07,4.357944880996408314e+07,1.000000000000000000e+00
2.701047914175007218e-04,9.007035070631485496e+02,9.005556281539084011e+02,4.930886586402143112e-02,1.167343121239663301e-01,-6.391612631883645663e+05,2.970201562716142440e+00,2.947265940732313183e+00,4.551740410286022723e+07,4.516290860685562342e+07,1.000000000000000000e+00
2.728058393316757095e-04,9.067200423816490229e+02,9.065733744396709426e+02,4.931258634469877500e-02,1.175372050353943182e-01,-6.387174827293958515e+05,3.090317876302274502e+00,3.064922374707430119e+00,4.716423861890275031e+07,4.677428504588115960e+07,1.000000000000000000e+00
2.755068872458506972e-04,9.127371805282065225e+02,9.125913405689555020e+02,4.931637743269459001e-02,1.183417177514116680e-01,-6.382729026558307232e+05,3.215071674082560005e+00,3.191850780071817439e+00,4.886908640783582628e+07,4.850776791121608764e+07,1.000000000000000000e+00
2.782079351600257391e-04,9.187548400128379171e+02,9.186093729678811997e+02,4.932023723540428922e-02,1.191478436562901089e-01,-6.378276666994419647e+05,3.344677147133804596e+00,3.314496953140525282e+00,5.063438408987692744e+07,5.017550543254060298e+07,1.000000000000000000e+00
2.809089830742007268e-04,9.247729341744119438e+02,9.246290319232672346e+02,4.932416382253534265e-02,1.199555755800039009e-01,-6.373819252021727152e+05,3.479359010936364793e+00,3.456259377866341964e+00,5.246265150739476085e+07,5.210035276773722470e+07,1.000000000000000000e+00
2.836100309883757145e-04,9.307913710193219003e+02,9.306460913119997258e+02,4.932815522524523766e-02,1.207649057797399034e-01,-6.369358353346703807e+05,3.619352757609416216e+00,3.585610289832407815e+00,5.435649244334904850e+07,5.385191847319558263e+07,1.000000000000000000e+00
2.863110789025507565e-04,9.368100530555592513e+02,9.366669593774417990e+02,4.933220943536208852e-02,1.215758259203209707e-01,-6.364895613152578007e+05,3.764904902250704843e+00,3.741750495711307689e+00,5.631859526047319919e+07,5.595473442012063414e+07,1.000000000000000000e+00
2.890121268167257442e-04,9.428288771223392359e+02,9.426813371776109989e+02,4.933632440469422342e-02,1.223883270535772866e-01,-6.360432746296094265e+05,3.916273223350038357e+00,3.882708664881049820e+00,5.835173342671417445e+07,5.785295949978567660e+07,1.000000000000000000e+00
2.917131747309007319e-04,9.488477342152197025e+02,9.487044570826990366e+02,4.934049804443348813e-02,1.232023995966046170e-01,-6.355971542508816347e+05,4.073726996904744269e+00,4.048071133970204905e+00,6.045876588870016485e+07,6.005994070172553509e+07,1.000000000000000000e+00
2.944142226450757738e-04,9.548665093068750593e+02,9.547202767877739689e+02,4.934472822466003106e-02,1.240180333089446335e-01,-6.351513868604693562e+05,4.237547223936767971e+00,4.204928064332055015e+00,6.264263726090537012e+07,6.215500427812644839e+07,1.000000000000000000e+00
2.971152705592507615e-04,9.608850811635900300e+02,9.607418787466352796e+02,4.934901277395137287e-02,1.248352172686400807e-01,-6.347061670690510655e+05,4.408026850730347945e+00,4.379119252630331083e+00,6.490637779586032033e+07,6.446276591914621741e+07,1.000000000000000000e+00
2.998163184734257492e-04,9.669033221574404706e+02,9.667585502122918797e+02,4.935334947910877818e-02,1.256539398471665792e-01,-6.342616976379745174e+05,4.585470981128014323e+00,4.553704762904486003e+00,6.725310310725232959e+07,6.677396083694013953e+07,1.000000000000000000e+00
3.025173663876007911e-04,9.729210980744455810e+02,9.727782693399037726e+02,4.935773608500314269e-02,1.264741886832344286e-01,-6.338181897005690262e+05,4.770197079918530036e+00,4.737044800528870780e+00,6.968601361824181676e+07,6.918493050474603474e+07,1.000000000000000000e+00
3.052184143017757788e-04,9.789382679187197027e+02,9.787949835146470150e+02,4.936217029455099159e-02,1.272959506554438569e-01,-6.333758629831734579e+05,4.962535166221281102e+00,4.931794910459610826e+00,7.220839371170288324e+07,7.173924097670155764e+07,1.000000000000000000e+00
3.079194622159507665e-04,9.849546837127991239e+02,9.848123806363098538e+02,4.936664976882904066e-02,1.281192118537862190e-01,-6.329349460254436126e+05,5.162827995555678839e+00,5.124494236629276500e+00,7.482361056196807325e+07,7.425440813552710414e+07,1.000000000000000000e+00
3.106205101301258084e-04,9.909701902943103278e+02,9.908293810981421075e+02,4.937117212733641708e-02,1.289439575499813084e-01,-6.324956763995494694e+05,5.371431229067914259e+00,5.339141751801947500e+00,7.753511263063266873e+07,7.703763000052393973e+07,1.000000000000000000e+00
3.133215580443007961e-04,9.969846251091778413e+02,9.968435350928423304e+02,4.937573494841440008e-02,1.297701721666432995e-01,-6.320583009276556550e+05,5.588713588125441056e+00,5.542814497760101489e+00,8.034642781045120955e+07,7.967769145731489360e+07,1.000000000000000000e+00
3.160226059584757838e-04,1.002997818001585415e+03,1.002858823166260777e+03,4.938033576983395095e-02,1.305978392452677994e-01,-6.316232624706478091e+05,5.815056971670395924e+00,5.783251669713924237e+00,8.326114532937155664e+07,8.276423709391044080e+07,1.000000000000000000e+00
3.187236538726508257e-04,1.009009589758860898e+03,1.008867810675670171e+03,4.938497208959995166e-02,1.314269414133983349e-01,-6.311908115779851796e+05,6.050856661030892703e+00,6.001217205752188200e+00,8.628295206876647472e+07,8.557152150103142858e+07,1.000000000000000000e+00
3.214247017868258134e-04,1.015019750451708546e+03,1.014880170983271910e+03,4.938964136684066003e-02,1.322574603513784197e-01,-6.307613210921304999e+05,6.296521300998001891e+00,6.263158531775003368e+00,8.941557962638011575e+07,8.889790378095319867e+07,1.000000000000000000e+00
3.241257497010008011e-04,1.021028101883749059e+03,1.020885186707980210e+03,4.939434102300167134e-02,1.330893767575247189e-01,-6.303349752188498387e+05,6.552473053709422679e+00,6.506263294263818331e+00,9.266284253818057477e+07,9.199316947386468947e+07,1.000000000000000000e+00
3.268267976151758430e-04,1.027034437701299339e+03,1.026894934584134717e+03,4.939906844321293594e-02,1.339226703112376959e-01,-6.299119621932749869e+05,6.819147629969265267e+00,6.781461401190892246e+00,9.602861907789005339e+07,9.545368529329115152e+07,1.000000000000000000e+00
3.295278455293508308e-04,1.033038543176286794e+03,1.032896933282153213e+03,4.940382097787894555e-02,1.347573196348251512e-01,-6.294924743829548825e+05,7.096994312046695619e+00,7.052044127357408598e+00,9.951684704488252103e+07,9.885762481896732748e+07,1.000000000000000000e+00
3.322288934435258185e-04,1.039040194987786890e+03,1.038901080980438337e+03,4.940859594450337788e-02,1.355933022541519761e-01,-6.290767083880171413e+05,7.386475944812486816e+00,7.343034642404232315e+00,1.031315191558393836e+08,1.024825866561268419e+08,1.000000000000000000e+00
3.349299413577008604e-04,1.045039161001826869e+03,1.044899244094044889e+03,4.941339062976141117e-02,1.364305945580344126e-01,-6.286648651381348027e+05,7.688068891987851927e+00,7.643313648001185179e+00,1.068766780360845029e+08,1.062118032022596002e+08,1.000000000000000000e+00
3.376309892718758481e-04,1.051035200051395350e+03,1.050897126693694645e+03,4.941820229182687652e-02,1.372691717565770464e-01,-6.282571499853461282e+05,8.002262954286235797e+00,7.950213644050696971e+00,1.107564108103715926e+08,1.099980350287034363e+08,1.000000000000000000e+00
3.403320371860508358e-04,1.057028061715394870e+03,1.056889908621469885e+03,4.942302816296777201e-02,1.381090078382433972e-01,-6.278537727924149949e+05,8.329561245544818249e+00,8.284961672195091609e+00,1.147748432862832993e+08,1.141023952653636783e+08,1.000000000000000000e+00
3.430330851002258777e-04,1.063017486098056679e+03,1.062879980471722547e+03,4.942786545241964480e-02,1.389500755258388787e-01,-6.274549480160431704e+05,8.670480023421589522e+00,8.610836548327728934e+00,1.189361337318598181e+08,1.180870443067890257e+08,1.000000000000000000e+00
3.457341330144008654e-04,1.069003203608712511e+03,1.068866173023230658e+03,4.943271134954448087e-02,1.397923462313161447e-01,-6.270608947841528570e+05,9.025548470265306378e+00,8.983736874026305941e+00,1.232444662375359982e+08,1.225991646285898089e+08,1.000000000000000000e+00
3.484351809285758531e-04,1.074984934742840323e+03,1.074848011509996013e+03,4.943756302728537222e-02,1.406357900095228097e-01,-6.266718369667029474e+05,9.395308420435558361e+00,9.327039791672865121e+00,1.277040436630498469e+08,1.267566184619626403e+08,1.000000000000000000e+00
3.511362288427508950e-04,1.080962389864406987e+03,1.080826894402976677e+03,4.944241764592284538e-02,1.414803755108205996e-01,-6.262880032391685527e+05,9.780314029289005617e+00,9.735834471997172557e+00,1.323190801570277214e+08,1.316323797976505160e+08,1.000000000000000000e+00
3.538372767569258827e-04,1.086935268990508575e+03,1.086795880202355193e+03,4.944727235714037328e-02,1.423260699327101308e-01,-6.259096271380994003e+05,1.018113137982839511e+01,1.011146246274556937e+01,1.370937932482859790e+08,1.361338520106523037e+08,1.000000000000000000e+00
3.565383246711008704e-04,1.092903261578321462e+03,1.092768058377230545e+03,4.945212430840333073e-02,1.431728389703965099e-01,-6.255369471078658244e+05,1.059833802187182172e+01,1.054722245153959292e+01,1.420323954940221310e+08,1.412625601958209574e+08,1.000000000000000000e+00
3.592393725852759123e-04,1.098866046315139329e+03,1.098728011173895766e+03,4.945697064765613993e-02,1.440206467664100209e-01,-6.251702065380042186e+05,1.103252243947421718e+01,1.096281562856017899e+01,1.471390856820278168e+08,1.461706302035335302e+08,1.000000000000000000e+00
3.619404204994509000e-04,1.104823290913045412e+03,1.104688653795380333e+03,4.946180852833849395e-02,1.448694558594100512e-01,-6.248096537898749812e+05,1.148428344129171563e+01,1.142455534495232605e+01,1.524180395712178648e+08,1.515442521811708212e+08,1.000000000000000000e+00
3.646414684136258877e-04,1.110774651906179770e+03,1.110638154712912410e+03,4.946663511472351032e-02,1.457192271319497912e-01,-6.244555422126947669e+05,1.195422946908713158e+01,1.188363102703811514e+01,1.578734001623753607e+08,1.568852041800380945e+08,1.000000000000000000e+00
3.673425163278009296e-04,1.116719774454023309e+03,1.116585892450657184e+03,4.947144758757510141e-02,1.465699197575841828e-01,-6.241081301472542109e+05,1.244297781923506108e+01,1.237286314997780678e+01,1.635092674862848222e+08,1.625145108839264214e+08,1.000000000000000000e+00
3.700435642419759173e-04,1.122658292149853878e+03,1.122523378178427038e+03,4.947624315012268820e-02,1.474214911472253309e-01,-6.237676809168985346e+05,1.295115377203216411e+01,1.287954248517405098e+01,1.693296878966897428e+08,1.683200034027664959e+08,1.000000000000000000e+00
3.727446121561509050e-04,1.128589826835313033e+03,1.128456793968822240e+03,4.948101903434845572e-02,1.482738968948604519e-01,-6.234344628048298182e+05,1.347938962358783854e+01,1.339742050821834773e+01,1.753386428551008999e+08,1.742108449934544265e+08,1.000000000000000000e+00
3.754456600703259470e-04,1.134513988421732847e+03,1.134380481533665716e+03,4.948577250758029455e-02,1.491270907227210674e-01,-6.231087490168653894e+05,1.402832361503624448e+01,1.395708826654246337e+01,1.815400371941511035e+08,1.805252763447656333e+08,1.000000000000000000e+00
3.781467079845009347e-04,1.140430374718908752e+03,1.140297922219122938e+03,4.949050087938177550e-02,1.499810244260006975e-01,-6.227908176287423121e+05,1.459859875381135730e+01,1.450586226543336643e+01,1.879376868460742533e+08,1.866958781186273992e+08,1.000000000000000000e+00
3.808477558986759224e-04,1.146338571272011222e+03,1.146206397398277886e+03,4.949520150872793040e-02,1.508356478172285242e-01,-6.224809515171160456e+05,1.519086152175658810e+01,1.512151762458013415e+01,1.945353060229658484e+08,1.935308372270004749e+08,1.000000000000000000e+00
3.835488038128509643e-04,1.152238151207360943e+03,1.152106471919466230e+03,4.949987181145335674e-02,1.516909086704155141e-01,-6.221794382733305683e+05,1.580576046490531894e+01,1.570042957180917043e+01,2.013364938357488215e+08,1.999643243945761621e+08,1.000000000000000000e+00
3.862498517270259520e-04,1.158128675087808460e+03,1.157997970645024679e+03,4.950450926795686712e-02,1.525467526650996775e-01,-6.218865700990802143e+05,1.644394465987199183e+01,1.637567609961077864e+01,2.083447203392161727e+08,2.073403904208919108e+08,1.000000000000000000e+00
3.889508996412009397e-04,1.164009690778490494e+03,1.163878933352697231e+03,4.950911143114419821e-02,1.534031233304292974e-01,-6.216026436830658931e+05,1.710606205193703744e+01,1.698574462486695680e+01,2.155633119911890924e+08,2.140405168988467157e+08,1.000000000000000000e+00
3.916519475553759816e-04,1.169880733323747336e+03,1.169750595653729761e+03,4.951367593458790711e-02,1.542599619894312324e-01,-6.213279600577685051e+05,1.779275766009901005e+01,1.771695385988140359e+01,2.229954365146499574e+08,2.219033124305379093e+08,1.000000000000000000e+00
3.943529954695509693e-04,1.175741324836023750e+03,1.175608029787312489e+03,4.951820050088084901e-02,1.551172077036255814e-01,-6.210628244354510680e+05,1.850467164460768998e+01,1.839120028753441716e+01,2.306440871527786851e+08,2.291894121961737573e+08,1.000000000000000000e+00
3.970540433837259570e-04,1.181590974397591935e+03,1.181461442909431526e+03,4.952268295015697236e-02,1.559747972181576292e-01,-6.208075460225444986e+05,1.924243723278713247e+01,1.915569854877962541e+01,2.385120663080709875e+08,2.372998768268193305e+08,1.000000000000000000e+00
3.997550912979009989e-04,1.187429177975960101e+03,1.187297037390164178e+03,4.952712120875055191e-02,1.568326649076317858e-01,-6.205624378115975996e+05,2.000667849931127051e+01,1.989382642171601034e+01,2.466019685581840277e+08,2.451454023371366262e+08,1.000000000000000000e+00
4.024561392120759866e-04,1.193255418353865025e+03,1.193126462427030447e+03,4.953151331796228768e-02,1.576907427228421421e-01,-6.203278163499447983e+05,2.079800799751408746e+01,2.069981212266019810e+01,2.549161630428996980e+08,2.535841041841434836e+08,1.000000000000000000e+00
4.051571871262509743e-04,1.199069165074761486e+03,1.198938193214277817e+03,4.953585744289797088e-02,1.585489601386100844e-01,-6.201040014843783574e+05,2.161702423880556978e+01,2.150499383662925723e+01,2.634567752185626030e+08,2.620001812469744980e+08,1.000000000000000000e+00
4.078582350404260162e-04,1.204869874404756729e+03,1.204741487529644701e+03,4.954015188134279490e-02,1.594072441029484866e-01,-6.198913160810559057e+05,2.246430901782574097e+01,2.235390957529955003e+01,2.722256679786542058e+08,2.707718378408666849e+08,1.000000000000000000e+00
4.105592829546010039e-04,1.210656989311960842e+03,1.210527242734322726e+03,4.954439507263195402e-02,1.602655189877877084e-01,-6.196900857199841412e+05,2.334042458161411915e+01,2.322879540988549252e+01,2.812244221417540908e+08,2.797631953177148700e+08,1.000000000000000000e+00
4.132603308687759916e-04,1.216429939464248946e+03,1.216302260670371425e+03,4.954858560647549398e-02,1.611237065415098701e-01,-6.195006383634734666e+05,2.424591064179978872e+01,2.412080990591667984e+01,2.904543163111921549e+08,2.888585503237445951e+08,1.000000000000000000e+00
4.159613787829510335e-04,1.222188141246462465e+03,1.222059710313513506e+03,4.955272223169302631e-02,1.619817258435511387e-01,-6.193233039979950991e+05,2.518128122963288007e+01,2.506906805593472853e+01,2.999163061140320897e+08,2.984402873239474893e+08,1.000000000000000000e+00
4.186624266971260212e-04,1.227930997798091312e+03,1.227804148620839669e+03,4.955680386481202404e-02,1.628394932613447255e-01,-6.191584142489804653e+05,2.614702139459483732e+01,2.600448602285850086e+01,3.096110028310284019e+08,3.078520410087521076e+08,1.000000000000000000e+00
4.213634746113010089e-04,1.233657899072523378e+03,1.233530862061454172e+03,4.956082959848075176e-02,1.636969224098895892e-01,-6.190063019681745209e+05,2.714358374833251020e+01,2.702962510566794663e+01,3.195386514335211515e+08,3.180366304379717112e+08,1.000000000000000000e+00
4.240645225254760509e-04,1.239368221918945665e+03,1.239242289021856095e+03,4.956479870964552309e-02,1.645539241142424669e-01,-6.188673007932347246e+05,2.817138485677980952e+01,2.800865180934412280e+01,3.296991080483324528e+08,3.277567836932751536e+08,1.000000000000000000e+00
4.267655704396510386e-04,1.245061330188030524e+03,1.244935711317809364e+03,4.956871066744023002e-02,1.654104063752417364e-01,-6.187417446794111747e+05,2.923080148454676319e+01,2.911438420681910344e+01,3.400918168773263693e+08,3.385579690142990351e+08,1.000000000000000000e+00
4.294666183538260263e-04,1.250736574862541602e+03,1.250611408632393704e+03,4.957256514073443698e-02,1.662662743387851028e-01,-6.186299674031939358e+05,3.032216669699059253e+01,3.014010849984263629e+01,3.507157866046699286e+08,3.486077395743141174e+08,1.000000000000000000e+00
4.321676662680010682e-04,1.256393294214028401e+03,1.256268898792533037e+03,4.957636200528574288e-02,1.671214302689918718e-01,-6.185323020380091621e+05,3.144576582681731480e+01,3.132768683063036974e+01,3.615695663319056034e+08,3.600150037735205293e+08,1.000000000000000000e+00
4.348687141821761101e-04,1.262030813986782732e+03,1.261905925571568559e+03,4.958010135044076117e-02,1.679757735255914819e-01,-6.184490804021090735e+05,3.260183231361702383e+01,3.240175581382181491e+01,3.726512210888211727e+08,3.703949123115187287e+08,1.000000000000000000e+00
4.375697620963510978e-04,1.267648447610260746e+03,1.267524554423940117e+03,4.958378348532921365e-02,1.688292005458898459e-01,-6.183806324789855862e+05,3.379054342639025066e+01,3.365887624224993147e+01,3.839583069767901897e+08,3.822790987263427973e+08,1.000000000000000000e+00
4.402708100105260855e-04,1.273245496441170417e+03,1.273118324915393487e+03,4.958740894449528008e-02,1.696816048316721059e-01,-6.183272858107713982e+05,3.501201588089360683e+01,3.482048465145221172e+01,3.954878460107955933e+08,3.933097694627314210e+08,1.000000000000000000e+00
4.429718579247011274e-04,1.278821250036442052e+03,1.278697963926985494e+03,4.959097849291062288e-02,1.705328769414085621e-01,-6.182893648652430857e+05,3.626630136549587746e+01,3.611828740983536790e+01,4.072363007367112041e+08,4.054122472040522099e+08,1.000000000000000000e+00
4.456729058388761151e-04,1.284374986458302146e+03,1.284248985879062047e+03,4.959449313031477624e-02,1.713829044881352848e-01,-6.182671903772181831e+05,3.755338199120541987e+01,3.735877335080811434e+01,4.191995487117082477e+08,4.169935620440829992e+08,1.000000000000000000e+00
4.483739537530511028e-04,1.289905972612669075e+03,1.289783360722160296e+03,4.959795409482914419e-02,1.722315721433869129e-01,-6.182610786653165706e+05,3.887316568357897495e+01,3.870622140312897130e+01,4.313728569476866722e+08,4.293867100691495538e+08,1.000000000000000000e+00
4.510750016672261447e-04,1.295413464622078891e+03,1.295288667202521538e+03,4.960136286579330811e-02,1.730787616475593094e-01,-6.182713409252050333e+05,4.022548153635545987e+01,4.002683320304720382e+01,4.437508564305840731e+08,4.415099613245667219e+08,1.000000000000000000e+00
4.537760495814011324e-04,1.300896708234345624e+03,1.300774800715374340e+03,4.960472116577384349e-02,1.739243518270829347e-01,-6.182982825006624917e+05,4.161007514885157832e+01,4.142232429946558625e+01,4.563275168420278430e+08,4.541693266461272836e+08,1.000000000000000000e+00
4.564770974955761201e-04,1.306354939268133649e+03,1.306231256131853115e+03,4.960803096169896093e-02,1.747682186187861086e-01,-6.183422021339872153e+05,4.302660397140508053e+01,4.282726108286552602e+01,4.690961216242172122e+08,4.668527726879856586e+08,1.000000000000000000e+00
4.591781454097511620e-04,1.311787384096595133e+03,1.311666099061099203e+03,4.961129446507538121e-02,1.756102351018225538e-01,-6.184033911974364892e+05,4.447463268542603032e+01,4.426814623597493181e+01,4.820492435438340902e+08,4.797456305486874580e+08,1.000000000000000000e+00
4.618791933239261497e-04,1.317193260170189205e+03,1.317070687093035303e+03,4.961451413124723375e-02,1.764502715375345088e-01,-6.184821329076231923e+05,4.595362864690820004e+01,4.575431317616894233e+01,4.951787209263083339e+08,4.929412138849637508e+08,1.000000000000000000e+00
4.645802412381011375e-04,1.322571776579758989e+03,1.322451157119121945e+03,4.961769265766126369e-02,1.772881954176124819e-01,-6.185787015249509132e+05,4.746295742452862498e+01,4.723595813627753870e+01,5.084756347475632429e+08,5.060176165378024578e+08,1.000000000000000000e+00
4.672812891522761794e-04,1.327922134660877191e+03,1.327800688814205387e+03,4.962083298110687990e-02,1.781238715209040591e-01,-6.186933615404162556e+05,4.900187846570594274e+01,4.880200541843919382e+01,5.219302867864741683e+08,5.196954513751444221e+08,1.000000000000000000e+00
4.699823370664511671e-04,1.333243528640417708e+03,1.333123620612990180e+03,4.962393827390489121e-02,1.789571619792071910e-01,-6.188263668522366788e+05,5.056954092616109619e+01,5.031934065289735969e+01,5.355321790573557615e+08,5.329033290998568535e+08,1.000000000000000000e+00
4.726833849806261548e-04,1.338535146326220683e+03,1.338414824262456477e+03,4.962701193902394059e-02,1.797879263523723403e-01,-6.189779599350298522e+05,5.216497970060602540e+01,5.196375314898125453e+01,5.492699947577763796e+08,5.470335863939064741e+08,1.000000000000000000e+00
4.753844328948011967e-04,1.343796169840637504e+03,1.343677003509579208e+03,4.963005760410975353e-02,1.806160217130122203e-01,-6.191483710043914616e+05,5.378711169413156767e+01,5.351049000387824606e+01,5.631315809825738668e+08,5.603118044582617283e+08,1.000000000000000000e+00
4.780854808089761844e-04,1.349025776398629660e+03,1.348906551086318814e+03,4.963307911441821457e-02,1.814413027410992640e-01,-6.193378171799328411e+05,5.543473237565895317e+01,5.523092137194331741e+01,5.771039334699484110e+08,5.748589082485190630e+08,1.000000000000000000e+00
4.807865287231511721e-04,1.354223139130984919e+03,1.354104714599602858e+03,4.963608052465005860e-02,1.822636218287038423e-01,-6.195465016500198981e+05,5.710651265639705088e+01,5.680009816902737896e+01,5.911731836595977545e+08,5.881422435829946995e+08,1.000000000000000000e+00
4.834875766373262140e-04,1.359387427953073711e+03,1.359269129321148739e+03,4.963906608969127776e-02,1.830828291950944986e-01,-6.197746128415813437e+05,5.880099613760380350e+01,5.858755922679660699e+01,6.053245883558647633e+08,6.030174155382460356e+08,1.000000000000000000e+00
4.861886245515012017e-04,1.364517810479422678e+03,1.364397919216108676e+03,4.964204025427073480e-02,1.838987730123922415e-01,-6.200223235985243227e+05,6.051659677301152840e+01,6.020262689218420604e+01,6.195425223003187180e+08,6.164719548255453110e+08,1.000000000000000000e+00
4.888896724656761894e-04,1.369613452984223159e+03,1.369495826145245701e+03,4.964500764155316964e-02,1.847112995419308290e-01,-6.202897903724330245e+05,6.225159699203850039e+01,6.201776539722485637e+01,6.338104739679964781e+08,6.313586408109749556e+08,1.000000000000000000e+00
4.915907203798512313e-04,1.374673521407696626e+03,1.374553506228737888e+03,4.964797304069293316e-02,1.855202532814368976e-01,-6.205771524293205002e+05,6.400414633029629385e+01,6.369714098992444207e+01,6.481110449091591835e+08,6.451057287432324886e+08,1.000000000000000000e+00
4.942917682940262732e-04,1.379697182408056278e+03,1.379580307510633929e+03,4.965094139338115109e-02,1.863254771230996587e-01,-6.208845310763325542e+05,6.577226061391175449e+01,6.551489904914740237e+01,6.624259529636271000e+08,6.598097851632876396e+08,1.000000000000000000e+00
4.969928162082012067e-04,1.384683604458580930e+03,1.384564854151607278e+03,4.965391777942575885e-02,1.871268125225524770e-01,-6.212120289123316761e+05,6.755382174373835369e+01,6.724743629688863678e+01,6.767360396771976948e+08,6.737525294798845053e+08,1.000000000000000000e+00
4.996938641223762486e-04,1.389631958989082932e+03,1.389515885311808006e+03,4.965690740141103648e-02,1.879240996787389373e-01,-6.215597291064229794e+05,6.934657812464047311e+01,6.906139324234428045e+01,6.910212822489761114e+08,6.882129273582812548e+08,1.000000000000000000e+00
5.023949120365512905e-04,1.394541421570809462e+03,1.394423879374344097e+03,4.965991556848984440e-02,1.887171777245812976e-01,-6.219276947083462728e+05,7.114814578360500263e+01,7.084088634076654500e+01,7.052608103339941502e+08,7.022912429509792328e+08,1.000000000000000000e+00
5.050959599507262240e-04,1.399411173143546193e+03,1.399295905502439609e+03,4.966294767936822036e-02,1.895058849283139946e-01,-6.223159679949178826e+05,7.295601021849984136e+01,7.263844945178763624e+01,7.194329280178151131e+08,7.164040501299446821e+08,1.000000000000000000e+00
5.077970078649012660e-04,1.404240401283410847e+03,1.404123995998914779e+03,4.966600920454838919e-02,1.902900589052830549e-01,-6.227245698564740596e+05,7.476752901677227214e+01,7.446024512323819522e+01,7.335151412671307325e+08,7.305707362802475691e+08,1.000000000000000000e+00
5.104980557790763079e-04,1.409028301509530593e+03,1.408913938186577525e+03,4.966910566790150999e-02,1.910695368399526750e-01,-6.231534992272728123e+05,7.657993528027472507e+01,7.623167787282565655e+01,7.474841911436327696e+08,7.442541980337237120e+08,1.000000000000000000e+00
5.131991036932512414e-04,1.413774078627481231e+03,1.413658693719085022e+03,4.967224262764737691e-02,1.918441557177927859e-01,-6.236027325637408067e+05,7.839034188868021147e+01,7.808536010367798497e+01,7.613160930466398001e+08,7.584205835468368530e+08,1.000000000000000000e+00
5.159001516074262833e-04,1.418476948107049111e+03,1.418363539878474512e+03,4.967542565682259159e-02,1.926137525666579142e-01,-6.240722233743635006e+05,8.019574662960854994e+01,7.981615237931605122e+01,7.749861822230576277e+08,7.715567593976849318e+08,1.000000000000000000e+00
5.186011995216013252e-04,1.423136137491534328e+03,1.423021528645972694e+03,4.967866032332331205e-02,1.933781647071955434e-01,-6.245619018047869904e+05,8.199303821858681829e+01,8.169104951482290744e+01,7.884691657507550716e+08,7.856355305128922462e+08,1.000000000000000000e+00
5.213022474357763671e-04,1.427750887835472895e+03,1.427638322675196605e+03,4.968195216961237420e-02,1.941372300117573668e-01,-6.250716742816602346e+05,8.377900322636435249e+01,8.336405489099387012e+01,8.017391811634769440e+08,7.980892727296718359e+08,1.000000000000000000e+00
5.240032953499514090e-04,1.432320455167306591e+03,1.432206680655105629e+03,4.968530669218357981e-02,1.948907871712119988e-01,-6.256014232183609856e+05,8.555033392483612431e+01,8.522716810464665116e+01,8.147698618414016962e+08,8.118109391328488588e+08,1.000000000000000000e+00
5.267043432641263425e-04,1.436844111973164900e+03,1.436729568199080177e+03,4.968872932087862321e-02,1.956386759689907329e-01,-6.261510067857080139e+05,8.730363705596701607e+01,8.689253239238514936e+01,8.275344092417049408e+08,8.239120401600474119e+08,1.000000000000000000e+00
5.294053911783013844e-04,1.441321148697570607e+03,1.441208547345235047e+03,4.969222539815378037e-02,1.963807375616257733e-01,-6.267202587503097020e+05,8.903544352065553369e+01,8.867428084785386488e+01,8.400056719876637459e+08,8.367914313246841431e+08,1.000000000000000000e+00
5.321064390924764263e-04,1.445750875256519066e+03,1.445637829735508831e+03,4.969580015839510784e-02,1.971168147649716151e-01,-6.273089883830555482e+05,9.074221897644127921e+01,9.034109989574047006e+01,8.521562317731245756e+08,8.486374593989517689e+08,1.000000000000000000e+00
5.348074870066513598e-04,1.450132622558031244e+03,1.450021672613937881e+03,4.969945870738108618e-02,1.978467523452329124e-01,-6.279169804397996049e+05,9.242037532445488068e+01,9.202814745531964036e+01,8.639584959719365835e+08,8.605415089040997028e+08,1.000000000000000000e+00
5.375085349208264017e-04,1.454465744024929336e+03,1.454353901455564255e+03,4.970320600199207295e-02,1.985703973138550626e-01,-6.285439952160419198e+05,9.406628305699720727e+01,9.367765948685115518e+01,8.753847967690482140e+08,8.719963617786151171e+08,1.000000000000000000e+00
5.402095828350014436e-04,1.458749617114252715e+03,1.458640254030390224e+03,4.970704683026503506e-02,1.992875992252720052e-01,-6.291897686769616557e+05,9.567628442777991893e+01,9.525011768753039121e+01,8.864074965523797274e+08,8.827767515877147913e+08,1.000000000000000000e+00
5.429106307491763771e-04,1.462983644827414764e+03,1.462872357155494910e+03,4.971098579189115602e-02,1.999982104764459478e-01,-6.298540126637999201e+05,9.724670739716553669e+01,9.687091410421818694e+01,8.969990992224667072e+08,8.937572798412252665e+08,1.000000000000000000e+00
5.456116786633514191e-04,1.467167257204901034e+03,1.467059257168128170e+03,4.971502727925186660e-02,2.007020866070770848e-01,-6.305364151771492325e+05,9.877388029485413767e+01,9.831268501246229619e+01,9.071323669911655188e+08,9.032943817740319967e+08,1.000000000000000000e+00
5.483127265775264610e-04,1.471299912799036974e+03,1.471189079444828394e+03,4.971917545908713376e-02,2.013990865993129653e-01,-6.312366407372987596e+05,1.002541471324644249e+02,9.987305191906615676e+01,9.167804421522305012e+08,9.135525364741681814e+08,1.000000000000000000e+00
5.510137744917013945e-04,1.475381100118113181e+03,1.475272214895220486e+03,4.972343425488653934e-02,2.020890731757398751e-01,-6.319543308213098207e+05,1.016838834884637777e+02,1.012232633640054473e+02,9.259169732165735960e+08,9.220672307689291239e+08,1.000000000000000000e+00
5.537148224058764364e-04,1.479410339034942353e+03,1.479302030775819958e+03,4.972780733009114079e-02,2.027719130944011794e-01,-6.326891043760654284e+05,1.030595128780493610e+02,1.026363958292300822e+02,9.345162447142763138e+08,9.309995242277002335e+08,1.000000000000000000e+00
5.564158703200514783e-04,1.483387182152758669e+03,1.483279048050277197e+03,4.973229807218999821e-02,2.034474774395557128e-01,-6.334405584060270339e+05,1.043775235110558270e+02,1.039260796367762651e+02,9.425533098758945465e+08,9.388185508000378609e+08,1.000000000000000000e+00
5.591169182342264118e-04,1.487311216121240250e+03,1.487205138730208091e+03,4.973690957779167837e-02,2.041156419068633765e-01,-6.342082686341777444e+05,1.056344853317440595e+02,1.051686341999892846e+02,9.500041253186725378e+08,9.462133684238475561e+08,1.000000000000000000e+00
5.618179661484014537e-04,1.491182062895363060e+03,1.491073807381508914e+03,4.974164463874649472e-02,2.047762870816720593e-01,-6.349917902337713167e+05,1.068270672259434093e+02,1.063941702151475823e+02,9.568456867796273232e+08,9.533105324459835291e+08,1.000000000000000000e+00
5.645190140625764956e-04,1.494999380929765493e+03,1.494896044653825356e+03,4.974650572939073867e-02,2.054292987090683420e-01,-6.357906586284651421e+05,1.079520542730948165e+02,1.074598934939947839e+02,9.630561648609292507e+08,9.591207770474778414e+08,1.000000000000000000e+00
5.672200619767514291e-04,1.498762866301344275e+03,1.498655407143069851e+03,4.975149499497892591e-02,2.060745679543607989e-01,-6.366043903577488381e+05,1.090063649139927691e+02,1.085797578734351845e+02,9.686150396832271814e+08,9.651767762680639029e+08,1.000000000000000000e+00
5.699211098909264710e-04,1.502472253754496023e+03,1.502368438344921060e+03,4.975661424137090005e-02,2.067119916529033263e-01,-6.374324840042062569e+05,1.099870678995194027e+02,1.094923226859012289e+02,9.735032332834625244e+08,9.695263532797299623e+08,1.000000000000000000e+00
5.726221578051015129e-04,1.506127317653895261e+03,1.506023611056910113e+03,4.976186492600036260e-02,2.073414725468017694e-01,-6.382744211790302070e+05,1.108913988793466956e+02,1.104157342065614813e+02,9.777032385401901007e+08,9.739293874856425524e+08,1.000000000000000000e+00
5.753232057192764464e-04,1.509727872854200541e+03,1.509624252502205081e+03,4.976724815023141069e-02,2.079629195095555327e-01,-6.391296675609651720e+05,1.117167764911792460e+02,1.112443119343053723e+02,9.811992433875839710e+08,9.774370319954723120e+08,1.000000000000000000e+00
5.780242536334514883e-04,1.513273775463942229e+03,1.513175102006826592e+03,4.977276465308998893e-02,2.085762477550843208e-01,-6.399976739847726421e+05,1.124608178032065382e+02,1.119632745681692967e+02,9.839772490397183895e+08,9.800707721936414242e+08,1.000000000000000000e+00
5.807253015476265302e-04,1.516764923505516663e+03,1.516659824410425699e+03,4.977841480643453720e-02,2.091813790311280452e-01,-6.408778775739877019e+05,1.131213529672416058e+02,1.126820596781940083e+02,9.860251809561183453e+08,9.825788620363657475e+08,1.000000000000000000e+00
5.834263494618014637e-04,1.520201257464020728e+03,1.520103545295811955e+03,4.978419861159209814e-02,2.097782417956848278e-01,-6.417697029129130533e+05,1.136964389403900100e+02,1.131857219759185540e+02,9.873329912900466919e+08,9.832995127008162737e+08,1.000000000000000000e+00
5.861273973759765056e-04,1.523582760719556518e+03,1.523485106168432822e+03,4.979011569748157534e-02,2.103667713754399649e-01,-6.426725632524493849e+05,1.141843721366121542e+02,1.137021325926582165e+02,9.878927515890431404e+08,9.841171843821445704e+08,1.000000000000000000e+00
5.888284452901515476e-04,1.526909459858494529e+03,1.526811605868445440e+03,4.979616532024247477e-02,2.109469101052495188e-01,-6.435858617441997631e+05,1.145836998758239247e+02,1.141014719069279835e+02,9.876987345735274553e+08,9.839147859882198572e+08,1.000000000000000000e+00
5.915294932043264810e-04,1.530181424859445997e+03,1.530088304351110310e+03,4.980234636437586709e-02,2.115186074478017653e-01,-6.445089926971220411e+05,1.148932305051917098e+02,1.143832948948381443e+02,9.867474838844618797e+08,9.828285328021914959e+08,1.000000000000000000e+00
5.942305411185015230e-04,1.533398769150797762e+03,1.533298694441282578e+03,4.980865734540144280e-02,2.120818200927227781e-01,-6.454413428509013029e+05,1.151120420773698925e+02,1.146397629489687375e+02,9.850378707863758802e+08,9.813954083768955469e+08,1.000000000000000000e+00
5.969315890326765649e-04,1.536561649536919958e+03,1.536470311703431207e+03,4.981509641402141753e-02,2.126365120344560489e-01,-6.463822926601833897e+05,1.152394894812532868e+02,1.147243815545869694e+02,9.825711369154744148e+08,9.785541667787096500e+08,1.000000000000000000e+00
5.996326369468514984e-04,1.539670265991466522e+03,1.539579290822192661e+03,4.982166136177988702e-02,2.131826546284171786e-01,-6.473312175837743562e+05,1.152752099344627084e+02,1.147650203037264305e+02,9.793509222943516970e+08,9.754343872290983200e+08,1.000000000000000000e+00
6.023336848610265403e-04,1.542724861316439501e+03,1.542626920743673736e+03,4.982834962819186753e-02,2.137202266249914051e-01,-6.482874893729728647e+05,1.152191267610961205e+02,1.147294598390333107e+02,9.753832779729529619e+08,9.716409990858448744e+08,1.000000000000000000e+00
6.050347327752015822e-04,1.545725720667149517e+03,1.545637626605948981e+03,4.983515830931459917e-02,2.142492141811349338e-01,-6.492504773532965919e+05,1.150714513949066742e+02,1.145312186495695954e+02,9.706766628177946806e+08,9.665409624185094833e+08,1.000000000000000000e+00
6.077357806893765157e-04,1.548673170943439118e+03,1.548581108062437352e+03,4.984208416771861855e-02,2.147696108494072109e-01,-6.502195496939951554e+05,1.148326835652233768e+02,1.143125801949351370e+02,9.652419241370112896e+08,9.613086900868221521e+08,1.000000000000000000e+00
6.104368286035515576e-04,1.551567580049104663e+03,1.551475648876861896e+03,4.984912364381465649e-02,2.152814175444715539e-01,-6.511940746599131962e+05,1.145036096417122167e+02,1.139827551209795189e+02,9.590922620126136541e+08,9.551450008157093525e+08,1.000000000000000000e+00
6.131378765177265995e-04,1.554409356021633357e+03,1.554326959276354501e+03,4.985627286847746364e-02,2.157846424871640301e-01,-6.521734218405163847e+05,1.140852991331018700e+02,1.135680685643746841e+02,9.522431773941510916e+08,9.484035145255272388e+08,1.000000000000000000e+00
6.158389244319015330e-04,1.557198946036005509e+03,1.557110051272571809e+03,4.986352767690637594e-02,2.162793011264486087e-01,-6.531569633511147695e+05,1.135790993548955328e+02,1.130634325222450087e+02,9.447124042015105486e+08,9.408363560724591017e+08,1.000000000000000000e+00
6.185399723460765749e-04,1.559936835286416226e+03,1.559852438693164231e+03,4.987088362364784644e-02,2.167654160396346175e-01,-6.541440750016865786e+05,1.129866283007988272e+02,1.124544667406262590e+02,9.365198258720016479e+08,9.325110704738447666e+08,1.000000000000000000e+00
6.212410202602516168e-04,1.562623545751394659e+03,1.562545669043459156e+03,4.987833599870447610e-02,2.172430168114481142e-01,-6.551341374289201340e+05,1.123097657723528187e+02,1.117883861953146436e+02,9.276873769768645763e+08,9.238506202656104565e+08,1.000000000000000000e+00
6.239420681744265503e-04,1.565259634847821417e+03,1.565170642883587334e+03,4.988587984464114972e-02,2.177121398926003537e-01,-6.561265371875737328e+05,1.115506428404035830e+02,1.110229193265908378e+02,9.182389307109181881e+08,9.143180897985615730e+08,1.000000000000000000e+00
6.266431160886015922e-04,1.567845693980894794e+03,1.567763559425025051e+03,4.989350997459936210e-02,2.181728284387019212e-01,-6.571206677975241328e+05,1.107116297303537920e+02,1.101644560850563153e+02,9.082001732317346334e+08,9.041309910370053053e+08,1.000000000000000000e+00
6.293441640027766341e-04,1.570382346997005016e+03,1.570308941143605352e+03,4.990122099111759385e-02,2.186251321304104878e-01,-6.581159307433380745e+05,1.097953222404022426e+02,1.092734338719383942e+02,8.975984659811422825e+08,8.938070707806591988e+08,1.000000000000000000e+00
6.320452119169515676e-04,1.572870248547910933e+03,1.572788453436897271e+03,4.990900730565756699e-02,2.190691069758911036e-01,-6.591117364235629793e+05,1.088045268176273481e+02,1.082737519302414171e+02,8.864626972647414207e+08,8.825412801678719521e+08,1.000000000000000000e+00
6.347462598311266095e-04,1.575310082374390504e+03,1.575234332740000127e+03,4.991686315872456009e-02,2.195048150966895650e-01,-6.601075050473611336e+05,1.077422444310138587e+02,1.071988230216195603e+02,8.748231244878200293e+08,8.708115148691757917e+08,1.000000000000000000e+00
6.374473077453016515e-04,1.577702559518803128e+03,1.577637195596898209e+03,4.992478264047315456e-02,2.199323244982907821e-01,-6.611026674765445059e+05,1.066116533923790541e+02,1.061047581843389622e+02,8.627112085486356020e+08,8.590916452382353544e+08,1.000000000000000000e+00
6.401483556594765850e-04,1.580048416475635122e+03,1.579972149831469096e+03,4.993275971168029820e-02,2.203517088266348511e-01,-6.620966660114385886e+05,1.054160912864751651e+02,1.048728159406360589e+02,8.501594419704750776e+08,8.461936083476133347e+08,1.000000000000000000e+00
6.428494035736516269e-04,1.582348413290179906e+03,1.582269775207246312e+03,4.994078822497221432e-02,2.207630471120101689e-01,-6.630889551194380037e+05,1.041590361789083659e+02,1.036125283847066214e+02,8.372011724095188379e+08,8.332035902953922749e+08,1.000000000000000000e+00
6.455504514878266688e-04,1.584603331614967601e+03,1.584541777855655027e+03,4.994886194618437802e-02,2.211664235017228308e-01,-6.640790021055216203e+05,1.028440872761545393e+02,1.022945048535813015e+02,8.238704232082241774e+08,8.199229117311435938e+08,1.000000000000000000e+00
6.482514994020016023e-04,1.586813972734438721e+03,1.586746650236217647e+03,4.995697457574040101e-02,2.215619269830561011e-01,-6.650662877243312541e+05,1.014749452145103135e+02,1.009302834375870646e+02,8.102017126701385975e+08,8.063004007827548981e+08,1.000000000000000000e+00
6.509525473161766442e-04,1.588981155567665155e+03,1.588899053546844243e+03,4.996511976993030235e-02,2.219496510979955817e-01,-6.660503067338173278e+05,1.000553921555487022e+02,9.952376319192576659e+01,7.962298737160991430e+08,7.923485432787719965e+08,1.000000000000000000e+00
6.536535952303516861e-04,1.591105714659572186e+03,1.591048589979461212e+03,4.997329116197726795e-02,2.223296936512767774e-01,-6.670305683907816419e+05,9.858927186330868153e+01,9.803791528403043287e+01,7.819898755397844315e+08,7.780669486008520126e+08,1.000000000000000000e+00
6.563546431445266196e-04,1.593188498170292860e+03,1.593135702156234402e+03,4.998148238277892036e-02,2.227021564132525833e-01,-6.680065968889675569e+05,9.708046993448374451e+01,9.656627426950403503e+01,7.675166488192636967e+08,7.639497535144276619e+08,1.000000000000000000e+00
6.590556910587016615e-04,1.595230365872715311e+03,1.595163969356477082e+03,4.998968708121930005e-02,2.230671448191272055e-01,-6.689779317406200571e+05,9.553289434599702190e+01,9.498802389481980413e+01,7.528449159563406706e+08,7.489466758161948919e+08,1.000000000000000000e+00
6.617567389728767034e-04,1.597232187167337315e+03,1.597170083940615086e+03,4.999789894394676693e-02,2.234247676660263693e-01,-6.699441281027492369e+05,9.395045647621388696e+01,9.340239629623117423e+01,7.380090277155637741e+08,7.341091055704550743e+08,1.000000000000000000e+00
6.644577868870516369e-04,1.599194839123771544e+03,1.599154237932408478e+03,5.000611171452486181e-02,2.237751368093900128e-01,-6.709047570494889515e+05,9.233705274537734908e+01,9.181010531688622223e+01,7.230428075155754089e+08,7.194363344166444540e+08,1.000000000000000000e+00
6.671588348012266788e-04,1.601119204557207468e+03,1.601071234862894926e+03,5.001431921186408336e-02,2.241183668600813250e-01,-6.718594057922534412e+05,9.069654700940714065e+01,9.017241376151844179e+01,7.079794044965384007e+08,7.043819715665081739e+08,1.000000000000000000e+00
6.698598827154017207e-04,1.603006170148180900e+03,1.602939558207130631e+03,5.002251534785498444e-02,2.244545748835948817e-01,-6.728076778494711034e+05,8.903275382776256208e+01,8.848805659799448620e+01,6.928511563443274498e+08,6.889626823239787817e+08,1.000000000000000000e+00
6.725609306295766542e-04,1.604856624612901442e+03,1.604808009240599631e+03,5.003069414412619070e-02,2.247838801026406375e-01,-6.737491931679002009e+05,8.734942271259902213e+01,8.680668257803242227e+01,6.776894627058608532e+08,6.739374371137179136e+08,1.000000000000000000e+00
6.752619785437516961e-04,1.606671456931294188e+03,1.606642373577165699e+03,5.003884974786361461e-02,2.251064036043461114e-01,-6.746835881976293167e+05,8.565022345162890360e+01,8.516781366246972595e+01,6.625246698749802113e+08,6.593893184465941191e+08,1.000000000000000000e+00
6.779630264579267380e-04,1.608451554638766083e+03,1.608411320297486100e+03,5.004697644663170381e-02,2.254222680532020351e-01,-6.756105159229605924e+05,8.393873258326399878e+01,8.342223548119223153e+01,6.473859672773280144e+08,6.439182448885488510e+08,1.000000000000000000e+00
6.806640743721016715e-04,1.610197802187514299e+03,1.610137259151771104e+03,5.005506868215039984e-02,2.257315974108251577e-01,-6.765296458514312981e+05,8.221842108857225639e+01,8.167402009775605620e+01,6.323012961319458485e+08,6.284571898451204300e+08,1.000000000000000000e+00
6.833651222862767135e-04,1.611911079382044591e+03,1.611870901402767686e+03,5.006312106298710374e-02,2.260345166634877834e-01,-6.774406639633359155e+05,8.049264335254267166e+01,7.996080782556123268e+01,6.172972705399627686e+08,6.137080698555686474e+08,1.000000000000000000e+00
6.860661702004517554e-04,1.613592259893290930e+03,1.613575104231908881e+03,5.007112837613535844e-02,2.263311515582962508e-01,-6.783432726240297779e+05,7.876462743457980764e+01,7.828460086749204550e+01,6.023991111946662664e+08,5.993890085581910610e+08,1.000000000000000000e+00
6.887672181146266889e-04,1.615242209854611929e+03,1.615214684944678311e+03,5.007908559745820332e-02,2.266216283487750283e-01,-6.792371904613884399e+05,7.703746666587274206e+01,7.654903601770003263e+01,5.876305921831411123e+08,5.844944969931511879e+08,1.000000000000000000e+00
6.914682660288017308e-04,1.616861786542574237e+03,1.616815546637618809e+03,5.008698790098611853e-02,2.269060735505326609e-01,-6.801221522106567863e+05,7.531411249962452814e+01,7.477960041023001736e+01,5.730140031461361647e+08,5.693599347141520977e+08,1.000000000000000000e+00
6.943857272135537523e-04,1.618577959811832216e+03,1.618542433895680915e+03,5.009545645639604944e-02,2.272066751629603365e-01,-6.810676719295565272e+05,7.346021124016890269e+01,7.293914866085006565e+01,5.574211904590924978e+08,5.539548388396892548e+08,1.000000000000000000e+00
6.973031883983058822e-04,1.620260744858499493e+03,1.620255775024268587e+03,5.010385004606131981e-02,2.275005481378125638e-01,-6.820021618295236258e+05,7.161733259753158620e+01,7.116302437583354390e+01,5.420538192254408598e+08,5.393497009442698956e+08,1.000000000000000000e+00
7.002206495830580121e-04,1.621911177479482831e+03,1.621902186692717351e+03,5.011216342897446829e-02,2.277878510814644875e-01,-6.829253494458905188e+05,6.978858922537429521e+01,6.935272263192881326e+01,5.269338871698865294e+08,5.243484593193852305e+08,1.000000000000000000e+00
7.031381107678101421e-04,1.623530275251858029e+03,1.623503034063576706e+03,5.012039166954630059e-02,2.280687417388739813e-01,-6.838369829512110446e+05,6.797687830247762975e+01,6.747564504977844990e+01,5.120812997977473140e+08,5.088267775721896887e+08,1.000000000000000000e+00
7.060555719525622720e-04,1.625119036272853464e+03,1.625087394096742855e+03,5.012853014263882190e-02,2.283433767228240097e-01,-6.847368307368586538e+05,6.618487965479204149e+01,6.567515423169133726e+01,4.975138836653777361e+08,4.941471279088088870e+08,1.000000000000000000e+00
7.089730331373142935e-04,1.626678438039136608e+03,1.626682356173575727e+03,5.013657453693756011e-02,2.286119112624684924e-01,-6.856246809647829505e+05,6.441505556360563389e+01,6.398233603229883215e+01,4.832474181476206183e+08,4.807774786559874415e+08,1.000000000000000000e+00
7.118904943220663150e-04,1.628209436462763506e+03,1.628222795422514992e+03,5.014452085672722881e-02,2.288744989712437339e-01,-6.865003410931234248e+05,6.266965219179412827e+01,6.232085246380844268e+01,4.692956807903627157e+08,4.675490504806252718e+08,1.000000000000000000e+00
7.148079555068184449e-04,1.629712965020606816e+03,1.629712407290901410e+03,5.015236542214637078e-02,2.291312916340722539e-01,-6.873636373790099751e+05,6.095070246472652542e+01,6.051968410162864132e+01,4.556705041317517161e+08,4.531708130923277736e+08,1.000000000000000000e+00
7.177254166915705749e-04,1.631189934033023974e+03,1.631164558822541949e+03,5.016010486800244472e-02,2.293824390136375291e-01,-6.882144143617624650e+05,5.926003024106368855e+01,5.876056096244833782e+01,4.423818424225124121e+08,4.391290276431086063e+08,1.000000000000000000e+00
7.206428778763227048e-04,1.632641230067194556e+03,1.632639393874111192e+03,5.016773614123676978e-02,2.296280886754007711e-01,-6.890525343294352060e+05,5.759925561743486355e+01,5.715382350895986718e+01,4.294378468031053543e+08,4.267965680828292370e+08,1.000000000000000000e+00
7.235603390610748347e-04,1.634067715459732653e+03,1.634098504738039537e+03,5.017525649713230895e-02,2.298683858309165384e-01,-6.898778767715351423e+05,5.596980121891976978e+01,5.562292062670578474e+01,4.168449475541306138e+08,4.152304804546629786e+08,1.000000000000000000e+00
7.264778002458268562e-04,1.635470227953004041e+03,1.635500493108473393e+03,5.018266349436200507e-02,2.301034731989196058e-01,-6.906903378205032786e+05,5.437289933359472371e+01,5.406590056896565244e+01,4.046079420902345181e+08,4.032820273253835440e+08,1.000000000000000000e+00
7.293952614305788777e-04,1.636849580438973589e+03,1.636863143961795231e+03,5.018995498897659002e-02,2.303334908835728001e-01,-6.914898296844904544e+05,5.280959975574727849e+01,5.241598093205162456e+01,3.927300874312505126e+08,3.906027168301030993e+08,1.000000000000000000e+00
7.323127226153310076e-04,1.638206560804355377e+03,1.638193502005611208e+03,5.019712912743305722e-02,2.305585762692001217e-01,-6.922762800736442441e+05,5.128077820906419504e+01,5.080301313977398081e+01,3.812131959578288794e+08,3.782077132426795959e+08,1.000000000000000000e+00
7.352301838000831376e-04,1.639541931870443477e+03,1.639553834527961953e+03,5.020418433876416842e-02,2.307788639307751799e-01,-6.930496316221489105e+05,4.978714522901841377e+01,4.937870967475681283e+01,3.700577333427769542e+08,3.677705282062374353e+08,1.000000000000000000e+00
7.381476449848352675e-04,1.640856431421059142e+03,1.640903612025345865e+03,5.021111932598934513e-02,2.309944855593892565e-01,-6.938098413079177262e+05,4.832925539294453898e+01,4.803765751970669839e+01,3.592629176422612667e+08,3.581349202570406199e+08,1.000000000000000000e+00
7.410651061695873974e-04,1.642150772311824312e+03,1.642205184361299644e+03,5.021793305686491488e-02,2.312055699018908950e-01,-6.945568798718689941e+05,4.690751679780570527e+01,4.669486492987211079e+01,3.488268186334999800e+08,3.483202055458139777e+08,1.000000000000000000e+00
7.439825673543395274e-04,1.643425642654133526e+03,1.643467289113485549e+03,5.022462475407002414e-02,2.314122427138607940e-01,-6.952907312383760000e+05,4.552220070028789678e+01,4.522597204756912248e+01,3.387464565984830856e+08,3.375062211525712609e+08,1.000000000000000000e+00
7.469000285390916573e-04,1.644681706067095774e+03,1.644701591661905468e+03,5.023119388492085918e-02,2.316146267250716873e-01,-6.960113919385289773e+05,4.417345125365696390e+01,4.378827124983170904e+01,3.290178998811929226e+08,3.269219602245220542e+08,1.000000000000000000e+00
7.498174897238436788e-04,1.645919601990963201e+03,1.645930585376235513e+03,5.023764015070308203e-02,2.318128416165643468e-01,-6.967188705374601996e+05,4.286129530436718937e+01,4.244468289244672832e+01,3.196363607072840929e+08,3.172120979648585320e+08,1.000000000000000000e+00
7.527349509085957003e-04,1.647139946055555356e+03,1.647189880585533274e+03,5.024396347570832255e-02,2.320070040084686314e-01,-6.974131870670028729e+05,4.158565225278444188e+01,4.129744282634730013e+01,3.105962890130449533e+08,3.094222261643548608e+08,1.000000000000000000e+00
7.556524120933478302e-04,1.648343330497452371e+03,1.648422766356168950e+03,5.025016399605742451e-02,2.321972274576757922e-01,-6.980943724645395996e+05,4.034634403505246780e+01,4.017368188307661825e+01,3.018914646784873605e+08,3.017917967997253537e+08,1.000000000000000000e+00
7.585698732780999601e-04,1.649530324619736120e+03,1.649605095760149197e+03,5.025624204838988196e-02,2.323836224644571791e-01,-6.987624680186923360e+05,3.914310529140824713e+01,3.898763088482877492e+01,2.935150909998128414e+08,2.934711150372354388e+08,1.000000000000000000e+00
7.614873344628520901e-04,1.650701475288062738e+03,1.650762599340134784e+03,5.026219815849589101e-02,2.325662964870806038e-01,-6.994175248218277702e+05,3.797559338194547252e+01,3.773863473260409762e+01,2.854599034859740734e+08,2.847056737763401866e+08,1.000000000000000000e+00
7.673222568323563499e-04,1.652997849737246952e+03,1.653027045292766161e+03,5.027374650563928155e-02,2.329207906169887821e-01,-7.006886159729264909e+05,3.574810626451287732e+01,3.537690804408452294e+01,2.703005786358844042e+08,2.682788743551218212e+08,1.000000000000000000e+00
7.731571792018605014e-04,1.655237027094579616e+03,1.655335329257563217e+03,5.028481966249332552e-02,2.332616585868158010e-01,-7.019085965015103575e+05,3.365707735768332043e+01,3.354178316352375333e+01,2.563238032254033685e+08,2.565770143076217175e+08,1.000000000000000000e+00
7.789921015713646528e-04,1.657422618268498582e+03,1.657515842586520648e+03,5.029542753837731861e-02,2.335896515324663580e-01,-7.030781771333027864e+05,3.169749510565412720e+01,3.157656011669897467e+01,2.434592076704351604e+08,2.435830952652252316e+08,1.000000000000000000e+00
7.848270239408689126e-04,1.659557933144745220e+03,1.659611489879708188e+03,5.030558198877697895e-02,2.339054758628305586e-01,-7.041981765573202865e+05,2.986378956646041516e+01,2.956087679875875196e+01,2.316346856004262269e+08,2.301849118889779747e+08,1.000000000000000000e+00
7.906619463103731725e-04,1.661646000691012659e+03,1.661743579577964510e+03,5.031529648969665369e-02,2.342097950331685219e-01,-7.052695070956727723e+05,2.814999227549242988e+01,2.800382562821246779e+01,2.207777334905459881e+08,2.206079122659898698e+08,1.000000000000000000e+00
7.964968686798773239e-04,1.663689589060176104e+03,1.663817754553265786e+03,5.032458583252950868e-02,2.345032314747093338e-01,-7.062931612290976336e+05,2.654988502258488481e+01,2.656626040384669452e+01,2.108166328387367129e+08,2.118611868189371824e+08,1.000000000000000000e+00
8.023317910493814754e-04,1.665691225385698544e+03,1.665796125877091299e+03,5.033346584163488763e-02,2.347863686273396477e-01,-7.072701990241929889e+05,2.505712954789833447e+01,2.493315875455163066e+01,2.016814156207133234e+08,2.016171207088877261e+08,1.000000000000000000e+00
8.081667134188857352e-04,1.667653215021389315e+03,1.667724195122869332e+03,5.034195311600665745e-02,2.350597530285165049e-01,-7.082017364787490806e+05,2.366537622615588532e+01,2.338853859335906549e+01,1.933046202740731239e+08,1.919819566749037504e+08,1.000000000000000000e+00
8.140016357883899951e-04,1.669577660032260837e+03,1.669716908527770329e+03,5.035006479566220966e-02,2.353238964187830407e-01,-7.090889347842994612e+05,2.236835265410060813e+01,2.233741125350420020e+01,1.856218589892884791e+08,1.861025407454804778e+08,1.000000000000000000e+00
8.198365581578941465e-04,1.671466476794022356e+03,1.671629949700258521e+03,5.035781835274651119e-02,2.355792778314014790e-01,-7.099329904915116495e+05,2.115993431311949990e+01,2.124938163016966897e+01,1.785722221827523708e+08,1.798269182284862995e+08,1.000000000000000000e+00
8.256714805273982979e-04,1.673321412600905660e+03,1.673462664617313976e+03,5.036523140683134281e-02,2.358263456399418145e-01,-7.107351265532722464e+05,2.003420048445576285e+01,1.999664106428653554e+01,1.720985500509000421e+08,1.724190932808600664e+08,1.000000000000000000e+00
8.315064028969025578e-04,1.675144061216980390e+03,1.675247204925637106e+03,5.037232156351773710e-02,2.360655195428155717e-01,-7.114965842076718109e+05,1.898548012794914897e+01,1.878070774538974419e+01,1.661476183033134341e+08,1.652305218367324471e+08,1.000000000000000000e+00
8.431762476359109691e-04,1.678696949444559777e+03,1.678888492965176965e+03,5.038558549689942101e-02,2.365213575371546695e-01,-7.129010455140997656e+05,1.710603017950607807e+01,1.720461197627428973e+01,1.556791066282168627e+08,1.567369291853551269e+08,1.000000000000000000e+00
8.548460923749193804e-04,1.682137153629043951e+03,1.682289007650630992e+03,5.039777311980830898e-02,2.369502115317092539e-01,-7.141591305252572056e+05,1.547217316307940038e+01,1.539368117783059731e+01,1.467478468250069022e+08,1.465240297472150624e+08,1.000000000000000000e+00
8.665159371139277917e-04,1.685473126130462788e+03,1.685669568670566605e+03,5.040901270266186229e-02,2.373545661107107074e-01,-7.152807333801498171e+05,1.404924201034605602e+01,1.407041561291124410e+01,1.390651565665811598e+08,1.392533344583321810e+08,1.000000000000000000e+00
8.781857818529362029e-04,1.688712010401327461e+03,1.688926738275584285e+03,5.041942356152862015e-02,2.377366102695110950e-01,-7.162755114843829069e+05,1.280710404943008029e+01,1.287262789887586578e+01,1.323936206818141490e+08,1.327180538575499505e+08,1.000000000000000000e+00
8.898556265919446142e-04,1.691859895124043305e+03,1.692029044354396319e+03,5.042911501711368205e-02,2.380982780357951134e-01,-7.171527879589386284e+05,1.171980537066630035e+01,1.159981907786415967e+01,1.265400839587183595e+08,1.257897818243073076e+08,1.000000000000000000e+00
9.015254713309530255e-04,1.694922020470987263e+03,1.695176600452203502e+03,5.043818595864416054e-02,2.384412834978381079e-01,-7.179214827778718900e+05,1.076514644279468413e+01,1.085193169894768772e+01,1.213488509611012787e+08,1.214929297469230890e+08,1.000000000000000000e+00
9.131953160699614368e-04,1.697902943987588287e+03,1.698141643991792535e+03,5.044672485587956695e-02,2.387671508044914570e-01,-7.185900674855131656e+05,9.924230008440222406e+00,9.951441434779704664e+00,1.166953666234991401e+08,1.164831128646671176e+08,1.000000000000000000e+00
9.248651608089698481e-04,1.700806673013044019e+03,1.701008326650748131e+03,5.045481008923310279e-02,2.390772397436399521e-01,-7.191665388597000856e+05,9.181017790116667854e+00,9.077195516935553599e+00,1.124805790624784529e+08,1.116281950082588941e+08,1.000000000000000000e+00
9.365350055479782594e-04,1.703636769766422049e+03,1.703921172861151490e+03,5.046251049362562857e-02,2.393727674965960561e-01,-7.196584074756212067e+05,8.521918387466246969e+00,8.572315973395227218e+00,1.086260674624343663e+08,1.082731749445982724e+08,1.000000000000000000e+00
9.482048502869866707e-04,1.706396434371285523e+03,1.706678616443259216e+03,5.046988603473585855e-02,2.396548271245288186e-01,-7.200726977208879543e+05,7.935417517465594095e+00,7.967796580007751039e+00,1.050699322963234037e+08,1.045840801196532547e+08,1.000000000000000000e+00
9.598746950259949735e-04,1.709088570247911093e+03,1.709334228882928755e+03,5.047698855603122148e-02,2.399244032855316622e-01,-7.204159563848797698e+05,7.411754288962634440e+00,7.342801525548461328e+00,1.017633938374835700e+08,1.008716032175834775e+08,1.000000000000000000e+00
9.715445397650033848e-04,1.711715835528486650e+03,1.712020547012240286e+03,5.048386255126340733e-02,2.401823856179319261e-01,-7.206942674627741799e+05,6.942642664104313965e+00,6.941075222809047318e+00,9.866801916065835953e+07,9.789184022456906736e+07,1.000000000000000000e+00
9.832143845040117961e-04,1.714280683465645325e+03,1.714628378593673688e+03,5.049054593018406645e-02,2.404295801635688012e-01,-7.209132712754566455e+05,6.521034750107628675e+00,6.579041823458382510e+00,9.575348899846820533e+07,9.511804450230421126e+07,1.000000000000000000e+00
9.948842292430200990e-04,1.716785394221737533e+03,1.717106317249678568e+03,5.049707075547363311e-02,2.406667191474701206e-01,-7.210781863998051267e+05,6.140921386507544710e+00,6.136107305671989032e+00,9.299581727305790782e+07,9.213385428393785655e+07,1.000000000000000000e+00
1.006554073982028619e-03,1.719232099937270505e+03,1.719516424734002385e+03,5.050346393670380324e-02,2.408944693794795588e-01,-7.211938332389098359e+05,5.797165142060288545e+00,5.719370912711529087e+00,9.037594321568574011e+07,8.929444248629581928e+07,1.000000000000000000e+00
1.018223918721036922e-03,1.721622804577752049e+03,1.721985873030899256e+03,5.050974787301559799e-02,2.411134394992540952e-01,-7.212646583366013365e+05,5.485360966263735705e+00,5.493055212620629568e+00,8.787862565846155584e+07,8.698131193217018247e+07,1.000000000000000000e+00
1.029893763460045224e-03,1.723959399733775399e+03,1.724352949533938272e+03,5.051594104047505557e-02,2.413241862486366074e-01,-7.212947587675633840e+05,5.201720123723917233e+00,5.245482915191702844e+00,8.549157942823949456e+07,8.470319642486433685e+07,1.000000000000000000e+00
1.041563608199053744e-03,1.726243677291387257e+03,1.726613144982671656e+03,5.052205852311719009e-02,2.415272199239932860e-01,-7.212879061145014130e+05,4.942973526655096705e+00,4.944407895970881484e+00,8.320480366550327837e+07,8.227145574709567428e+07,1.000000000000000000e+00
1.053233452938062264e-03,1.728477339684661274e+03,1.728810204344275235e+03,5.052811248878279898e-02,2.417230091351441901e-01,-7.212475696891359985e+05,4.706291064707802896e+00,4.654569620876829461e+00,8.101006067158491910e+07,7.993444054514147341e+07,1.000000000000000000e+00
1.064903297677070567e-03,1.730662008282998841e+03,1.731049089449354142e+03,5.053411261222980067e-02,2.419119849761792174e-01,-7.211769387658223277e+05,4.489213843565883266e+00,4.476508918026808281e+00,7.890047095057630539e+07,7.791137025771139562e+07,1.000000000000000000e+00
1.082434848062157132e-03,1.733854890385447106e+03,1.734297149027963314e+03,5.054303943948523087e-02,2.421838211427613796e-01,-7.210193420452738646e+05,4.195985228703853487e+00,4.229395868331335961e+00,7.588059094090995193e+07,7.504883397965270281e+07,1.000000000000000000e+00
1.099966398447243480e-03,1.736946122822879488e+03,1.737353913096218548e+03,5.055188095412894295e-02,2.424424923107201535e-01,-7.208094861385945696e+05,3.936028021685697986e+00,3.920263225004655183e+00,7.302344571745163202e+07,7.200360295669838786e+07,1.000000000000000000e+00
1.117497948832330045e-03,1.739940339103384531e+03,1.740350922095758278e+03,5.056064811990051283e-02,2.426890761007567676e-01,-7.205551648223678349e+05,3.704367276667382747e+00,3.672588427115651921e+00,7.031593944837126136e+07,6.925458785844597220e+07,1.000000000000000000e+00
1.135029499217416610e-03,1.742841891287201179e+03,1.743337217313697010e+03,5.056934665838018483e-02,2.429245343058017426e-01,-7.202632292308912147e+05,3.496897013538095678e+00,3.518653778085607975e+00,6.774702483236393332e+07,6.688915317165245861e+07,1.000000000000000000e+00
1.152561049602503175e-03,1.745654873763938667e+03,1.746125358136304158e+03,5.057797840906076703e-02,2.431497277731801965e-01,-7.199396984011526220e+05,3.310211199071986243e+00,3.309361461627188916e+00,6.530714436786338687e+07,6.438154586132410169e+07,1.000000000000000000e+00
1.170092599987589740e-03,1.748383143504392365e+03,1.748814551413714526e+03,5.058654240903143195e-02,2.433654290439502543e-01,-7.195898573164775735e+05,3.141470401835368520e+00,3.103765637666298538e+00,6.298785267352151871e+07,6.191001045342703909e+07,1.000000000000000000e+00
1.187624150372676088e-03,1.751030337691860950e+03,1.751506425647485003e+03,5.059503574208148308e-02,2.435723331424415883e-01,-7.192183435870523099e+05,2.988296256565277531e+00,2.974278902890318488e+00,6.078156139643348753e+07,5.985237639293115586e+07,1.000000000000000000e+00
1.205155700757762653e-03,1.753599889348215811e+03,1.754128262911666297e+03,5.060345419984968451e-02,2.437710668299195582e-01,-7.188292239220214542e+05,2.848687471929871595e+00,2.868739161328491605e+00,5.868136567942149192e+07,5.797724591424165666e+07,1.000000000000000000e+00
1.222687251142849218e-03,1.756095041374644779e+03,1.756591459947801241e+03,5.061179279094182859e-02,2.439621965750818910e-01,-7.184260615088267950e+05,2.720952604497493876e+00,2.716722576394721589e+00,5.668092448257813603e+07,5.585265373281197995e+07,1.000000000000000000e+00
1.240218801527935566e-03,1.758518859299376572e+03,1.758983147099440657e+03,5.062004612794156200e-02,2.441462354463795337e-01,-7.180119753399248002e+05,2.603655962559658477e+00,2.572089079489598973e+00,5.477437634170272201e+07,5.378802741045892984e+07,1.000000000000000000e+00
1.257750351913022131e-03,1.760874242938587258e+03,1.761362760054160617e+03,5.062820871700657310e-02,2.443236490936648575e-01,-7.175896924378846306e+05,2.495573859050013610e+00,2.472979192870031984e+00,5.295627843338713795e+07,5.208050855170000345e+07,1.000000000000000000e+00
1.275281902298108696e-03,1.763163937121061736e+03,1.763698860634373659e+03,5.063627517027250585e-02,2.444948609569398967e-01,-7.171615938331302023e+05,2.395659072595652361e+00,2.397410962299299175e+00,5.122156100751128048e+07,5.057600896245726198e+07,1.000000000000000000e+00
1.292813452683195261e-03,1.765390541588833457e+03,1.765908899977643387e+03,5.064424035751636383e-02,2.446602568162115354e-01,-7.167297550553132314e+05,2.303011858379890420e+00,2.296974450156617831e+00,4.956549202801996469e+07,4.889842862947197258e+07,1.000000000000000000e+00
1.310345003068281826e-03,1.767556520161356957e+03,1.768053214345740798e+03,5.065209951039173486e-02,2.448201887772983865e-01,-7.162959818094881484e+05,2.216856216919134148e+00,2.194026161895991311e+00,4.798364869667085260e+07,4.717305798067703098e+07,1.000000000000000000e+00
1.327876553453368174e-03,1.769664209232852500e+03,1.770137095370384031e+03,5.065984828995188233e-02,2.449749787728713324e-01,-7.158618414271457586e+05,2.136520412659786317e+00,2.097365783395229943e+00,4.647189375392974168e+07,4.553497241428828239e+07,1.000000000000000000e+00
1.345408103838454739e-03,1.771715825660726068e+03,1.772219191962099330e+03,5.066748282605190029e-02,2.451249216452500157e-01,-7.154286906073612627e+05,2.061420967598626142e+00,2.046590326564925455e+00,4.502635528962944448e+07,4.436108137095859647e+07,1.000000000000000000e+00
1.360552689562696121e-03,1.773444657905691656e+03,1.773969272049428355e+03,5.067398322779791825e-02,2.452507652109794933e-01,-7.150562595570737030e+05,2.000409236787430434e+00,2.004086298160137947e+00,4.382831566415785253e+07,4.337909802552924305e+07,1.000000000000000000e+00
1.375697275286937287e-03,1.775134437213766887e+03,1.775645159750899666e+03,5.068039368014226609e-02,2.453733457642979510e-01,-7.146860838532950729e+05,1.942653190059348223e+00,1.943006196573726641e+00,4.267490098198480159e+07,4.221974528858826309e+07,1.000000000000000000e+00
1.390841861011178453e-03,1.776786401420939455e+03,1.777285740650074331e+03,5.068671256175567852e-02,2.454928133016776870e-01,-7.143187373177962145e+05,1.887909507276420262e+00,1.878919410108940813e+00,4.156410445265323669e+07,4.099386295892816037e+07,1.000000000000000000e+00
1.405986446735419618e-03,1.778401735170527445e+03,1.778887138624737872e+03,5.069293851940473439e-02,2.456093074410729549e-01,-7.139547186046062270e+05,1.835969252553350639e+00,1.816577580756661980e+00,4.049407056205175072e+07,3.980153183104430139e+07,1.000000000000000000e+00
1.436275618183901950e-03,1.781525983452383343e+03,1.782010178257976122e+03,5.070510823107096665e-02,2.458337651623571096e-01,-7.132378975755098509e+05,1.739052548918515129e+00,1.725004605946501846e+00,3.846641601359608024e+07,3.792500622922030091e+07,1.000000000000000000e+00
1.466564789632384498e-03,1.784518351534094791e+03,1.785001272405895634e+03,5.071690347691593798e-02,2.460479621621160518e-01,-7.125388732317794347e+05,1.650915915492728647e+00,1.648038477278757963e+00,3.657925772686603665e+07,3.630188442949069291e+07,1.000000000000000000e+00
1.496853961080867046e-03,1.787386650996593289e+03,1.787860013699718593e+03,5.072832203002686224e-02,2.462527167008013995e-01,-7.118595870443437016e+05,1.570318534822217504e+00,1.541785515444442867e+00,3.482007650123545527e+07,3.426283225487817824e+07,1.000000000000000000e+00
1.527143132529349377e-03,1.790138082997166975e+03,1.790600471386188929e+03,5.073936445384705923e-02,2.464487496490395113e-01,-7.112013827469482785e+05,1.496272238795075316e+00,1.452304231324711870e+00,3.317778801373891905e+07,3.248586947244649753e+07,1.000000000000000000e+00
1.557432303977831708e-03,1.792779296998106929e+03,1.793236099681165115e+03,5.075003365956898271e-02,2.466366989361601925e-01,-7.105651263556468766e+05,1.427964533652684720e+00,1.404656039832168801e+00,3.164247631629448012e+07,3.132443623164736852e+07,1.000000000000000000e+00
1.587721475426314257e-03,1.795316442718208464e+03,1.795763221962375837e+03,5.076033449023795857e-02,2.468171315152288270e-01,-7.099513039078889415e+05,1.364711437215459622e+00,1.341318350732686016e+00,3.020520865393763036e+07,2.988894189056964964e+07,1.000000000000000000e+00
1.616182557140168497e-03,1.797610809418100644e+03,1.798056485441036784e+03,5.076968375749359164e-02,2.469802853866736869e-01,-7.093951457531556953e+05,1.309440087477939940e+00,1.277088182311312048e+00,2.893713121800069511e+07,2.842688912738143653e+07,1.000000000000000000e+00
1.644643638854022521e-03,1.799822594624677777e+03,1.800260597098375229e+03,5.077871900325223176e-02,2.471376156015862580e-01,-7.088589465609225444e+05,1.257731969040776221e+00,1.222649543604971578e+00,2.774262016491202265e+07,2.721088686306085438e+07,1.000000000000000000e+00
1.673104720567876545e-03,1.801955896360479755e+03,1.802376382400645298e+03,5.078744726098391449e-02,2.472894633507258244e-01,-7.083425224057422020e+05,1.209247893594385559e+00,1.182562620337121118e+00,2.661624989744823799e+07,2.635936934942639619e+07,1.000000000000000000e+00
1.701565802281730568e-03,1.804014541309839387e+03,1.804423418622307508e+03,5.079587613392197443e-02,2.474361382040490276e-01,-7.078455743487728760e+05,1.163689792639199805e+00,1.136602961199557393e+00,2.555306759243488312e+07,2.535233334944517165e+07,1.000000000000000000e+00
1.730026883995584592e-03,1.806002106602025833e+03,1.806416479033501446e+03,5.080401363781166663e-02,2.475779218728905717e-01,-7.073677144996293355e+05,1.120797127600145160e+00,1.086852926057598756e+00,2.454855735312957317e+07,2.417908427614147589e+07,1.000000000000000000e+00
1.758487965709438616e-03,1.807921939489616761e+03,1.808342393583319108e+03,5.081186806819452256e-02,2.477150714392646891e-01,-7.069084872966750991e+05,1.080343357379859981e+00,1.038704120379249085e+00,2.359860623694150150e+07,2.304358766890659928e+07,1.000000000000000000e+00
1.786949047423292639e-03,1.809777175085962881e+03,1.810176425213288894e+03,5.081944789016243358e-02,2.478478221171257767e-01,-7.064673866937542334e+05,1.042134269362711585e+00,1.009137699601881710e+00,2.269947992778424174e+07,2.235941220085721835e+07,1.000000000000000000e+00
1.815410129137146663e-03,1.811570752266615955e+03,1.811947630518317055e+03,5.082676164932408563e-02,2.479763895902136750e-01,-7.060438697173714172e+05,1.006010412729807957e+00,9.822659517120034822e-01,2.184781849805590138e+07,2.173974514159643278e+07,1.000000000000000000e+00
1.843996845244914515e-03,1.813312954611015357e+03,1.813688327870484045e+03,5.083384848108694898e-02,2.481015130362878018e-01,-7.056356096880531404e+05,9.717077930853573742e-01,9.443669890029267044e-01,2.103718923849507421e+07,2.086507935267537087e+07,1.000000000000000000e+00
1.872583561352682367e-03,1.814998360125941190e+03,1.815383278265967647e+03,5.084068420989167059e-02,2.482228008747621728e-01,-7.052439140065957326e+05,9.393546056968452573e-01,9.043141526971283373e-01,2.026901582514625415e+07,1.993797655769087747e+07,1.000000000000000000e+00
1.929756993568218070e-03,1.818206254059855837e+03,1.818577717465236674e+03,5.085362815688272004e-02,2.484543772555958818e-01,-7.045083054367867298e+05,8.783216264889369684e-01,8.437915316180720771e-01,1.884302873590337485e+07,1.853711936622460932e+07,1.000000000000000000e+00
1.986930425783753774e-03,1.821219213205465394e+03,1.821561106240612389e+03,5.086570045112124433e-02,2.486728708805376331e-01,-7.038302290879664943e+05,8.231904632798974220e-01,7.984500223654618090e-01,1.755347770651586726e+07,1.745560403690105677e+07,1.000000000000000000e+00
2.044103857999289477e-03,1.824053228054580586e+03,1.824418781228177977e+03,5.087696474478631964e-02,2.488793488592876690e-01,-7.032051261175312102e+05,7.730395547064203843e-01,7.432924604166806226e-01,1.638344341146900691e+07,1.605019991745352373e+07,1.000000000000000000e+00
2.105557163299196302e-03,1.826915781884924854e+03,1.827250376141649667e+03,5.088823780303804167e-02,2.490889269709898879e-01,-7.025874583651770372e+05,7.237783528954411238e-01,7.004335258162636135e-01,1.524248624967243522e+07,1.509004515006034635e+07,1.000000000000000000e+00
2.167010468599103127e-03,1.829604485259168086e+03,1.829926727142033315e+03,5.089871918653796068e-02,2.492867729051773118e-01,-7.020207828257975634e+05,6.788964210557740797e-01,6.482562579566298888e-01,1.420850647840887681e+07,1.406078449335163273e+07,1.000000000000000000e+00
2.228463773899009952e-03,1.832133439809215588e+03,1.832482000165735826e+03,5.090847204185666719e-02,2.494737910700226546e-01,-7.015005066851631273e+05,6.378609455202517431e-01,5.832222892673881720e-01,1.326889376548419148e+07,1.282137631274164282e+07,1.000000000000000000e+00
2.289917079198916777e-03,1.834515251261016147e+03,1.834826567632368096e+03,5.091755415152493525e-02,2.496507839098899284e-01,-7.010224267216876615e+05,6.003040763873614960e-01,5.521461012255088896e-01,1.241318479685624316e+07,1.217447477887074649e+07,1.000000000000000000e+00
2.362091248299030832e-03,1.837139135499908207e+03,1.837445546767246469e+03,5.092743168698737888e-02,2.498467637688975840e-01,-7.005098969848691486e+05,5.597932561061098600e-01,5.153456476791596907e-01,1.150161936223102361e+07,1.127943687702882849e+07,1.000000000000000000e+00
2.434265417399144454e-03,1.839593345136063135e+03,1.839925581809491632e+03,5.093654449963874731e-02,2.500310475497935503e-01,-7.000442522278304677e+05,5.230256816722860247e-01,4.771074121083964670e-01,1.067964482685322501e+07,1.029092743118757010e+07,1.000000000000000000e+00
2.506439586499258510e-03,1.841892329859209440e+03,1.842181355878591376e+03,5.094496172759001296e-02,2.502045539881580516e-01,-6.996205952435878571e+05,4.895330983830092353e-01,4.660378878199196717e-01,9.936221136430541053e+06,9.843661769285125658e+06,1.000000000000000000e+00
2.578613755599372566e-03,1.844048923297290685e+03,1.844344630513766788e+03,5.095274512320568244e-02,2.503680988561864940e-01,-6.992345692625977099e+05,4.590793930784868304e-01,4.363648868318845131e-01,9.262643068649239838e+06,9.121254154493464157e+06,1.000000000000000000e+00
2.677453224115658968e-03,1.846789824896941582e+03,1.847094707285679306e+03,5.096246583815490505e-02,2.505770741643945643e-01,-6.987605740494136699e+05,4.210044986354310459e-01,3.897273580965551210e-01,8.436628220303054899e+06,8.187008457542558201e+06,1.000000000000000000e+00
2.776292692631945370e-03,1.849315249685025719e+03,1.849586348492548268e+03,5.097125876359467900e-02,2.507707493561026624e-01,-6.983399471005126834e+05,3.871936979856839267e-01,3.424067195051174184e-01,7.707981821034875698e+06,7.531845218132236972e+06,1.000000000000000000e+00
2.875132161148231773e-03,1.851647477186475726e+03,1.851946089183885988e+03,5.097923148002574123e-02,2.509505826518286242e-01,-6.979655689041058067e+05,3.569478028673496173e-01,2.931239574086862421e-01,7.062142211369547062e+06,6.659624848141334951e+06,1.000000000000000000e+00
2.973971629664517741e-03,1.853805858001716388e+03,1.854078323129002456e+03,5.098647642882980086e-02,2.511178527318774778e-01,-6.976314157647360116e+05,3.297891900097221218e-01,2.736233656727796726e-01,6.487456675123298541e+06,6.215047906644031405e+06,1.000000000000000000e+00
3.072770003919425390e-03,1.855806467647728141e+03,1.856076696867378132e+03,5.099307062919067324e-02,2.512736236498739339e-01,-6.973325021727601998e+05,3.053373577735179478e-01,2.567829247619668465e-01,5.974456972736650147e+06,5.735417720133922994e+06,1.000000000000000000e+00
3.171568378174332604e-03,1.857664981006742210e+03,1.857959777363130570e+03,5.099908584133467510e-02,2.514189611922220680e-01,-6.970643558421668131e+05,2.832507012110553335e-01,2.382379974683417612e-01,5.514794290544893593e+06,5.182740444693814032e+06,1.000000000000000000e+00
3.270366752429240253e-03,1.859394344212160604e+03,1.859658566027476354e+03,5.100458140842305255e-02,2.515547459646289008e-01,-6.968232922648105305e+05,2.632492684645236780e-01,2.321665172554205070e-01,5.101646571643345989e+06,4.943939461633131839e+06,1.000000000000000000e+00
3.369165126684147901e-03,1.861005948789189688e+03,1.861269599400952529e+03,5.100960869433843886e-02,2.516817588567861197e-01,-6.966061628019874915e+05,2.450957935042681890e-01,2.172575706255356065e-01,4.729245827477736399e+06,4.580542393738722429e+06,1.000000000000000000e+00
3.467963500939055550e-03,1.862509836314333825e+03,1.862792289050770023e+03,5.101421221029411868e-02,2.518006920273845317e-01,-6.964102607483204920e+05,2.286060237471194134e-01,1.982072684018994779e-01,4.392775221505102701e+06,4.153694254110051319e+06,1.000000000000000000e+00
3.566761875193963198e-03,1.863914861084308086e+03,1.864181383398624121e+03,5.101843066550602879e-02,2.519121557549771073e-01,-6.962332223122052383e+05,2.137762972136756090e-01,1.870991249691761338e-01,4.088823264922509901e+06,3.918821622648588847e+06,1.000000000000000000e+00
3.764358623703778495e-03,1.866451703161044861e+03,1.866716997016130790e+03,5.102581566062776297e-02,2.521142388905732723e-01,-6.959290567496547010e+05,1.870854766762628518e-01,1.653832997461092413e-01,3.559696479254506063e+06,3.406176872584785335e+06,1.000000000000000000e+00
3.880377479379528219e-03,1.867806404598647532e+03,1.868078844788604101e+03,5.102967159634409083e-02,2.522226465122424655e-01,-6.957736673070061952e+05,1.737566553835660499e-01,1.531770183187022571e-01,3.291404164233582560e+06,3.111980699897083919e+06,1.000000000000000000e+00
3.996396335055277943e-03,1.869065052500604452e+03,1.869316156129676529e+03,5.103317443453282004e-02,2.523236373716781777e-01,-6.956344177314923145e+05,1.616835253802057504e-01,1.456105914143674407e-01,3.049874693427792285e+06,2.960261803235378116e+06,1.000000000000000000e+00
4.228434046406776524e-03,1.871317490205295144e+03,1.871583116347243958e+03,5.103921564085017043e-02,2.525049531230708633e-01,-6.953982679672443774e+05,1.403547538529396621e-01,1.000797955998732197e-01,2.633983852729636710e+06,2.376100267970826477e+06,1.000000000000000000e+00
4.460471757758275105e-03,1.873293233655038875e+03,1.873537119433177622e+03,5.104433774825395398e-02,2.526647045122947244e-01,-6.952027193887117319e+05,1.226657041875400256e-01,8.768269338855447237e-02,2.290060557184647769e+06,2.117557938718055375e+06,1.000000000000000000e+00
4.692509469109774553e-03,1.875035035687778645e+03,1.875295142658241730e+03,5.104871022211690534e-02,2.528060755668700144e-01,-6.950392838727808557e+05,1.077762462180359287e-01,7.816502805883880634e-02,2.002822467045449652e+06,1.802016091514522210e+06,1.000000000000000000e+00
4.924547180461273134e-03,1.876577496995183537e+03,1.876825756782851613e+03,5.105246402300483988e-02,2.529316761412051529e-01,-6.949015987789421342e+05,9.515218059449132015e-02,6.474594637696801103e-02,1.761029138923484366e+06,1.589813188682144042e+06,1.000000000000000000e+00
5.156584891812771715e-03,1.877948820436370397e+03,1.878199448885839047e+03,5.105570155389621556e-02,2.530436569407652492e-01,-6.947848427610192448e+05,8.438088388262476869e-02,5.392353531034965036e-02,1.556037664942708099e+06,1.377125883406271227e+06,1.000000000000000000e+00
5.388622603164271163e-03,1.879172108543191371e+03,1.879429177800682510e+03,5.105850313681860320e-02,2.531437954033659565e-01,-6.946853383534878958e+05,7.513795379065177360e-02,4.754991371687607854e-02,1.381129835061012534e+06,1.194937199450916378e+06,1.000000000000000000e+00
5.620660314515769744e-03,1.880266323343639669e+03,1.880508119101211832e+03,5.106093145576925257e-02,2.532335593201415769e-01,-6.946002720458924305e+05,6.717293022449430384e-02,4.594166473410966900e-02,1.231069289733759128e+06,1.114311944836303359e+06,1.000000000000000000e+00
5.874605226283687726e-03,1.881333696705583179e+03,1.881586842163479332e+03,5.106321678385846580e-02,2.533212824718744649e-01,-6.945212060485102702e+05,5.966002292158148479e-02,4.356905699649948199e-02,1.090395550593682332e+06,9.666009669411140494e+05,1.000000000000000000e+00
6.128550138051606574e-03,1.882283311803699462e+03,1.882535937349103051e+03,5.106517120959661732e-02,2.533994579548598525e-01,-6.944544040042895358e+05,5.326406121049732240e-02,4.123467897144614952e-02,9.703039845435410971e+05,8.649805608655875549e+05,1.000000000000000000e+00
6.636439961587444272e-03,1.883868356577389932e+03,1.884118046053006083e+03,5.106819979392336617e-02,2.535300663995722070e-01,-6.943516167567588855e+05,4.289177348857696470e-02,3.085139703282698334e-02,7.788364726131756324e+05,6.793051144251055084e+05,1.000000000000000000e+00
7.144329785123281970e-03,1.885164380490185977e+03,1.885408553354472133e+03,5.107055493419456610e-02,2.536371260893617863e-01,-6.942728809033867437e+05,3.494992285301273122e-02,2.599199790559116735e-02,6.324925884700887837e+05,5.572174806923817378e+05,1.000000000000000000e+00
7.652219608659118801e-03,1.886232824728157993e+03,1.886481947693788470e+03,5.107241049084555728e-02,2.537255477790106295e-01,-6.942114158832191024e+05,2.874567951614479325e-02,2.186767026822458715e-02,5.187686708072753390e+05,4.415147065484778723e+05,1.000000000000000000e+00
8.160123708451996749e-03,1.887119058147877922e+03,1.887363476966481358e+03,5.107388187975007987e-02,2.537989924970595057e-01,-6.941629448660877533e+05,2.383690612315764179e-02,1.638170369132864457e-02,4.291942231149754371e+05,3.597174723345624516e+05,1.000000000000000000e+00
8.668027808244873830e-03,1.887856402801756985e+03,1.888102572721788192e+03,5.107504268847472967e-02,2.538601616707781838e-01,-6.941248625802523457e+05,1.993200416200694575e-02,1.256090748619183295e-02,3.579900334426773479e+05,2.868540290769347339e+05,1.000000000000000000e+00
9.683836007830627993e-03,1.888954625602750639e+03,1.889196745865956473e+03,5.107656383582438037e-02,2.539512177726759301e-01,-6.940746668340654578e+05,1.431257176129895406e-02,1.094675421551626754e-02,2.565584296850384271e+05,2.100160202267401037e+05,1.000000000000000000e+00
1.069964420743912958e-02,1.889757278210373443e+03,1.890004620776336196e+03,5.107761030297198329e-02,2.540178537750411025e-01,-6.940400753336811904e+05,1.044665900117777019e-02,5.688395752150856091e-03,1.868657867787018768e+05,1.249084346688890364e+05,1.000000000000000000e+00
1.171545240704763118e-02,1.890349113422350911e+03,1.890593679642167217e+03,5.107833459381606184e-02,2.540670226718723113e-01,-6.940159572623036802e+05,7.721742534723478359e-03,3.911856269000294276e-03,1.378553655082041805e+05,8.569471318291209172e+04,1.000000000000000000e+00
1.374706880626443140e-02,1.891065240324103343e+03,1.891309327318140504e+03,5.107906135732133424e-02,2.541264579609445740e-01,-6.939915198400150985e+05,4.519337774734252453e-03,1.483861884043740937e-03,8.058327449765906204e+04,3.175349083736141256e+04,1.000000000000000000e+00
1.577868520548088641e-02,1.891491877494173423e+03,nan,5.107947598788389887e-02,2.541619053332800915e-01,-6.939774506645791698e+05,2.692147689616188142e-03,nan,4.793161143683657428e+04,nan,0.000000000000000000e+00
1.781030160469790347e-02,1.891748521858488630e+03,nan,5.107971911067485382e-02,2.541832495579556817e-01,-6.939691246890767943e+05,1.620018324248267971e-03,nan,2.880654268932127161e+04,nan,0.000000000000000000e+00
1.984191800391492053e-02,1.891903776011389482e+03,nan,5.107986413235103551e-02,2.541961781783927954e-01,-6.939641255593679380e+05,9.808543696249280748e-04,nan,1.741686000226124452e+04,nan,0.000000000000000000e+00
2.187353440313193759e-02,1.891997999537182295e+03,nan,5.107995214386903265e-02,2.542040404218270377e-01,-6.939610797836254351e+05,5.961925472368429174e-04,nan,1.056656569969731027e+04,nan,0.000000000000000000e+00
2.390515080234894771e-02,1.892055304686376076e+03,nan,5.108000790059589319e-02,2.542088386052325233e-01,-6.939591439478690736e+05,3.637171479571934271e-04,nan,6.427864272673762571e+03,nan,0.000000000000000000e+00
2.593676720156596824e-02,1.892090114719292615e+03,nan,5.108004857265141530e-02,2.542117714608836954e-01,-6.939577162612751126e+05,2.244998691446969074e-04,nan,3.949101174300285948e+03,nan,0.000000000000000000e+00
2.796838360078298183e-02,1.892109883999096382e+03,nan,5.108008527679869931e-02,2.542134570982348962e-01,-6.939564060343601741e+05,1.492002290022706457e-04,nan,2.605305498053638985e+03,nan,0.000000000000000000e+00
2.999999999999999889e-02,1.892109883999096382e+03,nan,5.108008527679869931e-02,2.542134570982348962e-01,-6.939564060343601741e+05,1.492002290022706457e-04,nan,2.605305498053638985e+03,nan,0.000000000000000000e+00
