z,T,fgm_T,Z,C,h,omega_C,fgm_omega_C,qdot,fgm_qdot,covered
0.000000000000000000e+00,3.000000000000000000e+02,nan,4.209304960551774749e-02,2.123907261969051191e-02,-4.117942085553845973e+05,3.606015179093133294e-03,nan,1.958119439363905694e+05,nan,0.000000000000000000e+00
5.402095828350013522e-06,3.068594896729062498e+02,3.059881657036190177e+02,4.207020375032358844e-02,2.199237467368203233e-02,-4.119322524565088097e+05,3.712268224553186714e-03,6.270186108339929551e-03,1.924232294174645212e+05,2.675652278080181568e+05,1.000000000000000000e+00
1.080419165670002704e-05,3.138208985897244361e+02,3.129644967846385271e+02,4.204766149959687782e-02,2.275715162165532768e-02,-4.120517042935664067e+05,3.903936639868195099e-03,6.453618565316125884e-03,1.914222189782627684e+05,2.630577876346421544e+05,1.000000000000000000e+00
1.620628748505004141e-05,3.208822037140612906e+02,3.200317228371442866e+02,4.202543419746911785e-02,2.353328962254314788e-02,-4.121525161844553659e+05,4.157126075150056020e-03,6.739270768639112758e-03,1.923485049668913998e+05,2.608326457161290746e+05,1.000000000000000000e+00
2.160838331340005409e-05,3.280414108227999463e+02,3.271993844650511960e+02,4.200353259431757746e-02,2.432068212868913198e-02,-4.122346932950434275e+05,4.477751841014379099e-03,7.125065132761523867e-03,1.950721892817850749e+05,2.616846115375668742e+05,1.000000000000000000e+00
2.701047914175006676e-05,3.352965601221119414e+02,3.344748815767335373e+02,4.198196688399002952e-02,2.511922967316171720e-02,-4.122982861138712033e+05,4.872328172984779701e-03,7.586338793426625378e-03,1.995415078349273535e+05,2.654681231894294615e+05,1.000000000000000000e+00
3.241257497010008282e-05,3.426457309403104432e+02,3.418225717275794864e+02,4.196074673841596048e-02,2.592883963033029357e-02,-4.123433833284821594e+05,5.347885537963573133e-03,8.221724165116796670e-03,2.057513451602418791e+05,2.717147556597788935e+05,1.000000000000000000e+00
3.781467079845009889e-05,3.500870455933425092e+02,3.492707214991174283e+02,4.193988133987670841e-02,2.674942595601537132e-02,-4.123701052899301285e+05,5.912168933700793529e-03,8.917794243746128904e-03,2.137329064983428398e+05,2.796651987581606954e+05,1.000000000000000000e+00
4.321676662680010817e-05,3.576186725093326118e+02,3.568117270495258708e+02,4.191937941102604620e-02,2.758090891368249892e-02,-4.123785980580211617e+05,6.573807866145510437e-03,9.770061627571536428e-03,2.235494662660636532e+05,2.909356681376024499e+05,1.000000000000000000e+00
4.861886245515011746e-05,3.652388286792744339e+02,3.644546960821549533e+02,4.189924924274849444e-02,2.842321479072811713e-02,-4.123690280113936751e+05,7.342467417815544406e-03,1.064627389148853701e-02,2.352945336271120759e+05,3.032813924969898071e+05,1.000000000000000000e+00
5.402095828350013352e-05,3.729457815108852969e+02,3.721435419518211347e+02,4.187949871990328393e-02,2.927627560987494659e-02,-4.123415770027324907e+05,8.228990622863276844e-03,1.190656759103006328e-02,2.490913473288033274e+05,3.207965105412221164e+05,1.000000000000000000e+00
5.942305411185014959e-05,3.807378501437568730e+02,3.799491797259757959e+02,4.186013534504060690e-02,3.014002883819235160e-02,-4.122964380318568437e+05,9.245539941392183492e-03,1.322221119863022792e-02,2.650933384487185394e+05,3.407558164849334280e+05,1.000000000000000000e+00
6.482514994020016565e-05,3.886134062952986596e+02,3.878516032724925822e+02,4.184116626014300344e-02,3.101441709754504394e-02,-4.122338114084454719e+05,1.040574399269668382e-02,1.449197712957827310e-02,2.834854359503540909e+05,3.603137126477074344e+05,1.000000000000000000e+00
7.022724576855018171e-05,3.965708746858732070e+02,3.958209385456964924e+02,4.182259826648258155e-02,3.189938787777002460e-02,-4.121539013719976065e+05,1.172485470366138767e-02,1.608542134945060986e-02,3.044861821243695449e+05,3.850536669102685992e+05,1.000000000000000000e+00
7.562934159690019777e-05,4.046087331034800059e+02,4.038527033782855256e+02,4.180443784264861740e-02,3.279489325540922706e-02,-4.120569131380205508e+05,1.321991947060346256e-02,1.805807061718872966e-02,3.283506675389911397e+05,4.155487467930334969e+05,1.000000000000000000e+00
8.103143742525020028e-05,4.127255121460228793e+02,4.119669417744465818e+02,4.178669116083184865e-02,3.370088961837736097e-02,-4.119430503378268913e+05,1.490997267939170312e-02,2.027291236868313321e-02,3.553743148488154984e+05,4.503646570251004305e+05,1.000000000000000000e+00
8.643353325360021635e-05,4.209197946917822719e+02,4.201569765289348766e+02,4.176936410141472017e-02,3.461733739863310372e-02,-4.118125128220084007e+05,1.681625088941628848e-02,2.277397546058666788e-02,3.858975457629879820e+05,4.903287845607142663e+05,1.000000000000000000e+00
9.183562908195023241e-05,4.291902151261477911e+02,4.284268868054551831e+02,4.175246226594332699e-02,3.554420081256461084e-02,-4.116654947977640550e+05,1.896243608418586579e-02,2.569057219257909683e-02,4.203113580479141674e+05,5.378375631206305698e+05,1.000000000000000000e+00
9.723772491030023492e-05,4.375354583658589718e+02,4.367790900429155840e+02,4.173599098852037725e-02,3.648144761057886543e-02,-4.115021832733902265e+05,2.137493157522263321e-02,2.879559233633347676e-02,4.590638209507464780e+05,5.888614523655459052e+05,1.000000000000000000e+00
1.026398207386502510e-04,4.459542586999190803e+02,4.452045601739205836e+02,4.171995534568075092e-02,3.742904883513863135e-02,-4.113227567844078876e+05,2.408317535547600807e-02,3.217364305001260694e-02,5.026674688417820726e+05,6.449965778337797383e+05,1.000000000000000000e+00
1.080419165670002670e-04,4.544453984800617263e+02,4.537026066791303833e+02,4.170436016477878372e-02,3.838697858829966808e-02,-4.111273843787760125e+05,2.711999578086285098e-02,3.595947028889785041e-02,5.517075351169797359e+05,7.083944524427714059e+05,1.000000000000000000e+00
1.134440123953502831e-04,4.630077066725594932e+02,4.622700006756804783e+02,4.168921003093518929e-02,3.935521380767823679e-02,-4.109162248403685517e+05,3.052201167658177144e-02,4.022951335324630867e-02,6.068509080306852702e+05,7.806311461922947783e+05,1.000000000000000000e+00
1.188461082237002992e-04,4.716400572972859209e+02,4.709048598557479863e+02,4.167450929256574788e-02,4.033373405157322789e-02,-4.106894261323234532e+05,3.432999770292857744e-02,4.504161045484807169e-02,6.688552074426540639e+05,8.626957246236890787e+05,1.000000000000000000e+00
1.215471561378753004e-04,4.759822913869986678e+02,4.752889425274423729e+02,4.166732952943178608e-02,4.082685127011757842e-02,-4.105700987081053318e+05,3.640266942885680285e-02,4.625675726776404262e-02,7.027788608951071510e+05,8.831688030500443419e+05,1.000000000000000000e+00
1.242482040520503017e-04,4.803417364114246766e+02,4.796092344276962649e+02,4.166026491915198610e-02,4.132255098081270145e-02,-4.104469450696927379e+05,3.859477542682840379e-02,5.043631689363324566e-02,7.387587992782535730e+05,9.554239691989092389e+05,1.000000000000000000e+00
1.269492519662253165e-04,4.847182617682186105e+02,4.840338190679310628e+02,4.165331594837783785e-02,4.182083119166474239e-02,-4.103199810995150474e+05,4.091290993518930524e-02,5.158955885779437783e-02,7.769229099916653940e+05,9.748106826806064928e+05,1.000000000000000000e+00
1.296502998804003313e-04,4.891117393764379813e+02,4.883817981963662760e+02,4.164648308915556985e-02,4.232169003996895384e-02,-4.101892219699599664e+05,4.336399263569641616e-02,5.643888104939249334e-02,8.174062734337968286e+05,1.059329946054091444e+06,1.000000000000000000e+00
1.323513477945753461e-04,4.935220436164494799e+02,4.928420187800270469e+02,4.163976679894249022e-02,4.282512578638561496e-02,-4.100546821474705939e+05,4.595532490133934223e-02,5.763689195801809106e-02,8.603517460415895330e+05,1.079499777553266613e+06,1.000000000000000000e+00
1.350523957087503609e-04,4.979490512690194919e+02,4.972284548405115174e+02,4.163316752060267079e-02,4.333113680914392474e-02,-4.099163753991143894e+05,4.869461477295067287e-02,6.237289686944978012e-02,9.059103384427650599e+05,1.161896618736449629e+06,1.000000000000000000e+00
1.377534436229253486e-04,5.023926414531941305e+02,5.017112225489037201e+02,4.162668568238324374e-02,4.383972159832517923e-02,-4.097743148016025079e+05,5.158999907572053845e-02,6.467384410060171562e-02,9.542415435699006775e+05,1.202803744247667491e+06,1.000000000000000000e+00
1.404544915371003634e-04,5.068526955634512206e+02,5.061423485978742747e+02,4.162032169787064501e-02,4.435087875026194615e-02,-4.096285127526128781e+05,5.465006580088511284e-02,6.937548812706061108e-02,1.005513633171320776e+06,1.284987798428006237e+06,1.000000000000000000e+00
1.431555394512753782e-04,5.113290972057509407e+02,5.106463472847115668e+02,4.161407596592806013e-02,4.486460696200744031e-02,-4.094789809844119591e+05,5.788387708812028909e-02,7.256114027262149102e-02,1.059903924913128838e+06,1.342018029559114715e+06,1.000000000000000000e+00
1.458565873654503659e-04,5.158217321329537981e+02,5.151233523526946101e+02,4.160794887061408653e-02,4.538090502590962777e-02,-4.093257305796264554e+05,6.130099280055918698e-02,7.720435927784201346e-02,1.117599019402003381e+06,1.423650746244380018e+06,1.000000000000000000e+00
1.485576352796253807e-04,5.203304881792489596e+02,5.196438332680671692e+02,4.160194078108324367e-02,4.589977182424632984e-02,-4.091687719891495071e+05,6.491149462871104170e-02,8.145825867278430610e-02,1.178795005531930597e+06,1.500137583007207373e+06,1.000000000000000000e+00
1.512586831938003955e-04,5.248552551940466628e+02,5.241663485283455657e+02,4.159605205146887918e-02,4.642120632395328739e-02,-4.090081150520396186e+05,6.872601063773496610e-02,8.591217404157355797e-02,1.243697632035831222e+06,1.578654342330633895e+06,1.000000000000000000e+00
1.539597311079753832e-04,5.293959249749980245e+02,5.287043983117240487e+02,4.159028302074960909e-02,4.694520757140385747e-02,-4.088437690173895098e+05,7.275574016004532352e-02,9.146176594567413665e-02,1.312522442862981232e+06,1.679073928796821740e+06,1.000000000000000000e+00
1.566607790221503981e-04,5.339523912005829516e+02,5.332751180645850582e+02,4.158463401259927805e-02,4.747177468727010324e-02,-4.086757425680178567e+05,7.701247891996176875e-02,9.549131647564944314e-02,1.385494873827144271e+06,1.749932184221381554e+06,1.000000000000000000e+00
1.593618269363254129e-04,5.385245493619459012e+02,5.378284006144122031e+02,4.157910533522223007e-02,4.800090686142573226e-02,-4.085040438459654106e+05,8.150864426649190309e-02,1.026860416196910125e-01,1.462850307967027882e+06,1.881037195778614841e+06,1.000000000000000000e+00
1.620628748505004006e-04,5.431122966944130894e+02,5.424487035533124981e+02,4.157369728117410457e-02,4.853260334791911768e-02,-4.083286804796350771e+05,8.625730037553036578e-02,1.060162055809203557e-01,1.544834087083021179e+06,1.938854060744712129e+06,1.000000000000000000e+00
1.647639227646754154e-04,5.477155321083895387e+02,5.470148315710812312e+02,4.156841012716975398e-02,4.906686345997864074e-02,-4.081496596125537762e+05,9.127218327341912740e-02,1.152574814441611056e-01,1.631701477093511261e+06,2.108031120808736421e+06,1.000000000000000000e+00
1.674649706788504302e-04,5.523341561200592196e+02,5.516823617350107725e+02,4.156324413387887939e-02,4.960368656507679885e-02,-4.079669879335946753e+05,9.656772551995840281e-02,1.176792658856018886e-01,1.723717585031046299e+06,2.148758408191794064e+06,1.000000000000000000e+00
1.701660185930254179e-04,5.569680707816099812e+02,5.562763657835949971e+02,4.155819954571125796e-02,5.014307208001765603e-02,-4.077806717086283024e+05,1.021590803820229820e-01,1.268794925849210664e-01,1.821157225838332903e+06,2.315126632887563203e+06,1.000000000000000000e+00
1.728670665072004327e-04,5.616171796113962955e+02,5.609594412175296156e+02,4.155327659059222800e-02,5.068501946607231745e-02,-4.075907168134317035e+05,1.080621453171685398e-01,1.320833328838749432e-01,1.924304737444920233e+06,2.409214133126161061e+06,1.000000000000000000e+00
1.755681144213754475e-04,5.662813875237839056e+02,5.656043672865353074e+02,4.154847547973040262e-02,5.122952822412890628e-02,-4.073971287678233930e+05,1.142935845834357478e-01,1.406395390768101772e-01,2.033453743101869477e+06,2.563389258522716351e+06,1.000000000000000000e+00
1.782691623355504352e-04,5.709606007590822401e+02,5.702953564023109720e+02,4.154379640737859702e-02,5.177659788988083628e-02,-4.071999127708442393e+05,1.208708507832646217e-01,1.482572768094389537e-01,2.148906860417728312e+06,2.702041121152382810e+06,1.000000000000000000e+00
1.809702102497254500e-04,5.756547268133277839e+02,5.749907753558057948e+02,4.153923955058991258e-02,5.232622802902137105e-02,-4.069990737369495910e+05,1.278122051515472313e-01,1.558722014267816258e-01,2.270975357195443474e+06,2.838314820466408040e+06,1.000000000000000000e+00
1.836712581639004648e-04,5.803636743683191526e+02,5.796903416228683454e+02,4.153480506897037905e-02,5.287841823246751394e-02,-4.067946163330211421e+05,1.351367363945444877e-01,1.663506354176364221e-01,2.399978754784134682e+06,3.029420080410086550e+06,1.000000000000000000e+00
1.863723060780754525e-04,5.850873532216847934e+02,5.844373279142811271e+02,4.153049310442991082e-02,5.343316811158299595e-02,-4.065865450161696644e+05,1.428643778954281351e-01,1.725604219056565691e-01,2.536244380476441234e+06,3.139036717994678300e+06,1.000000000000000000e+00
1.890733539922504673e-04,5.898256742173772409e+02,5.891441259588830235e+02,4.152630378093313812e-02,5.399047729342268398e-02,-4.063748640721256379e+05,1.510159231054448437e-01,1.865456869953410757e-01,2.680106871242182329e+06,3.393996650502218865e+06,1.000000000000000000e+00
1.917744019064254821e-04,5.945785491763930395e+02,5.939425369185735235e+02,4.152223720425217424e-02,5.455034541596982811e-02,-4.061595776541902451e+05,1.596130389572313624e-01,1.908567830264213117e-01,2.831907632057759445e+06,3.468118767651489470e+06,1.000000000000000000e+00
1.944754498206004698e-04,5.993458908281002095e+02,5.986713735683770210e+02,4.151829346172282442e-02,5.511277212338806797e-02,-4.059406898225528421e+05,1.686782771480269116e-01,2.053655374367330255e-01,2.991994252982268110e+06,3.729522073612916749e+06,1.000000000000000000e+00
1.971764977347754846e-04,6.041276127419904469e+02,6.034841590582767594e+02,4.151447262200597815e-02,5.567775706126133761e-02,-4.057182045839392231e+05,1.782350831679392622e-01,2.136461406642738980e-01,3.160719890227328520e+06,3.877682086099526845e+06,1.000000000000000000e+00
1.998775456489504995e-04,6.089236292602240610e+02,6.082633360879026441e+02,4.151077473485605129e-02,5.624529987184315183e-02,-4.054921259314082563e+05,1.883078029687478283e-01,2.267931499491318559e-01,3.338442617459565401e+06,4.112181435382324737e+06,1.000000000000000000e+00
2.025785935631254872e-04,6.137338554307970071e+02,6.130806109084944637e+02,4.150719983089809495e-02,5.681540018928992603e-02,-4.052624578842692426e+05,1.989216872070256048e-01,2.393046570222507607e-01,3.525524754753735382e+06,4.336373491657664068e+06,1.000000000000000000e+00
2.052796414773005020e-04,6.185582069416832383e+02,6.179124195173276348e+02,4.150374792141517388e-02,5.738805763490002765e-02,-4.050292045279486338e+05,2.101028930255046390e-01,2.504114338911530013e-01,3.722332183654271532e+06,4.532062580887353979e+06,1.000000000000000000e+00
2.079806893914755168e-04,6.233966000557862799e+02,6.227332994965406670e+02,4.150041899814749247e-02,5.796327181233411341e-02,-4.047923700537923723e+05,2.218784833863409744e-01,2.678196343629105081e-01,3.929233657999024261e+06,4.842659382100601681e+06,1.000000000000000000e+00
2.106817373056505045e-04,6.282489515470361994e+02,6.276169035810740979e+02,4.149721303310478088e-02,5.854104230283885268e-02,-4.045519587986610131e+05,2.342764240103756002e-01,2.762700364613039916e-01,4.146600121176235843e+06,4.989639232008643448e+06,1.000000000000000000e+00
2.133827852198255193e-04,6.331151786374682615e+02,6.324413307201219823e+02,4.149412997839302397e-02,5.912136866045070160e-02,-4.043079752843051683e+05,2.473255780388414204e-01,2.994575370073746523e-01,4.374804041620736010e+06,5.399835481167431921e+06,1.000000000000000000e+00
2.160838331340005341e-04,6.379951989355919295e+02,6.373675777492642283e+02,4.149116976605679574e-02,5.970425040720190452e-02,-4.040604242564259912e+05,2.610556985884768810e-01,3.061772609354055374e-01,4.614218779293896630e+06,5.515309552300939336e+06,1.000000000000000000e+00
2.187848810481755489e-04,6.428889303758842289e+02,6.422347999781862882e+02,4.148833230793762261e-02,6.028968702830619919e-02,-4.038093107234300696e+05,2.754974194594986270e-01,3.262459958419837158e-01,4.865217996971241198e+06,5.864395592923689634e+06,1.000000000000000000e+00
2.214859289623505637e-04,6.477962911596862341e+02,6.471571292215934363e+02,4.148561749554983275e-02,6.087767796734702697e-02,-4.035546399948170292e+05,2.906822443742334006e-01,3.420423728547765108e-01,5.128175131278381683e+06,6.140156308854856528e+06,1.000000000000000000e+00
2.241869768765255514e-04,6.527171996973264640e+02,6.520768626937999670e+02,4.148302519997319054e-02,6.146822262144575888e-02,-4.032964177192437928e+05,3.066425354302582673e-01,3.592217696417714379e-01,5.403462940574012697e+06,6.435353916844967753e+06,1.000000000000000000e+00
2.268880247907005662e-04,6.576515745517134519e+02,6.570009078039619226e+02,4.148055527176337798e-02,6.206132033643323165e-02,-4.030346499222595012e+05,3.234115024109092129e-01,3.816181314652202228e-01,5.691453152612525970e+06,6.821982180428676307e+06,1.000000000000000000e+00
2.295890727048755810e-04,6.625993343832006985e+02,6.619730628368726002e+02,4.147820754087935824e-02,6.265697040200178536e-02,-4.027693430437795469e+05,3.410231983883752482e-01,3.950413486218011250e-01,5.992516256430981681e+06,7.050327728992318735e+06,1.000000000000000000e+00
2.322901206190505687e-04,6.675603978959234155e+02,6.668982819796384547e+02,4.147598181662781602e-02,6.325517204685983386e-02,-4.025005039753520978e+05,3.595125428844244131e-01,4.252344854657554851e-01,6.307021569332508370e+06,7.564755923145152628e+06,1.000000000000000000e+00
2.349911685332255835e-04,6.725346837853564921e+02,6.719178757049602382e+02,4.147387788762309929e-02,6.385592443385977590e-02,-4.022281400973168784e+05,3.789154618733059920e-01,4.350883406747481086e-01,6.635338076304610819e+06,7.731812776127886027e+06,1.000000000000000000e+00
2.376922164474005983e-04,6.775221106871446182e+02,6.768747359505714485e+02,4.147189552176337723e-02,6.445922665509631888e-02,-4.019522593159326352e+05,3.992695312274724406e-01,4.634906157925598458e-01,6.977838262187423185e+06,8.206177878501641564e+06,1.000000000000000000e+00
2.430943122757506009e-04,6.875359118705624724e+02,6.869017739502619406e+02,4.146829378108987663e-02,6.567346886209117496e-02,-4.013901221819606726e+05,4.429385569435895786e-01,5.087030206868353721e-01,7.705650075773770921e+06,8.960499357652105391e+06,1.000000000000000000e+00
2.484964081041006034e-04,6.976010525460422969e+02,6.969808670047430041e+02,4.146517118411625208e-02,6.689784235753787334e-02,-4.008138746927517932e+05,4.908543871881535514e-01,5.575126891786582606e-01,8.494390908917725086e+06,9.765748854903645813e+06,1.000000000000000000e+00
2.538985039324506330e-04,7.077168822704911690e+02,7.071067320809997909e+02,4.146252514865027272e-02,6.813233710583861680e-02,-4.002235998132508248e+05,5.433367868926675115e-01,6.114050099655560233e-01,9.346956737442515790e+06,1.064538388430673257e+07,1.000000000000000000e+00
2.593005997608006626e-04,7.178827450519079321e+02,7.172581281051976703e+02,4.146035276733888580e-02,6.937694146883062463e-02,-3.996193926469964790e+05,6.007201938399058250e-01,6.776879025534165990e-01,1.026630579706101865e+07,1.170859319091404043e+07,1.000000000000000000e+00
2.647026955891506922e-04,7.280979779511869765e+02,7.274602129161780795e+02,4.145865080834829769e-02,7.063164204792846124e-02,-3.990013618255775655e+05,6.633538001366625636e-01,7.495316911819092098e-01,1.125549982975738868e+07,1.284249760978048481e+07,1.000000000000000000e+00
2.701047914175007218e-04,7.383619096881321866e+02,7.377119276622381676e+02,4.145741571543201665e-02,7.189642352424094329e-02,-3.983696310396365006e+05,7.316032186309251450e-01,8.274075521025426871e-01,1.231776308964392729e+07,1.405272385316241160e+07,1.000000000000000000e+00
2.755068872458506972e-04,7.486738592226754463e+02,7.480360984553010439e+02,4.145664360691145300e-02,7.317126849575417147e-02,-3.977243407521760091e+05,8.058529720969627164e-01,8.976247122226587161e-01,1.345655278228091635e+07,1.512811107583168522e+07,1.000000000000000000e+00
2.809089830742007268e-04,7.590331342788603024e+02,7.584068469916849153e+02,4.145633027309571228e-02,7.445615731028880357e-02,-3.970656501346477889e+05,8.865098193535096982e-01,9.784010202915403021e-01,1.467563854067454115e+07,1.635784974537028372e+07,1.000000000000000000e+00
2.863110789025507565e-04,7.694390297772080203e+02,7.688259316930472096e+02,4.145647117169926760e-02,7.575106789257740614e-02,-3.963937392636972945e+05,9.740069755874791735e-01,1.064717705548045235e+00,1.597918845499493554e+07,1.765426155076903850e+07,1.000000000000000000e+00
2.917131747309007319e-04,7.798908261405312032e+02,7.792869110292991763e+02,4.145706142087723228e-02,7.705597556343721233e-02,-3.957088116115391022e+05,1.068809262217737199e+00,1.159332160284425983e+00,1.737185892749250680e+07,1.905875352590152994e+07,1.000000000000000000e+00
2.971152705592507615e-04,7.903877874390636862e+02,7.897690987782718821e+02,4.145809578958654928e-02,7.837085284864003798e-02,-3.950110968560666079e+05,1.171419191846294394e+00,1.273179463249945575e+00,1.885888558496166021e+07,2.072347119805085286e+07,1.000000000000000000e+00
3.025173663876007911e-04,8.009291593428273472e+02,8.002963882468369547e+02,4.145956868509088900e-02,7.969566927472046536e-02,-3.943008540283972980e+05,1.282383963746405175e+00,1.396136816385953772e+00,2.044617269519523159e+07,2.250000663813583925e+07,1.000000000000000000e+00
3.079194622159507665e-04,8.115141668522326199e+02,8.108679401107493732e+02,4.146147413754937283e-02,8.103039114863025416e-02,-3.935783750064474880e+05,1.402303317779276748e+00,1.528988937690508809e+00,2.214037898178379983e+07,2.439829080429727212e+07,1.000000000000000000e+00
3.133215580443007961e-04,8.221420117816857100e+02,8.215093417213768134e+02,4.146380578175815068e-02,8.237498131784945499e-02,-3.928439883540017763e+05,1.531838171323163023e+00,1.649976112198708433e+00,2.394899835251225904e+07,2.609811073980246112e+07,1.000000000000000000e+00
3.187236538726508257e-04,8.328118699751141776e+02,8.321878362970118133e+02,4.146655683623779592e-02,8.372939890731506685e-02,-3.920980634964296478e+05,1.671719944177740169e+00,1.790061368793288255e+00,2.588043474982605129e+07,2.806319643346001208e+07,1.000000000000000000e+00
3.241257497010008011e-04,8.435228882364692709e+02,8.429092800880088134e+02,4.146972007997462573e-02,8.509359902933198716e-02,-3.913410152173630777e+05,1.822760449781475112e+00,1.939852645005118115e+00,2.794407092180709168e+07,3.014084693642392382e+07,1.000000000000000000e+00
3.295278455293508308e-04,8.542741809621337552e+02,8.536725916536670411e+02,4.147328782722199680e-02,8.646753246249978819e-02,-3.905733084557969123e+05,1.985862128154205708e+00,2.099693904410341538e+00,3.015033088429797813e+07,3.233354418235756457e+07,1.000000000000000000e+00
3.349299413577008604e-04,8.650648264658121889e+02,8.644482921764196135e+02,4.147725190084651514e-02,8.785114529568360808e-02,-3.897954633805630729e+05,2.162027777737081102e+00,2.292666093176529696e+00,3.251073262769035250e+07,3.496383698901579529e+07,1.000000000000000000e+00
3.403320371860508358e-04,8.758938629913059231e+02,8.752625167938410868e+02,4.148160360475160874e-02,8.924437853354083572e-02,-3.890080607196139754e+05,2.352364955729644880e+00,2.501766501978405000e+00,3.503790375604923815e+07,3.778604377409774065e+07,1.000000000000000000e+00
3.430330851002258777e-04,8.813224535440716636e+02,8.807043720898983565e+02,4.148392171780579396e-02,8.994458217385498111e-02,-3.886109617687599384e+05,2.453343836872017292e+00,2.591116902407233358e+00,3.636989567887451500e+07,3.897278133075825125e+07,1.000000000000000000e+00
3.457341330144008654e-04,8.867602983055256800e+02,8.861153899942286216e+02,4.148633378725465060e-02,9.064717746128850284e-02,-3.882117615497631487e+05,2.558359913020556320e+00,2.727517281787487757e+00,3.774909918330347538e+07,4.080337350207988918e+07,1.000000000000000000e+00
3.511362288427508950e-04,8.976632471042228190e+02,8.970165638708134566e+02,4.149143529479663861e-02,9.205950835794178555e-02,-3.874074459562697448e+05,2.780967185686863630e+00,2.956624150003203777e+00,4.065359133504236490e+07,4.382854665403246135e+07,1.000000000000000000e+00
3.565383246711008704e-04,9.086014159536806574e+02,9.079679590949295971e+02,4.149689497462997340e-02,9.348124797760476445e-02,-3.865957374480040162e+05,3.021909679722864617e+00,3.188442514535931416e+00,4.377056918075489253e+07,4.685884617772521079e+07,1.000000000000000000e+00
3.619404204994509000e-04,9.195736361149595268e+02,9.189483820687861453e+02,4.150270177828925544e-02,9.491231208048035717e-02,-3.857775165739688091e+05,3.282864954658527346e+00,3.450502916795845199e+00,4.711785571581780910e+07,5.025568192538584769e+07,1.000000000000000000e+00
3.673425163278009296e-04,9.305786738877592370e+02,9.299637925976140878e+02,4.150884400849803174e-02,9.635260862931552261e-02,-3.849537541493677418e+05,3.565685328071023896e+00,3.730267565737821922e+00,5.071472168421706557e+07,5.384476801625224203e+07,1.000000000000000000e+00
3.727446121561509050e-04,9.416152246326463455e+02,9.410036864066784119e+02,4.151530929949566462e-02,9.780203707328094520e-02,-3.841255176960681565e+05,3.872405359449017759e+00,4.042140124339296037e+00,5.458190406087367237e+07,5.781700253533268720e+07,1.000000000000000000e+00
3.781467079845009347e-04,9.526819064518499545e+02,9.520564777415331719e+02,4.152208460121985245e-02,9.926048756430896902e-02,-3.832939780084849335e+05,4.205252203863720339e+00,4.402705843431048649e+00,5.874163930815914273e+07,6.237306652808207273e+07,1.000000000000000000e+00
3.835488038128509643e-04,9.637772535319247709e+02,9.631388571029863215e+02,4.152915616818046024e-02,1.007278401027622700e-01,-3.824604158238010714e+05,4.566655958255738668e+00,4.793857448111725539e+00,6.321769036378407478e+07,6.726419253586488962e+07,1.000000000000000000e+00
3.889508996412009397e-04,9.748997091533237835e+02,9.742478316104378564e+02,4.153650955393864419e-02,1.022039636092673259e-01,-3.816262285679736524e+05,4.959259042114487315e+00,5.220901100143628071e+00,6.803535911237587035e+07,7.254737069607946277e+07,1.000000000000000000e+00
3.943529954695509693e-04,9.860476183766625127e+02,9.853805773618239527e+02,4.154412961218550276e-02,1.036887149200205332e-01,-3.807929371407227009e+05,5.385922737671118732e+00,5.689050039266878578e+00,7.322146985276173055e+07,7.827728515824809670e+07,1.000000000000000000e+00
3.997550912979009989e-04,9.972192204253350383e+02,9.965676848472307938e+02,4.155200050548117641e-02,1.051819377043449188e-01,-3.799621926956708194e+05,5.849723341550810751e+00,6.123801166663803031e+00,7.880426540128976107e+07,8.353468392233143747e+07,1.000000000000000000e+00
4.024561392120759866e-04,1.002813232606503334e+03,1.002180500546052940e+03,4.155602413202668516e-02,1.059316665845960459e-01,-3.795485590079725953e+05,6.096904674771110422e+00,6.353003876110993708e+00,8.175709702774685621e+07,8.624727397895152867e+07,1.000000000000000000e+00
4.051571871262509743e-04,1.008412473852845096e+03,1.007766838161122337e+03,4.156010444489393468e-02,1.066834571774009643e-01,-3.791364215405016439e+05,6.354674064335176453e+00,6.632790728956901027e+00,8.482077719679234922e+07,8.961139587973150611e+07,1.000000000000000000e+00
4.078582350404260162e-04,1.014016685904638393e+03,1.013369483249693644e+03,4.156423926147746750e-02,1.074372855795374948e-01,-3.787261337256812840e+05,6.623494222998777659e+00,6.922459154910751700e+00,8.799931515772037208e+07,9.302974118404848874e+07,1.000000000000000000e+00
4.105592829546010039e-04,1.019625602373061724e+03,1.018983254239008943e+03,4.156842636071386016e-02,1.081931268256876022e-01,-3.783178676341534592e+05,6.903841908502664992e+00,7.191949858978059495e+00,9.129680232142876089e+07,9.621576926824982464e+07,1.000000000000000000e+00
4.132603308687759916e-04,1.025238948728372861e+03,1.024578027988615077e+03,4.157266348461713390e-02,1.089509548436682351e-01,-3.779117994183767587e+05,7.196209066106818319e+00,7.540365388137964864e+00,9.471740816718962789e+07,1.002994668505157828e+08,1.000000000000000000e+00
4.159613787829510335e-04,1.030856442032949872e+03,1.030220318433820921e+03,4.157694834002480244e-02,1.097107424083478833e-01,-3.775081093918419210e+05,7.501103317568009743e+00,7.789209168494628521e+00,9.826538061643685400e+07,1.031869563406542540e+08,1.000000000000000000e+00
4.186624266971260212e-04,1.036477790671863204e+03,1.035804620532418767e+03,4.158127860056305691e-02,1.104724610941716367e-01,-3.771069821047155419e+05,7.819048177219340090e+00,8.208471739910224940e+00,1.019450437575381994e+08,1.080605517458502203e+08,1.000000000000000000e+00
4.213634746113010089e-04,1.042102694080790343e+03,1.041471270985600768e+03,4.158565190884380702e-02,1.112360812263533394e-01,-3.767086064162194380e+05,8.150583120701105244e+00,8.440221065995084260e+00,1.057607942927659452e+08,1.107023057798714489e+08,1.000000000000000000e+00
4.240645225254760509e-04,1.047730842472046561e+03,1.047050410822011600e+03,4.159006587890125284e-02,1.120015718306512087e-01,-3.763131755620514159e+05,8.496263554145858876e+00,8.918017072004625234e+00,1.097170971134772897e+08,1.162066555063539892e+08,1.000000000000000000e+00
4.267655704396510386e-04,1.053361916558610119e+03,1.052726568128679673e+03,4.159451809887934615e-02,1.127689005818071355e-01,-3.759208872172448318e+05,8.856660703628147502e+00,9.166497493919457895e+00,1.138184801834094673e+08,1.189935551429428309e+08,1.000000000000000000e+00
4.294666183538260263e-04,1.058995587277094046e+03,1.058333054619236009e+03,4.159900613397691377e-02,1.135380337505914328e-01,-3.755319435527343885e+05,9.232361429644543094e+00,9.607164330266392938e+00,1.180695287879599333e+08,1.240327134661614597e+08,1.000000000000000000e+00
4.321676662680010682e-04,1.064631515509563542e+03,1.063983816950226355e+03,4.160352752966017809e-02,1.143089361495429612e-01,-3.751465512859898154e+05,9.623967967399334356e+00,9.980492532906263037e+00,1.224748791861507148e+08,1.281762329341795295e+08,1.000000000000000000e+00
4.348687141821761101e-04,1.070269351805290626e+03,1.069610485116216523e+03,4.160807981514845488e-02,1.150815710773670092e-01,-3.747649217239287100e+05,1.003209758844472077e+01,1.041502231702508041e+01,1.270392116542148590e+08,1.330668381248080730e+08,1.000000000000000000e+00
4.375697620963510978e-04,1.075908736102346211e+03,1.075248571340246144e+03,4.161266050718021026e-02,1.158559002620891676e-01,-3.743872707984531298e+05,1.045738218004076359e+01,1.086542138220027098e+01,1.317672429252800792e+08,1.380276144809529781e+08,1.000000000000000000e+00
4.402708100105260855e-04,1.081549297450265840e+03,1.080893341358977978e+03,4.161726711406416035e-02,1.166318838029483385e-01,-3.740138190926951356e+05,1.090046773513496703e+01,1.129213032418057772e+01,1.366637179954450428e+08,1.427554520695715249e+08,1.000000000000000000e+00
4.429718579247011274e-04,1.087190653733671525e+03,1.086518346362985312e+03,4.162189714001940377e-02,1.174094801111360276e-01,-3.736447918583436986e+05,1.136201374800214836e+01,1.182402716631465545e+01,1.417334012925750911e+08,1.485562601659938991e+08,1.000000000000000000e+00
4.456729058388761151e-04,1.092832411398239856e+03,1.092179465356330866e+03,4.162654808980733451e-02,1.181886458493893732e-01,-3.732804190220279852e+05,1.184269250727374612e+01,1.223929768569812104e+01,1.469810671711696088e+08,1.530873741147600412e+08,1.000000000000000000e+00
4.483739537530511028e-04,1.098474165178883823e+03,1.097790272584697504e+03,4.163121747365611941e-02,1.189693358705543325e-01,-3.729209351811094093e+05,1.234318828085874564e+01,1.286012072032297660e+01,1.524114897274604738e+08,1.597815363751205504e+08,1.000000000000000000e+00
4.510750016672261447e-04,1.104115497831691300e+03,1.103465615333015649e+03,4.163590281247762925e-02,1.197515031551541625e-01,-3.725665795868090936e+05,1.286419638373410734e+01,1.326131348553802702e+01,1.580294318941172659e+08,1.640954755131551027e+08,1.000000000000000000e+00
4.537760495814011324e-04,1.109755979869474004e+03,1.109061052947001826e+03,4.164060164337390901e-02,1.205350987480903052e-01,-3.722175961149898940e+05,1.340642212286689272e+01,1.397855703272068162e+01,1.638396338082691729e+08,1.717331162396154404e+08,1.000000000000000000e+00
4.564770974955761201e-04,1.115395169302634258e+03,1.114748299808064303e+03,4.164531152542987058e-02,1.213200716945422725e-01,-3.718742332224656711e+05,1.397057960969299018e+01,1.436347356765930172e+01,1.698468004091401398e+08,1.758163434537270963e+08,1.000000000000000000e+00
4.591781454097511620e-04,1.121032611385184737e+03,1.120335358146786120e+03,4.165003004578463758e-02,1.221063689752060061e-01,-3.715367438891704078e+05,1.455739043438554603e+01,1.514534599154743155e+01,1.760555882592861652e+08,1.840550542382055521e+08,1.000000000000000000e+00
4.618791933239261497e-04,1.126667838367799050e+03,1.126013958340643057e+03,4.165475482597494339e-02,1.228939354409715468e-01,-3.712053855439929175e+05,1.516758219195898505e+01,1.559290455410794074e+01,1.824705915431319773e+08,1.887231034981874526e+08,1.000000000000000000e+00
4.645802412381011375e-04,1.132300369257716056e+03,1.131616242198972714e+03,4.165948352853780789e-02,1.236827137471939730e-01,-3.708804199746467057e+05,1.580188685463523512e+01,1.633185195049476945e+01,1.890963272376572490e+08,1.964662043217013776e+08,1.000000000000000000e+00
4.672812891522761794e-04,1.137929709587554044e+03,1.137265097124575277e+03,4.166421386386177927e-02,1.244726442876967487e-01,-3.705621132193352678e+05,1.646103898034618851e+01,1.693351434868541361e+01,1.959372194068784118e+08,2.026048692513830066e+08,1.000000000000000000e+00
4.699823370664511671e-04,1.143555351192836724e+03,1.142872383274451295e+03,4.166894359726847769e-02,1.252636651286767044e-01,-3.702507354406152153e+05,1.714577375225549716e+01,1.768070160074268671e+01,2.029975826165525317e+08,2.103190262035802603e+08,1.000000000000000000e+00
4.726833849806261548e-04,1.149176772000486153e+03,1.148501770520592572e+03,4.167367055630950834e-02,1.260557119426919115e-01,-3.699465607792328228e+05,1.785682483926138886e+01,1.837882258499336174e+01,2.102816044194213748e+08,2.173611674684030116e+08,1.000000000000000000e+00
4.753844328948011967e-04,1.154793435828058136e+03,1.154111825207284255e+03,4.167839263825440926e-02,1.268487179429183265e-01,-3.696498671883511706e+05,1.859492207314014678e+01,1.912757614442873333e+01,2.177933269099776745e+08,2.249806468015490174e+08,1.000000000000000000e+00
4.780854808089761844e-04,1.160404792196180097e+03,1.159720597456741871e+03,4.168310781774979545e-02,1.276426138179022063e-01,-3.693609362459866097e+05,1.936078893269900192e+01,1.992102753793507475e+01,2.255366272987701297e+08,2.328842556072128117e+08,1.000000000000000000e+00
4.807865287231511721e-04,1.166010276153947871e+03,1.165329726394133786e+03,4.168781415461981360e-02,1.284373276670113806e-01,-3.690800529461594997e+05,2.015513983175890189e+01,2.068325184828237084e+01,2.335151975090502203e+08,2.405359266817536950e+08,1.000000000000000000e+00
4.834875766373262140e-04,1.171609308119950356e+03,1.170915839947889936e+03,4.169250980178258736e-02,1.292327849368620496e-01,-3.688075054665737553e+05,2.097867720212992282e+01,2.158257762606318764e+01,2.417325227468865514e+08,2.493770282757631242e+08,1.000000000000000000e+00
4.861886245515012017e-04,1.177201293738658251e+03,1.176521502836963009e+03,4.169719301324673055e-02,1.300289083589413475e-01,-3.685435849134902237e+05,2.183208837001237157e+01,2.235205406654418780e+01,2.501918590530322492e+08,2.570024201249015629e+08,1.000000000000000000e+00
4.888896724656761894e-04,1.182785623755066354e+03,1.182083090529636593e+03,4.170186215215790360e-02,1.308256178887546584e-01,-3.682885850416689063e+05,2.271604221823920611e+01,2.336273133551959091e+01,2.588962097906554043e+08,2.668017676020521522e+08,1.000000000000000000e+00
4.915907203798512313e-04,1.188361673907304748e+03,1.187681619677336130e+03,4.170651569885321097e-02,1.316228306467361886e-01,-3.680428019501526142e+05,2.363118563492613688e+01,2.414635351247451567e+01,2.678483010848372877e+08,2.744734479438951612e+08,1.000000000000000000e+00
4.942917682940262732e-04,1.193928804840327075e+03,1.193217239641541255e+03,4.171115225888841205e-02,1.324204608613047673e-01,-3.678065337519160821e+05,2.457813974272688995e+01,2.526795081627034989e+01,2.770505561733646393e+08,2.851940375427528620e+08,1.000000000000000000e+00
4.969928162082012067e-04,1.199486362040382119e+03,1.198805934130384003e+03,4.171577057099040003e-02,1.332184198143223641e-01,-3.675800802183195483e+05,2.555749591198050652e+01,2.606113311062722815e+01,2.865050686950780153e+08,2.928717554482162595e+08,1.000000000000000000e+00
4.996938641223762486e-04,1.205033675793591101e+03,1.204313607209709062e+03,4.172036951489538348e-02,1.340166157893910304e-01,-3.673637423965263879e+05,2.656981155432936248e+01,2.729672810414401241e+01,2.962135748838004470e+08,3.045110996499874592e+08,1.000000000000000000e+00
5.023949120365512905e-04,1.210570061168322582e+03,1.209889116587431090e+03,4.172494811901974326e-02,1.348149540232622123e-01,-3.671578222010405734e+05,2.761560570345626076e+01,2.810032023080459851e+01,3.061774247078822255e+08,3.122087240583911538e+08,1.000000000000000000e+00
5.050959599507262240e-04,1.216094818024910182e+03,1.215366598093647326e+03,4.172950556792051624e-02,1.356133366608499313e-01,-3.669626219777181395e+05,2.869535438255624271e+01,2.945916971918640925e+01,3.163975519356997013e+08,3.248174604499593377e+08,1.000000000000000000e+00
5.077970078649012660e-04,1.221607231052384350e+03,1.220925439384727042e+03,4.173404120948807916e-02,1.364116627141349070e-01,-3.667784440416710568e+05,2.980948576924579996e+01,3.027424589362413698e+01,3.268744431851258874e+08,3.325510172792246342e+08,1.000000000000000000e+00
5.104980557790763079e-04,1.227106569835977098e+03,1.226370805074827331e+03,4.173855456182482687e-02,1.372098280255050484e-01,-3.666055901876171120e+05,3.095837516125068234e+01,3.174805440439409310e+01,3.376081059541886449e+08,3.460231989615848064e+08,1.000000000000000000e+00
5.131991036932512414e-04,1.232592088955045938e+03,1.231909381000044732e+03,4.174304531974939309e-02,1.380077252358296591e-01,-3.664443611744063674e+05,3.214233975834110879e+01,3.257588234278052397e+01,3.485980357138875127e+08,3.538103976684240103e+08,1.000000000000000000e+00
5.159001516074262833e-04,1.238063028115385805e+03,1.237328545913130711e+03,4.174751336087829251e-02,1.388052437578640164e-01,-3.662950561825655168e+05,3.336163326829458953e+01,3.410749240760420520e+01,3.598431820826761127e+08,3.676559595853413343e+08,1.000000000000000000e+00
5.186011995216013252e-04,1.243518612315532437e+03,1.242829243872203506e+03,4.175195875122270084e-02,1.396022697552864456e-01,-3.661579722468697582e+05,3.461644035781679918e+01,3.504887444560071685e+01,3.713419141921503544e+08,3.763394660672873855e+08,1.000000000000000000e+00
5.213022474357763671e-04,1.248958052051217010e+03,1.248230297511052186e+03,4.175638175025164767e-02,1.403986861280108744e-01,-3.660334036631612689e+05,3.590687096133014222e+01,3.655807768502290145e+01,3.830919852918244600e+08,3.898851733932418227e+08,1.000000000000000000e+00
5.240032953499514090e-04,1.254380543557529109e+03,1.253683762577857124e+03,4.176078281535940129e-02,1.411943725040757935e-01,-3.659216413717220421e+05,3.723295447467450003e+01,3.767301087072891619e+01,3.950904967373512983e+08,3.999288221527664661e+08,1.000000000000000000e+00
5.267043432641263425e-04,1.259785269093102670e+03,1.259060015387143721e+03,4.176516260568911149e-02,1.419892052387922710e-01,-3.658229723168166820e+05,3.859463385237998523e+01,3.918444467548202681e+01,4.073338614449487925e+08,4.133701599968242645e+08,1.000000000000000000e+00
5.294053911783013844e-04,1.265171397265815358e+03,1.264467553497753670e+03,4.176952198525248072e-02,1.427830574214420667e-01,-3.657376787850743858e+05,3.999175964222134638e+01,4.043173314506355354e+01,4.198177669977080822e+08,4.244085978771579862e+08,1.000000000000000000e+00
5.321064390924764263e-04,1.270538083404441295e+03,1.269811159979346485e+03,4.177386202530013887e-02,1.435757988902388316e-01,-3.656660377227211138e+05,4.142408398196518249e+01,4.198069886724852040e+01,4.325371385280429721e+08,4.380108146663776636e+08,1.000000000000000000e+00
5.348074870066513598e-04,1.275884469975642560e+03,1.275173936564882979e+03,4.177818400588641928e-02,1.443672962558241735e-01,-3.656083200347287348e+05,4.289125459907560867e+01,4.332131167042741993e+01,4.454861016097101569e+08,4.497246662722430825e+08,1.000000000000000000e+00
5.375085349208264017e-04,1.281209687049710737e+03,1.280481125544976294e+03,4.178248941658522370e-02,1.451574129338896735e-01,-3.655647898665214307e+05,4.439280884471414623e+01,4.490566891633774560e+01,4.586579453301532865e+08,4.634689662229236960e+08,1.000000000000000000e+00
5.402095828350014436e-04,1.286512852820040507e+03,1.285795959051454020e+03,4.178677995632007480e-02,1.459460091878857502e-01,-3.655357038705552695e+05,4.592816781051897124e+01,4.634118112332235739e+01,4.720450858347815275e+08,4.758495126280105114e+08,1.000000000000000000e+00
5.429106307491763771e-04,1.291793074168909243e+03,1.291062903665016165e+03,4.179105753224648251e-02,1.467329421810622814e-01,-3.655213104611500166e+05,4.749663056613844248e+01,4.795809240240843252e+01,4.856390305642652512e+08,4.897122588842897415e+08,1.000000000000000000e+00
5.456116786633514191e-04,1.297049447291594561e+03,1.296326505731929956e+03,4.179532425767446685e-02,1.475180660396314125e-01,-3.655218490584520623e+05,4.909736857053923131e+01,4.948190822122648314e+01,4.994303435188956857e+08,5.026860476538311839e+08,1.000000000000000000e+00
5.483127265775264610e-04,1.302281058375189559e+03,1.301549350195429952e+03,4.179958244898721031e-02,1.483012319268118828e-01,-3.655375493250841391e+05,5.072942030655805468e+01,5.112745299380826225e+01,5.134086118629693985e+08,5.166358552909349799e+08,1.000000000000000000e+00
5.510137744917013945e-04,1.307486984334839008e+03,1.306758255087506313e+03,4.180383462153241386e-02,1.490822881283206669e-01,-3.655686303981841193e+05,5.239168619359525536e+01,5.273578997571163285e+01,5.275624142291783094e+08,5.301526509503979087e+08,1.000000000000000000e+00
5.537148224058764364e-04,1.312666293608897831e+03,1.311933125789747919e+03,4.180808348446565792e-02,1.498610801497075040e-01,-3.656153001198854181e+05,5.408292383584708318e+01,5.440489895022469113e+01,5.418792911094267368e+08,5.441502854057984352e+08,1.000000000000000000e+00
5.564158703200514783e-04,1.317818047014368858e+03,1.317083772882903077e+03,4.181233193453112035e-02,1.506374508258982448e-01,-3.656777542694522417e+05,5.580174366603658598e+01,5.609688161872690415e+01,5.563457177469327450e+08,5.581807764109615088e+08,1.000000000000000000e+00
5.591169182342264118e-04,1.322941298665166414e+03,1.322206789041607408e+03,4.181658304877529375e-02,1.514112404434473924e-01,-3.657561758002880961e+05,5.754660504707827329e+01,5.778330138176908548e+01,5.709470799735723734e+08,5.721793481895269156e+08,1.000000000000000000e+00
5.618179661484014537e-04,1.328035096947364309e+03,1.327295451771186890e+03,4.182084007617459936e-02,1.521822868749105606e-01,-3.658507340865843580e+05,5.931581289465965767e+01,5.955184837222289929e+01,5.856676534521337748e+08,5.866481456410318613e+08,1.000000000000000000e+00
5.645190140625764956e-04,1.333098485565046303e+03,1.332362728504023153e+03,4.182510642821481162e-02,1.529504257272122358e-01,-3.659615841808973346e+05,6.110751488681135868e+01,6.125027180977548369e+01,6.004905868216835260e+08,6.006110520795600414e+08,1.000000000000000000e+00
5.672200619767514291e-04,1.338130504649095656e+03,1.337385640015128956e+03,4.182938566841640227e-02,1.537154905031661301e-01,-3.660888660882888944e+05,6.291969932899324647e+01,6.308692201926263721e+01,6.153978892709642649e+08,6.154284763032443523e+08,1.000000000000000000e+00
5.699211098909264710e-04,1.343130191923998382e+03,1.342393363709428968e+03,4.183368150081005071e-02,1.544773127755831865e-01,-3.662327040614021826e+05,6.475019373474331985e+01,6.478801373954993892e+01,6.303704230236907005e+08,6.292889187507529259e+08,1.000000000000000000e+00
5.726221578051015129e-04,1.348096583943981841e+03,1.347346716978033783e+03,4.183799775742141208e-02,1.552357223755116977e-01,-3.663932059187844861e+05,6.659666419360539180e+01,6.668820798468378541e+01,6.453879013163601160e+08,6.443930273653494120e+08,1.000000000000000000e+00
5.753232057192764464e-04,1.353028717391571945e+03,1.352291104358606390e+03,4.184233838478344791e-02,1.559905475937616304e-01,-3.665704623915181146e+05,6.845661558805699087e+01,6.838449090695263521e+01,6.604288923923863173e+08,6.581027338576872349e+08,1.000000000000000000e+00
5.780242536334514883e-04,1.357925630439197903e+03,1.357170973558552305e+03,4.184670742952281003e-02,1.567416153958168801e-01,-3.667645465020042029e+05,7.032739272235710359e+01,7.033430096996859504e+01,6.754708300602502823e+08,6.733585931409927607e+08,1.000000000000000000e+00
5.807253015476265302e-04,1.362786364172746062e+03,1.362048277324329547e+03,4.185110902307132008e-02,1.574887516499891560e-01,-3.669755129789030761e+05,7.220618242284240296e+01,7.201326476539156829e+01,6.904900313526928425e+08,6.868340321269825697e+08,1.000000000000000000e+00
5.834263494618014637e-04,1.367609964075546486e+03,1.366850709602456163e+03,4.185554736556045680e-02,1.582317813685868435e-01,-3.672033977122663055e+05,7.409001666541374220e+01,7.399973829204022024e+01,7.054617218096326590e+08,7.021118204089318514e+08,1.000000000000000000e+00
5.861273973759765056e-04,1.372395481570820721e+03,1.371657230946898153e+03,4.186002670896402100e-02,1.589705289617859285e-01,-3.674482172527339426e+05,7.597577678126268097e+01,7.565069872677882756e+01,7.203600688848088980e+08,7.152895396599222422e+08,1.000000000000000000e+00
5.888284452901515476e-04,1.377141975620155108e+03,1.376378317928981232e+03,4.186455133956114988e-02,1.597048185038032198e-01,-3.677099683586049359e+05,7.786019878625258173e+01,7.765954487386208882e+01,7.351582239448267221e+08,7.304443837353336811e+08,1.000000000000000000e+00
5.915294932043264810e-04,1.381848514375060631e+03,1.381110411210458551e+03,4.186912555979770134e-02,1.604344740108795964e-01,-3.679886275944360532e+05,7.973987987284033352e+01,7.927205477819546786e+01,7.498283732889108658e+08,7.432691092662706375e+08,1.000000000000000000e+00
5.942305411185015230e-04,1.386514176878164108e+03,1.385746412334387287e+03,4.187375366963093370e-02,1.611593197304873604e-01,-3.682841509846255649e+05,8.161128609600007167e+01,8.128827817093444708e+01,7.643417985679106712e+08,7.581430557021179199e+08,1.000000000000000000e+00
5.969315890326765649e-04,1.391138054810035328e+03,1.390400496922284901e+03,4.187843994744678416e-02,1.618791804410797952e-01,-3.685964737252122723e+05,8.347076127642861820e+01,8.285331812491409664e+01,7.786689469223140478e+08,7.705775239642227888e+08,1.000000000000000000e+00
5.996326369468514984e-04,1.395719254277108121e+03,1.394947753479901621e+03,4.188318863064513509e-02,1.625938817616049969e-01,-3.689255099568635924e+05,8.531453713551258033e+01,8.485625891020772826e+01,7.927795110916564465e+08,7.849656730448342562e+08,1.000000000000000000e+00
6.023336848610265403e-04,1.400256897635583982e+03,1.399520246800722362e+03,4.188800389599190571e-02,1.633032504699072907e-01,-3.692711526017563301e+05,8.713874466743803282e+01,8.636577224670119790e+01,8.066425196729516983e+08,7.969895003770570755e+08,1.000000000000000000e+00
6.050347327752015822e-04,1.404750125345639844e+03,1.403979175843471921e+03,4.189288983984140041e-02,1.640071148290426217e-01,-3.696332732666805387e+05,8.893942674493376899e+01,8.830879430392320728e+01,8.202264376257439852e+08,8.105755720561518669e+08,1.000000000000000000e+00
6.077357806893765157e-04,1.409198097849691976e+03,1.408458616010030255e+03,4.189785045833469002e-02,1.647053049204389996e-01,-3.700117222143470426e+05,9.071255194735195460e+01,8.980591789129564972e+01,8.334992770395711660e+08,8.223453416437830925e+08,1.000000000000000000e+00
6.104368286035515576e-04,1.413599997467898902e+03,1.412843550105378881e+03,4.190288962768300846e-02,1.653976529827358433e-01,-3.704063284044680186e+05,9.245402959463709180e+01,9.158203914529842393e+01,8.464287181023867130e+08,8.347698753571882248e+08,1.000000000000000000e+00
6.131378765177265995e-04,1.417955030303516423e+03,1.417210983635939783e+03,4.190801108464629887e-02,1.660839937550442624e-01,-3.708168996057630866e+05,9.415972597093933416e+01,9.311924082408484082e+01,8.589822401474068165e+08,8.462303393764288425e+08,1.000000000000000000e+00
6.158389244319015330e-04,1.422262428150181904e+03,1.421510224945900063e+03,4.191321840731891679e-02,1.667641648232759677e-01,-3.712432225795137347e+05,9.582548173201665520e+01,9.475351125716764500e+01,8.711272626442500353e+08,8.575396752216694355e+08,1.000000000000000000e+00
6.185399723460765749e-04,1.426521450392642464e+03,1.425773358426446521e+03,4.191851499633461597e-02,1.674380069680967975e-01,-3.716850633348207339e+05,9.744713051955142191e+01,9.625306032918483368e+01,8.828312961670056581e+08,8.682904146978850365e+08,1.000000000000000000e+00
6.212410202602516168e-04,1.430731385891907621e+03,1.429983719064018032e+03,4.192390405660387231e-02,1.681053645129610419e-01,-3.721421674550627940e+05,9.902051886740611053e+01,9.774347243946117203e+01,8.940621043748310804e+08,8.785479090607483387e+08,1.000000000000000000e+00
6.239420681744265503e-04,1.434891554845173687e+03,1.434140032718161365e+03,4.192938857969651795e-02,1.687660856705752721e-01,-3.726142604943995830e+05,1.005415275980469829e+02,9.916998751389816391e+01,9.047878835086184740e+08,8.882330412421042919e+08,1.000000000000000000e+00
6.266431160886015922e-04,1.439001310609790835e+03,1.438258242945139273e+03,4.193497132698106172e-02,1.694200228860020252e-01,-3.731010484421170549e+05,1.020060950582523844e+02,1.005233229273771087e+02,9.149774963824793100e+08,8.975832594335572720e+08,1.000000000000000000e+00
6.279936400456890590e-04,1.441037034848355461e+03,1.440285590207260384e+03,4.193780050859449715e-02,1.697443940409330554e-01,-3.733498614449702436e+05,1.027159039516788965e+02,1.012093075381517622e+02,9.198617490745227337e+08,9.017264069440901279e+08,1.000000000000000000e+00
6.293441640027766341e-04,1.443059911345551200e+03,1.442305654906363770e+03,4.194065518747076143e-02,1.700670136211624994e-01,-3.736022371395728551e+05,1.034101208707215420e+02,1.018325233680300670e+02,9.246006700153614283e+08,9.057685836485499144e+08,1.000000000000000000e+00
6.306946879598641009e-04,1.445069866201407876e+03,1.444328065684607736e+03,4.194353562440798766e-02,1.703878641031714991e-01,-3.738581337379103643e+05,1.040882560785577340e+02,1.024567061811786743e+02,9.291905289746631384e+08,9.104665412801617384e+08,1.000000000000000000e+00
6.320452119169515676e-04,1.447066834662655765e+03,1.446328145554031607e+03,4.194644208874417218e-02,1.707069291678622869e-01,-3.741175076429708861e+05,1.047498301547769159e+02,1.030674068637345044e+02,9.336277036781885624e+08,9.144594946174488068e+08,1.000000000000000000e+00
6.333957358740391428e-04,1.449050750774297967e+03,1.448306696580470089e+03,4.194937481984113703e-02,1.710241923530915198e-01,-3.743803145705597126e+05,1.053943704334797076e+02,1.036654647869783474e+02,9.379086473671436310e+08,9.178215587461854219e+08,1.000000000000000000e+00
6.347462598311266095e-04,1.451021551079480787e+03,1.450265520733514677e+03,4.195233403904995162e-02,1.713396375435385921e-01,-3.746465091715161107e+05,1.060214128645158951e+02,1.042054033266793169e+02,9.420298966699140072e+08,9.206260272590471506e+08,1.000000000000000000e+00
6.360967837882140763e-04,1.452979174667756979e+03,1.452234490787950563e+03,4.195531994933664882e-02,1.716532489803915262e-01,-3.749160450561532634e+05,1.066305026256245299e+02,1.047800804006060815e+02,9.459880751485140324e+08,9.248726031809947491e+08,1.000000000000000000e+00
6.374473077453016515e-04,1.454923563221648692e+03,1.454187929310112850e+03,4.195833273492855647e-02,1.719650112707898082e-01,-3.751888748195564258e+05,1.072211947345308971e+02,1.053447633907684065e+02,9.497798978790549040e+08,9.289655718345941305e+08,1.000000000000000000e+00
6.387978317023891182e-04,1.456854661061991692e+03,1.456116129944428167e+03,4.196137256098012719e-02,1.722749093971117362e-01,-3.754649500677151955e+05,1.077930546569497210e+02,1.058420991165052385e+02,9.534021763904100657e+08,9.314154454401633739e+08,1.000000000000000000e+00
6.401483556594765850e-04,1.458772415191461050e+03,1.458025691240887909e+03,4.196443957326072283e-02,1.725829287259960931e-01,-3.757442214444492711e+05,1.083456589070458733e+02,1.063067172605031772e+02,9.568518236800496578e+08,9.334633886186155081e+08,1.000000000000000000e+00
6.414988796165641601e-04,1.460676775336733272e+03,1.459931006552347753e+03,4.196753389786302829e-02,1.728890550171841289e-01,-3.760266386591395130e+05,1.088785956353433164e+02,1.067761260233855012e+02,9.601258591399098635e+08,9.363100313215663433e+08,1.000000000000000000e+00
6.428494035736516269e-04,1.462567693988697329e+03,1.461831371352116776e+03,4.197065564093441226e-02,1.731932744320741902e-01,-3.763121505151871243e+05,1.093914652000800771e+02,1.072971875420717964e+02,9.632214132394412756e+08,9.400614235048054457e+08,1.000000000000000000e+00
6.441999275307390936e-04,1.464445126441169805e+03,1.463712218359295321e+03,4.197380488843004132e-02,1.734955735420743439e-01,-3.766007049392192275e+05,1.098838807170310758e+02,1.077421064177222405e+02,9.661357316836053133e+08,9.425640448553861380e+08,1.000000000000000000e+00
6.455504514878266688e-04,1.466309030827544802e+03,1.465574076797149019e+03,4.197698170588978761e-02,1.737959393366471095e-01,-3.768922490109861828e+05,1.103554685850633064e+02,1.081204399044185607e+02,9.688661784359115362e+08,9.439813522638868093e+08,1.000000000000000000e+00
6.469009754449141355e-04,1.468159368155850188e+03,1.467414174656185196e+03,4.198018613823802092e-02,1.740943592311315902e-01,-3.771867289939492475e+05,1.108058689877200180e+02,1.084102302004288134e+02,9.714102361143105030e+08,9.445337507250686884e+08,1.000000000000000000e+00
6.482514994020016023e-04,1.469996102341725191e+03,1.469259728256334256e+03,4.198341820960851956e-02,1.743908210742413367e-01,-3.774840903665323858e+05,1.112347363842230124e+02,1.088700466446327795e+02,9.737655000835447311e+08,9.477335533514773846e+08,1.000000000000000000e+00
6.509525473161766442e-04,1.473628705434834274e+03,1.472900561563615611e+03,4.198996522742537429e-02,1.749778359992691656e-01,-3.780872389950443176e+05,1.120266831838719810e+02,1.095945538822908958e+02,9.779002098092883825e+08,9.514534560149755478e+08,1.000000000000000000e+00
6.536535952303516861e-04,1.477206608931941901e+03,1.476472187274440330e+03,4.199662249256770619e-02,1.755568943186316955e-01,-3.787012174188868375e+05,1.127287356586042790e+02,1.100426795070720090e+02,9.812547312663953304e+08,9.519199340613522530e+08,1.000000000000000000e+00
6.563546431445266196e-04,1.480729631970053788e+03,1.480006471039141161e+03,4.200338943655986673e-02,1.761279152363728895e-01,-3.793255653669224121e+05,1.133387365209984097e+02,1.107524487993574382e+02,9.838154721108654737e+08,9.562447925453689098e+08,1.000000000000000000e+00
6.590556910587016615e-04,1.484197642577893703e+03,1.483473067336909935e+03,4.201026514956878594e-02,1.766908254932391120e-01,-3.799598131294510094e+05,1.138548132690262662e+02,1.109011910209511313e+02,9.855713006430981159e+08,9.537146490988317728e+08,1.000000000000000000e+00
6.617567389728767034e-04,1.487610558184669571e+03,1.486891848380682404e+03,4.201724838067788514e-02,1.772455595252485083e-01,-3.806034826412130496e+05,1.142753909752072445e+02,1.114150471875174873e+02,9.865136975133823156e+08,9.562655345199078321e+08,1.000000000000000000e+00
6.644577868870516369e-04,1.490968345967051619e+03,1.490257897238069745e+03,4.202433753979446796e-02,1.777920595976077434e-01,-3.812560885780281387e+05,1.145992036421392868e+02,1.115565569507247403e+02,9.866368562633700371e+08,9.544922876440308094e+08,1.000000000000000000e+00
6.671588348012266788e-04,1.494271023035224289e+03,1.493559766223984980e+03,4.203153070118961776e-02,1.783302759140222848e-01,-3.819171394611945725e+05,1.148253037200675237e+02,1.115637733885226623e+02,9.859377587562292814e+08,9.517065439874162674e+08,1.000000000000000000e+00
6.698598827154017207e-04,1.497518656452144569e+03,1.496815150202838822e+03,4.203882560865494777e-02,1.788601667002723272e-01,-3.825861387637474691e+05,1.149530695891844800e+02,1.118024864286060307e+02,9.844162297269231081e+08,9.516935938899027109e+08,1.000000000000000000e+00
6.725609306295766542e-04,1.500711363084738878e+03,1.500011903203472002e+03,4.204621968224194622e-02,1.793816982617491007e-01,-3.832625860133731621e+05,1.149822108810244572e+02,1.112537317338762364e+02,9.820749706765576601e+08,9.433513941279646158e+08,1.000000000000000000e+00
6.752619785437516961e-04,1.503849309284759556e+03,1.503152445887506019e+03,4.205371002655283741e-02,1.798948450143027233e-01,-3.839459778862781823e+05,1.149127715558880141e+02,1.115224452967171374e+02,9.789195727436764240e+08,9.441100439059883356e+08,1.000000000000000000e+00
6.779630264579267380e-04,1.506932710400344376e+03,1.506249826385512051e+03,4.206129344052854380e-02,1.803995894884234397e-01,-3.846358092872740235e+05,1.147451306809956293e+02,1.111143297341185132e+02,9.749585081784665585e+08,9.377887286318253279e+08,1.000000000000000000e+00
6.806640743721016715e-04,1.509961830118617854e+03,1.509280439534148627e+03,4.206896642868158953e-02,1.808959223064815491e-01,-3.853315744107902865e+05,1.144800008836868415e+02,1.105647367311992895e+02,9.702031002673519850e+08,9.304399427727963924e+08,1.000000000000000000e+00
6.833651222862767135e-04,1.512936979642739971e+03,1.512255972112849349e+03,4.207672521369944935e-02,1.813838421333884843e-01,-3.860327677786572021e+05,1.141184244799561043e+02,1.104706494212912560e+02,9.646674717475790977e+08,9.278687588519099951e+08,1.000000000000000000e+00
6.860661702004517554e-04,1.515858516706346109e+03,1.515198736944283382e+03,4.208456575034608127e-02,1.818633556007850371e-01,-3.867388852499648929e+05,1.136617673091639631e+02,1.094854204807153764e+02,9.583684720052845478e+08,9.163912636138763428e+08,1.000000000000000000e+00
6.887672181146266889e-04,1.518726844431125301e+03,1.518061397884862345e+03,4.209248374056915459e-02,1.823344772054599217e-01,-3.874494249995355494e+05,1.131117103371988435e+02,1.090411793441665083e+02,9.513255835053879023e+08,9.107596183033769131e+08,1.000000000000000000e+00
6.914682660288017308e-04,1.521542410032986936e+03,1.520888364155426189e+03,4.210047464972357933e-02,1.827972291824724316e-01,-3.881638884610157111e+05,1.124702391323089188e+02,1.083754593383050349e+02,9.435608079593443871e+08,9.029607810361909866e+08,1.000000000000000000e+00
6.943857272135537523e-04,1.524524849389283645e+03,1.523888590715212104e+03,4.210918237435204436e-02,1.832876890740994802e-01,-3.889394405130216619e+05,1.116772975971552455e+02,1.069795091701022614e+02,9.343906973663378954e+08,8.882796031198801994e+08,1.000000000000000000e+00
6.973031883983058822e-04,1.527446988618685054e+03,1.526798025166167918e+03,4.211796337353399672e-02,1.837684686354109365e-01,-3.897183759239736246e+05,1.107835869092329233e+02,1.066581234913040390e+02,9.244404188294152021e+08,8.840139332795101404e+08,1.000000000000000000e+00
7.002206495830580121e-04,1.530309552135567628e+03,1.529693891015298959e+03,4.212681114928479298e-02,1.842396249544154263e-01,-3.905000865821560146e+05,1.097926888346239025e+02,1.051757647749407312e+02,9.137464259570120573e+08,8.688710532471052408e+08,1.000000000000000000e+00
7.031381107678101421e-04,1.533113315080884831e+03,1.532498441356496642e+03,4.213571898623480472e-02,1.847012245937162123e-01,-3.912839735468420549e+05,1.087085131723954987e+02,1.039166889748312173e+02,9.023477224967691898e+08,8.562087177931077480e+08,1.000000000000000000e+00
7.060555719525622720e-04,1.535859100470968315e+03,1.535243096510845589e+03,4.214467998125283332e-02,1.851533432366648524e-01,-3.920694481056208606e+05,1.075352682323006377e+02,1.030214066527853873e+02,8.902855787158172131e+08,8.469459527729539871e+08,1.000000000000000000e+00
7.089730331373142935e-04,1.538547776201495708e+03,1.537975794780213164e+03,4.215368707366944079e-02,1.855960653054520293e-01,-3.928559327548046131e+05,1.062774297705653623e+02,1.009527639257348000e+02,8.776032340998195410e+08,8.272077678914186954e+08,1.000000000000000000e+00
7.118904943220663150e-04,1.541180251927471318e+03,1.540589766222510207e+03,4.216273307587441177e-02,1.860294835539850200e-01,-3.936428621019316488e+05,1.049397085925347426e+02,1.000555372138803421e+02,8.643455890982568264e+08,8.181880356260490417e+08,1.000000000000000000e+00
7.148079555068184449e-04,1.543757475840709958e+03,1.543183513824104011e+03,4.217181070406523374e-02,1.864536986385165462e-01,-3.944296836900162743e+05,1.035270171190102815e+02,9.862778141758130346e+01,8.505588894854965210e+08,8.045390103636206388e+08,1.000000000000000000e+00
7.177254166915705749e-04,1.546280431366702487e+03,1.545748079278330124e+03,4.218091260892645883e-02,1.868688186690810049e-01,-3.952158587437272654e+05,1.020444352585781473e+02,9.637973415696977497e+01,8.362904070455063581e+08,7.839494598516000509e+08,1.000000000000000000e+00
7.206428778763227048e-04,1.548750133802901928e+03,1.548189848151853766e+03,4.219003140602600038e-02,1.872749587448577224e-01,-3.960008628382324241e+05,1.004971759475072872e+02,9.548959685234372330e+01,8.215881202608051300e+08,7.751845157721554041e+08,1.000000000000000000e+00
7.235603390610748347e-04,1.551167626920353996e+03,1.550638003612907596e+03,4.219915970572193226e-02,1.876722404766108243e-01,-3.967841864919486106e+05,9.889055072175638372e+01,9.371874405722287804e+01,8.065003985796599388e+08,7.589981540645895004e+08,1.000000000000000000e+00
7.264778002458268562e-04,1.553533979550267304e+03,1.553047004193434532e+03,4.220829014238246246e-02,1.880607914993542851e-01,-3.975653356848952244e+05,9.722993567750967259e+01,9.138537403731314157e+01,7.910756936655018330e+08,7.383021641981683969e+08,1.000000000000000000e+00
7.293952614305788777e-04,1.555850282176549172e+03,1.555326109722262117e+03,4.221741540273411808e-02,1.884407449783571664e-01,-3.983438323047230951e+05,9.552073816056265798e+01,9.034081824372513836e+01,7.753622408075500727e+08,7.283850553229858875e+08,1.000000000000000000e+00
7.323127226153310076e-04,1.558117643554552842e+03,1.557626418277373659e+03,4.222652825316558500e-02,1.888122391115402698e-01,-3.991192145228472655e+05,9.376836450251201427e+01,8.845766691765146561e+01,7.594077733988463879e+08,7.117020021562857628e+08,1.000000000000000000e+00
7.352301838000831376e-04,1.560337187375318763e+03,1.559905916268127385e+03,4.223562156582991167e-02,1.891754166312237251e-01,-3.998910371033963165e+05,9.197818909453054914e+01,8.593907534581188656e+01,7.432592530764958858e+08,6.901088446315461397e+08,1.000000000000000000e+00
7.381476449848352675e-04,1.562510048993453438e+03,1.562039716442657891e+03,4.224468834340350948e-02,1.895304243080646600e-01,-4.006588716479003197e+05,9.015552505852940612e+01,8.476258215377178828e+01,7.269626177773663998e+08,6.792765786929762363e+08,1.000000000000000000e+00
7.410651061695873974e-04,1.564637372235737530e+03,1.564184791885517598e+03,4.225372174237877754e-02,1.898774124599170166e-01,-4.014223067788557964e+05,8.830559674153667515e+01,8.300330517612033532e+01,7.105625495985637903e+08,6.639820270098673105e+08,1.000000000000000000e+00
7.439825673543395274e-04,1.566720306304732048e+03,1.566346705727057270e+03,4.226271509477706051e-02,1.902165344679841996e-01,-4.021809482653187006e+05,8.643351422449026700e+01,8.050198877807433462e+01,6.941022639870272875e+08,6.430930752117499113e+08,1.000000000000000000e+00
7.469000285390916573e-04,1.568760002793721014e+03,1.568361536821259278e+03,4.227166192820606960e-02,1.905479463029558507e-01,-4.029344190940418630e+05,8.454424999748385972e+01,7.891899457999720369e+01,6.776233213824689388e+08,6.293373382437657118e+08,1.000000000000000000e+00
7.498174897238436788e-04,1.570757612822962756e+03,1.570327896582738958e+03,4.228055598417931188e-02,1.908718060629336910e-01,-4.036823594892091351e+05,8.264261791939793511e+01,7.749188677605835096e+01,6.611654620935313702e+08,6.168122376926435232e+08,1.000000000000000000e+00
7.527349509085957003e-04,1.572714284309257891e+03,1.572370253300696731e+03,4.228939123465076666e-02,1.911882735253168375e-01,-4.044244268844917533e+05,8.073325454172515947e+01,7.518451072008679148e+01,6.447664648064192533e+08,5.979480133319058418e+08,1.000000000000000000e+00
7.556524120933478302e-04,1.574631159377655422e+03,1.574325914203528782e+03,4.229816189673087090e-02,1.914975097142947724e-01,-4.051602958504139679e+05,7.882060284113248372e+01,7.298843288094469983e+01,6.284620287881245613e+08,5.801249849742871523e+08,1.000000000000000000e+00
7.585698732780999601e-04,1.576509371922861874e+03,1.576147916563939134e+03,4.230686244556605691e-02,1.917996764855356695e-01,-4.058896579806371592e+05,7.690889837249338257e+01,7.165405313672162890e+01,6.122856795291122198e+08,5.684018603137331009e+08,1.000000000000000000e+00
7.614873344628520901e-04,1.578350045326173358e+03,1.578024125993451889e+03,4.231548762538294567e-02,1.920949361293178836e-01,-4.066122217400621739e+05,7.500215782203773074e+01,6.978675530250497161e+01,5.962686972766867876e+08,5.531955606497079134e+08,1.000000000000000000e+00
7.644047956476042200e-04,1.580154290332304754e+03,1.579920575885688322e+03,4.232403245871214220e-02,1.923834509932499659e-01,-4.073277122781802900e+05,7.310416991243582174e+01,6.754766020973318064e+01,5.804400676536793709e+08,5.356175627328134179e+08,1.000000000000000000e+00
7.673222568323563499e-04,1.581923203088875880e+03,1.581683274603535438e+03,4.233249225382298281e-02,1.926653831254018789e-01,-4.080358712103636353e+05,7.121848858533624593e+01,6.576573808215931649e+01,5.648264533292200565e+08,5.212250554342499971e+08,1.000000000000000000e+00
7.702397180171084799e-04,1.583657863349977106e+03,1.583353815634537568e+03,4.234086261041235255e-02,1.929408939385665323e-01,-4.087364563702912419e+05,6.934842836512954989e+01,6.441226299578524106e+01,5.494521855204488039e+08,5.095956456723852158e+08,1.000000000000000000e+00
7.731571792018605014e-04,1.585359332843811899e+03,1.585128465863482688e+03,4.234913942360435390e-02,1.932101438960738826e-01,-4.094292415359932347e+05,6.749706178806248147e+01,6.248558340511927867e+01,5.343392739471753836e+08,4.946932710779268742e+08,1.000000000000000000e+00
7.760746403866125229e-04,1.587028653803237376e+03,1.586903040337010680e+03,4.235731888632709996e-02,1.934732922194828120e-01,-4.101140161324002547e+05,6.566721876571686778e+01,6.035516187524599729e+01,5.195074337439748645e+08,4.787751495242436528e+08,1.000000000000000000e+00
7.789921015713646528e-04,1.588666847656820892e+03,1.588514682166308603e+03,4.236539749014317513e-02,1.937304966182131494e-01,-4.107905849126630346e+05,6.386148773903481413e+01,5.877994568551496002e+01,5.049741277468236089e+08,4.661160639617102146e+08,1.000000000000000000e+00
7.819095627561167827e-04,1.590274913877056633e+03,1.590052699965234979e+03,4.237337202461746027e-02,1.939819130410959103e-01,-4.114587676208595512e+05,6.208221847047992981e+01,5.743328505177947108e+01,4.907546225197271705e+08,4.547888581685621142e+08,1.000000000000000000e+00
7.848270239408689126e-04,1.591853828981419610e+03,1.591695105479643189e+03,4.238123957531314545e-02,1.942276954495922303e-01,-4.121183986380657298e+05,6.033152631551725875e+01,5.571209870203880854e+01,4.768620564618194103e+08,4.418507197438963652e+08,1.000000000000000000e+00
7.877444851256210426e-04,1.593404545681178433e+03,1.593340963411062603e+03,4.238899752051126374e-02,1.944679956123686049e-01,-4.127693266141584027e+05,5.861129781192749988e+01,5.390508164970668759e+01,4.633075183406934738e+08,4.286345212484826446e+08,1.000000000000000000e+00
7.906619463103731725e-04,1.594927992172155882e+03,1.594887652158284482e+03,4.239664352675300008e-02,1.947029629207221724e-01,-4.134114140871157870e+05,5.692319742468566091e+01,5.224139302352281078e+01,4.501001346248851418e+08,4.162976032089961171e+08,1.000000000000000000e+00
7.935794074951253024e-04,1.596425071561099458e+03,1.596312869809280073e+03,4.240417554330673522e-02,1.949327442243102282e-01,-4.140445370918697445e+05,5.526867528646003080e+01,5.092650482825289515e+01,4.372471640390109420e+08,4.054797372990112901e+08,1.000000000000000000e+00
7.964968686798773239e-04,1.597896661420805003e+03,1.597779322835365974e+03,4.241159179566236781e-02,1.951574836864798101e-01,-4.146685847603082657e+05,5.364897577771870374e+01,4.952257802653241470e+01,4.247540978327295184e+08,3.946885385645784140e+08,1.000000000000000000e+00
7.994143298646293454e-04,1.599343613466825445e+03,1.599331882035967965e+03,4.241889077815623466e-02,1.953773226584761269e-01,-4.152834589142179466e+05,5.206514679671219170e+01,4.795980312436419979e+01,4.126247643385722041e+08,3.837858096544219255e+08,1.000000000000000000e+00
8.023317910493814754e-04,1.600766753348280417e+03,1.600872362276219519e+03,4.242607124582849221e-02,1.955923995716827568e-01,-4.158890736525518587e+05,5.051804957737924440e+01,4.634898689910880876e+01,4.008614364903434515e+08,3.730452387137080431e+08,1.000000000000000000e+00
8.052492522341336053e-04,1.602166880545152026e+03,1.602202553336553365e+03,4.243313220561346910e-02,1.958028498470515688e-01,-4.164853549346287036e+05,4.900836892290581659e+01,4.508868714331809713e+01,3.894649410811524391e+08,3.629166878435302377e+08,1.000000000000000000e+00
8.081667134188857352e-04,1.603544768364315814e+03,1.603501811789015846e+03,4.244007290696039103e-02,1.960088058207841988e-01,-4.170722401604330516e+05,4.753662373414697839e+01,4.385654483647483914e+01,3.784347686575399637e+08,3.530143212227639556e+08,1.000000000000000000e+00
8.110841746036378652e-04,1.604901164026576907e+03,1.604900214163203600e+03,4.244689283197911056e-02,1.962103966853488701e-01,-4.176496777494186535e+05,4.610317772604064146e+01,4.258136357995309140e+01,3.677691830722991824e+08,3.439457870929375291e+08,1.000000000000000000e+00
8.140016357883899951e-04,1.606236788836994265e+03,1.606338275798391351e+03,4.245359168520112386e-02,1.964077484448477073e-01,-4.182176267188108177e+05,4.470825024281865012e+01,4.129516456096458654e+01,3.574653298578621745e+08,3.354149272660786510e+08,1.000000000000000000e+00
8.169190969731421250e-04,1.607552338430905593e+03,1.607763750528506534e+03,4.246016938304245092e-02,1.966009838837821100e-01,-4.187760562625974417e+05,4.335192710673942429e+01,3.999282974142906966e+01,3.475193427398626208e+08,3.271636435613191724e+08,1.000000000000000000e+00
8.198365581578941465e-04,1.608848483088190505e+03,1.608988460469980510e+03,4.246662604304983490e-02,1.967902225482139333e-01,-4.193249453319743043e+05,4.203417147025108136e+01,3.883538850418597121e+01,3.379264478108657002e+08,3.180986247855907083e+08,1.000000000000000000e+00
8.227540193426461680e-04,1.610125868108510076e+03,1.610186714072088762e+03,4.247296197300828857e-02,1.969755807383558599e-01,-4.198642822181964875e+05,4.075483469662792402e+01,3.770221601675168444e+01,3.286810651986769438e+08,3.092235415412971377e+08,1.000000000000000000e+00
8.256714805273982979e-04,1.611385114240422126e+03,1.611453450372279804e+03,4.247917765998258932e-02,1.971571715115731371e-01,-4.203940641382435570e+05,3.951366738248746913e+01,3.661283409631788288e+01,3.197769088000470400e+08,3.014809871719301343e+08,1.000000000000000000e+00
8.285889417121504279e-04,1.612626818157437583e+03,1.612792132134265785e+03,4.248527375936368006e-02,1.973351046947932341e-01,-4.209142968237464665e+05,3.831033076292963813e+01,3.556700256616385047e+01,3.112070872465523481e+08,2.948908219655045271e+08,1.000000000000000000e+00
8.315064028969025578e-04,1.613851552973955677e+03,1.614117212898647949e+03,4.249125108398672801e-02,1.975094869052255453e-01,-4.214249941127815982e+05,3.714440881961826335e+01,3.454022565960047331e+01,3.029642209651229978e+08,2.885873217810656428e+08,1.000000000000000000e+00
8.373413252664068177e-04,1.616251797673725150e+03,1.616440687998931253e+03,4.250285213384657340e-02,1.978479050981604703e-01,-4.224177641333891661e+05,3.492477183508000849e+01,3.248093841653943059e+01,2.874466736228682399e+08,2.735934340133677125e+08,1.000000000000000000e+00
8.431762476359109691e-04,1.618590664399879643e+03,1.618767734977668169e+03,4.251399368438088522e-02,1.981733669074194903e-01,-4.233729368707009708e+05,3.284728154303388692e+01,3.063505006928770058e+01,2.731320272180672288e+08,2.606830033994833529e+08,1.000000000000000000e+00
8.490111700054151205e-04,1.620871934759323494e+03,1.621237400432895811e+03,4.252468686226921341e-02,1.984866113103750107e-01,-4.242908781173045863e+05,3.090628286318454343e+01,2.905621430875612887e+01,2.599484813072054386e+08,2.514438589189965129e+08,1.000000000000000000e+00
8.548460923749193804e-04,1.623099074545088115e+03,1.623367708851809539e+03,4.253494431429102884e-02,1.987883306134679562e-01,-4.251720464192238287e+05,2.909558489211209320e+01,2.729610146700790452e+01,2.478224561879629195e+08,2.387875365792605579e+08,1.000000000000000000e+00
8.606810147444236402e-04,1.625275254875799646e+03,1.625506252256126345e+03,4.254477991678588811e-02,1.990791724579975830e-01,-4.260169821271072142e+05,2.740862266251355450e+01,2.574718316949338259e+01,2.366799733801594079e+08,2.280370321006305218e+08,1.000000000000000000e+00
8.665159371139277917e-04,1.627403373343633575e+03,1.627798953881028410e+03,4.255420850778552505e-02,1.993597419765017753e-01,-4.268262970073406468e+05,2.583861101528587767e+01,2.458439964198963068e+01,2.264478765305926800e+08,2.213766195187216103e+08,1.000000000000000000e+00
8.723508594834319431e-04,1.629486074842014659e+03,1.629879952371775971e+03,4.256324564293306745e-02,1.996306040440665730e-01,-4.276006644644545158e+05,2.437867844827604102e+01,2.321801136658040221e+01,2.170548243790666461e+08,2.123152520179474056e+08,1.000000000000000000e+00
8.781857818529362029e-04,1.631525771807410365e+03,1.631774820823378604e+03,4.257190737565819116e-02,1.998922855754262651e-01,-4.283408103996901773e+05,2.302197848991897544e+01,2.174184064542669503e+01,2.084320626985393465e+08,2.017590840366650820e+08,1.000000000000000000e+00
8.840207042224404628e-04,1.633524663670113341e+03,1.633915315764390471e+03,4.258021006147774679e-02,2.001452778266806509e-01,-4.290475047163533745e+05,2.176177953012759758e+01,2.084008105993222060e+01,2.005139971661084592e+08,1.966447774838853776e+08,1.000000000000000000e+00
8.898556265919446142e-04,1.635484755363924023e+03,1.636010025356536516e+03,4.258817018579333369e-02,2.003900386681713996e-01,-4.297215534718053532e+05,2.059153516828220631e+01,1.996314684536875816e+01,1.932385932207181752e+08,1.915583109795661271e+08,1.000000000000000000e+00
8.956905489614487657e-04,1.637407874791834956e+03,1.637808739638643374e+03,4.259580421417129281e-02,2.006269948021706939e-01,-4.303637916684580850e+05,1.950493747231071140e+01,1.872762288927900798e+01,1.865476293808349967e+08,1.830187628105770946e+08,1.000000000000000000e+00
9.015254713309530255e-04,1.639295689185050605e+03,1.639639566455363820e+03,4.260312846380603924e-02,2.008565439052268364e-01,-4.309750766691754106e+05,1.849595557465640638e+01,1.768272686430447038e+01,1.803868293116286099e+08,1.760249058596677780e+08,1.000000000000000000e+00
9.073603937004572854e-04,1.641149720325483713e+03,1.641615022699681958e+03,4.261015899467597567e-02,2.010790566804086521e-01,-4.315562822175635374e+05,1.755886195251180482e+01,1.703702426940013837e+01,1.747058960681995749e+08,1.723261681994546354e+08,1.000000000000000000e+00
9.131953160699614368e-04,1.642971358628477901e+03,1.643527760397624206e+03,4.261691151878527206e-02,2.012948788091595276e-01,-4.321082930386337102e+05,1.668824867156588354e+01,1.634676198858703700e+01,1.694584700236525536e+08,1.680493539275683463e+08,1.000000000000000000e+00
9.190302384394655882e-04,1.644761876102873202e+03,1.645207536851515897e+03,4.262340132583655045e-02,2.015043327961684172e-01,-4.326319999916559318e+05,1.587903601105356621e+01,1.536821937816358741e+01,1.646020310384992659e+08,1.615028696659495234e+08,1.000000000000000000e+00
9.248651608089698481e-04,1.646522438220407594e+03,1.646911095896157804e+03,4.262964322369280218e-02,2.017077197033598779e-01,-4.331282957418155274e+05,1.512647669687560636e+01,1.453931134202039921e+01,1.600977717303933501e+08,1.560133430718697608e+08,1.000000000000000000e+00
9.365350055479782594e-04,1.649956984847803596e+03,1.650587964717915838e+03,4.264142604042777535e-02,2.020971302092972599e-01,-4.340411776064584847e+05,1.377966268027751440e+01,1.364936709709693474e+01,1.520467375436857343e+08,1.503048025986595154e+08,1.000000000000000000e+00
9.482048502869866707e-04,1.653284094113060746e+03,1.653714734816290729e+03,4.265239016609823769e-02,2.024655912291322413e-01,-4.348561103640340152e+05,1.260927083172096630e+01,1.213186193828236803e+01,1.450145020604320765e+08,1.404206888937723935e+08,1.000000000000000000e+00
9.598746950259949735e-04,1.656510159607885043e+03,1.657102047610864702e+03,4.266263280407197461e-02,2.028148740256569271e-01,-4.355799297106230515e+05,1.158855119525476240e+01,1.140333826846381449e+01,1.388051828530437648e+08,1.353759273984849751e+08,1.000000000000000000e+00
9.715445397650033848e-04,1.659640698781610354e+03,1.660203763739297528e+03,4.267224156247211020e-02,2.031465392805352765e-01,-4.362192336087742005e+05,1.069481865556831934e+01,1.042004994827886577e+01,1.332611525469002128e+08,1.287478827621714920e+08,1.000000000000000000e+00
9.832143845040117961e-04,1.662680526409873892e+03,1.663257225995381759e+03,4.268129467191925791e-02,2.034619679624316557e-01,-4.367803375513422070e+05,9.908930775402826185e+00,9.630802240046831386e+00,1.282564892651069611e+08,1.231979048190234601e+08,1.000000000000000000e+00
9.948842292430200990e-04,1.665633892881125576e+03,1.666352854885782108e+03,4.268986143247568976e-02,2.037623873754764170e-01,-4.372692452659169794e+05,9.214793876532528571e+00,9.088616192812411398e+00,1.236912270871536881e+08,1.187993816812059581e+08,1.000000000000000000e+00
1.006554073982028619e-03,1.668504593752979190e+03,1.669076226818807527e+03,4.269800280505338386e-02,2.040488930664963174e-01,-4.376916318140446092e+05,8.598908318894920910e+00,8.243703270538000893e+00,1.194864037614443004e+08,1.133322366346821934e+08,1.000000000000000000e+00
1.018223918721036922e-03,1.671296056110801146e+03,1.672003015342901790e+03,4.270577208320852636e-02,2.043224672155965760e-01,-4.380528364190334687e+05,8.049962377968656213e+00,7.837079431613348746e+00,1.155798843993722349e+08,1.096040527047460824e+08,1.000000000000000000e+00
1.029893763460045224e-03,1.674011406375745537e+03,1.674778488685517914e+03,4.271321559826612990e-02,2.045839940676179580e-01,-4.383578627594436402e+05,7.558477922379204905e+00,7.364605323261150360e+00,1.119229019820866734e+08,1.056651926293531507e+08,1.000000000000000000e+00
1.041563608199053744e-03,1.676653523399945243e+03,1.677301335641928972e+03,4.272037342435915097e-02,2.048342728900143794e-01,-4.386113848453513347e+05,7.116506640776949055e+00,6.763608117033312439e+00,1.084772335184110254e+08,1.015748877758453190e+08,1.000000000000000000e+00
1.053233452938062264e-03,1.679225079972258527e+03,1.680032986842432820e+03,4.272728006061440181e-02,2.050740288723962856e-01,-4.388177569400281645e+05,6.717373035020674621e+00,6.498550248752086311e+00,1.052129231914575398e+08,9.843502000402602553e+07,1.000000000000000000e+00
1.064903297677070567e-03,1.681728575247127537e+03,1.682593533913843203e+03,4.273396507584194259e-02,2.053039223178804162e-01,-4.389810262900935486e+05,6.355459386467316563e+00,6.145540933791192373e+00,1.021064663199238330e+08,9.512464834514601529e+07,1.000000000000000000e+00
1.073669072869613741e-03,1.683565839714499361e+03,1.684348577175318951e+03,4.273885738340875429e-02,2.054705174024982206e-01,-4.390778090829711291e+05,6.104914948411910736e+00,5.808820242432776837e+00,9.986445522562263906e+07,9.267196181462092698e+07,1.000000000000000000e+00
1.082434848062157132e-03,1.685366880796410442e+03,1.686173374285746377e+03,4.274364760723536882e-02,2.056321039720876986e-01,-4.391537503363103024e+05,5.870978686519650047e+00,5.576256723118448555e+00,9.769474012063135207e+07,9.043346748095506430e+07,1.000000000000000000e+00
1.091200623254700306e-03,1.687132611442642656e+03,1.688047286641037317e+03,4.274834397866898728e-02,2.057889047218296186e-01,-4.392102590818227036e+05,5.652105460917566937e+00,5.428944727602001308e+00,9.559189322500383854e+07,8.837889001049464941e+07,1.000000000000000000e+00
1.099966398447243480e-03,1.688863910713624819e+03,1.689855499103468674e+03,4.275295374886617372e-02,2.059411287983301531e-01,-4.392486635077878018e+05,5.446926933216827749e+00,5.252093667908656727e+00,9.355132376634679735e+07,8.626598626442594826e+07,1.000000000000000000e+00
1.108732173639786871e-03,1.690561626528866555e+03,1.691482100398907050e+03,4.275748329104613055e-02,2.060889728988481440e-01,-4.392702148494358407e+05,5.254228546854773363e+00,5.002131976195062002e+00,9.156912658751223981e+07,8.423778550127921999e+07,1.000000000000000000e+00
1.117497948832330045e-03,1.692226577990177475e+03,1.693071119047728644e+03,4.276193819404033869e-02,2.062326222544067500e-01,-4.392760912243166240e+05,5.072929823672764904e+00,4.759510120479330197e+00,8.964195783488367498e+07,8.226996676245573163e+07,1.000000000000000000e+00
1.126263724024873219e-03,1.693859557356606501e+03,1.694805049225929451e+03,4.276632334757637238e-02,2.063722515115867517e-01,-4.392674013830317417e+05,4.902067395532748506e+00,4.642638240785557535e+00,8.776693296262727678e+07,8.044210319983613491e+07,1.000000000000000000e+00
1.135029499217416610e-03,1.695461331734230498e+03,1.696501639437681888e+03,4.277064301978138194e-02,2.065080255256836750e-01,-4.392451883529435727e+05,4.740780363882267423e+00,4.531196583513460219e+00,8.594154320304869115e+07,7.866909293550373614e+07,1.000000000000000000e+00
1.143795274409960001e-03,1.697032644532465838e+03,1.698102972963171396e+03,4.277490092741659256e-02,2.066401000761451390e-01,-4.392104329587331740e+05,4.588297653637044782e+00,4.380067446927718322e+00,8.416358729839259386e+07,7.687537386858382821e+07,1.000000000000000000e+00
1.152561049602503175e-03,1.698574216729170303e+03,1.699580139181809727e+03,4.277910029936164010e-02,2.067686225136809719e-01,-4.391640572084911400e+05,4.443927077272709525e+00,4.196822167614481458e+00,8.243111581622797251e+07,7.517908634725017846e+07,1.000000000000000000e+00
1.161326824795046349e-03,1.700086747979004258e+03,1.701024593955890396e+03,4.278324393386367941e-02,2.068937323471538026e-01,-4.391069275382208289e+05,4.307045865263460449e+00,4.018717377830646420e+00,8.074238581407643855e+07,7.353085111245942116e+07,1.000000000000000000e+00
1.170092599987589740e-03,1.701570917593153581e+03,1.702595119974034333e+03,4.278733425005352975e-02,2.070155617772481416e-01,-4.390398579106024117e+05,4.177092453319319887e+00,3.929893886459071783e+00,7.909582399281878769e+07,7.197524547505308688e+07,1.000000000000000000e+00
1.178858375180132914e-03,1.703027385413270167e+03,1.704134782259651729e+03,4.279137333421191569e-02,2.071342361829820178e-01,-4.389636127666278044e+05,4.053559345802060676e+00,3.845808356075159029e+00,7.748999678990107775e+07,7.046413236426620185e+07,1.000000000000000000e+00
1.187624150372676088e-03,1.704456792598216680e+03,1.705618892095252932e+03,4.279536298124608784e-02,2.072498745663167996e-01,-4.388789098304429790e+05,3.935986897745887170e+00,3.744058363635506481e+00,7.592358611719770730e+07,6.893541504777148366e+07,1.000000000000000000e+00
1.196389925565219479e-03,1.705859762338717019e+03,1.706964807049725550e+03,4.279930473181185052e-02,2.073625899594476740e-01,-4.387864227693723515e+05,3.823957870158708694e+00,3.606469599240996970e+00,7.439536963734479249e+07,6.747041279767347872e+07,1.000000000000000000e+00
1.205155700757762653e-03,1.707236900512225247e+03,1.708282036321808846e+03,4.280319990548921150e-02,2.074724897987824390e-01,-4.386867837120781769e+05,3.717092590784998762e+00,3.472560970474925846e+00,7.290420453806798160e+07,6.604484915699522942e+07,1.000000000000000000e+00
1.222687251142849218e-03,1.709915497397976651e+03,1.711032172163649875e+03,4.281085380794553974e-02,2.076841479514286160e-01,-4.384677740360780736e+05,3.517702047178897118e+00,3.308116661888041765e+00,7.002894812729580700e+07,6.341964004190237820e+07,1.000000000000000000e+00
1.240218801527935566e-03,1.712498419916937337e+03,1.713700291233579719e+03,4.281833579656445232e-02,2.078858371533993665e-01,-4.382273808418798144e+05,3.335111436858297029e+00,3.161590661198369734e+00,6.728915857802671194e+07,6.089132541965349019e+07,1.000000000000000000e+00
1.257750351913022131e-03,1.714989936331908439e+03,1.716089180917784233e+03,4.282565091128312518e-02,2.080782426105022287e-01,-4.379693510630838573e+05,3.167305071331449007e+00,2.956259076304537992e+00,6.467762516795347631e+07,5.837739326202210039e+07,1.000000000000000000e+00
1.275281902298108696e-03,1.717394090518933808e+03,1.718533632633975230e+03,4.283280278705457050e-02,2.082619884945751121e-01,-4.376969782607958186e+05,3.012579149757149466e+00,2.821847386391575174e+00,6.218765436319895089e+07,5.614259734271477908e+07,1.000000000000000000e+00
1.292813452683195261e-03,1.719714715229162039e+03,1.720958887139351873e+03,4.283979406985131966e-02,2.084376445460502936e-01,-4.374131541893311660e+05,2.869483916186235550e+00,2.719734935419825916e+00,5.981297708409837633e+07,5.406079086480869353e+07,1.000000000000000000e+00
1.310345003068281826e-03,1.721955444342259398e+03,1.723112962432551967e+03,4.284662673582745329e-02,2.086057318133089367e-01,-4.371204145494882832e+05,2.736777808928366085e+00,2.559683115624941774e+00,5.754768509101757407e+07,5.184285926056423038e+07,1.000000000000000000e+00
1.327876553453368174e-03,1.724119724280264336e+03,1.725231763531630577e+03,4.285330233320439053e-02,2.087667276673469408e-01,-4.368209795770455385e+05,2.613390965275297351e+00,2.423165785123998717e+00,5.538618717808445543e+07,4.980322667383008450e+07,1.000000000000000000e+00
1.345408103838454739e-03,1.726210824700509875e+03,1.727402793048288686e+03,4.285982216268398315e-02,2.089210702036534140e-01,-4.365167900598858250e+05,2.498395898855963804e+00,2.338737315754531920e+00,5.332317723544492573e+07,4.807273150725021958e+07,1.000000000000000000e+00
1.360552689562696121e-03,1.727960795105521356e+03,1.729173592191609941e+03,4.286532986534254824e-02,2.090493666977269460e-01,-4.362515585984694189e+05,2.405214662931323133e+00,2.256765388722235421e+00,5.161664065972208977e+07,4.655413185206492990e+07,1.000000000000000000e+00
1.375697275286937287e-03,1.729660267842305984e+03,1.730807724027593622e+03,4.287072253495674556e-02,2.091732247842462145e-01,-4.359849663352812640e+05,2.317240521014430676e+00,2.152343855123479255e+00,4.997685284701864421e+07,4.493322117807132751e+07,1.000000000000000000e+00
1.390841861011178453e-03,1.731311065898593370e+03,1.732397341016954670e+03,4.287600095358973240e-02,2.092928686802677518e-01,-4.357178645336741465e+05,2.234066053029169829e+00,2.054526825135421841e+00,4.840088088181602955e+07,4.339209026255998760e+07,1.000000000000000000e+00
1.405986446735419618e-03,1.732914932696365895e+03,1.734045434938393328e+03,4.288116595399721342e-02,2.094085075175838029e-01,-4.354510045861935942e+05,2.155325349020794867e+00,2.004875232235957316e+00,4.688592176378853619e+07,4.223384609189531952e+07,1.000000000000000000e+00
1.421131032459660784e-03,1.734473535941156342e+03,1.735642765754002994e+03,4.288621843580947557e-02,2.095203365475291624e-01,-4.351850479273642413e+05,2.080689076432356011e+00,1.956979176522228636e+00,4.542929889090675116e+07,4.111675425670173019e+07,1.000000000000000000e+00
1.436275618183901950e-03,1.735988471275280062e+03,1.737132929465424695e+03,4.289115937581514798e-02,2.096285382337113312e-01,-4.349205749690438970e+05,2.009860271291973977e+00,1.882505179400304929e+00,4.402845893165419251e+07,3.978463625330872834e+07,1.000000000000000000e+00
1.451420203908143115e-03,1.737461265741162606e+03,1.738551661376098536e+03,4.289598983374800362e-02,2.097332832440466366e-01,-4.346580931504807668e+05,1.942570774385401489e+00,1.801753672603356282e+00,4.268096910706558824e+07,3.841151363011872768e+07,1.000000000000000000e+00
1.466564789632384498e-03,1.738893381059847570e+03,1.739938417957019738e+03,4.290071095476476193e-02,2.098347313519905999e-01,-4.343980441836228711e+05,1.878578272033627705e+00,1.728607930373057489e+00,4.138451515656550974e+07,3.713461372276543826e+07,1.000000000000000000e+00
1.481709375356625880e-03,1.740286216728132558e+03,1.741352327957494481e+03,4.290532396964961276e-02,2.099330322554494588e-01,-4.341408105626138276e+05,1.817663929613273943e+00,1.690814110136846349e+00,4.013690046293844283e+07,3.623755569920534641e+07,1.000000000000000000e+00
1.496853961080867046e-03,1.741641112935328010e+03,1.742724905560435673e+03,4.290983019369183638e-02,2.100283263204869022e-01,-4.338867213940010988e+05,1.759630643905249592e+00,1.654238866725007862e+00,3.893604710073228925e+07,3.536943680394433439e+07,1.000000000000000000e+00
1.511998546805108212e-03,1.742959353296654626e+03,1.744032939941470886e+03,4.291423102516502691e-02,2.101207452555239885e-01,-4.336360575905895093e+05,1.704301993731008658e+00,1.604243708570606275e+00,3.778000007805739343e+07,3.435327349158283323e+07,1.000000000000000000e+00
1.527143132529349377e-03,1.744242167393950695e+03,1.745273598876131473e+03,4.291852794440521868e-02,2.102104127201644412e-01,-4.333890564557367470e+05,1.651522023394304650e+00,1.540313839530423445e+00,3.666693694944218546e+07,3.318234499663766101e+07,1.000000000000000000e+00
1.557432303977831708e-03,1.746705105529293405e+03,1.747677628702537959e+03,4.292681472770774886e-02,2.103818422584564640e-01,-4.329066016827168642e+05,1.552443834749413609e+00,1.436735911700599555e+00,3.455965313721670955e+07,3.118339348072993010e+07,1.000000000000000000e+00
1.587721475426314257e-03,1.749041665269160376e+03,1.750018421626613190e+03,4.293471353213694497e-02,2.105437637434171005e-01,-4.324407922592031537e+05,1.461738133672712436e+00,1.382976020347612911e+00,3.260184574153130502e+07,2.985997382723700255e+07,1.000000000000000000e+00
1.616182557140168497e-03,1.751129440795326673e+03,1.752062046467141954e+03,4.294179439396085540e-02,2.106879337311309830e-01,-4.320189444470595918e+05,1.383299819137866926e+00,1.298958349116039468e+00,3.088743251968383417e+07,2.816689587541171163e+07,1.000000000000000000e+00
1.644643638854022521e-03,1.753118886815601172e+03,1.753994194829704156e+03,4.294855544674461290e-02,2.108249167927775392e-01,-4.316128028424200020e+05,1.310676175228465024e+00,1.212361616352397364e+00,2.928450948178700358e+07,2.644881669164314121e+07,1.000000000000000000e+00
1.673104720567876545e-03,1.755015789047371754e+03,1.755876016368538103e+03,4.295500847835310998e-02,2.109552177819550844e-01,-4.312225044666414615e+05,1.243289156756695713e+00,1.168449724154734914e+00,2.778456122770319507e+07,2.546728797719444335e+07,1.000000000000000000e+00
1.701565802281730568e-03,1.756825518698644601e+03,1.757665072536029129e+03,4.296116534575929874e-02,2.110792932370487707e-01,-4.308480198388667777e+05,1.180634610325853817e+00,1.117031658478550460e+00,2.637980742507916689e+07,2.438714883238954842e+07,1.000000000000000000e+00
1.730026883995584592e-03,1.758553066607611981e+03,1.759353732413101625e+03,4.296703787147307385e-02,2.111975570562308890e-01,-4.304891882847726811e+05,1.122270608541479309e+00,1.044780771452402890e+00,2.506313437706816196e+07,2.289828439066074044e+07,1.000000000000000000e+00
1.758487965709438616e-03,1.760203074186142203e+03,1.760968510996731084e+03,4.297263775601683350e-02,2.113103853964766743e-01,-4.301457469882261939e+05,1.067808156199116176e+00,9.846673436968135240e-01,2.382803381267352402e+07,2.165628252875389159e+07,1.000000000000000000e+00
1.786949047423292639e-03,1.761779861486238815e+03,1.762518690820245183e+03,4.297797650577276501e-02,2.114181209127433125e-01,-4.298173548290785402e+05,1.016903693332785075e+00,9.493564144324027065e-01,2.266854812706658989e+07,2.091737335807977244e+07,1.000000000000000000e+00
1.815410129137146663e-03,1.763287452670275343e+03,1.764001982582701430e+03,4.298306537516706494e-02,2.115210764331909854e-01,-4.295036118664350361e+05,9.692530938259718010e-01,9.127598536535357354e-01,2.157922205244723335e+07,2.011077256055028364e+07,1.000000000000000000e+00
1.843996845244914515e-03,1.764735820219525294e+03,1.765428326794889472e+03,4.298793620148857325e-02,2.116199628245192255e-01,-4.292027843330162577e+05,9.243923998600983571e-01,8.542050378497200169e-01,2.055065881701496243e+07,1.888635026200126112e+07,1.000000000000000000e+00
1.872583561352682367e-03,1.766121716761797416e+03,1.766792619294475344e+03,4.299257679782918923e-02,2.117145820462146277e-01,-4.289158079825676978e+05,8.823001282240774401e-01,7.990434194776517840e-01,1.958319484231972322e+07,1.773107807013660297e+07,1.000000000000000000e+00
1.901170277460450218e-03,1.767448451196342603e+03,1.768088057267269050e+03,4.299699757423822849e-02,2.118051780568692144e-01,-4.286421831502802670e+05,8.427640602349163457e-01,7.763150173208410720e-01,1.867260118075376004e+07,1.719571346781238168e+07,1.000000000000000000e+00
1.929756993568218070e-03,1.768719113167741853e+03,1.769328846588539136e+03,4.300120857649580852e-02,2.118919751022364517e-01,-4.283813976958140265e+05,8.056037519311574080e-01,7.545178530730883848e-01,1.781505139776927605e+07,1.668268495619744621e+07,1.000000000000000000e+00
1.958343709675985922e-03,1.769936588607078875e+03,1.770531236843273746e+03,4.300521949728487725e-02,2.119751794890113450e-01,-4.281329323892586399e+05,7.706772904483033537e-01,7.180829870494626066e-01,1.700715004918089136e+07,1.586963131281255931e+07,1.000000000000000000e+00
1.986930425783753774e-03,1.771103573043014649e+03,1.771689096480699845e+03,4.300903971601875014e-02,2.120549809855230838e-01,-4.278962634045188315e+05,7.378989542228864273e-01,6.761220533150468226e-01,1.624603269374100305e+07,1.493345258830493689e+07,1.000000000000000000e+00
2.044103857999289477e-03,1.773293681379970167e+03,1.773834148659686434e+03,4.301613561372640004e-02,2.122048997550545768e-01,-4.274567037914148532e+05,6.768835301992411901e-01,6.162505566632677789e-01,1.484584639190422930e+07,1.371276356837165542e+07,1.000000000000000000e+00
2.105557163299196302e-03,1.775459135776764469e+03,1.775956032600924118e+03,4.302305494590025897e-02,2.123534517269924371e-01,-4.270288288967753761e+05,6.185911119348670439e-01,5.622674052641657427e-01,1.350664853717178293e+07,1.263285224605594762e+07,1.000000000000000000e+00
2.167010468599103127e-03,1.777449761744330317e+03,1.777945839156680449e+03,4.302931898080541301e-02,2.124903643034792289e-01,-4.266424306855385657e+05,5.667543156158403317e-01,4.934096499574495698e-01,1.231639842562768236e+07,1.109685359238723665e+07,1.000000000000000000e+00
2.228463773899009952e-03,1.779283011737947845e+03,1.779721297349842416e+03,4.303499434843853499e-02,2.126168037500073549e-01,-4.262933222663092893e+05,5.204356430304173387e-01,4.747101793230871225e-01,1.125544817024958879e+07,1.053651007994589582e+07,1.000000000000000000e+00
2.289917079198916777e-03,1.780974230596901180e+03,1.781395595258110461e+03,4.304014073502393511e-02,2.127337840133813329e-01,-4.259776843953663483e+05,4.789678083117652752e-01,4.388051213411801599e-01,1.030765426957150549e+07,9.639998812556218356e+06,1.000000000000000000e+00
2.362091248299030832e-03,1.782796408669843913e+03,1.783214504188702222e+03,4.304557806586216395e-02,2.128602230854341471e-01,-4.256452753226903733e+05,4.352972546074348470e-01,3.890242009668658518e-01,9.318632774008762091e+06,8.488084476676344872e+06,1.000000000000000000e+00
2.434265417399144454e-03,1.784462010534748288e+03,1.784825125448884592e+03,4.305044396480917079e-02,2.129762068922255169e-01,-4.253488798833710607e+05,3.966497997530112896e-01,3.651500337898986315e-01,8.446482047140598297e+06,7.991141534021773376e+06,1.000000000000000000e+00
2.506439586499258510e-03,1.785987705576263124e+03,1.786355481914604297e+03,4.305480470748349053e-02,2.130828214624720385e-01,-4.250841769378555473e+05,3.622552325130480311e-01,3.237785675087449522e-01,7.674671989944564179e+06,7.076498349349749275e+06,1.000000000000000000e+00
2.578613755599372566e-03,1.787388038368933167e+03,1.787751567613720454e+03,4.305871798651778742e-02,2.131810132535850999e-01,-4.248474003285879735e+05,3.314703721630846145e-01,2.909414102959315129e-01,6.989202169307278469e+06,6.324456845237647183e+06,1.000000000000000000e+00
2.628033489857515767e-03,1.788281920604008519e+03,1.788615624901136016e+03,4.306116809211896213e-02,2.132438694688424397e-01,-4.246995135797541589e+05,3.125499112350194064e-01,2.822039666236451638e-01,6.565079307418517768e+06,6.098550108595072292e+06,1.000000000000000000e+00
2.677453224115658968e-03,1.789125650089615192e+03,1.789438229329914066e+03,4.306344120582620422e-02,2.133033219087287491e-01,-4.245625020752751734e+05,2.950825314948333222e-01,2.709128007395206206e-01,6.173834981107455678e+06,5.842208523436326534e+06,1.000000000000000000e+00
2.776292692631945370e-03,1.790672597713398545e+03,1.791008742419432792e+03,4.306749807126598883e-02,2.134126429079180043e-01,-4.243183493712982163e+05,2.630037286414536046e-01,2.293329686113879662e-01,5.474037455642616376e+06,4.892588087117051706e+06,1.000000000000000000e+00
2.875132161148231773e-03,1.792062560469520349e+03,1.792365662577521107e+03,4.307102999244748209e-02,2.135112678756265203e-01,-4.241062481454701629e+05,2.354057017828830589e-01,2.098643659385932558e-01,4.872234241195829585e+06,4.461420227851479314e+06,1.000000000000000000e+00
2.973971629664517741e-03,1.793315281144683013e+03,1.793604743365722470e+03,4.307411365864177721e-02,2.136004919951421388e-01,-4.239213028241193388e+05,2.113858668213328684e-01,1.891911365323138694e-01,4.351720731092279777e+06,4.004679807184327859e+06,1.000000000000000000e+00
3.072770003919425390e-03,1.794447099836150301e+03,1.794757556534950936e+03,4.307681220037859471e-02,2.136813889433344937e-01,-4.237595059818245936e+05,1.903865834830139603e-01,1.620515916552884295e-01,3.899747872252253350e+06,3.383116047775640618e+06,1.000000000000000000e+00
3.171568378174332604e-03,1.795472878784450131e+03,1.795753470313345588e+03,4.307918074957575727e-02,2.137549457136352915e-01,-4.236173957922244444e+05,1.719509470438360388e-01,1.431617908381980497e-01,3.505573705780085642e+06,3.108903304424394388e+06,1.000000000000000000e+00
3.270366752429240253e-03,1.796404898648941298e+03,1.796671458562400403e+03,4.308126457915061741e-02,2.138219805071229496e-01,-4.234921541345196310e+05,1.557114977472808248e-01,1.275669047192291294e-01,3.160537738271375187e+06,2.823610349309328012e+06,1.000000000000000000e+00
3.369165126684147901e-03,1.797253728730143393e+03,1.797536718776651014e+03,4.308310189879599461e-02,2.138832016380117218e-01,-4.233814264455989469e+05,1.413614545316178583e-01,1.098838658936473617e-01,2.857458222046556417e+06,2.417766719180589542e+06,1.000000000000000000e+00
3.467963500939055550e-03,1.798028494694721303e+03,1.798307692668573736e+03,4.308472503483302268e-02,2.139392241241525328e-01,-4.232832407157265116e+05,1.286432395936514539e-01,1.011758190414583369e-01,2.590351178945878521e+06,2.173276057254587300e+06,1.000000000000000000e+00
3.566761875193963198e-03,1.798737097945990172e+03,1.798995849507582761e+03,4.308616139530666023e-02,2.139905832709913247e-01,-4.231959414507360198e+05,1.173398371435059456e-01,9.991077527513025913e-02,2.354210129729179665e+06,2.063208701997491764e+06,1.000000000000000000e+00
3.665560249448870846e-03,1.799386395825134741e+03,1.799644588652063931e+03,4.308743426895124407e-02,2.140377457990076393e-01,-4.231181354279024526e+05,1.072694619969492558e-01,9.040021155812690001e-02,2.144839058397706132e+06,1.857990214075536933e+06,1.000000000000000000e+00
3.764358623703778495e-03,1.799982349156479358e+03,1.800251609913186485e+03,4.308856351238421478e-02,2.140811187918173486e-01,-4.230486455718628131e+05,9.829138861704828090e-02,7.869118157073842768e-02,1.958770990685058059e+06,1.609572846565869171e+06,1.000000000000000000e+00
3.880377479379528219e-03,1.800620690465990720e+03,1.800887881977493635e+03,4.308972808668438959e-02,2.141276652326563057e-01,-4.229763732055278961e+05,8.889219039145297707e-02,6.860296867725544645e-02,1.765702850264947629e+06,1.413562944917900488e+06,1.000000000000000000e+00
3.996396335055277943e-03,1.801200743459390424e+03,1.801451691910371210e+03,4.309074460304213039e-02,2.141700448669845436e-01,-4.229126566709992476e+05,8.062729202181020960e-02,6.196544079100244073e-02,1.596372315324981697e+06,1.307630611713532126e+06,1.000000000000000000e+00
4.112415190731027667e-03,1.801728735460802682e+03,1.801977182749095391e+03,4.309163240531544564e-02,2.142086884006859648e-01,-4.228563855428723618e+05,7.334271331748119793e-02,5.513321037772943300e-02,1.447428050040214788e+06,1.170541344090814004e+06,1.000000000000000000e+00
4.228434046406776524e-03,1.802209982468213639e+03,1.802466061795772248e+03,4.309240777913569964e-02,2.142439632442141584e-01,-4.228066376986652613e+05,6.693831284505348533e-02,4.656421404576531475e-02,1.316217879605524009e+06,1.001230515299970633e+06,1.000000000000000000e+00
4.460471757758275105e-03,1.803045698998411581e+03,1.803294559062910821e+03,4.309366606598094562e-02,2.143053103311944318e-01,-4.227241852055650670e+05,5.596448988281443188e-02,3.742482749929129660e-02,1.096598071618362796e+06,8.066770364414585056e+05,1.000000000000000000e+00
4.692509469109774553e-03,1.803754618297772367e+03,1.803995453157921702e+03,4.309466053803213959e-02,2.143574844877895180e-01,-4.226571476723458618e+05,4.722849887626831555e-02,3.157264846859475504e-02,9.214282795985167613e+05,6.707336953036824707e+05,1.000000000000000000e+00
4.924547180461273134e-03,1.804359832071469782e+03,1.804608682973922896e+03,4.309545309659770090e-02,2.144021209079150503e-01,-4.226020211557268631e+05,4.013169348409549586e-02,2.432777526257491607e-02,7.799548415416231146e+05,5.070674599914033315e+05,1.000000000000000000e+00
5.156584891812771715e-03,1.804879434880525196e+03,1.805116585618697172e+03,4.309608926927295525e-02,2.144405097527843918e-01,-4.225562364137391560e+05,3.431134970636548487e-02,2.114543684965206755e-02,6.645738259141347371e+05,4.349168115227643866e+05,1.000000000000000000e+00
5.388622603164271163e-03,1.805327745280044610e+03,1.805561959013014757e+03,4.309660303852824031e-02,2.144736784713308642e-01,-4.225178855667775497e+05,2.949820829232070035e-02,1.744451775546300779e-02,5.696355368150660070e+05,3.557366771331129712e+05,1.000000000000000000e+00
5.620660314515769744e-03,1.805716185511514368e+03,1.805954175739502944e+03,4.309702007506822918e-02,2.145024508280833908e-01,-4.224855352556544822e+05,2.549122313985806298e-02,1.370739197680421843e-02,4.909049148072479875e+05,2.732065998491765931e+05,1.000000000000000000e+00
5.874605226283687726e-03,1.806083179218549958e+03,1.806316097160859499e+03,4.309738832585142260e-02,2.145296592435038119e-01,-4.224557502774889581e+05,2.183601978691196432e-02,1.103534353404829124e-02,4.195016699427706772e+05,2.194318077973384352e+05,1.000000000000000000e+00
6.128550138051606574e-03,1.806399960780651327e+03,1.806628848820248777e+03,4.309768575847922750e-02,2.145531657901079692e-01,-4.224305857314609457e+05,1.879724762941753502e-02,8.824736789473319742e-03,3.603066341346236877e+05,1.748885795010768925e+05,1.000000000000000000e+00
6.382495049819525423e-03,1.806674339158940256e+03,1.806905080598917039e+03,4.309792710805851468e-02,2.145735408465562766e-01,-4.224092047691659536e+05,1.625061995753288371e-02,6.345616912211304861e-03,3.108673225204137852e+05,1.275496810517768754e+05,1.000000000000000000e+00
6.636439961587444272e-03,1.806912622796401820e+03,1.807142796740143922e+03,4.309812345914664639e-02,2.145912467585897876e-01,-4.223909773248014972e+05,1.410349048644440363e-02,4.504710534237873001e-03,2.693136704157843487e+05,9.164120556692965329e+04,1.000000000000000000e+00
6.890384873355363121e-03,1.807119906481482985e+03,1.807346348887522254e+03,4.309828313371341646e-02,2.146066579717026968e-01,-4.223754393158431631e+05,1.228412684543689175e-02,3.297590778377006496e-03,2.342031085601040686e+05,6.700254209265303507e+04,1.000000000000000000e+00
7.144329785123281970e-03,1.807300267138079334e+03,1.807527351832285831e+03,4.309841245258215492e-02,2.146200743654421705e-01,-4.223622657425028738e+05,1.074457811821346448e-02,2.110237579356130395e-03,2.044600875452313630e+05,4.238807912258792931e+04,1.000000000000000000e+00
7.652219608659118801e-03,1.807589685997013476e+03,1.807814371140394314e+03,4.309859685068925111e-02,2.146416060155440786e-01,-4.223423275569528341e+05,8.308691575110781907e-03,3.001185420470815790e-04,1.579027461610574101e+05,5.778226393108979210e+03,1.000000000000000000e+00
8.160123708451996749e-03,1.807815471143650257e+03,nan,4.309872591918318535e-02,2.146584185583252924e-01,-4.223271535090846010e+05,6.482577895011014738e-03,nan,1.229672053227974247e+05,nan,0.000000000000000000e+00
8.668027808244873830e-03,1.807992061132903018e+03,nan,4.309881622209018465e-02,2.146715786140757642e-01,-4.223156608866611496e+05,5.095847907685518464e-03,nan,9.647253807129150664e+04,nan,0.000000000000000000e+00
9.683836007830627993e-03,1.808228005450376941e+03,nan,4.309891597081724757e-02,2.146891795720299312e-01,-4.223019741609429475e+05,3.268992923897848062e-03,nan,6.181800524818653503e+04,nan,0.000000000000000000e+00
1.069964420743912958e-02,1.808381162876625012e+03,nan,4.309897321005812937e-02,2.147006178908864582e-01,-4.222933306551417336e+05,2.120947749591640692e-03,nan,4.004227650209614512e+04,nan,0.000000000000000000e+00
1.171545240704763118e-02,1.808481292592450473e+03,nan,4.309900641435764762e-02,2.147081031197027867e-01,-4.222879056095071137e+05,1.383359987634405919e-03,nan,2.608268343162075325e+04,nan,0.000000000000000000e+00
1.374706880626443140e-02,1.808579923618671728e+03,nan,4.309903258468657239e-02,2.147154930119744010e-01,-4.222834093658663332e+05,6.573974843432003065e-04,nan,1.238293105318275411e+04,nan,0.000000000000000000e+00
1.577868520548088641e-02,1.808627044172756541e+03,nan,4.309904439494653683e-02,2.147190312409332780e-01,-4.222812781750622671e+05,3.146596893498546078e-04,nan,5.914913973609366622e+03,nan,0.000000000000000000e+00
1.781030160469790347e-02,1.808649589888875198e+03,nan,4.309904992098619742e-02,2.147207302835295872e-01,-4.222802583823588211e+05,1.510834601108131548e-04,nan,2.830798281655469509e+03,nan,0.000000000000000000e+00
1.984191800391492053e-02,1.808660355071584490e+03,nan,4.309905254549681319e-02,2.147215473431227095e-01,-4.222797685416494496e+05,7.265277144467258250e-05,nan,1.352715027262752301e+03,nan,0.000000000000000000e+00
2.187353440313193759e-02,1.808665460824320917e+03,nan,4.309905380210939801e-02,2.147219406149707410e-01,-4.222795324918841943e+05,3.496814556369981443e-05,nan,6.426657704218216622e+02,nan,0.000000000000000000e+00
2.390515080234894771e-02,1.808667846716105942e+03,nan,4.309905441126512388e-02,2.147221301099271340e-01,-4.222794169620564207e+05,1.684899917292228920e-05,nan,3.012962616233995732e+02,nan,0.000000000000000000e+00
2.593676720156596824e-02,1.808668929646691367e+03,nan,4.309905472587900743e-02,2.147222215455329986e-01,-4.222793545523316134e+05,8.170711702040106864e-06,nan,1.377879027607155251e+02,nan,0.000000000000000000e+00
2.796838360078298183e-02,1.808669387524413878e+03,nan,4.309905492669855592e-02,2.147222641290710277e-01,-4.222793084210022353e+05,4.267165520360771511e-06,nan,6.415961465213258919e+01,nan,0.000000000000000000e+00
2.999999999999999889e-02,1.808669387524413878e+03,nan,4.309905492669855592e-02,2.147222641290710277e-01,-4.222793084210024681e+05,4.267165520360771511e-06,nan,6.415961465213254655e+01,nan,0.000000000000000000e+00
