z,T,fgm_T,Z,C,h,omega_C,fgm_omega_C,qdot,fgm_qdot,covered
0.000000000000000000e+00,3.000000000000000000e+02,nan,5.739666224751775042e-02,6.917280961673816231e-02,-9.440543652386632748e+05,9.506630843522857754e-03,nan,3.499268869247731054e+05,nan,0.000000000000000000e+00
2.701047914175006761e-06,3.054053009484493373e+02,3.053183329823916665e+02,5.739190593710434551e-02,6.980976510639003152e-02,-9.441721173625416122e+05,9.432585137667190422e-03,9.166194957350132233e-03,3.339425325576313189e+05,3.287107536226004595e+05,1.000000000000000000e+00
5.402095828350013522e-06,3.107782750040246356e+02,3.106942539867823143e+02,5.738732722739006004e-02,7.044257768158838917e-02,-9.442729754411088070e+05,9.399905683184845567e-03,9.103701825845026546e-03,3.207864169340110384e+05,3.144391310148604680e+05,1.000000000000000000e+00
8.103143742525020706e-06,3.161199575949882501e+02,3.160347184900723505e+02,5.738291979123079367e-02,7.107146410117136381e-02,-9.443580775867238408e+05,9.392417391011532307e-03,9.092771876926466698e-03,3.098283340126212570e+05,3.034545800747526810e+05,1.000000000000000000e+00
1.080419165670002704e-05,3.214313365090034722e+02,3.213418450261859789e+02,5.737867773709025981e-02,7.169662690050643272e-02,-9.444284662665369688e+05,9.410812982573346641e-03,9.098961063781363032e-03,3.007104350532671087e+05,2.947538740607655491e+05,1.000000000000000000e+00
1.350523957087503338e-05,3.267133550580589940e+02,3.266269063961623260e+02,5.737459556914048520e-02,7.231825562057067613e-02,-9.444850975929953856e+05,9.456022500173130035e-03,9.138735686754433096e-03,2.931801912211772869e+05,2.863722857709715026e+05,1.000000000000000000e+00
1.620628748505004141e-05,3.319669149153114063e+02,3.318727047997678028e+02,5.737066815174919621e-02,7.293652790554913667e-02,-9.445288496060923208e+05,9.528556853832668289e-03,9.192809501385824922e-03,2.870466498720040545e+05,2.805603008519353461e+05,1.000000000000000000e+00
1.890733539922504944e-05,3.371928786876569575e+02,3.371029538295027805e+02,5.736689067781954726e-02,7.355161048680695923e-02,-9.445605296634326223e+05,9.628616737828891298e-03,9.272873556809205567e-03,2.821595941040858743e+05,2.752220877593050827e+05,1.000000000000000000e+00
2.160838331340005409e-05,3.423920722561907155e+02,3.423033652487744689e+02,5.736325864052058132e-02,7.416366006624194873e-02,-9.445808810398338828e+05,9.756204960352350686e-03,9.399787628972783304e-03,2.783978968245097203e+05,2.712193171377701219e+05,1.000000000000000000e+00
2.430943122757505873e-05,3.475652869227063206e+02,3.474777637448631822e+02,5.735976780798583696e-02,7.477282411197111456e-02,-9.445905888293633470e+05,9.911210086448692114e-03,9.545276468259226640e-03,2.756624212762019597e+05,2.681843101618292276e+05,1.000000000000000000e+00
2.701047914175006676e-05,3.527132813807667162e+02,3.526254085536417051e+02,5.735641420062384532e-02,7.537924157591874286e-02,-9.445902852297185455e+05,1.009347452622353855e-02,9.716275000556691757e-03,2.738714031818203512e+05,2.662195465087940684e+05,1.000000000000000000e+00
3.241257497010008282e-05,3.629366234918086320e+02,3.628456362729904185e+02,5.735010497147301212e-02,7.658441172186317147e-02,-9.445623339684739476e+05,1.053870313677875148e-02,1.011719976394174006e-02,2.728417539315640461e+05,2.647334160540450830e+05,1.000000000000000000e+00
3.781467079845009889e-05,3.730677590805332215e+02,3.729672260539909985e+02,5.734430098539593235e-02,7.778011083010064053e-02,-9.445008170390744926e+05,1.109090386305825598e-02,1.062271415689931831e-02,2.749007355139476713e+05,2.662556757657194394e+05,1.000000000000000000e+00
4.321676662680010817e-05,3.831117199524348393e+02,3.830246259300938050e+02,5.733897772761394063e-02,7.896719765592100093e-02,-9.444092940565878525e+05,1.174970681136692542e-02,1.131369507950015854e-02,2.797626385657676728e+05,2.710848182620362495e+05,1.000000000000000000e+00
4.861886245515011746e-05,3.930731658306385725e+02,3.929734463330632934e+02,5.733411317554167747e-02,8.014644483539568043e-02,-9.442908348971009254e+05,1.251578911553360637e-02,1.195710118671666766e-02,2.872421699828176061e+05,2.771295527275826316e+05,1.000000000000000000e+00
5.402095828350013352e-05,4.029564205487343429e+02,4.028673017485302239e+02,5.732968745541928979e-02,8.131855011840063985e-02,-9.441480966282507870e+05,1.339095416046674411e-02,1.289792748991201547e-02,2.972305183807556168e+05,2.877653458285004017e+05,1.000000000000000000e+00
5.942305411185014959e-05,4.127655038636914924e+02,4.126671126101126674e+02,5.732568255598144424e-02,8.248414581825411207e-02,-9.439833867644369602e+05,1.437813282013934366e-02,1.379188754065744510e-02,3.096791835277273203e+05,2.988538621522355825e+05,1.000000000000000000e+00
6.212410202602515084e-05,4.176433757515413845e+02,4.175537385495188119e+02,5.732383234545115197e-02,8.306466343558535637e-02,-9.438932765176770044e+05,1.491525598113182041e-02,1.436635628230728719e-02,3.168470660089399898e+05,3.064100786880963715e+05,1.000000000000000000e+00
6.482514994020016565e-05,4.225040372238366899e+02,4.224029105134357565e+02,5.732208158632979417e-02,8.364376088895530970e-02,-9.437984164943597279e+05,1.548205097337244755e-02,1.477685654155606008e-02,3.246357147338723880e+05,3.119867981783904834e+05,1.000000000000000000e+00
6.752619785437518046e-05,4.273479197036356823e+02,4.272525096865657588e+02,5.732042844439968338e-02,8.422150251412885424e-02,-9.436990195320110070e+05,1.607920165197998866e-02,1.546882942624246138e-02,3.330529364697872079e+05,3.216485668166084797e+05,1.000000000000000000e+00
7.022724576855018171e-05,4.321754401845102507e+02,4.320805809570611586e+02,5.731887116348736294e-02,8.479794983006161413e-02,-9.435952848253092961e+05,1.670744980657407758e-02,1.604421000168614053e-02,3.421086052875690511e+05,3.298853820455436944e+05,1.000000000000000000e+00
7.292829368272518297e-05,4.369870018710128647e+02,4.368815939262672714e+02,5.731740806066294019e-02,8.537316170211865785e-02,-9.434873989222131204e+05,1.736760360685279600e-02,1.663617055725845340e-02,3.518146642975819414e+05,3.385667305553389597e+05,1.000000000000000000e+00
7.562934159690019777e-05,4.417829947835471671e+02,4.416927716762579053e+02,5.731603752179618982e-02,8.594719449353602214e-02,-9.433755366371541750e+05,1.806053829236989317e-02,1.745296332806191633e-02,3.621850795939732343e+05,3.506821692412851844e+05,1.000000000000000000e+00
7.833038951107519903e-05,4.465637963299518560e+02,4.464588123321913145e+02,5.731475799743685623e-02,8.652010220612729730e-02,-9.432598618891589576e+05,1.878719622224374677e-02,1.795006892825491002e-02,3.732357903590175556e+05,3.582329193857502542e+05,1.000000000000000000e+00
8.103143742525020028e-05,4.513297718459375574e+02,4.512352412667125350e+02,5.731356799899077481e-02,8.709193661114017493e-02,-9.431405284719404299e+05,1.954858724551501031e-02,1.888267148756745534e-02,3.849846633526777150e+05,3.725074565223520622e+05,1.000000000000000000e+00
8.373248533942521509e-05,4.560812751063507449e+02,4.559801681328525547e+02,5.731246609516595092e-02,8.766274737107941639e-02,-9.430176807622482302e+05,2.034579112847288013e-02,1.949096246512733999e-02,3.974514624843091005e+05,3.819702301308794413e+05,1.000000000000000000e+00
8.643353325360021635e-05,4.608186488090935313e+02,4.607180770581907154e+02,5.731145090866555242e-02,8.823258215323462328e-02,-9.428914543721454684e+05,2.117997436453286642e-02,2.042156888135930604e-02,4.106578997977531981e+05,3.966771927671307349e+05,1.000000000000000000e+00
9.183562908195023241e-05,4.702523653408397308e+02,4.701472529581366189e+02,5.730967604912821922e-02,8.936953711786704835e-02,-9.426296201926636277e+05,2.296293279753668093e-02,2.211665542730981149e-02,4.393107339215701795e+05,4.238767071050747181e+05,1.000000000000000000e+00
9.723772491030023492e-05,4.796335590244728451e+02,4.795253242731999421e+02,5.730823180707690645e-02,9.050312290903481105e-02,-9.423556447972174501e+05,2.490896223094710496e-02,2.398085266690036868e-02,4.712129771088943817e+05,4.543510050976278726e+05,1.000000000000000000e+00
1.026398207386502510e-04,4.889646045250649991e+02,4.888537833524354141e+02,5.730710884717396536e-02,9.163365755583771644e-02,-9.420703509472471196e+05,2.702984430030617655e-02,2.604866104578081390e-02,5.065920283606711891e+05,4.889361864807839156e+05,1.000000000000000000e+00
1.080419165670002670e-04,4.982477389230733706e+02,4.981360361783406461e+02,5.730629844573470466e-02,9.276143592772621849e-02,-9.417744691870899405e+05,2.933855577077961949e-02,2.830755641139584208e-02,5.457025785132575547e+05,5.271290864572102437e+05,1.000000000000000000e+00
1.107429644811752819e-04,5.028719903200610020e+02,5.027696056390396393e+02,5.730600760773293251e-02,9.332436431852680903e-02,-9.416226530091140885e+05,3.056867784779961073e-02,2.958861491287781767e-02,5.667962514646695927e+05,5.489656882664071163e+05,1.000000000000000000e+00
1.134440123953502831e-04,5.074850174242083085e+02,5.073736894264103512e+02,5.730579209969958315e-02,9.388670363322787482e-02,-9.414684438774774317e+05,3.185129378257055971e-02,3.078830185624351415e-02,5.889315782794172410e+05,5.696560821574032307e+05,1.000000000000000000e+00
1.161450603095252844e-04,5.120870667576671167e+02,5.119820340322062862e+02,5.730565097311441508e-02,9.444848528143975908e-02,-9.413119122200496495e+05,3.318840444336559198e-02,3.209314287427703083e-02,6.121486805179395014e+05,5.921772075389780803e+05,1.000000000000000000e+00
1.188461082237002992e-04,5.166783779526607532e+02,5.165687096030144403e+02,5.730558330711523624e-02,9.500973958484196236e-02,-9.411531245832149871e+05,3.458207499006875352e-02,3.351109601436884355e-02,6.364887629251588369e+05,6.169125022974160966e+05,1.000000000000000000e+00
1.215471561378753004e-04,5.212591839986672539e+02,5.211509300916969778e+02,5.730558820706246892e-02,9.557049582636240048e-02,-9.409921438764207996e+05,3.603445244696291960e-02,3.477533595093337121e-02,6.619941846976580564e+05,6.389501298202922335e+05,1.000000000000000000e+00
1.242482040520503017e-04,5.258297114779634285e+02,5.257229878861445513e+02,5.730566480318859124e-02,9.613078229656536744e-02,-9.408290296004499542e+05,3.754776941849001515e-02,3.649785742123357740e-02,6.887084364093260374e+05,6.693216693340466591e+05,1.000000000000000000e+00
1.269492519662253165e-04,5.303901807900323320e+02,5.302782463849148371e+02,5.730581224931888956e-02,9.669062633738306767e-02,-9.406638380605287384e+05,3.912434560200696992e-02,3.763981818783505851e-02,7.166760892124943202e+05,6.893454563752758550e+05,1.000000000000000000e+00
1.296502998804003313e-04,5.349408063655801016e+02,5.348382377124291907e+02,5.730602972166660286e-02,9.725005438342283759e-02,-9.404966225655911257e+05,4.076658885719609826e-02,3.977391423950558946e-02,7.459427284347008681e+05,7.273819602623189567e+05,1.000000000000000000e+00
1.323513477945753461e-04,5.394817968705991689e+02,5.393628491125082292e+02,5.730631641768965667e-02,9.780909200095409817e-02,-9.403274336145827547e+05,4.247699609839774432e-02,4.086105676204020848e-02,7.765548746641236357e+05,7.467234038244842086e+05,1.000000000000000000e+00
1.350523957087503609e-04,5.440133554011508750e+02,5.439120206989985036e+02,5.730667155501326104e-02,9.836776392478345510e-02,-9.401563190709463088e+05,4.425815407936822127e-02,4.324157571224905572e-02,8.085598942932653008e+05,7.894121951413380448e+05,1.000000000000000000e+00
1.377534436229253486e-04,5.485356796692448142e+02,5.484126953293465476e+02,5.730709437040572979e-02,9.892609409309649493e-02,-9.399833243259828305e+05,4.611274023379104137e-02,4.451919079051800537e-02,8.420059014889827231e+05,8.124340034665478161e+05,1.000000000000000000e+00
1.404544915371003634e-04,5.530489621804244962e+02,5.529420208902489549e+02,5.730758411881313463e-02,9.948410568045462643e-02,-9.398084924520858331e+05,4.804352444734702465e-02,4.674118951610774925e-02,8.769416577765147667e+05,8.524468901628139429e+05,1.000000000000000000e+00
1.431555394512753782e-04,5.575533904033815134e+02,5.574362685201421073e+02,5.730814007244033198e-02,1.000418211290035886e-01,-9.396318643463663757e+05,5.005337618269280892e-02,4.857734104473208220e-02,9.134164941286704270e+05,8.857560204689552775e+05,1.000000000000000000e+00
1.458565873654503659e-04,5.620491469321445948e+02,5.619361181830499845e+02,5.730876151988460732e-02,1.005992621780645857e-01,-9.394534788655758603e+05,5.214529922555815461e-02,5.046242083532783557e-02,9.514803784966844833e+05,9.197959978145466885e+05,1.000000000000000000e+00
1.512586831938003955e-04,5.710153629407121798e+02,5.708948777216135113e+02,5.731019857901994280e-02,1.017134248087923909e-01,-9.390917562777913408e+05,5.658420852753855146e-02,5.449069911381326792e-02,1.032408613334045862e+06,9.930455867394427769e+05,1.000000000000000000e+00
1.539597311079753832e-04,5.754861814088712890e+02,5.753815733210383314e+02,5.731101211825419262e-02,1.022701668819597232e-01,-9.389082908128564013e+05,5.894062672828886962e-02,5.774559757041686225e-02,1.075539147289759945e+06,1.052443699987463653e+06,1.000000000000000000e+00
1.566607790221503981e-04,5.799490125921837489e+02,5.798221242239477533e+02,5.731188845405842114e-02,1.028267149992711516e-01,-9.387232053388358327e+05,6.139174164620390256e-02,5.940864029234111526e-02,1.120455723928096239e+06,1.082875602927256376e+06,1.000000000000000000e+00
1.593618269363254129e-04,5.844040169143381718e+02,5.842920354420638205e+02,5.731282694545455220e-02,1.033830877791430403e-01,-9.385365302655709675e+05,6.394099904067108986e-02,6.223282479707954035e-02,1.167208462601300329e+06,1.134266721799232066e+06,1.000000000000000000e+00
1.620628748505004006e-04,5.888513507615166418e+02,5.887334971175924920e+02,5.731382696352126105e-02,1.039393032852335835e-01,-9.383482946172420634e+05,6.659189337752909055e-02,6.487112238190297087e-02,1.215846775296926266e+06,1.182546454813933466e+06,1.000000000000000000e+00
1.647639227646754154e-04,5.932911666022785084e+02,5.931714294265034368e+02,5.731488789079698665e-02,1.044953790469697330e-01,-9.381585261202249676e+05,6.934799569771218919e-02,6.697677795176719406e-02,1.266419399171657395e+06,1.220904316637351643e+06,1.000000000000000000e+00
1.674649706788504302e-04,5.977236131026405701e+02,5.976159466380664753e+02,5.731600912071431464e-02,1.050513320790689431e-01,-9.379672512858534465e+05,7.221295719362634535e-02,7.083859956281995940e-02,1.318974296431364492e+06,1.291467048432049807e+06,1.000000000000000000e+00
1.701660185930254179e-04,6.021488352366011441e+02,6.020162461710808657e+02,5.731719005706465558e-02,1.056071789001119809e-01,-9.377744954884158215e+05,7.519050771503979491e-02,7.271203458011127330e-02,1.373558529886973789e+06,1.325838586055981228e+06,1.000000000000000000e+00
1.728670665072004327e-04,6.065669743923443775e+02,6.064533362935308105e+02,5.731843011349161549e-02,1.061629355502202998e-01,-9.375802830386789283e+05,7.828445297528383029e-02,7.638750226517559971e-02,1.430218136873954441e+06,1.392803754338303814e+06,1.000000000000000000e+00
1.755681144213754475e-04,6.109781684743516053e+02,6.108560623492641071e+02,5.731972871301174027e-02,1.067186176078881998e-01,-9.373846372532203095e+05,8.149867122701404121e-02,7.944327310086100880e-02,1.488998007818302605e+06,1.448678723114535213e+06,1.000000000000000000e+00
1.782691623355504352e-04,6.153825520016310975e+02,6.152599483940277878e+02,5.732108528756153093e-02,1.072742402060172517e-01,-9.371875805198326707e+05,8.483710957839626920e-02,8.206239805335655002e-02,1.549941772305001738e+06,1.496237526056849398e+06,1.000000000000000000e+00
1.809702102497254500e-04,6.197802562022661732e+02,6.196698303314349232e+02,5.732249927756939700e-02,1.078298180471968237e-01,-9.369891343592210906e+05,8.830377999893257446e-02,8.677142567102309745e-02,1.613091694708881201e+06,1.581754107265053084e+06,1.000000000000000000e+00
1.836712581639004648e-04,6.241714091044696033e+02,6.240361581879917594e+02,5.732397013155137583e-02,1.083853654182718729e-01,-9.367893194832536392e+05,9.190275504157405240e-02,8.906282432066198185e-02,1.678488581217314582e+06,1.623513057541006245e+06,1.000000000000000000e+00
1.863723060780754525e-04,6.285561356243207456e+02,6.284381272616186607e+02,5.732549730572969460e-02,1.089408962042378581e-01,-9.365881558499585371e+05,9.563816330929172937e-02,9.332917042855508327e-02,1.746171699981079902e+06,1.700284915331918048e+06,1.000000000000000000e+00
1.890733539922504673e-04,6.329345576503503707e+02,6.328115034705681410e+02,5.732708026367272502e-02,1.094964239014977192e-01,-9.363856627154602902e+05,9.951418470996747923e-02,9.727023177676488719e-02,1.816178716108597117e+06,1.771339308942052070e+06,1.000000000000000000e+00
1.917744019064254821e-04,6.373067941251277944e+02,6.371789469383130609e+02,5.732871847595563675e-02,1.100519616305168091e-01,-9.361818586830828572e+05,1.035350455947062626e-01,1.000351365165861178e-01,1.888545643397934735e+06,1.820996455199174816e+06,1.000000000000000000e+00
1.944754498206004698e-04,6.416729611239948099e+02,6.415590372695197630e+02,5.733041141984049349e-02,1.106075221479064924e-01,-9.359767617497576866e+05,1.077050140523468647e-01,1.058868849656405126e-01,1.963306815583701944e+06,1.925490265810798854e+06,1.000000000000000000e+00
1.971764977347754846e-04,6.460331719310803464e+02,6.458987177854477295e+02,5.733215857897464712e-02,1.111631178579677998e-01,-9.357703893499550177e+05,1.120283962841999714e-01,1.089828315068018805e-01,2.040494883345223032e+06,1.980750576885966584e+06,1.000000000000000000e+00
1.998775456489504995e-04,6.503875371127189737e+02,6.502632296218015426e+02,5.733395944310659686e-02,1.117187608237226598e-01,-9.355627583972564898e+05,1.165095374172052806e-01,1.134138704717938678e-01,2.120140856333389878e+06,2.058977186956067570e+06,1.000000000000000000e+00
2.025785935631254872e-04,6.547361645883855772e+02,6.546156007499881753e+02,5.733581350781826597e-02,1.122744627774586029e-01,-9.353538853237739531e+05,1.211528392468286808e-01,1.189245502098375956e-01,2.202274258041647263e+06,2.156066070041966625e+06,1.000000000000000000e+00
2.052796414773005020e-04,6.590791596992354471e+02,6.589392368862326066e+02,5.733772027427259249e-02,1.128302351308080737e-01,-9.351437861175329890e+05,1.259628415315964256e-01,1.220693352417127481e-01,2.286923650665244088e+06,2.211634105497290380e+06,1.000000000000000000e+00
2.106817373056505045e-04,6.677486660713882429e+02,6.676179720955491348e+02,5.734169033119933256e-02,1.139420486704436908e-01,-9.347200945522128604e+05,1.360951675753581391e-01,1.331118753391963005e-01,2.463660926787117030e+06,2.403772557552572805e+06,1.000000000000000000e+00
2.160838331340005341e-04,6.763968864671771826e+02,6.762781367257144893e+02,5.734586475958731999e-02,1.150542703779593723e-01,-9.342916202009776607e+05,1.469458904702174440e-01,1.446928332606592094e-01,2.650743523894331418e+06,2.602377142101893667e+06,1.000000000000000000e+00
2.214859289623505637e-04,6.850245748917292303e+02,6.848939307172751114e+02,5.735023976012535579e-02,1.161669807066078863e-01,-9.338584785778709920e+05,1.585504668128416006e-01,1.544877364088489968e-01,2.848339098623930477e+06,2.769073077010297682e+06,1.000000000000000000e+00
2.268880247907005662e-04,6.936324501265371509e+02,6.934843299709278881e+02,5.735481160280554713e-02,1.172802558280580526e-01,-9.334207811196920229e+05,1.709445343266914330e-01,1.662322475639837205e-01,3.056603446587866172e+06,2.966780923550861422e+06,1.000000000000000000e+00
2.322901206190505687e-04,7.022211974292270042e+02,7.020895001451688131e+02,5.735957662150715369e-02,1.183941678649326618e-01,-9.329786360346305883e+05,1.841636678870781085e-01,1.808129205819546392e-01,3.275685585522240028e+06,3.206956124062788207e+06,1.000000000000000000e+00
2.376922164474005983e-04,7.107914701230480432e+02,7.106632529266112215e+02,5.736453120896477242e-02,1.195087851048947658e-01,-9.325321490958868526e+05,1.982433403691792884e-01,1.947815051954703558e-01,3.505734778634409420e+06,3.434704641439087689e+06,1.000000000000000000e+00
2.430943122757506009e-04,7.193438910814654719e+02,7.192033241023141272e+02,5.736967181200093580e-02,1.206241721979968706e-01,-9.320814243932227837e+05,2.132189481752483629e-01,2.071168557132893051e-01,3.746908407613724470e+06,3.633737408171249554e+06,1.000000000000000000e+00
2.484964081041006034e-04,7.278790541122555169e+02,7.277336326581705634e+02,5.737499492691125469e-02,1.217403903387933584e-01,-9.316265650540411007e+05,2.291258933851549884e-01,2.241805201819243032e-01,3.999380316346540116e+06,3.904098978738612030e+06,1.000000000000000000e+00
2.538985039324506330e-04,7.363975252448069568e+02,7.362704673808505049e+02,5.738049709490093686e-02,1.228574974345325449e-01,-9.311676739441106329e+05,2.459997251055535683e-01,2.429624545556381410e-01,4.263349306263425387e+06,4.196303663871367462e+06,1.000000000000000000e+00
2.593005997608006626e-04,7.448998439238574747e+02,7.447595362680314111e+02,5.738617489748418926e-02,1.239755482605769538e-01,-9.307048543565510772e+05,2.638763353971701475e-01,2.578109093407526808e-01,4.539047442095201463e+06,4.425138686998872086e+06,1.000000000000000000e+00
2.647026955891506922e-04,7.533865241126236469e+02,7.532301493904891458e+02,5.739202495177285479e-02,1.250945946040554480e-01,-9.302382106960698729e+05,2.827921555865010039e-01,2.760645464688626927e-01,4.826747590559219010e+06,4.703243130943388678e+06,1.000000000000000000e+00
2.701047914175007218e-04,7.618580553083231734e+02,7.617201342222764424e+02,5.739804390559503922e-02,1.262146853966543136e-01,-9.297678491638957057e+05,3.027839638879197270e-01,2.985269256728182441e-01,5.126767849231208675e+06,5.040023623521794565e+06,1.000000000000000000e+00
2.728058393316757095e-04,7.660882832697926688e+02,7.659271081706667701e+02,5.740111550273266361e-02,1.267751323347854342e-01,-9.295312659750255989e+05,3.131990110598691368e-01,3.055866079362510312e-01,5.281613176480980590e+06,5.144952508555059321e+06,1.000000000000000000e+00
2.755068872458506972e-04,7.703148907388585940e+02,7.701730361722909493e+02,5.740422818874540978e-02,1.273358585090475781e-01,-9.292938079812949290e+05,3.238978993146452989e-01,3.177627984160035779e-01,5.439689637037902139e+06,5.324106942398512736e+06,1.000000000000000000e+00
2.782079351600257391e-04,7.745379325683326215e+02,7.743958426518571514e+02,5.740738154940455695e-02,1.278968692985835431e-01,-9.290554892427830491e+05,3.348859561955558339e-01,3.298897472457989477e-01,5.601055605293420143e+06,5.501905523061402142e+06,1.000000000000000000e+00
2.809089830742007268e-04,7.787574622359512659e+02,7.785956812769342150e+02,5.741057517138519611e-02,1.284581699248361075e-01,-9.288163240627489286e+05,3.461684875083928525e-01,3.376755520991231996e-01,5.765772673488141038e+06,5.615609901949075051e+06,1.000000000000000000e+00
2.836100309883757145e-04,7.829735318666811281e+02,7.828304135711372282e+02,5.741380864208461138e-02,1.290197654546024753e-01,-9.285763270098466892e+05,3.577509034319696912e-01,3.514817343694577878e-01,5.933906401748872362e+06,5.815877437490236945e+06,1.000000000000000000e+00
2.863110789025507565e-04,7.871861922538845420e+02,7.870399905159044920e+02,5.741708154943638009e-02,1.295816608029658201e-01,-9.283355129404764157e+05,3.696387708860601196e-01,3.640283296462711315e-01,6.105526638838430867e+06,5.997047507831996307e+06,1.000000000000000000e+00
2.890121268167257442e-04,7.913954928793466479e+02,7.912339080689075672e+02,5.742039348172073288e-02,1.301438607361005972e-01,-9.280938970212438144e+05,3.818378425636437812e-01,3.725287369197844423e-01,6.280707702863722108e+06,6.118607881777552888e+06,1.000000000000000000e+00
2.917131747309007319e-04,7.956014819321829918e+02,7.954570262090848018e+02,5.742374402737106254e-02,1.307063698739523994e-01,-9.278514947515440872e+05,3.943540787291261451e-01,3.878802236629380062e-01,6.459528510087965988e+06,6.338104083613247611e+06,1.000000000000000000e+00
2.944142226450757738e-04,7.998042063266452715e+02,7.996546260266170520e+02,5.742713277477705380e-02,1.312691926927935238e-01,-9.276083219862260157e+05,4.071936670222642274e-01,4.009533172530002076e-01,6.642072682023853995e+06,6.524010419967443682e+06,1.000000000000000000e+00
2.971152705592507615e-04,8.040037117188519460e+02,8.038416592155383569e+02,5.743055931208450315e-02,1.318323335276563590e-01,-9.273643949583569774e+05,4.203630421249990312e-01,4.102481477253959730e-01,6.828428643023428507e+06,6.654846837282586843e+06,1.000000000000000000e+00
2.998163184734257492e-04,8.082000425224655373e+02,8.080539549126181100e+02,5.743402322699182189e-02,1.323957965746465626e-01,-9.271197303020564141e+05,4.338689063229456688e-01,4.271340503842417369e-01,7.018689716193354689e+06,6.893247701143366285e+06,1.000000000000000000e+00
3.025173663876007911e-04,8.123932419233387918e+02,8.122406522830243603e+02,5.743752410654377749e-02,1.329595858931365282e-01,-9.268743450753954239e+05,4.477182524369409666e-01,4.408884531482854530e-01,7.212954227856734768e+06,7.086142729683888145e+06,1.000000000000000000e+00
3.052184143017757788e-04,8.165833518931499384e+02,8.164202746586150852e+02,5.744106153692240396e-02,1.335237054078408647e-01,-9.266282567833424546e+05,4.619183926098905379e-01,4.509862759954629818e-01,7.411325641461068764e+06,7.226126363357924856e+06,1.000000000000000000e+00
3.079194622159507665e-04,8.207704132020444376e+02,8.206225084471398077e+02,5.744463510323551125e-02,1.340881589107734140e-01,-9.263814834007598693e+05,4.764770019418412272e-01,4.694082440312073445e-01,7.613912770840843208e+06,7.483501981014491059e+06,1.000000000000000000e+00
3.106205101301258084e-04,8.249544654302897015e+02,8.247992080596065989e+02,5.744824438930295346e-02,1.346529500630835319e-01,-9.261340433954185573e+05,4.914022003195465671e-01,4.840509534146650861e-01,7.820830199776642025e+06,7.686536712250279263e+06,1.000000000000000000e+00
3.133215580443007961e-04,8.291355469789252766e+02,8.289706984892025048e+02,5.745188897744135659e-02,1.352180823967623624e-01,-9.258859557510269806e+05,5.067027325787102354e-01,4.950166132947237396e-01,8.032199275970351882e+06,7.836708889445582405e+06,1.000000000000000000e+00
3.187236538726508257e-04,8.374889572789932117e+02,8.373312506634109695e+02,5.745928274188378398e-02,1.363493914757101244e-01,-9.253879767786745215e+05,5.384503599471504032e-01,5.306911361607621336e-01,8.468528794592574239e+06,8.328787012563207187e+06,1.000000000000000000e+00
3.241257497010008011e-04,8.458309350032301381e+02,8.456783845455939854e+02,5.746681232113388244e-02,1.374821001291239020e-01,-9.248875979606864275e+05,5.718051335429343851e-01,5.639958580323918280e-01,8.924174645708795637e+06,8.783902381025392562e+06,1.000000000000000000e+00
3.295278455293508308e-04,8.541617451876787754e+02,8.539917799598366628e+02,5.747447431097391785e-02,1.386162320698493544e-01,-9.243849923042171868e+05,6.068471459944242419e-01,5.937748969183966885e-01,9.400274155687667429e+06,9.186286278827641159e+06,1.000000000000000000e+00
3.322288934435258185e-04,8.583230332326533016e+02,8.581676879821712873e+02,5.747835369562173669e-02,1.391838351995896561e-01,-9.241328848873956595e+05,6.250371712162796634e-01,6.168419528137489838e-01,9.646531326890487224e+06,9.501563936143007129e+06,1.000000000000000000e+00
3.349299413577008604e-04,8.624816163189572080e+02,8.623196197792941575e+02,5.748226496112897321e-02,1.397518032714635816e-01,-9.238803029128490016e+05,6.436837237150534463e-01,6.354988913251587990e-01,9.898386052115989849e+06,9.753910116052431986e+06,1.000000000000000000e+00
3.376309892718758481e-04,8.666375225777835567e+02,8.664639323047007338e+02,5.748620766639810781e-02,1.403201387150559420e-01,-9.236272710524166469e+05,6.627996600179089093e-01,6.492186159602787443e-01,1.015601132083757967e+07,9.935929388905163854e+06,1.000000000000000000e+00
3.403320371860508358e-04,8.707907790206326126e+02,8.706328033005743237e+02,5.749018136659140438e-02,1.408888438420436984e-01,-9.233738147264532745e+05,6.823982071852241482e-01,6.735535519098405643e-01,1.041958535701032169e+07,1.026530715014240704e+07,1.000000000000000000e+00
3.430330851002258777e-04,8.749414115406087831e+02,8.747782261187749100e+02,5.749418561290284974e-02,1.414579208466956450e-01,-9.231199601273572771e+05,7.024931025885178260e-01,6.939547926834123137e-01,1.068929248467628472e+07,1.053895749520540237e+07,1.000000000000000000e+00
3.457341330144008654e-04,8.790894449129721124e+02,8.789125891920749609e+02,5.749821995232907990e-02,1.420273718062753932e-01,-9.228657342432293808e+05,7.230986599644011470e-01,7.086675409172931150e-01,1.096532353597928397e+07,1.073244141018827818e+07,1.000000000000000000e+00
3.484351809285758531e-04,8.832349027949243236e+02,8.830742617150418710e+02,5.750228392743973044e-02,1.425971986813416303e-01,-9.226111648816617671e+05,7.442298070675581467e-01,7.346184234247279399e-01,1.124787610549767874e+07,1.108243963197091408e+07,1.000000000000000000e+00
3.511362288427508950e-04,8.873778077246201974e+02,8.872132545691484893e+02,5.750637707614723176e-02,1.431674033159419657e-01,-9.223562806936734123e+05,7.659021122515274893e-01,7.573540200909782971e-01,1.153715474622225948e+07,1.138667286716599949e+07,1.000000000000000000e+00
3.538372767569258827e-04,8.915181811194061083e+02,8.913371438289666457e+02,5.751049893147623659e-02,1.437379874376996380e-01,-9.221011111977905966e+05,7.881318066380993415e-01,7.731568768968896110e-01,1.183337114276035316e+07,1.159303844091988355e+07,1.000000000000000000e+00
3.565383246711008704e-04,8.956560432732881054e+02,8.954923336858182665e+02,5.751464902133270052e-02,1.443089526577930048e-01,-9.218456868043032009e+05,8.109358044712018376e-01,8.005987871200126449e-01,1.213674427532761358e+07,1.196118127624820359e+07,1.000000000000000000e+00
3.592393725852759123e-04,8.997914133536304462e+02,8.996256246442667361e+02,5.751882686827261559e-02,1.448803004708270614e-01,-9.215900388397091301e+05,8.343317226858069091e-01,8.259707312357539299e-01,1.244750057950912416e+07,1.229956444661096483e+07,1.000000000000000000e+00
3.619404204994509000e-04,9.039243093970887912e+02,9.037388284308892707e+02,5.752303198927053579e-02,1.454520322545969080e-01,-9.213341995713415090e+05,8.583379001122284357e-01,8.428718097387175590e-01,1.276587410335901380e+07,1.251857326451567933e+07,1.000000000000000000e+00
3.646414684136258877e-04,9.080547483047819242e+02,9.078880133105365076e+02,5.752726389548797753e-02,1.460241492697440524e-01,-9.210782022322189296e+05,8.829734164943718877e-01,8.717579729334722360e-01,1.309210666203123517e+07,1.290390944157478213e+07,1.000000000000000000e+00
3.673425163278009296e-04,9.121827458367033614e+02,9.120159712897365125e+02,5.753152209204163287e-02,1.465966526593034946e-01,-9.208220810461167712e+05,9.082581114030431335e-01,9.002318120532992740e-01,1.342644798958116397e+07,1.328269287232399918e+07,1.000000000000000000e+00
3.700435642419759173e-04,9.163083166053754667e+02,9.161199112363470931e+02,5.753580607777170758e-02,1.471695434481436748e-01,-9.205658712528690230e+05,9.342126030854213115e-01,9.184683686472557840e-01,1.376915588737459108e+07,1.351765999484138936e+07,1.000000000000000000e+00
3.727446121561509050e-04,9.204314740687531184e+02,9.202615691073723383e+02,5.754011534501032171e-02,1.477428225422973695e-01,-9.203096091339139966e+05,9.608583072746095244e-01,9.486579743641752049e-01,1.412049636848134547e+07,1.391797487307903543e+07,1.000000000000000000e+00
3.754456600703259470e-04,9.245522305223751118e+02,9.243845893717143554e+02,5.754444937935017379e-02,1.483164907281842304e-01,-9.200533320380951045e+05,9.882174559755513288e-01,9.807315476156478473e-01,1.448074379744424671e+07,1.434363503305556811e+07,1.000000000000000000e+00
3.781467079845009347e-04,9.286705970907701158e+02,9.284814720130733576e+02,5.754880765941369075e-02,1.488905486717244653e-01,-9.197970784077212447e+05,1.016313116239860870e+00,1.000486625744961389e+00,1.485018102485879324e+07,1.459667818170231208e+07,1.000000000000000000e+00
3.808477558986759224e-04,9.327865837181209372e+02,9.326135847362138520e+02,5.755318965662261504e-02,1.494649969173434401e-01,-9.195408878048848128e+05,1.045169208939915606e+00,1.031771731754637322e+00,1.522909951626263559e+07,1.500880088135978021e+07,1.000000000000000000e+00
3.835488038128509643e-04,9.369001991581903894e+02,9.367319061052048710e+02,5.755759483496862561e-02,1.500398358868665627e-01,-9.192848009380553849e+05,1.074810527550897898e+00,1.068047147345180026e+00,1.561779947490143962e+07,1.548920143958583474e+07,1.000000000000000000e+00
3.862498517270259520e-04,9.410114509635120612e+02,9.408216920895334852e+02,5.756202265078483316e-02,1.506150658783049767e-01,-9.190288596889353357e+05,1.105262756948046876e+00,1.089533684453099394e+00,1.601658995801628381e+07,1.576313687471523136e+07,1.000000000000000000e+00
3.889508996412009397e-04,9.451203454738547407e+02,9.449441404051325435e+02,5.756647255251864242e-02,1.511906870645304268e-01,-9.187731071395892650e+05,1.136552492224857325e+00,1.121814064710717096e+00,1.642578898636884056e+07,1.618543764404484071e+07,1.000000000000000000e+00
3.916519475553759816e-04,9.492268878039615174e+02,9.490579769427516794e+02,5.757094398050630057e-02,1.517666994918397683e-01,-9.185175875998324482e+05,1.168707257536251820e+00,1.162946905542154186e+00,1.684572364679773897e+07,1.672891410369526781e+07,1.000000000000000000e+00
3.943529954695509693e-04,9.533310818305714065e+02,9.531408199154745944e+02,5.757543636674931908e-02,1.523431030784087037e-01,-9.182623466348989168e+05,1.201755524969075228e+00,1.186295334457136752e+00,1.727673018767085671e+07,1.702507525738557801e+07,1.000000000000000000e+00
3.970540433837259570e-04,9.574329301787295208e+02,9.572535880294760773e+02,5.757994913469319936e-02,1.529198976126334708e-01,-9.180074310933494708e+05,1.235726733439925784e+00,1.219398644013375943e+00,1.771915410716221482e+07,1.745481695253801346e+07,1.000000000000000000e+00
3.997550912979009989e-04,9.615324342073914750e+02,9.613630052941450685e+02,5.758448169900899638e-02,1.534970827513606473e-01,-9.177528891352365026e+05,1.270651307618360981e+00,1.266194358749076265e+00,1.817335023434805498e+07,1.807165671448339894e+07,1.000000000000000000e+00
4.024561392120759866e-04,9.656295939943294115e+02,9.654388428996644507e+02,5.758903346537792844e-02,1.540746580180042402e-01,-9.174987702605165541e+05,1.306560676870717863e+00,1.291647279361882727e+00,1.863968280316969380e+07,1.839306435868283361e+07,1.000000000000000000e+00
4.051571871262509743e-04,9.697244083203463560e+02,9.695418660149310881e+02,5.759360383027966462e-02,1.546526228005496162e-01,-9.172451253376922105e+05,1.343487294217332817e+00,1.325386961711991551e+00,1.911852551936230063e+07,1.882739139909205213e+07,1.000000000000000000e+00
4.078582350404260162e-04,9.738168746528070869e+02,9.736438858253077342e+02,5.759819218078476161e-02,1.552309763494431893e-01,-9.169920066326656379e+05,1.381464655292595989e+00,1.376488256803602539e+00,1.961026162048557401e+07,1.949766301378139853e+07,1.000000000000000000e+00
4.105592829546010039e-04,9.779069891284916594e+02,9.777158011623254197e+02,5.760279789435163167e-02,1.558097177753674789e-01,-9.167394678378069075e+05,1.420527317294216108e+00,1.406439880020939892e+00,2.011528392923019826e+07,1.987669570715054125e+07,1.000000000000000000e+00
4.132603308687759916e-04,9.819947465357823830e+02,9.818090298147700423e+02,5.760742033862899930e-02,1.563888460469013142e-01,-9.164875641012147535e+05,1.460710917904149753e+00,1.440586683540640678e+00,2.063399490019335598e+07,2.031221117919480428e+07,1.000000000000000000e+00
4.159613787829510335e-04,9.860801402961903932e+02,9.859036432690355696e+02,5.761205887126387426e-02,1.569683599880633829e-01,-9.162363520561418263e+05,1.502052194159456233e+00,1.496403837314684404e+00,2.116680666033205017e+07,2.104028921296427399e+07,1.000000000000000000e+00
4.186624266971260212e-04,9.901631624452302276e+02,9.899715645209871582e+02,5.761671283971621371e-02,1.575482582757390393e-01,-9.159858898505897960e+05,1.544589001245740834e+00,1.531624125613394449e+00,2.171414104330034554e+07,2.148656062239462137e+07,1.000000000000000000e+00
4.213634746113010089e-04,9.942438036126532097e+02,9.940549408299151537e+02,5.762138158108056490e-02,1.581285394369899011e-01,-9.157362371770336758e+05,1.588360331178809925e+00,1.565914295905263875e+00,2.227642961784966290e+07,2.191949825215931982e+07,1.000000000000000000e+00
4.240645225254760509e-04,9.983220530020468004e+02,9.981420410526330897e+02,5.762606442191552103e-02,1.587092018462444298e-01,-9.154874553022611653e+05,1.633406331330644834e+00,1.626945206939533373e+00,2.285411371019851416e+07,2.271082502338426560e+07,1.000000000000000000e+00
4.267655704396510386e-04,1.002397898369809241e+03,1.002205918305709247e+03,5.763076067808168418e-02,1.592902437223694956e-01,-9.152397731190201594e+05,1.679768314537505081e+00,1.668224984778979847e+00,2.344763941673220322e+07,2.323380054023158923e+07,1.000000000000000000e+00
4.294666183538260263e-04,1.006471325607581775e+03,1.006278354282000919e+03,5.763546965460195071e-02,1.598716631256976717e-01,-9.149930921038015513e+05,1.727488809641954948e+00,1.703323806649008842e+00,2.405747474030100182e+07,2.367275824606462941e+07,1.000000000000000000e+00
4.321676662680010682e-04,1.010542318333907360e+03,1.010358916095919653e+03,5.764019064549576882e-02,1.604534579550998541e-01,-9.147476024097497575e+05,1.776611531940195388e+00,1.769094421817956286e+00,2.468408534346076846e+07,2.451964523091635108e+07,1.000000000000000000e+00
4.348687141821761101e-04,1.014610858631079054e+03,1.014418541380867168e+03,5.764492293366028919e-02,1.610356259448564309e-01,-9.145033414869670523e+05,1.827181432450130316e+00,1.817371109018690367e+00,2.532795133762657642e+07,2.513047675427897647e+07,1.000000000000000000e+00
4.375697620963510978e-04,1.018676927088940602e+03,1.018477917407988912e+03,5.764966579074978781e-02,1.616181646612339651e-01,-9.142603472966861445e+05,1.879244707197672559e+00,1.855124923020893046e+00,2.598956257632623613e+07,2.559947508341050148e+07,1.000000000000000000e+00
4.402708100105260855e-04,1.022740502780999122e+03,1.022553777587862328e+03,5.765441847706717637e-02,1.622010714989239877e-01,-9.140186583302180516e+05,1.932848814125101455e+00,1.924070361808453589e+00,2.666941864279855788e+07,2.648002421294820681e+07,1.000000000000000000e+00
4.429718579247011274e-04,1.026801563239966526e+03,1.026608940154467518e+03,5.765918024146887005e-02,1.627843436773579733e-01,-9.137783136280229082e+05,1.988042489530521539e+00,1.980327557272461458e+00,2.736802883220797032e+07,2.718998450227829069e+07,1.000000000000000000e+00
4.456729058388761151e-04,1.030860084432740678e+03,1.030655069623918280e+03,5.766395032128351222e-02,1.633679782368977762e-01,-9.135393527989184950e+05,2.044875763978507344e+00,2.020912442201542536e+00,2.808591212809049338e+07,2.769049325449432433e+07,1.000000000000000000e+00
4.483739537530511028e-04,1.034916040734836315e+03,1.034726112049472931e+03,5.766872794224572885e-02,1.639519720349003618e-01,-9.133018160393954022e+05,2.103399977615037830e+00,2.093080570005378060e+00,2.882359717279629409e+07,2.860437245299884304e+07,1.000000000000000000e+00
4.510750016672261447e-04,1.038969404904277781e+03,1.038776488115846632e+03,5.767351231844547454e-02,1.645363217416560553e-01,-9.130657441530508222e+05,2.163667794815806733e+00,2.158429811188119274e+00,2.958162223163253441e+07,2.942599183089439943e+07,1.000000000000000000e+00
4.537760495814011324e-04,1.043020148054962419e+03,1.042809156960921428e+03,5.767830265229408754e-02,1.651210238362004201e-01,-9.128311785701200133e+05,2.225733218093461918e+00,2.202075171843576928e+00,3.036053515033911914e+07,2.996013933022269607e+07,1.000000000000000000e+00
4.564770974955761201e-04,1.047068239629506934e+03,1.046875224464038183e+03,5.768309813450779588e-02,1.657060746019977382e-01,-9.125981613671057858e+05,2.289651601186160068e+00,2.277486406256600038e+00,3.116089330545764789e+07,3.090662971970328689e+07,1.000000000000000000e+00
4.591781454097511620e-04,1.051113647371587376e+03,1.050920445541153640e+03,5.768789794410963262e-02,1.662914701224967318e-01,-9.123667352865015855e+05,2.355479661246826062e+00,2.353110873719565621e+00,3.198326354708325118e+07,3.185281019126340374e+07,1.000000000000000000e+00
4.618791933239261497e-04,1.055156337297784603e+03,1.054943629300585826e+03,5.769270124845065489e-02,1.668772062765576658e-01,-9.121369437565791886e+05,2.423275490050071035e+00,2.400681053534797993e+00,3.282822213341614604e+07,3.243097971851409599e+07,1.000000000000000000e+00
4.645802412381011375e-04,1.059196273668946560e+03,1.059000264499891273e+03,5.769750720325135529e-02,1.674632787337497208e-01,-9.119088309112578863e+05,2.493098564130896477e+00,2.478844306526551300e+00,3.369635465646692365e+07,3.340272818392622471e+07,1.000000000000000000e+00
4.672812891522761794e-04,1.063233418961080361e+03,1.063039811652943399e+03,5.770231495266421595e-02,1.680496829495196076e-01,-9.116824416100254748e+05,2.565009753767376388e+00,2.566182426064674615e+00,3.458825595820160210e+07,3.448926018302904814e+07,1.000000000000000000e+00
4.699823370664511671e-04,1.067267733835783474e+03,1.067054705474906314e+03,5.770712362935833534e-02,1.686364141602294531e-01,-9.114578214579172200e+05,2.639071330717382757e+00,2.618313178223826920e+00,3.550453003635493666e+07,3.511854514517259598e+07,1.000000000000000000e+00
4.726833849806261548e-04,1.071299177110231767e+03,1.071100230038921609e+03,5.771193235462693250e-02,1.692234673780656506e-01,-9.112350168255206663e+05,2.715346974617357745e+00,2.698821028934729416e+00,3.644578993908192962e+07,3.610930884919542074e+07,1.000000000000000000e+00
4.753844328948011967e-04,1.075327705726733711e+03,1.075133656464390924e+03,5.771674023851888768e-02,1.698108373858169262e-01,-9.110140748690166511e+05,2.793901777949729937e+00,2.799134841177442823e+00,3.741265764756846428e+07,3.734870623502203077e+07,1.000000000000000000e+00
4.780854808089761844e-04,1.079353274721866455e+03,1.079139893997734362e+03,5.772154637999499932e-02,1.703985187315227301e-01,-9.107950435502221808e+05,2.874802249483922711e+00,2.856259250551087980e+00,3.840576394567427784e+07,3.803329851397426426e+07,1.000000000000000000e+00
4.807865287231511721e-04,1.083375837195206714e+03,1.083174118042779810e+03,5.772634986710999117e-02,1.709865057229919549e-01,-9.105779716566435527e+05,2.958116316094306697e+00,2.938941513289391239e+00,3.942574827563931793e+07,3.904017588272427768e+07,1.000000000000000000e+00
4.834875766373262140e-04,1.087395344277675122e+03,1.087200850169268278e+03,5.773114977722125507e-02,1.715747924221918685e-01,-9.103629088215022348e+05,3.043913322857492165e+00,3.053683796436961639e+00,4.047325857884670049e+07,4.044687759311595559e+07,1.000000000000000000e+00
4.861886245515012017e-04,1.091411745099503833e+03,1.091198030286795074e+03,5.773594517722516195e-02,1.721633726395082331e-01,-9.101499055437300121e+05,3.132264031329749177e+00,3.116243694421494848e+00,4.154895112060653418e+07,4.119087364963618666e+07,1.000000000000000000e+00
4.888896724656761894e-04,1.095424986757852139e+03,1.095220688676678947e+03,5.774073512382179446e-02,1.727522399278770826e-01,-9.099390132079183822e+05,3.223240615904500395e+00,3.200989738300978882e+00,4.265349029789020866e+07,4.221190801919407398e+07,1.000000000000000000e+00
4.915907203798512313e-04,1.099435014284079443e+03,1.099237940094604028e+03,5.774551866380916998e-02,1.733413875767884915e-01,-9.097302841041849460e+05,3.316916658148373998e+00,3.327221082994075374e+00,4.378754842892755568e+07,4.374452467115561664e+07,1.000000000000000000e+00
4.942917682940262732e-04,1.103441770610699677e+03,1.103227703737559750e+03,5.775029483440773104e-02,1.739308086061642777e-01,-9.095237714479663409e+05,3.413367139013414153e+00,3.400219254558529247e+00,4.495180552355106175e+07,4.460915174457708001e+07,1.000000000000000000e+00
4.969928162082012067e-04,1.107445196538034679e+03,1.107238428571355144e+03,5.775506266361601915e-02,1.745204957601094731e-01,-9.093195293996806722e+05,3.512668428821596578e+00,3.487050801271168066e+00,4.614694903315741569e+07,4.564426179640897363e+07,1.000000000000000000e+00
4.996938641223762486e-04,1.111445230700587445e+03,1.111245348205938171e+03,5.775982117059833693e-02,1.751104415005400594e-01,-9.091176130842615385e+05,3.614898274916745091e+00,3.625031372047026412e+00,4.737367357913949341e+07,4.730238207588700950e+07,1.000000000000000000e+00
5.023949120365512905e-04,1.115441809533155720e+03,1.115227372044633739e+03,5.776456936610539078e-02,1.757006380006876367e-01,-9.089180786105252337e+05,3.720135786877514228e+00,3.710211735197622929e+00,4.863268065862398595e+07,4.830606424062588811e+07,1.000000000000000000e+00
5.050959599507262240e-04,1.119434867236710943e+03,1.119225879155846997e+03,5.776930625292855254e-02,1.762910771384832154e-01,-9.087209830903524999e+05,3.828461419183637027e+00,3.798946766726302382e+00,4.992467832634145021e+07,4.935252220697548985e+07,1.000000000000000000e+00
5.077970078649012660e-04,1.123424335744065274e+03,1.123221905994834060e+03,5.777403082638874615e-02,1.768817504898219650e-01,-9.085263846576426877e+05,3.939956951226304405e+00,3.949623120470522775e+00,5.125038085143959522e+07,5.114404613913827389e+07,1.000000000000000000e+00
5.104980557790763079e-04,1.127410144685353089e+03,1.127195322909557262e+03,5.777874207486053543e-02,1.774726493217105849e-01,-9.083343424870152958e+05,4.054705464551354055e+00,4.048324179327132732e+00,5.261050834803477675e+07,5.229965484161692858e+07,1.000000000000000000e+00
5.131991036932512414e-04,1.131392221353350806e+03,1.131181143644878830e+03,5.778343898033232173e-02,1.780637645853005990e-01,-9.081449168122381670e+05,4.172791317222927177e+00,4.139053884044812115e+00,5.400578637829521298e+07,5.335846077622354776e+07,1.000000000000000000e+00
5.159001516074262833e-04,1.135370490668670072e+03,1.135165653953887613e+03,5.778812051900329011e-02,1.786550869088094629e-01,-9.079581689443127252e+05,4.294300115192470457e+00,4.303426535432779865e+00,5.543694552681996673e+07,5.529156804850676656e+07,1.000000000000000000e+00
5.186011995216013252e-04,1.139344875144846355e+03,1.139129701080743416e+03,5.779278566191777683e-02,1.792466065903322858e-01,-9.077741612892203266e+05,4.419318680556409973e+00,4.416682722991784438e+00,5.690472094508053362e+07,5.660738996280907094e+07,1.000000000000000000e+00
5.213022474357763671e-04,1.143315294853358409e+03,1.143101132350777334e+03,5.779743337563775923e-02,1.798383135905479713e-01,-9.075929573652547551e+05,4.547935016583449119e+00,4.512000523420272025e+00,5.840985186466674507e+07,5.770842903680057079e+07,1.000000000000000000e+00
5.240032953499514090e-04,1.147281667388614096e+03,1.147074613377760897e+03,5.780206262295395359e-02,1.804301975253226609e-01,-9.074146218199178111e+05,4.680238269390226691e+00,4.688899012715715742e+00,5.995308107807325572e+07,5.976614302203837037e+07,1.000000000000000000e+00
5.267043432641263425e-04,1.151243907832930290e+03,1.151028138762093477e+03,5.780667236363611766e-02,1.810222476582138695e-01,-9.072392204463243252e+05,4.816318686141498162e+00,4.818451873762886528e+00,6.153515438574459404e+07,6.125914462614315003e+07,1.000000000000000000e+00
5.294053911783013844e-04,1.155201928721551440e+03,1.154983403438457117e+03,5.781126155522312016e-02,1.816144528928804180e-01,-9.070668201990717789e+05,4.956267569649121185e+00,4.921539166488472894e+00,6.315682000808869302e+07,6.243854875502055883e+07,1.000000000000000000e+00
5.321064390924764263e-04,1.159155640007739294e+03,1.158946273173934742e+03,5.781582915385301280e-02,1.822068017654006611e-01,-9.068974892095254036e+05,5.100177229241124266e+00,5.109026060421574478e+00,6.481882796115730703e+07,6.459496086025474966e+07,1.000000000000000000e+00
5.348074870066513598e-04,1.163104949027976545e+03,1.162888620065570422e+03,5.782037411513363256e-02,1.827992824365054503e-01,-9.067312968004599679e+05,5.248140927770890585e+00,5.255229393188111331e+00,6.652192939468786120e+07,6.626374781196148694e+07,1.000000000000000000e+00
5.375085349208264017e-04,1.167049760467327133e+03,1.166827654014633936e+03,5.782489539505397680e-02,1.833918826837293847e-01,-9.065683135000192560e+05,5.400252824633840376e+00,5.365721033144635221e+00,6.826687589120085537e+07,6.751441739429865777e+07,1.000000000000000000e+00
5.402095828350014436e-04,1.170989976324995723e+03,1.170778937906206011e+03,5.782939195093648316e-02,1.839845898934860113e-01,-9.064086110549162840e+05,5.556607914657626601e+00,5.564577887176429094e+00,7.005441872484797239e+07,6.977584587520940602e+07,1.000000000000000000e+00
5.429106307491763771e-04,1.174925495880134349e+03,1.174708726782639133e+03,5.783386274243046410e-02,1.845773910530726925e-01,-9.062522624428152340e+05,5.717301962731147214e+00,5.729322364934222200e+00,7.188530807873222232e+07,7.163828549976278841e+07,1.000000000000000000e+00
5.456116786633514191e-04,1.178856215657944631e+03,1.178630561923280993e+03,5.783830673254666127e-02,1.851702727426109973e-01,-9.060993418838621583e+05,5.882431434036611506e+00,5.848955306248545760e+00,7.376029221944342554e+07,7.297978556440740824e+07,1.000000000000000000e+00
5.483127265775264610e-04,1.182782029396123562e+03,1.182569178354733594e+03,5.784272288873287815e-02,1.857632211269283351e-01,-9.059499248512531631e+05,6.052093419749064118e+00,6.060106185213602892e+00,7.568011662760262191e+07,7.535393594930502772e+07,1.000000000000000000e+00
5.510137744917013945e-04,1.186702828011710380e+03,1.186485510640165785e+03,5.784711018399056603e-02,1.863562219473882675e-01,-9.058040880808065413e+05,6.226385558068441739e+00,6.243812218416215032e+00,7.764552308328300714e+07,7.740890847448104620e+07,1.000000000000000000e+00
5.537148224058764364e-04,1.190618499568387278e+03,1.190389948076122892e+03,5.785146759803207889e-02,1.869492605136764130e-01,-9.056619095794552704e+05,6.405405950448802344e+00,6.372321872766984363e+00,7.965724870527081192e+07,7.883512774493759871e+07,1.000000000000000000e+00
5.564158703200514783e-04,1.194528929244288520e+03,1.194314684452948541e+03,5.785579411847820153e-02,1.875423216955486028e-01,-9.055234686325868824e+05,6.589253072888423546e+00,6.596952688853332525e+00,8.171602494327595830e+07,8.133249538304714859e+07,1.000000000000000000e+00
5.591169182342264118e-04,1.198433999300384130e+03,1.198216351476794898e+03,5.786008874209555564e-02,1.881353899145500330e-01,-9.053888458101599244e+05,6.778025682138056673e+00,6.800468770078727410e+00,8.382257652237819135e+07,8.358427185401432216e+07,1.000000000000000000e+00
5.618179661484014537e-04,1.202333589049496823e+03,1.202102808443385811e+03,5.786435047607311338e-02,1.887284491357132943e-01,-9.052581229715053923e+05,6.971822716669025866e+00,6.938236100766106418e+00,8.597762033924831450e+07,8.509747691043947637e+07,1.000000000000000000e+00
5.645190140625764956e-04,1.206227574826014006e+03,1.206012427724849204e+03,5.786857833933722883e-02,1.893214828592438836e-01,-9.051313832687520189e+05,7.170743192205614847e+00,7.177438608874692427e+00,8.818186430998374522e+07,8.772689946867240965e+07,1.000000000000000000e+00
5.672200619767514291e-04,1.210115829956369453e+03,1.209897975084808650e+03,5.787277136390409776e-02,1.899144741122022473e-01,-9.050087111487699440e+05,7.374886091547814715e+00,7.402117102451127195e+00,9.043600616976052523e+07,9.018577807607802749e+07,1.000000000000000000e+00
5.699211098909264710e-04,1.213998224730355332e+03,1.213765356095253082e+03,5.787692859626880626e-02,1.905074054401927897e-01,-9.048901923535626847e+05,7.584350248255693039e+00,7.551069392180463247e+00,9.274073222495472431e+07,9.180701939861381054e+07,1.000000000000000000e+00
5.726221578051015129e-04,1.217874626373341926e+03,1.217658436168987691e+03,5.788104909882960114e-02,1.911002588990683149e-01,-9.047759139190100832e+05,7.799234223464043936e+00,7.806546392311984661e+00,9.509671605881801248e+07,9.458382631604392827e+07,1.000000000000000000e+00
5.753232057192764464e-04,1.221744899019475270e+03,1.221526589971266503e+03,5.788513195134597361e-02,1.916930160466626121e-01,-9.046659641718665371e+05,8.019636174529289008e+00,8.052896229206387702e+00,9.750461719229583442e+07,9.724951699597172439e+07,1.000000000000000000e+00
5.780242536334514883e-04,1.225608903685930954e+03,1.225374390290103520e+03,5.788917625242909898e-02,1.922856579345610661e-01,-9.045604327249327907e+05,8.245653713153744846e+00,8.212978743248868341e+00,9.996507970204092562e+07,9.897505081522169709e+07,1.000000000000000000e+00
5.807253015476265302e-04,1.229466498248296602e+03,1.229249638999109948e+03,5.789318112106266873e-02,1.928781650999227271e-01,-9.044594104702932527e+05,8.477383748683134712e+00,8.485281788785455248e+00,1.024787307985716909e+08,1.019004634022780359e+08,1.000000000000000000e+00
5.834263494618014637e-04,1.233317537417167387e+03,1.233099092785231733e+03,5.789714569815205408e-02,1.934705175573669944e-01,-9.043629895705166273e+05,8.714922308671106066e+00,8.753087817749841903e+00,1.050461793705474138e+08,1.047644830028529912e+08,1.000000000000000000e+00
5.861273973759765056e-04,1.237161872716029393e+03,1.236927352747301939e+03,5.790106914809934474e-02,1.940626947909426803e-01,-9.042712634477531537e+05,8.958364322009375158e+00,8.924956545860965207e+00,1.076680145154548734e+08,1.065989420853254497e+08,1.000000000000000000e+00
5.888284452901515476e-04,1.240999352460511318e+03,1.240782226574902779e+03,5.790495066040107081e-02,1.946546757461984911e-01,-9.041843267706115730e+05,9.207803336044348086e+00,9.216280610686991892e+00,1.103448041552774459e+08,1.096931124400384575e+08,1.000000000000000000e+00
5.915294932043264810e-04,1.244829821739077715e+03,1.244611392427614419e+03,5.790878945126469446e-02,1.952464388223837388e-01,-9.041022754387502791e+05,9.463331103034622771e+00,9.505971905620409501e+00,1.130770943338125348e+08,1.127551109479466975e+08,1.000000000000000000e+00
5.942305411185015230e-04,1.248653122395179707e+03,1.248418602918452962e+03,5.791258476523763327e-02,1.958379618648219411e-01,-9.040252065651600715e+05,9.725036823403399922e+00,9.691438397188109732e+00,1.158654133438890278e+08,1.147171391726004034e+08,1.000000000000000000e+00
5.996326369468514984e-04,1.256277796974420426e+03,1.256059509987551337e+03,5.792004291357305545e-02,1.970202222878192078e-01,-9.038862824333708268e+05,1.026704111453399193e+01,1.031372832196377232e+01,1.216095459423737228e+08,1.212327849116735756e+08,1.000000000000000000e+00
6.050347327752015822e-04,1.263871866276305127e+03,1.263654918751559762e+03,5.792731959213830162e-02,1.982012437970648022e-01,-9.037684215491650393e+05,1.083475418402342427e+01,1.084662767294972063e+01,1.275828240029478669e+08,1.267823130724775493e+08,1.000000000000000000e+00
6.104368286035515576e-04,1.271433949470660536e+03,1.271200027831777334e+03,5.793440996024198930e-02,1.993808288887669866e-01,-9.036724404304801719e+05,1.142882283034723656e+01,1.139217925771374418e+01,1.337881791633803248e+08,1.324266307114652395e+08,1.000000000000000000e+00
6.158389244319015330e-04,1.278962612957776400e+03,1.278744964829098990e+03,5.794130979050240993e-02,2.005587705470663895e-01,-9.035991724079233827e+05,1.204984181229470153e+01,1.210411516497983442e+01,1.402279335833503306e+08,1.397064297708772719e+08,1.000000000000000000e+00
6.212410202602516168e-04,1.286456370322258863e+03,1.286240889084390574e+03,5.794801552265501504e-02,2.017348520488150554e-01,-9.035494663933849661e+05,1.269835067539863793e+01,1.271683953939101563e+01,1.469037113552370369e+08,1.459472517003626525e+08,1.000000000000000000e+00
6.266431160886015922e-04,1.293913682458398853e+03,1.293681778182259904e+03,5.795452431660096104e-02,2.029088467876614676e-01,-9.035241854420066811e+05,1.337483072435140130e+01,1.333384142845153875e+01,1.538163352005208433e+08,1.521961662037984431e+08,1.000000000000000000e+00
6.293441640027766341e-04,1.297628036963352770e+03,1.297413788299852968e+03,5.795770400259275812e-02,2.034949711515925408e-01,-9.035210531690884382e+05,1.372386704996932849e+01,1.374667614881131250e+01,1.573627879447079301e+08,1.563224292549827397e+08,1.000000000000000000e+00
6.320452119169515676e-04,1.301332664311723647e+03,1.301116485691539765e+03,5.796083355199488363e-02,2.040804835217542301e-01,-9.035243729234453058e+05,1.408005759599323881e+01,1.413716089259621178e+01,1.609684697684432864e+08,1.602135108612840474e+08,1.000000000000000000e+00
6.347462598311266095e-04,1.305027357118706732e+03,1.304797818960729501e+03,5.796391283544949369e-02,2.046653526659106270e-01,-9.035342560091628693e+05,1.444343759147933781e+01,1.439861437435658686e+01,1.646332521658675969e+08,1.628558313297265768e+08,1.000000000000000000e+00
6.374473077453016515e-04,1.308711904792870882e+03,1.308499347656874761e+03,5.796694177807122650e-02,2.052495467078660485e-01,-9.035508142586954636e+05,1.481403811620024413e+01,1.484003511431327205e+01,1.683569340694024861e+08,1.672106132104552686e+08,1.000000000000000000e+00
6.401483556594765850e-04,1.312386093563311078e+03,1.312171061293266803e+03,5.796992036081491384e-02,2.058330331250972367e-01,-9.035741599611896090e+05,1.519188490358234311e+01,1.524676133017224444e+01,1.721392461025020778e+08,1.712180428881231546e+08,1.000000000000000000e+00
6.428494035736516269e-04,1.316049706512175817e+03,1.315823120523879652e+03,5.797284862180188125e-02,2.064157787469723393e-01,-9.036044057860380271e+05,1.557699761848820863e+01,1.552681030209202362e+01,1.759798489769318104e+08,1.740227680191323757e+08,1.000000000000000000e+00
6.455504514878266688e-04,1.319702523609830223e+03,1.319491860496988011e+03,5.797572665757883686e-02,2.069977497533360133e-01,-9.036416647030531894e+05,1.596938931681972207e+01,1.600226000533205806e+01,1.798783309473893940e+08,1.786514220349519849e+08,1.000000000000000000e+00
6.482514994020016023e-04,1.323344321755586634e+03,1.323130434261171331e+03,5.797855462431586449e-02,2.075789116738122886e-01,-9.036860498979539843e+05,1.636906598780566569e+01,1.642534124763223957e+01,1.838342050716718137e+08,1.827738040757557750e+08,1.000000000000000000e+00
6.509525473161766442e-04,1.326974874821310777e+03,1.326751677553237187e+03,5.798133273892202427e-02,2.081592293875605681e-01,-9.037376746844707523e+05,1.677602613975646761e+01,1.672368947004092732e+01,1.878469064448550045e+08,1.857333724876284003e+08,1.000000000000000000e+00
6.536535952303516861e-04,1.330593953700871452e+03,1.330385810330273443e+03,5.798406128008645743e-02,2.087386671238335989e-01,-9.037966524117728695e+05,1.719026040469983485e+01,1.722836065104736392e+01,1.919157894145957828e+08,1.905780460722543299e+08,1.000000000000000000e+00
6.563546431445266196e-04,1.334201326362723648e+03,1.333989214765138968e+03,5.798674058922458768e-02,2.093171884630536661e-01,-9.038630963684653398e+05,1.761175115410700087e+01,1.766171807993791631e+01,1.960401248149029315e+08,1.947547761342147291e+08,1.000000000000000000e+00
6.590556910587016615e-04,1.337796757908616655e+03,1.337577658106334411e+03,5.798937107133743385e-02,2.098947563387637827e-01,-9.039371196819262113e+05,1.804047211692942909e+01,1.798067900272067376e+01,2.002190972022050619e+08,1.978894999008972049e+08,1.000000000000000000e+00
6.617567389728767034e-04,1.341380010635682538e+03,1.341174877503421612e+03,5.799195319576452151e-02,2.104713330401561111e-01,-9.040188352142124204e+05,1.847638800060417452e+01,1.851833109969357238e+01,2.044518021277127862e+08,2.029770438408592045e+08,1.000000000000000000e+00
6.644577868870516369e-04,1.344950844104920634e+03,1.344740834246433906e+03,5.799448749683797089e-02,2.110468802155442969e-01,-9.041083554533346323e+05,1.891945411095380791e+01,1.896087355509698114e+01,2.087372434320303202e+08,2.071969621905496418e+08,1.000000000000000000e+00
6.671588348012266788e-04,1.348509015213312296e+03,1.348294780486366790e+03,5.799697457441924803e-02,2.116213588764730980e-01,-9.042057924011425348e+05,1.936961597421400327e+01,1.929911308753478139e+01,2.130743305970627367e+08,2.104875705978183150e+08,1.000000000000000000e+00
6.698598827154017207e-04,1.352054278272577221e+03,1.351852781463420342e+03,5.799941509432588599e-02,2.121947294028381503e-01,-9.043112574566793628e+05,1.982680895863543213e+01,1.987312809836025451e+01,2.174618761435444355e+08,2.158394061726460457e+08,1.000000000000000000e+00
6.725609306295766542e-04,1.355586385091804686e+03,1.355378730810215757e+03,5.800180978863045400e-02,2.127669515487023988e-01,-9.044248612962077605e+05,2.029095789963961494e+01,2.032545627445232128e+01,2.218985931097781062e+08,2.201102701399722695e+08,1.000000000000000000e+00
6.752619785437516961e-04,1.359105085066952370e+03,1.358895938543860439e+03,5.800415945583902583e-02,2.133379844491888888e-01,-9.045467137488594744e+05,2.076197672640484626e+01,2.068584805855383024e+01,2.263830926023022532e+08,2.235817657611998916e+08,1.000000000000000000e+00
6.779630264579267380e-04,1.362610125274446318e+03,1.362412683103999598e+03,5.800646496093243148e-02,2.139077866281282880e-01,-9.046769236690854887e+05,2.123976809378507369e+01,2.128838929718901340e+01,2.309138814554215074e+08,2.291138219388617575e+08,1.000000000000000000e+00
6.806640743721016715e-04,1.366101250571847004e+03,1.365896469821848086e+03,5.800872723527739083e-02,2.144763160068464958e-01,-9.048155988049358130e+05,2.172422301707362635e+01,2.174179659936021736e+01,2.354893599954160154e+08,2.333534504548440874e+08,1.000000000000000000e+00
6.833651222862767135e-04,1.369578203702825249e+03,1.369375036541588997e+03,5.801094727639204834e-02,2.150435299137652412e-01,-9.049628456633165479e+05,2.221522051223985272e+01,2.212147489345871065e+01,2.401078199544126391e+08,2.369710248477031589e+08,1.000000000000000000e+00
6.860661702004517554e-04,1.373040725409365450e+03,1.372848126496422537e+03,5.801312614757268143e-02,2.156093850952031099e-01,-9.051187693713401677e+05,2.271262723657394389e+01,2.276250276081143653e+01,2.447674425537427366e+08,2.427625382799202204e+08,1.000000000000000000e+00
6.887672181146266889e-04,1.376488554548455340e+03,1.376286966160033671e+03,5.801526497736751026e-02,2.161738377270473466e-01,-9.052834735349122202e+05,2.321629712570299375e+01,2.322226533106310598e+01,2.494662968744771183e+08,2.470235554903789163e+08,1.000000000000000000e+00
6.914682660288017308e-04,1.379921428216110371e+03,1.379723347522827908e+03,5.801736495890372214e-02,2.167368434276867040e-01,-9.054570600937521085e+05,2.372607100138761993e+01,2.363149004147349430e+01,2.542023388492826819e+08,2.508699040035236180e+08,1.000000000000000000e+00
6.943857272135537523e-04,1.383612255454842852e+03,1.383425770683999872e+03,5.801959097021425898e-02,2.173432824121144802e-01,-9.056546430297928164e+05,2.428333581861591739e+01,2.434741386958413045e+01,2.593570627939705551e+08,2.572388934038627744e+08,1.000000000000000000e+00
6.973031883983058822e-04,1.387284992803142131e+03,1.387084077452419251e+03,5.802177480613965321e-02,2.179479237805549696e-01,-9.058628273218377726e+05,2.484728426199406215e+01,2.481148433835596379e+01,2.645497630225929916e+08,2.615302556972991824e+08,1.000000000000000000e+00
7.002206495830580121e-04,1.390939303161215776e+03,1.390749145279631875e+03,5.802391821602811278e-02,2.185507095408577016e-01,-9.060817336460704682e+05,2.541766293011873046e+01,2.535226309255966015e+01,2.697774004488653541e+08,2.664432995707766712e+08,1.000000000000000000e+00
7.031381107678101421e-04,1.394574847820586911e+03,1.394394160831098816e+03,5.802602303102739195e-02,2.191515810313832135e-01,-9.063114795514291618e+05,2.599419904681947813e+01,2.605418672063207453e+01,2.750367747407836914e+08,2.726153643411554098e+08,1.000000000000000000e+00
7.060555719525622720e-04,1.398191286691349887e+03,1.397989714039145838e+03,5.802809116190195404e-02,2.197504789484871213e-01,-9.065521792275641346e+05,2.657660023205266242e+01,2.648014548190246131e+01,2.803245228189373016e+08,2.765730581101643443e+08,1.000000000000000000e+00
7.089730331373142935e-04,1.401788278540782812e+03,1.401607045905997438e+03,5.803012459660175648e-02,2.203473433761421740e-01,-9.068039432694643037e+05,2.716455426581287469e+01,2.713101705183060375e+01,2.856371182258594632e+08,2.823006531898193359e+08,1.000000000000000000e+00
7.118904943220663150e-04,1.405365481240123245e+03,1.405185082885534484e+03,5.803212539757521271e-02,2.209421138172817656e-01,-9.070668784401240991e+05,2.775772887914931530e+01,2.776701738501306593e+01,2.909708710572350621e+08,2.878761073937482238e+08,1.000000000000000000e+00
7.148079555068184449e-04,1.408922552022560467e+03,1.408731641716851527e+03,5.803409569883778707e-02,2.215347292273071034e-01,-9.073410874308445491e+05,2.835577158355562233e+01,2.821824740364730033e+01,2.963219283798112869e+08,2.920091955089282990e+08,1.000000000000000000e+00
7.177254166915705749e-04,1.412459147749312251e+03,1.412288083644994913e+03,5.803603770279125440e-02,2.221251280493493629e-01,-9.076266686204980360e+05,2.895830954921223110e+01,2.894605807188822411e+01,3.016862751527020931e+08,2.982269127316742539e+08,1.000000000000000000e+00
7.206428778763227048e-04,1.415974925186638757e+03,1.415794999070608128e+03,5.803795367680616990e-02,2.227132482517052148e-01,-9.079237158334983978e+05,2.956494953561872308e+01,2.950640463274104519e+01,3.070597356525653601e+08,3.031578078658111691e+08,1.000000000000000000e+00
7.235603390610748347e-04,1.419469541290745838e+03,1.419293443603740116e+03,5.803984594956562021e-02,2.232990273670431847e-01,-9.082323180977677694e+05,3.017527788130454525e+01,3.002872320730467592e+01,3.124379754380516410e+08,3.078014586450676322e+08,1.000000000000000000e+00
7.264778002458268562e-04,1.422942653503197562e+03,1.422782986386776429e+03,5.804171690718414739e-02,2.238824025337703139e-01,-9.085525594025913160e+05,3.078886055458235305e+01,3.079925304661171737e+01,3.178165038607727289e+08,3.142219372347797155e+08,1.000000000000000000e+00
7.293952614305788777e-04,1.426393920053905731e+03,1.426214830494353919e+03,5.804356898910304624e-02,2.244633105391636296e-01,-9.088845184575977037e+05,3.140524327068289523e+01,3.128125837616296323e+01,3.231906771566659808e+08,3.185138863245231509e+08,1.000000000000000000e+00
7.323127226153310076e-04,1.429823000274054266e+03,1.429658333440987690e+03,5.804540468377738377e-02,2.250416878646217533e-01,-9.092282684528902173e+05,3.202395167675241794e+01,3.189179765249448550e+01,3.285557021244733930e+08,3.237223580145835876e+08,1.000000000000000000e+00
7.352301838000831376e-04,1.433229554916147208e+03,1.433075694706335298e+03,5.804722652415891110e-02,2.256174707326519813e-01,-9.095838768215221353e+05,3.264449160917796888e+01,3.261144852880409672e+01,3.339066404206262827e+08,3.296627150303007960e+08,1.000000000000000000e+00
7.381476449848352675e-04,1.436613246483268767e+03,1.436435152139311640e+03,5.804903708299166687e-02,2.261905951559076144e-01,-9.099514050044578034e+05,3.326634942443499199e+01,3.307274536709429213e+01,3.392384134750548601e+08,3.337702632687274814e+08,1.000000000000000000e+00
7.410651061695873974e-04,1.439973739564873995e+03,1.439821743681452972e+03,5.805083896792727349e-02,2.267609969879043896e-01,-9.103309082191623747e+05,3.388899240708223459e+01,3.376648180542360933e+01,3.445458080515125394e+08,3.394580357575599551e+08,1.000000000000000000e+00
7.439825673543395274e-04,1.443310701180903152e+03,1.443159175181616092e+03,5.805263481647804369e-02,2.273286119756874890e-01,-9.107224352320691105e+05,3.451186925579049358e+01,3.440218197114997878e+01,3.498234824537863135e+08,3.447057738335730433e+08,1.000000000000000000e+00
7.469000285390916573e-04,1.446623801131691835e+03,1.446461461802663507e+03,5.805442729081746606e-02,2.278933758140925803e-01,-9.111260281360166846e+05,3.513441065011683406e+01,3.488404855466752963e+01,3.550659733948250413e+08,3.489092977490526438e+08,1.000000000000000000e+00
7.498174897238436788e-04,1.449912712355150461e+03,1.449774672307303490e+03,5.805621907244741531e-02,2.284552242018252355e-01,-9.115417221329829190e+05,3.575602989851168445e+01,3.562697127557817112e+01,3.602677035260868669e+08,3.547672972129268646e+08,1.000000000000000000e+00
7.527349509085957003e-04,1.453177111288856850e+03,1.453028714388412709e+03,5.805801285674384860e-02,2.290140928990212210e-01,-9.119695453231736319e+05,3.637612366927126573e+01,3.619148941473679315e+01,3.654229896367938519e+08,3.594542773639588952e+08,1.000000000000000000e+00
7.556524120933478302e-04,1.456416678238201030e+03,1.456271378458746312e+03,5.805981134740131194e-02,2.295699177864598817e-01,-9.124095185008499539e+05,3.699407280441857893e+01,3.672799559923271318e+01,3.705260515154669285e+08,3.639445889154540896e+08,1.000000000000000000e+00
7.585698732780999601e-04,1.459631097748406773e+03,1.459508474443366140e+03,5.806161725078989866e-02,2.301226349261146775e-01,-9.128616549578801496e+05,3.760924321714492180e+01,3.746780861576861099e+01,3.755710214753485322e+08,3.695956979176554680e+08,1.000000000000000000e+00
7.614873344628520901e-04,1.462820058981232933e+03,1.462674917859139896e+03,5.806343327024572620e-02,2.306721806231598615e-01,-9.133259602954887087e+05,3.822098687218806390e+01,3.795272088863076476e+01,3.805519545303553343e+08,3.736882284152215123e+08,1.000000000000000000e+00
7.644047956476042200e-04,1.465983256094366880e+03,1.465852644142515828e+03,5.806526210030991952e-02,2.312184914891410592e-01,-9.138024322450979380e+05,3.882864284863366322e+01,3.853518962882925081e+01,3.854628392144831419e+08,3.783136705789842010e+08,1.000000000000000000e+00
7.673222568323563499e-04,1.469120388623967074e+03,1.469007483195776558e+03,5.806710642093761837e-02,2.317615045063726453e-01,-9.142910604987716069e+05,3.943153848383254001e+01,3.921617887375294487e+01,3.902976090249533653e+08,3.834255348518375158e+08,1.000000000000000000e+00
7.702397180171084799e-04,1.472231161868576919e+03,1.472089534528948889e+03,5.806896889169301662e-02,2.323011570932971837e-01,-9.147918265500868438e+05,4.002899059671746329e+01,3.967156232849240638e+01,3.950501544727894068e+08,3.872747894128981233e+08,1.000000000000000000e+00
7.731571792018605014e-04,1.475315287274512684e+03,1.475201280236251478e+03,5.807085214595195805e-02,2.328373871708119269e-01,-9.153047035459808540e+05,4.062030678847527554e+01,4.029615773946775192e+01,3.997143357143553495e+08,3.919552741730931401e+08,1.000000000000000000e+00
7.760746403866125229e-04,1.478372482821167750e+03,1.478266529921235588e+03,5.807275878512849904e-02,2.333701332293281472e-01,-9.158296561503049452e+05,4.120478681762399731e+01,4.090399080968753509e+01,4.042839957380170226e+08,3.964779878383127451e+08,1.000000000000000000e+00
7.789921015713646528e-04,1.481402473405988303e+03,1.481272529659613838e+03,5.807469137294694189e-02,2.338993343965099503e-01,-9.163666404195001815e+05,4.178172404672724838e+01,4.134971115401609865e+01,4.087529740723616481e+08,4.001639814989014864e+08,1.000000000000000000e+00
7.819095627561167827e-04,1.484404991227793516e+03,1.484308326980918991e+03,5.807665242977549935e-02,2.344249305054912913e-01,-9.169156036914539291e+05,4.235040695646571862e+01,4.196988065366345211e+01,4.131151209808170795e+08,4.045400163428820372e+08,1.000000000000000000e+00
7.848270239408689126e-04,1.487379776167851787e+03,1.487280657435533385e+03,5.807864442704253199e-02,2.349468621634596410e-01,-9.174764844875292620e+05,4.291012072361931473e+01,4.250433475986342557e+01,4.173643121018441319e+08,4.085052514814270139e+08,1.000000000000000000e+00
7.877444851256210426e-04,1.490326576167626399e+03,1.490216770605947659e+03,5.808066978175111666e-02,2.354650708204414633e-01,-9.180492124286261387e+05,4.346014885753625379e+01,4.295767086491440523e+01,4.214944634901279807e+08,4.121151997486729622e+08,1.000000000000000000e+00
7.906619463103731725e-04,1.493245147602275665e+03,1.493167450668038782e+03,5.808273085111192308e-02,2.359794988381194170e-01,-9.186337081657187082e+05,4.399977489072028192e+01,4.355156262680329604e+01,4.254995470114806890e+08,4.160203848672618866e+08,1.000000000000000000e+00
7.935794074951253024e-04,1.496135255649068085e+03,1.496044520779564891e+03,5.808482992730908123e-02,2.364900895585567986e-01,-9.192298833253043704e+05,4.452828411717264601e+01,4.401902064179251539e+01,4.293736060378856659e+08,4.194886890550134778e+08,1.000000000000000000e+00
7.964968686798773239e-04,1.498996674649481065e+03,1.498905126462923818e+03,5.808696923241805227e-02,2.369967873726017138e-01,-9.198376404702066211e+05,4.504496537332371986e+01,4.446253578651642613e+01,4.331107713892805576e+08,4.228150860781344175e+08,1.000000000000000000e+00
7.994143298646293454e-04,1.501829188464409299e+03,1.501771319532338111e+03,5.808915091348858251e-02,2.374995377878887926e-01,-9.204568730760846520e+05,4.554911285423714418e+01,4.500799531125869635e+01,4.367052774604120851e+08,4.261318713774374723e+08,1.000000000000000000e+00
8.023317910493814754e-04,1.504632590820948963e+03,1.504552098621678169e+03,5.809137703781040718e-02,2.379982874961572015e-01,-9.210874655240112916e+05,4.604002795926019331e+01,4.542582319882650665e+01,4.401514784741456509e+08,4.292371078470376134e+08,1.000000000000000000e+00
8.052492522341336053e-04,1.507406685650456438e+03,1.507334651682827825e+03,5.809364958837309745e-02,2.384929844398462340e-01,-9.217292931093614316e+05,4.651702115898572742e+01,4.585371759715649631e+01,4.434438647925191522e+08,4.321897661041644216e+08,1.000000000000000000e+00
8.081667134188857352e-04,1.510151287416070545e+03,1.510113968049204004e+03,5.809597045953604488e-02,2.389835778776367436e-01,-9.223822220673024422e+05,4.697941387713333938e+01,4.632466589939066637e+01,4.465770792229083776e+08,4.347774525467182994e+08,1.000000000000000000e+00
8.110841746036378652e-04,1.512866221429679399e+03,1.512796619940915662e+03,5.809834145291793706e-02,2.394700184489463868e-01,-9.230461096150067169e+05,4.742654037858023486e+01,4.669225081322736060e+01,4.495459332448508143e+08,4.375207054895170331e+08,1.000000000000000000e+00
8.140016357883899951e-04,1.515551324156264172e+03,1.515498237763318002e+03,5.810076427351995587e-02,2.399522582369987556e-01,-9.237208040107745910e+05,4.785774965670709946e+01,4.708222654556185915e+01,4.523454230922954679e+08,4.399347781798132062e+08,1.000000000000000000e+00
8.169190969731421250e-04,1.518206443505891002e+03,1.518189275473758244e+03,5.810324052609001227e-02,2.404302508305224684e-01,-9.244061446300953394e+05,4.827240731084302183e+01,4.748725394748599626e+01,4.549707456126596928e+08,4.418558064560946822e+08,1.000000000000000000e+00
8.198365581578941465e-04,1.520831439111060718e+03,1.520776573713265634e+03,5.810577171174011873e-02,2.409039513836585267e-01,-9.251019620587199461e+05,4.866989740669432507e+01,4.782115227502380606e+01,4.574173138364675045e+08,4.443056298856658936e+08,1.000000000000000000e+00
8.227540193426461680e-04,1.523426182589971859e+03,1.523393896933155247e+03,5.810835922482210369e-02,2.413733166741799940e-01,-9.258080782026421512e+05,4.904962431030602943e+01,4.815542675159969122e+01,4.596807721765808463e+08,4.460764955217804909e+08,1.000000000000000000e+00
8.256714805273982979e-04,1.525990557793227708e+03,1.525991501667524517e+03,5.811100435007184040e-02,2.418383051595640043e-01,-9.265243064149575075e+05,4.941101448832196752e+01,4.847213397404610191e+01,4.617570111915206909e+08,4.472343386397309303e+08,1.000000000000000000e+00
8.285889417121504279e-04,1.528524461034819069e+03,1.528485676717356910e+03,5.811370826002483503e-02,2.422988770310721685e-01,-9.272504516394413076e+05,4.975351826507815645e+01,4.877096268799007817e+01,4.636421818313672543e+08,4.493270679110253453e+08,1.000000000000000000e+00
8.315064028969025578e-04,1.531027801304769810e+03,1.531015990780038464e+03,5.811647201271143148e-02,2.427549942653440540e-01,-9.279863105705840280e+05,5.007661152937315308e+01,4.904269889732844945e+01,4.653327091034329534e+08,4.504299987278483510e+08,1.000000000000000000e+00
8.344238640816546877e-04,1.533500500464561810e+03,1.533523959783002738e+03,5.811929654963236130e-02,2.432066206737122926e-01,-9.287316718299094355e+05,5.037979738164973753e+01,4.928017747735707133e+01,4.668253050775323510e+08,4.508288432223412395e+08,1.000000000000000000e+00
8.373413252664068177e-04,1.535942493422604230e+03,1.535924101118816679e+03,5.812218269402082138e-02,2.436537219487157624e-01,-9.294863161581745371e+05,5.066260771469744384e+01,4.954003997181628449e+01,4.681169811725703478e+08,4.525359622372087836e+08,1.000000000000000000e+00
8.402587864511589476e-04,1.538353728291152265e+03,1.538362296589942844e+03,5.812513114938983039e-02,2.440962657080691378e-01,-9.302500166231559124e+05,5.092460471904075803e+01,4.973799986947911833e+01,4.692050596476436853e+08,4.529619683922491074e+08,1.000000000000000000e+00
8.431762476359109691e-04,1.540734166521857560e+03,1.540782456907037840e+03,5.812814249836932567e-02,2.445342215355451598e-01,-9.310225388424990233e+05,5.116538230656887265e+01,4.987841196895332274e+01,4.700871842456871271e+08,4.524464806663126945e+08,1.000000000000000000e+00
8.460937088206629906e-04,1.543083783021629870e+03,1.543088833144633327e+03,5.813121720182955199e-02,2.449675610190764630e-01,-9.318036412212852156e+05,5.138456744422474287e+01,5.010109569793202411e+01,4.707613299180651903e+08,4.537716239399302602e+08,1.000000000000000000e+00
8.490111700054151205e-04,1.545402566245951448e+03,1.545431491877966209e+03,5.813435559829378124e-02,2.453962577855176574e-01,-9.325930752036131453e+05,5.158182139193414173e+01,5.023753382312792581e+01,4.712258115862091184e+08,4.536680096604433656e+08,1.000000000000000000e+00
8.519286311901672504e-04,1.547690518271584551e+03,1.547769541184695754e+03,5.813755790363506204e-02,2.458202875324234093e-01,-9.333905855378248962e+05,5.175684083744033614e+01,5.027640505991881525e+01,4.714792918756210208e+08,4.521319193875149488e+08,1.000000000000000000e+00
8.548460923749193804e-04,1.549947654845812622e+03,1.549982202950572855e+03,5.814082421105845611e-02,2.462396280562727524e-01,-9.341959105545247439e+05,5.190935892303315313e+01,5.045097210647409014e+01,4.715207877879661918e+08,4.529920950970326662e+08,1.000000000000000000e+00
8.577635535596715103e-04,1.552174005414403155e+03,1.552222220826536386e+03,5.814415449136196845e-02,2.466542592775423370e-01,-9.350087824569680961e+05,5.203914615784293574e+01,5.053393673955661569e+01,4.713496762550209165e+08,4.525328801306181550e+08,1.000000000000000000e+00
8.606810147444236402e-04,1.554369613125460091e+03,1.554470750994214313e+03,5.814754859347615046e-02,2.470641632620539652e-01,-9.358289276228379458e+05,5.214601121167122244e+01,5.046202494918266979e+01,4.709656985511456728e+08,4.500490642244285345e+08,1.000000000000000000e+00
8.635984759291757702e-04,1.556534534811595222e+03,1.556602787598621489e+03,5.815100624527443085e-02,2.474693242390442749e-01,-9.366560669169969624e+05,5.222980158518274152e+01,5.056484953077865896e+01,4.703689635179133415e+08,4.500830328799349070e+08,1.000000000000000000e+00
8.665159371139277917e-04,1.558668840947640547e+03,1.558733740701205534e+03,5.815452705465257166e-02,2.478697286153826451e-01,-9.374899160140354652e+05,5.229040415352338300e+01,5.062689643510799442e+01,4.695599495893948674e+08,4.496078846812376380e+08,1.000000000000000000e+00
8.694333982986798132e-04,1.560772615586554366e+03,1.560896450695497606e+03,5.815811051086842293e-02,2.482653649864263179e-01,-9.383301857302610297e+05,5.232774557948877714e+01,5.045264579116236803e+01,4.685395055827876329e+08,4.462201998521556854e+08,1.000000000000000000e+00
8.723508594834319431e-04,1.562845956270828083e+03,1.562956505219774272e+03,5.816175598613911729e-02,2.486562241429454423e-01,-9.391765823638099246e+05,5.234179259450434785e+01,5.044917505018842263e+01,4.673088502554956675e+08,4.450779807277095318e+08,1.000000000000000000e+00
8.752683206681840730e-04,1.564888973922250216e+03,1.564971361390387301e+03,5.816546273748594148e-02,2.490422990746457010e-01,-9.400288080425038934e+05,5.233255214491823892e+01,5.049815237220233399e+01,4.658695706051157117e+08,4.446482651569730639e+08,1.000000000000000000e+00
8.781857818529362029e-04,1.566901792707443065e+03,1.567045942243738409e+03,5.816922990882285316e-02,2.494235849697303831e-01,-9.408865610780853312e+05,5.230007140314808112e+01,5.024604763866582857e+01,4.642236189265153408e+08,4.407073167032777071e+08,1.000000000000000000e+00
8.811032430376883329e-04,1.568884549882211331e+03,1.569044618043591981e+03,5.817305653327824871e-02,2.498000792110668111e-01,-9.417495363264468033e+05,5.224443764261800283e+01,5.008712911571752358e+01,4.623733086147611141e+08,4.379384341519629955e+08,1.000000000000000000e+00
8.840207042224404628e-04,1.570837395612248883e+03,1.570943676264106898e+03,5.817694153574486104e-02,2.501717813684111724e-01,-9.426174255523774773e+05,5.216577797734348820e+01,5.011922542101235933e+01,4.603213087412145138e+08,4.374790708263561130e+08,1.000000000000000000e+00
8.869381654071925927e-04,1.572760492773400756e+03,1.572920505852532642e+03,5.818088373564672677e-02,2.505386931872891076e-01,-9.434899177985358983e+05,5.206425896655599672e+01,4.985146411790083221e+01,4.580706374040883780e+08,4.336400762381092906e+08,1.000000000000000000e+00
8.898556265919446142e-04,1.574654016729174145e+03,1.574871940062046406e+03,5.818488184991712359e-02,2.509008185740038699e-01,-9.443666997570465319e+05,5.194008608656009329e+01,4.947736576025265265e+01,4.556246538937146664e+08,4.287146265332623720e+08,1.000000000000000000e+00
8.927730877766966357e-04,1.576518155088830781e+03,1.576681487790571282e+03,5.818893449617597302e-02,2.512581635773959432e-01,-9.452474561435194919e+05,5.179350307163591083e+01,4.946272369128364943e+01,4.529870496861445308e+08,4.278194156678790450e+08,1.000000000000000000e+00
8.956905489614487657e-04,1.578353107443911085e+03,1.578523671339886960e+03,5.819304019609953388e-02,2.516107363668468877e-01,-9.461318700718097389e+05,5.162479112751513100e+01,4.928990150997196196e+01,4.501618383178274035e+08,4.252068751899875998e+08,1.000000000000000000e+00
8.986080101462008956e-04,1.580159085086633013e+03,1.580400382064685118e+03,5.819719737897059014e-02,2.519585472071736443e-01,-9.470196234294022433e+05,5.143426802057746272e+01,4.879096638535785502e+01,4.471533441668134928e+08,4.192450782368947864e+08,1.000000000000000000e+00
9.015254713309530255e-04,1.581936310708181736e+03,1.582167794657535524e+03,5.820140438540086919e-02,2.523016084299291584e-01,-9.479103972516806098e+05,5.122228704759493922e+01,4.856592514604729871e+01,4.439661902048847079e+08,4.161919345568129420e+08,1.000000000000000000e+00
9.044429325157051554e-04,1.583685018080415375e+03,1.583866815640405321e+03,5.820565947121361661e-02,2.526399344017734028e-01,-9.488038720950575080e+05,5.098923589041665139e+01,4.848324522863495645e+01,4.406052847571604252e+08,4.146566262305266857e+08,1.000000000000000000e+00
9.073603937004572854e-04,1.585405451719170060e+03,1.585658295914097380e+03,5.820996081147718215e-02,2.529735414894545009e-01,-9.496997284072004259e+05,5.073553536161026756e+01,4.798398681031361690e+01,4.370758073440402150e+08,4.088969846591519117e+08,1.000000000000000000e+00
9.102778548852094153e-04,1.587097866532746366e+03,1.587411148812169586e+03,5.821430650467713380e-02,2.533024480220783525e-01,-9.505976468944251537e+05,5.046163804659212815e+01,4.744014397975754349e+01,4.333831936521550417e+08,4.027580738256964684e+08,1.000000000000000000e+00
9.131953160699614368e-04,1.588762527453927987e+03,1.589016019991317080e+03,5.821869457701694256e-02,2.536266742502299443e-01,-9.514973088844597805e+05,5.016802684930458867e+01,4.732931744782182193e+01,4.295331197181154490e+08,4.010087914620668888e+08,1.000000000000000000e+00
9.161127772547134583e-04,1.590399709059139695e+03,1.590654074276820211e+03,5.822312298683450515e-02,2.539462423026350724e-01,-9.523983966847748961e+05,4.985521344797906806e+01,4.705631296001094910e+01,4.255314853806136847e+08,3.976442461711217761e+08,1.000000000000000000e+00
9.190302384394655882e-04,1.592009695173259615e+03,1.592346042773989439e+03,5.822758962912365915e-02,2.542611761399494741e-01,-9.533005939346906962e+05,4.952373666892548698e+01,4.637362113080492065e+01,4.213843970918956399e+08,3.903948772952936888e+08,1.000000000000000000e+00
9.219476996242177182e-04,1.593592778463687864e+03,1.593941961129807851e+03,5.823209234014779107e-02,2.545715015063683140e-01,-9.542035859515462071e+05,4.917416078569409876e+01,4.593863770545313230e+01,4.170981501514099836e+08,3.855553814792311788e+08,1.000000000000000000e+00
9.248651608089698481e-04,1.595149260022347789e+03,1.595434297554082832e+03,5.823662890213395643e-02,2.548772458786688344e-01,-9.551070600691617001e+05,4.880707375226940314e+01,4.578196430649547466e+01,4.126792104580180049e+08,3.834209098082337976e+08,1.000000000000000000e+00
9.277826219937219780e-04,1.596679448939183885e+03,1.597013467780847122e+03,5.824119704803449454e-02,2.551784384133760630e-01,-9.560107059690196766e+05,4.842308537824468573e+01,4.526706582820447977e+01,4.081341958490265012e+08,3.779112659576417208e+08,1.000000000000000000e+00
9.307000831784741079e-04,1.598183661865978593e+03,1.598603140822580372e+03,5.824579446634375185e-02,2.554751098916908658e-01,-9.569142160023935139e+05,4.802282545513713785e+01,4.451221344454501150e+01,4.034698571256837249e+08,3.702536277169709802e+08,1.000000000000000000e+00
9.336175443632262379e-04,1.599662222573996360e+03,1.600059901963830953e+03,5.825041880595713956e-02,2.557672926628623555e-01,-9.578172855039732531e+05,4.760694184219033076e+01,4.415231969252358368e+01,3.986930588368913531e+08,3.662644887662720084e+08,1.000000000000000000e+00
9.365350055479782594e-04,1.601115461504402447e+03,1.601446180849471375e+03,5.825506768105936234e-02,2.560550205856684247e-01,-9.587196130952754756e+05,4.717609852111329616e+01,4.395171295905344522e+01,3.938107599218988419e+08,3.637646850961366892e+08,1.000000000000000000e+00
9.394524667327302809e-04,1.602543715314881638e+03,1.602955194518027156e+03,5.825973867602924489e-02,2.563383289686754773e-01,-9.596209009784902446e+05,4.673097362823231293e+01,4.327518974986551115e+01,3.888299942849886417e+08,3.569772164297496080e+08,1.000000000000000000e+00
9.423699279174824108e-04,1.603947326421516891e+03,1.604449444158646656e+03,5.826442935034759768e-02,2.566172545089620005e-01,-9.605208552190965274e+05,4.627225747360429153e+01,4.246522546035863854e+01,3.837578514018957615e+08,3.490806181039035320e+08,1.000000000000000000e+00
9.452873891022345407e-04,1.605326642539243494e+03,1.605790333124665722e+03,5.826913724349588181e-02,2.568918352299627839e-01,-9.614191860180185176e+05,4.580065055546590003e+01,4.212124148199286111e+01,3.786014570301198959e+08,3.453251247015100121e+08,1.000000000000000000e+00
9.482048502869866707e-04,1.606682016220034484e+03,1.607080983285225102e+03,5.827385987983169091e-02,2.571621104181381900e-01,-9.623156079717391403e+05,4.531686157941113891e+01,4.187085374112688640e+01,3.733679541195168495e+08,3.424138328119919300e+08,1.000000000000000000e+00
9.511223114717388006e-04,1.608013804391997382e+03,1.608498002398833250e+03,5.827859477342949013e-02,2.574281205591064658e-01,-9.632098403211990371e+05,4.482160549035231156e+01,4.114347512753386127e+01,3.680644839923637509e+08,3.354116852608562112e+08,1.000000000000000000e+00
9.540397726564908221e-04,1.609322367898615767e+03,1.609902560819489054e+03,5.828333943287247049e-02,2.576899072729597062e-01,-9.641016071880201343e+05,4.431560152629413096e+01,4.029328708774330892e+01,3.626981678838526607e+08,3.274379120745757818e+08,1.000000000000000000e+00
9.569572338412428436e-04,1.610608071041166113e+03,1.611157003774999794e+03,5.828809136598460394e-02,2.579475132493806999e-01,-9.649906377989470493e+05,4.379957130143245081e+01,3.988468878655812944e+01,3.572760889072016478e+08,3.232037469928863645e+08,1.000000000000000000e+00
9.598746950259949735e-04,1.611871281123592325e+03,1.612346700906725573e+03,5.829284808448900734e-02,2.582009821822955908e-01,-9.658766666971327504e+05,4.327423692702598146e+01,3.961551296881147977e+01,3.518052745268634558e+08,3.201621382073367238e+08,1.000000000000000000e+00
9.627921562107471035e-04,1.613112368002703079e+03,1.613659594430836933e+03,5.829760710858244294e-02,2.584503587046533823e-01,-9.667594339412580011e+05,4.274031917683422677e+01,3.893007330480099881e+01,3.462926795972516537e+08,3.137165646056055427e+08,1.000000000000000000e+00
9.657096173954992334e-04,1.614331703643013725e+03,1.614981289072655272e+03,5.830236597141254251e-02,2.586956883230807636e-01,-9.676386852911888855e+05,4.219853570480078986e+01,3.805791809147461890e+01,3.407451700412556529e+08,3.058422518746702075e+08,1.000000000000000000e+00
9.686270785802513633e-04,1.615529661678906905e+03,1.616186424012560110e+03,5.830712222344865830e-02,2.589370173529751962e-01,-9.685141723812354030e+05,4.164959932087612060e+01,3.749376716080980287e+01,3.351695072175210118e+08,3.004443184615553617e+08,1.000000000000000000e+00
9.715445397650033848e-04,1.616706616983458844e+03,1.617288135119188610e+03,5.831187343673343432e-02,2.591743928537940111e-01,-9.693856528798020445e+05,4.109421633174270738e+01,3.719561627004204496e+01,3.295723330401897430e+08,2.971872904517824054e+08,1.000000000000000000e+00
9.744620009497554063e-04,1.617862945246404934e+03,1.618458631920619609e+03,5.831661720900728485e-02,2.594078625650729775e-01,-9.702528906365872826e+05,4.053308495131395262e+01,3.668965387603714134e+01,3.239601558903965950e+08,2.923101791091002226e+08,1.000000000000000000e+00
9.773794621345075363e-04,1.618999022560597723e+03,1.619705654844968421e+03,5.832135116769374822e-02,2.596374748429392532e-01,-9.711156558161680587e+05,3.996689378672988369e+01,3.581761031278350060e+01,3.183393373715347648e+08,2.847316888321366906e+08,1.000000000000000000e+00
9.802969233192596662e-04,1.620115225019224681e+03,1.620908229290167128e+03,5.832607297373929023e-02,2.598632785976207060e-01,-9.719737250192166539e+05,3.939632040358961262e+01,3.501272133751623983e+01,3.127160799369639754e+08,2.776761954825346470e+08,1.000000000000000000e+00
9.832143845040117961e-04,1.621211928323128404e+03,1.621928885578863856e+03,5.833078032529646906e-02,2.600853232317229535e-01,-9.728268813902632101e+05,3.882202997501795494e+01,3.469015202340397508e+01,3.070964154298174977e+08,2.742478719171758294e+08,1.000000000000000000e+00
9.861318456887637092e-04,1.622289507400287221e+03,1.622938580813276303e+03,5.833547096124563902e-02,2.603036585797405267e-01,-9.736749147132943617e+05,3.824467401714611015e+01,3.434967935471942013e+01,3.014861945525379181e+08,2.707075131177520156e+08,1.000000000000000000e+00
9.890493068735158391e-04,1.623348336036777027e+03,1.624092842271048767e+03,5.834014266454535386e-02,2.605183348485813344e-01,-9.745176214941979852e+05,3.766488921441994364e+01,3.361384172284256522e+01,2.958910772931293249e+08,2.643655068445123136e+08,1.000000000000000000e+00
9.919667680582679690e-04,1.624388786521057909e+03,1.625246218395296182e+03,5.834479326540812499e-02,2.607294025595331410e-01,-9.753548050313672284e+05,3.708329633612090959e+01,3.277482462318302936e+01,2.903165243145149946e+08,2.573715808368026614e+08,1.000000000000000000e+00
9.948842292430200990e-04,1.625411229300879313e+03,1.626295403681898506e+03,5.834942064429314568e-02,2.609369124914557858e-01,-9.761862754735699855e+05,3.650049924636543608e+01,3.216099718620291270e+01,2.847677893216583133e+08,2.519480717790799439e+08,1.000000000000000000e+00
9.978016904277722289e-04,1.626416032654431774e+03,1.627221191784468601e+03,5.835402273471434337e-02,2.611409156255948272e-01,-9.770118498664078070e+05,3.591708400777301335e+01,3.182482144675992330e+01,2.792499124017629623e+08,2.484549607195666134e+08,1.000000000000000000e+00
1.000719151612524359e-03,1.627403562375008732e+03,1.628173910883623648e+03,5.835859752585668969e-02,2.613414630917978987e-01,-9.778313521865628427e+05,3.533361807994634773e+01,3.141068449610013147e+01,2.737677143404037952e+08,2.444642862589046657e+08,1.000000000000000000e+00
1.003636612797276489e-03,1.628374181470591793e+03,1.629252831554496424e+03,5.836314306500092752e-02,2.615386061165000386e-01,-9.786446133651841665e+05,3.475064961183932155e+01,3.067061919636951117e+01,2.683257918985852897e+08,2.384426732826698124e+08,1.000000000000000000e+00
1.006554073982028619e-03,1.629328249877588178e+03,1.630324225982177268e+03,5.836765745975108777e-02,2.617323959722577809e-01,-9.794514712996348972e+05,3.416870682811169502e+01,2.988644283592218898e+01,2.629285140426863432e+08,2.321957717381120026e+08,1.000000000000000000e+00
1.009471535166780749e-03,1.630266124189933407e+03,1.631275705396889407e+03,5.837213888006665546e-02,2.619228839291631861e-01,-9.802517708550272509e+05,3.358829750750838627e+01,2.932906005601750010e+01,2.575800191029025316e+08,2.273682806194224954e+08,1.000000000000000000e+00
1.012388996351532879e-03,1.631188157402744082e+03,1.632115509587548104e+03,5.837658556009528432e-02,2.621101212079220977e-01,-9.810453638547892915e+05,3.300990855240549138e+01,2.898140778619763225e+01,2.522842128424609601e+08,2.238549032594579160e+08,1.000000000000000000e+00
1.015306457536285008e-03,1.632094698671545530e+03,1.632977184796193797e+03,5.838099579980942505e-02,2.622941589348917191e-01,-9.818321090616940055e+05,3.243400564667834374e+01,2.858000817370288971e+01,2.470447674051740170e+08,2.200550417330197990e+08,1.000000000000000000e+00
1.018223918721036922e-03,1.632986093086220535e+03,1.633973175078850090e+03,5.838536796644436255e-02,2.624750480988633505e-01,-9.826118721486795694e+05,3.186103300020626250e+01,2.790823800189527404e+01,2.418651211154131889e+08,2.148002416689699888e+08,1.000000000000000000e+00
1.021141379905788835e-03,1.633862681460521344e+03,1.634969042223984843e+03,5.838970049574248450e-02,2.626528395098549074e-01,-9.833845256608541822e+05,3.129141317643382791e+01,2.718575718542371789e+01,2.367484790915282369e+08,2.093334560443899632e+08,1.000000000000000000e+00
1.024058841090540965e-03,1.634724800136259319e+03,1.635889697690263802e+03,5.839399189300260168e-02,2.628275837596981690e-01,-9.841499489680858096e+05,3.072554700065973776e+01,2.657530267953275782e+01,2.316978146402624547e+08,2.044778186934956610e+08,1.000000000000000000e+00
1.026976302275293094e-03,1.635572780802844363e+03,1.636655389651474707e+03,5.839824073394073167e-02,2.629993311846561266e-01,-9.849080282095486764e+05,3.016381354499043965e+01,2.622390729968312684e+01,2.267158713885301054e+08,2.009935883828386366e+08,1.000000000000000000e+00
1.029893763460045224e-03,1.636406950331261669e+03,1.637404412908423410e+03,5.840244566536223481e-02,2.631681318298569883e-01,-9.856586562296776101e+05,2.960657018725785861e+01,2.587870934666732481e+01,2.218051661154492199e+08,1.975716465760121644e+08,1.000000000000000000e+00
1.032811224644797354e-03,1.637227630623002824e+03,1.638288476745678054e+03,5.840660540565302539e-02,2.633340354157518437e-01,-9.864017325068790233e+05,2.905415273977896362e+01,2.534671296799227491e+01,2.169679922383704185e+08,1.933459202359696925e+08,1.000000000000000000e+00
1.035728685829549484e-03,1.638035138473014968e+03,1.639220037861479568e+03,5.841071874509101702e-02,2.634970913063829911e-01,-9.871371630744741997e+05,2.850687564557957288e+01,2.470286091277283091e+01,2.122064239137882590e+08,1.887457023732635975e+08,1.000000000000000000e+00
1.038646147014301614e-03,1.638829785447049517e+03,1.640132352064870929e+03,5.841478454598646869e-02,2.636573484796452815e-01,-9.878648604352232069e+05,2.796503223886720590e+01,2.407037127592145254e+01,2.075223207067774236e+08,1.842272229380452931e+08,1.000000000000000000e+00
1.041563608199053744e-03,1.639611877772453909e+03,1.640889976070364810e+03,5.841880174265348669e-02,2.638148554993272055e-01,-9.885847434689051006e+05,2.742889506943338063e+01,2.363675116689862321e+01,2.029173327916471064e+08,1.805031925299644470e+08,1.000000000000000000e+00
1.044481069383805874e-03,1.640381716242668972e+03,1.641574770815678903e+03,5.842276934122236920e-02,2.639696604890914289e-01,-9.892967373342686333e+05,2.689871629158919220e+01,2.328946526076499879e+01,1.983929066433826387e+08,1.771446501504600644e+08,1.000000000000000000e+00
1.047398530568558004e-03,1.641139596134457634e+03,1.642265455382765822e+03,5.842668641929586737e-02,2.641218111081794495e-01,-9.900007733648485737e+05,2.637472812380060816e+01,2.293041220289213555e+01,1.939502911970803142e+08,1.737972291884784102e+08,1.000000000000000000e+00
1.050315991753310134e-03,1.641885807138024575e+03,1.643104617118709484e+03,5.843055212546018062e-02,2.642713545289765431e-01,-9.906967889598893235e+05,2.585714338908442755e+01,2.242362527681002149e+01,1.895905444848766029e+08,1.701312135958382189e+08,1.000000000000000000e+00
1.053233452938062264e-03,1.642620633299038218e+03,1.643962728087083178e+03,5.843436567865480796e-02,2.644183374162173972e-01,-9.913847274698364781e+05,2.534615614595277577e+01,2.187585269224616269e+01,1.853145409348323643e+08,1.664625344178787470e+08,1.000000000000000000e+00
1.056150914122814394e-03,1.643344352972592787e+03,1.644803743568378877e+03,5.843812636741309990e-02,2.645628059079381256e-01,-9.920645380774947116e+05,2.484194235749473734e+01,2.133767694008861326e+01,1.811229803430727124e+08,1.628583428440965712e+08,1.000000000000000000e+00
1.059068375307566524e-03,1.644057238788013137e+03,1.645490093630731280e+03,5.844183354897848626e-02,2.647048055979498993e-01,-9.927361756741340505e+05,2.434466013388452410e+01,2.094026391451458835e+01,1.770164038081121445e+08,1.595211281459750235e+08,1.000000000000000000e+00
1.064903297677070567e-03,1.645451321824268462e+03,1.646712298119570733e+03,5.844908561827546339e-02,2.649815319324931862e-01,-9.940547766758336220e+05,2.337186883462936038e+01,2.027018896841965656e+01,1.690626773903984129e+08,1.531830291460619569e+08,1.000000000000000000e+00
1.069286185273342262e-03,1.646472073199948227e+03,1.647862521035080590e+03,5.845438858882399252e-02,2.651832607597834346e-01,-9.950235325123536168e+05,2.266006753461226708e+01,1.962588608052398698e+01,1.633113938662768900e+08,1.487634162870810628e+08,1.000000000000000000e+00
1.073669072869613741e-03,1.647470997118624609e+03,1.649040116580315498e+03,5.845956628678592587e-02,2.653798691257476805e-01,-9.959735581728061661e+05,2.196499899264474465e+01,1.895368001932538959e+01,1.577524840407230854e+08,1.445675305103226304e+08,1.000000000000000000e+00
1.078051960465885436e-03,1.648448905176237076e+03,1.650040817828815761e+03,5.846461779765274591e-02,2.655715000305304274e-01,-9.969048036971406545e+05,2.128688468501892217e+01,1.837799659200572933e+01,1.523848776972099543e+08,1.402365155478867590e+08,1.000000000000000000e+00
1.082434848062157132e-03,1.649406580054718916e+03,1.650872113442828095e+03,5.846954250957251548e-02,2.657582933088525889e-01,-9.978172433992107399e+05,2.062587659649355132e+01,1.789494539596367417e+01,1.472068985015903711e+08,1.357772634972202778e+08,1.000000000000000000e+00
1.086817735658428610e-03,1.650344775831233392e+03,1.651797665366495721e+03,5.847434010084733708e-02,2.659403855869115763e-01,-9.987108747852762463e+05,1.998206227677192715e+01,1.739185577472768074e+01,1.422163298017144501e+08,1.317913097363197803e+08,1.000000000000000000e+00
1.091200623254700306e-03,1.651264218363091459e+03,1.652882181835132542e+03,5.847901052681199474e-02,2.661179102523136830e-01,-9.995857174634893890e+05,1.935547042297697828e+01,1.684731030185309564e+01,1.374104742245117426e+08,1.285532804904407859e+08,1.000000000000000000e+00
1.095583510850972001e-03,1.652165605740554156e+03,1.653948625714399441e+03,5.848355400623136968e-02,2.662909974361694077e-01,-1.000441812049481086e+06,1.874607682353279614e+01,1.631284900805302485e+01,1.327862138801789284e+08,1.254433695123738796e+08,1.000000000000000000e+00
1.099966398447243480e-03,1.653049608797821065e+03,1.654760202191243707e+03,5.848797100733883758e-02,2.664597740058270992e-01,-1.001279219068691600e+06,1.815381041360025449e+01,1.584035630588103594e+01,1.283400831607632786e+08,1.214948046038388014e+08,1.000000000000000000e+00
1.108732173639786871e-03,1.654767418639574998e+03,1.656372209981622063e+03,5.849642766536827798e-02,2.667847639081341593e-01,-1.002898152214383939e+06,1.702145384405935857e+01,1.495450963202873318e+01,1.199767344850213230e+08,1.142761188176462650e+08,1.000000000000000000e+00
1.117497948832330045e-03,1.656423227772344262e+03,1.658345534459187093e+03,5.850439124622589665e-02,2.670939948905237116e-01,-1.004443745617263601e+06,1.595549250292799925e+01,1.412576185011945284e+01,1.122742785292567611e+08,1.097032295471601486e+08,1.000000000000000000e+00
1.126263724024873219e-03,1.658021469645716934e+03,1.659785332483251750e+03,5.851187308000149745e-02,2.673883632463895932e-01,-1.005917094640923082e+06,1.495399219172842642e+01,1.329057804429447209e+01,1.051953381416773349e+08,1.028212773109570891e+08,1.000000000000000000e+00
1.135029499217416610e-03,1.659566206973802082e+03,1.661396810796482214e+03,5.851888709578321329e-02,2.676687156051075211e-01,-1.007319510980185820e+06,1.401464516363859936e+01,1.257434065056898831e+01,9.870082593990667164e+07,9.787449759453296661e+07,1.000000000000000000e+00
1.143795274409960001e-03,1.661061155727604273e+03,1.663168850515756731e+03,5.852544938438326155e-02,2.679358504800591345e-01,-1.008652491837399197e+06,1.313486340102760153e+01,1.196033662443766588e+01,9.275085996777112782e+07,9.452469984194585681e+07,1.000000000000000000e+00
1.152561049602503175e-03,1.662509709449849652e+03,1.664392632738776229e+03,5.853157778352406637e-02,2.681905200589924654e-01,-1.009917690814620582e+06,1.231186745315751985e+01,1.120663007399838484e+01,8.730558183240509033e+07,8.820458284419697523e+07,1.000000000000000000e+00
1.161326824795046349e-03,1.663914963430656599e+03,1.665877461690406790e+03,5.853729149067366661e-02,2.684334321670530654e-01,-1.011116890730071929e+06,1.154276338226550891e+01,1.063951963510807275e+01,8.232583073609469831e+07,8.443149657215771079e+07,1.000000000000000000e+00
1.170092599987589740e-03,1.665279738358758095e+03,1.667521002914881365e+03,5.854261070709510656e-02,2.686652523398312398e-01,-1.012251978472475545e+06,1.082460676823574808e+01,1.020468519325710055e+01,7.777367462294289470e+07,8.206180108908899128e+07,1.000000000000000000e+00
1.178858375180132914e-03,1.666606603152288926e+03,1.668681755738708944e+03,5.854755631529819787e-02,2.688866059554055887e-01,-1.013324921955330297e+06,1.015445458454633254e+01,9.560122212077178716e+00,7.361281020680788159e+07,7.697059861043359339e+07,1.000000000000000000e+00
1.187624150372676088e-03,1.667897896743592355e+03,1.669920626005433405e+03,5.855214959080576320e-02,2.690980803826158452e-01,-1.014337749177997350e+06,9.529406210291632817e+00,9.027305931656135485e+00,6.980884747523625195e+07,7.309479717615850270e+07,1.000000000000000000e+00
1.196389925565219479e-03,1.669155748664358725e+03,1.671418140693610439e+03,5.855641194818255596e-02,2.693002271126527791e-01,-1.015292529369019903e+06,8.946634955335998285e+00,8.705937898387091423e+00,6.632949533825279772e+07,7.121298312108851969e+07,1.000000000000000000e+00
1.205155700757762653e-03,1.670382098330046347e+03,1.672708324740900935e+03,5.856036472043154445e-02,2.694935638475197681e-01,-1.016191356149455067e+06,8.403411453877261295e+00,8.291141204651099272e+00,6.314466487846467644e+07,6.833082911901921034e+07,1.000000000000000000e+00
1.213921475950305827e-03,1.671578712973919664e+03,1.673713554641496557e+03,5.856402897028635535e-02,2.696785765263910450e-01,-1.017036332636062172e+06,7.897120211376107868e+00,7.730188580868624371e+00,6.022650561053524911e+07,6.402091894327220321e+07,1.000000000000000000e+00
1.222687251142849218e-03,1.672747204215890406e+03,1.674941327319285165e+03,5.856742533145121998e-02,2.698557212754660872e-01,-1.017829558380521834e+06,7.425270478096560822e+00,7.391204391001688911e+00,5.754938873754857481e+07,6.181055375969361514e+07,1.000000000000000000e+00
1.231453026335392392e-03,1.673889043284768832e+03,1.676319742139391565e+03,5.857057387757023947e-02,2.700254262722600607e-01,-1.018573118033487699e+06,6.985502495290732305e+00,7.187441713829825218e+00,5.508984971393295377e+07,6.038223645657910407e+07,1.000000000000000000e+00
1.240218801527935566e-03,1.675005574932707532e+03,1.677474256937680821e+03,5.857349401650469023e-02,2.701880935182343624e-01,-1.019269071609574952e+06,6.575590019671450293e+00,6.856790333282431149e+00,5.282650073589630425e+07,5.799846096661891788e+07,1.000000000000000000e+00
1.248984576720478957e-03,1.676098030100112283e+03,1.678395566060601368e+03,5.857620440744381457e-02,2.703441005173208289e-01,-1.019919446230045636e+06,6.193439887410113975e+00,6.389866301782132219e+00,5.073992211298058182e+07,5.458967227781209350e+07,1.000000000000000000e+00
1.257750351913022131e-03,1.677167537398602008e+03,1.679468482420431883e+03,5.857872289835487634e-02,2.704938018596541593e-01,-1.020526229215235915e+06,5.837089227843454964e+00,6.091234211632073681e+00,4.881254000437315553e+07,5.251977712082130462e+07,1.000000000000000000e+00
1.266516127105565305e-03,1.678215133489129812e+03,1.680702014048395768e+03,5.858106648135820438e-02,2.706375307122815266e-01,-1.021091362405009102e+06,5.504700760580889529e+00,5.940062555835750935e+00,4.702849686764456332e+07,5.136047197995380312e+07,1.000000000000000000e+00
1.275281902298108696e-03,1.679241772434073710e+03,1.681933818551820423e+03,5.858325126369378494e-02,2.707756002196592959e-01,-1.021616737586329342e+06,5.194556261853752410e+00,5.810034612308363933e+00,4.537352140487737209e+07,5.023600715935061127e+07,1.000000000000000000e+00
1.292813452683195261e-03,1.681234851965657981e+03,1.683628825839077535e+03,5.858719011790666786e-02,2.710356428315170985e-01,-1.022553680313833174e+06,4.636810068667083229e+00,5.054519172919999193e+00,4.241341580733657628e+07,4.500488766767004132e+07,1.000000000000000000e+00
1.310345003068281826e-03,1.683154150130494372e+03,1.685775389609685590e+03,5.859066837342844641e-02,2.712764833630852412e-01,-1.023353923769468558e+06,4.150298023847252438e+00,4.788393235632401712e+00,3.983131847867564857e+07,4.288378173523945361e+07,1.000000000000000000e+00
1.327876553453368174e-03,1.685005021902555654e+03,1.687737586638234916e+03,5.859378203185702794e-02,2.715000126825227733e-01,-1.024030458971002023e+06,3.725299972918402869e+00,4.447861894477788347e+00,3.755844807124590874e+07,4.023161214275608212e+07,1.000000000000000000e+00
1.345408103838454739e-03,1.686792123680213308e+03,1.689322179633709084e+03,5.859661380554231219e-02,2.717079084901496411e-01,-1.024595309809468337e+06,3.353461735578935343e+00,3.923968834874763001e+00,3.554011375901547074e+07,3.675404722111399472e+07,1.000000000000000000e+00
1.360552689562696121e-03,1.688287852158549413e+03,1.691026232354783360e+03,5.859888977442435920e-02,2.718761134270594182e-01,-1.025002261558326776e+06,3.069219174717659371e+00,3.804131887598468431e+00,3.396642985815417767e+07,3.553932372546605021e+07,1.000000000000000000e+00
1.375697275286937287e-03,1.689741347399435199e+03,1.692688944190118718e+03,5.860104638938038596e-02,2.720346108970009835e-01,-1.025340575532184914e+06,2.815273166654387538e+00,3.675501058669921495e+00,3.252758031916104630e+07,3.418211512626719475e+07,1.000000000000000000e+00
1.390841861011178453e-03,1.691154739293444891e+03,1.693898065793524211e+03,5.860311672634156005e-02,2.721841825589318975e-01,-1.025616347350846743e+06,2.588095155412049930e+00,3.284087612559746017e+00,3.120489701894973218e+07,3.176831376888715848e+07,1.000000000000000000e+00
1.405986446735419618e-03,1.692529966805888307e+03,1.695219292052509218e+03,5.860512875448883885e-02,2.723255366991516047e-01,-1.025835201737343683e+06,2.384590012799612690e+00,3.032203541124158352e+00,2.998298552112384886e+07,3.003435372149058804e+07,1.000000000000000000e+00
1.421131032459660784e-03,1.693868804422982294e+03,1.696732990697548985e+03,5.860710588561014733e-02,2.724593158149306582e-01,-1.026002318732980755e+06,2.202040687810888020e+00,2.960508830710053996e+00,2.884910652286164835e+07,2.911345877883180603e+07,1.000000000000000000e+00
1.436275618183901950e-03,1.695172883964140965e+03,1.698245637467832466e+03,5.860906749603912724e-02,2.725861033496718711e-01,-1.026122461017464637e+06,2.038060110381652024e+00,2.908387912539654341e+00,2.779267191051754728e+07,2.823820183314439654e+07,1.000000000000000000e+00
1.451420203908143115e-03,1.696443712647569328e+03,1.699336419861848299e+03,5.861102941435880620e-02,2.727064296819055045e-01,-1.026200001515715383e+06,1.890549338077837316e+00,2.619957025122525707e+00,2.680483658220203221e+07,2.655206763226987049e+07,1.000000000000000000e+00
1.466564789632384498e-03,1.697682688123948765e+03,1.700393518905611018e+03,5.861300437107511141e-02,2.728207774569066379e-01,-1.026238950682045892e+06,1.757661162348713946e+00,2.345647800032844454e+00,2.587816916303544864e+07,2.494878945503658429e+07,1.000000000000000000e+00
1.481709375356625880e-03,1.698891111056568434e+03,1.701712541419516583e+03,5.861500240870379241e-02,2.729295863387872778e-01,-1.026242983024521032e+06,1.637768475095949139e+00,2.292987473752492456e+00,2.500638710269030929e+07,2.423516886056420207e+07,1.000000000000000000e+00
1.496853961080867046e-03,1.700070195710270355e+03,1.703037151447192855e+03,5.861703125232498035e-02,2.730332572506838362e-01,-1.026215462564388639e+06,1.529436773094450031e+00,2.253067613831348126e+00,2.418414395023185015e+07,2.356677242695995048e+07,1.000000000000000000e+00
1.511998546805108212e-03,1.701221078922155357e+03,1.704313618870770597e+03,5.861909664178378832e-02,2.731321561624536765e-01,-1.026159467032157118e+06,1.431400249896737531e+00,2.205786012334190804e+00,2.340685868231793121e+07,2.289246878594683856e+07,1.000000000000000000e+00
1.527143132529349377e-03,1.702344827750957620e+03,1.705278943586726200e+03,5.862120262746386284e-02,2.732266174775797585e-01,-1.026077810680630035e+06,1.342540995654923464e+00,2.004943943644889259e+00,2.267057878969107941e+07,2.176459478612803295e+07,1.000000000000000000e+00
1.542287718253590543e-03,1.703442446044785356e+03,1.706217120771832469e+03,5.862335183202209421e-02,2.733169470648530996e-01,-1.025973065657771309e+06,1.261870889307521226e+00,1.813054185036318211e+00,2.197187038374117017e+07,2.068673131567364931e+07,1.000000000000000000e+00
1.557432303977831708e-03,1.704514880117711755e+03,1.707285721719006460e+03,5.862554568072562977e-02,2.734034249745753709e-01,-1.025847581926039071e+06,1.188515827316082296e+00,1.729067410832194840e+00,2.130772989873312786e+07,1.998885787200678512e+07,1.000000000000000000e+00
1.572576889702072874e-03,1.705563023689635884e+03,1.708410916244861710e+03,5.862778460312607215e-02,2.734863078744210196e-01,-1.025703505748907221e+06,1.121701987621197327e+00,1.702558204232931249e+00,2.067551305904565006e+07,1.950132492106384039e+07,1.000000000000000000e+00
1.587721475426314257e-03,1.706587722212019571e+03,1.709533121356620086e+03,5.863006820879478054e-02,2.735658312356364918e-01,-1.025542796787078027e+06,1.060743882022584295e+00,1.681227094940263234e+00,2.007287769969107211e+07,1.905024972304056585e+07,1.000000000000000000e+00
1.601952016283241485e-03,1.707529939608528593e+03,1.710548728526444393e+03,5.863225374573357435e-02,2.736376905637146195e-01,-1.025378260926350602e+06,1.008251260607653021e+00,1.657396946495129919e+00,1.953168887004281580e+07,1.862960651411669329e+07,1.000000000000000000e+00
1.616182557140168497e-03,1.708452787337033442e+03,1.711338880370525203e+03,5.863447651411656664e-02,2.737069381537890478e-01,-1.025201965925583383e+06,9.599458731249754795e-01,1.528769740269159572e+00,1.901322985092178360e+07,1.791562704053060710e+07,1.000000000000000000e+00
1.630413097997095509e-03,1.709356867191435867e+03,1.712109837943762841e+03,5.863673486983591449e-02,2.737737269634112902e-01,-1.025015158654067782e+06,9.154284804385516283e-01,1.404863422458687339e+00,1.851609928809070587e+07,1.722774215676929802e+07,1.000000000000000000e+00
1.644643638854022521e-03,1.710242753108994293e+03,1.712862338918232808e+03,5.863902690579081423e-02,2.738381985391843965e-01,-1.024818982743487111e+06,8.743439647823981753e-01,1.285409752240733949e+00,1.803903025614207238e+07,1.656447477777443640e+07,1.000000000000000000e+00
1.673104720567876545e-03,1.711961608329372439e+03,1.714643239422059196e+03,5.864370564181416862e-02,2.739605833679664149e-01,-1.024401656354480539e+06,8.013409173710270839e-01,1.241286739304680253e+00,1.714074149020438641e+07,1.586254217831689864e+07,1.000000000000000000e+00
1.701565802281730568e-03,1.713614396574864259e+03,1.716381906192659926e+03,5.864849099522867482e-02,2.740752388578532317e-01,-1.023958830186752370e+06,7.384980165592905932e-01,1.218282767686264867e+00,1.630935485424466804e+07,1.529887993313038349e+07,1.000000000000000000e+00
1.730026883995584592e-03,1.715204855092195203e+03,1.717854153625705067e+03,5.865336344877030567e-02,2.741829655025017631e-01,-1.023496618160062819e+06,6.840407971488933203e-01,1.106052626677849204e+00,1.553781274901969731e+07,1.450225722390753217e+07,1.000000000000000000e+00
1.758487965709438616e-03,1.716736419444941703e+03,1.719156859112467373e+03,5.865830341688367533e-02,2.742844566952341023e-01,-1.023020155184857314e+06,6.365428695458965613e-01,9.492080776512652474e-01,1.482008469263692573e+07,1.360124975682991371e+07,1.000000000000000000e+00
1.786949047423292639e-03,1.718212256359915045e+03,1.720581910093440456e+03,5.866329188863129290e-02,2.743803151470900481e-01,-1.022533748602616368e+06,5.948493858280974322e-01,8.889905040408040415e-01,1.415095393059281819e+07,1.301742419756889343e+07,1.000000000000000000e+00
1.815410129137146663e-03,1.719635291902376139e+03,1.722026158325374354e+03,5.866831085352225417e-02,2.744710665342462441e-01,-1.022041005767755327e+06,5.580209278365172443e-01,8.687888005493991095e-01,1.352586977594058029e+07,1.259634565747127868e+07,1.000000000000000000e+00
1.843996845244914515e-03,1.721014185471410428e+03,1.723417506397935313e+03,5.867336581202857448e-02,2.745575406740561331e-01,-1.021542744426355464e+06,5.251532067529837144e-01,8.486564093420531085e-01,1.293833521026262827e+07,1.220692369013823196e+07,1.000000000000000000e+00
1.872583561352682367e-03,1.722345094747392523e+03,1.724588087240149207e+03,5.867841910496699592e-02,2.746397362093989658e-01,-1.021043678941137041e+06,4.957814603922287011e-01,7.587656888250513543e-01,1.238762988351803645e+07,1.159845558046966232e+07,1.000000000000000000e+00
1.901170277460450218e-03,1.723630388018770191e+03,1.725686471244978293e+03,5.868345669772929984e-02,2.747180133815000369e-01,-1.020545922536789207e+06,4.693817787639665839e-01,6.618890415511754499e-01,1.187058793819786981e+07,1.098168204617306963e+07,1.000000000000000000e+00
1.929756993568218070e-03,1.724872270865523433e+03,1.726824886900850970e+03,5.868846605507411357e-02,2.747926904094283307e-01,-1.020051222445987631e+06,4.455220803697897969e-01,6.064871313302221401e-01,1.138439413841006905e+07,1.052108860002924874e+07,1.000000000000000000e+00
1.958343709675985922e-03,1.726072800934906354e+03,1.728010200841017650e+03,5.869343609912526516e-02,2.748640493021356490e-01,-1.019561015834355494e+06,4.238447449961505464e-01,5.955850130530681019e-01,1.092653646609392203e+07,1.023382098344774358e+07,1.000000000000000000e+00
1.986930425783753774e-03,1.727233901032007225e+03,1.729146635690895437e+03,5.869835713933550803e-02,2.749323407754498128e-01,-1.019076477127416874e+06,4.040528736938738819e-01,5.874976077505149608e-01,1.049476711322852410e+07,9.991450071604060009e+06,1.000000000000000000e+00
2.015517141891521626e-03,1.728357370751187773e+03,1.730239474690576571e+03,5.870322078507044655e-02,2.749977884214032109e-01,-1.018598558091051411e+06,3.858996375676287949e-01,5.789410850649142626e-01,1.008707102605463564e+07,9.755983286693006754e+06,1.000000000000000000e+00
2.044103857999289477e-03,1.729444896826679269e+03,1.731187565378582121e+03,5.870801984854472078e-02,2.750605922479341103e-01,-1.018128021775969770e+06,3.691807545616120345e-01,5.202203908997635740e-01,9.701643174058338627e+06,9.300704870982669294e+06,1.000000000000000000e+00
2.074830510649243107e-03,1.730575518839927554e+03,1.732169917907054696e+03,5.871309935552504466e-02,2.751253494281215017e-01,-1.017631166306217783e+06,3.525978635421654350e-01,4.597711331491120546e-01,9.310279689978606999e+06,8.832140241694441065e+06,1.000000000000000000e+00
2.105557163299196302e-03,1.731668323051946118e+03,1.733138467374951688e+03,5.871809106907791703e-02,2.751874626658912248e-01,-1.017144105329234735e+06,3.372807498717199648e-01,4.105827839502649845e-01,8.940876153799211606e+06,8.423697810981238261e+06,1.000000000000000000e+00
2.136283815949149498e-03,1.732725035982939971e+03,1.734159937739508223e+03,5.872298992849182830e-02,2.752471107974138187e-01,-1.016667262311386410e+06,3.230759427233297343e-01,3.980258479273423577e-01,8.591774208373917267e+06,8.191951343171346933e+06,1.000000000000000000e+00
2.167010468599103127e-03,1.733747277498339372e+03,1.735135103078870770e+03,5.872779193484383570e-02,2.753044546145285154e-01,-1.016200935727243079e+06,3.098551495677701606e-01,3.895320663944711326e-01,8.261479846260513179e+06,8.007703946084387600e+06,1.000000000000000000e+00
2.197737121249056756e-03,1.734736569370112647e+03,1.736075917599067452e+03,5.873249402617603671e-02,2.753596391517881825e-01,-1.015745320032998570e+06,2.975102262856090252e-01,3.814482255487330886e-01,7.948642088960066438e+06,7.831490506732886657e+06,1.000000000000000000e+00
2.228463773899009952e-03,1.735694342961258826e+03,1.736971601449218042e+03,5.873709396221254986e-02,2.754127956369182839e-01,-1.015300523322004126e+06,2.859498577167428612e-01,3.653816909336902730e-01,7.652037437964658253e+06,7.601130489956432953e+06,1.000000000000000000e+00
2.259190426548963147e-03,1.736621946132590892e+03,1.737808643892456075e+03,5.874159021891643684e-02,2.754640431557245361e-01,-1.014866582161070663e+06,2.750977924706647926e-01,3.314448935908062555e-01,7.370559893993917853e+06,7.243735610852125101e+06,1.000000000000000000e+00
2.289917079198916777e-03,1.737520649430275853e+03,1.738617904867199513e+03,5.874598189265841514e-02,2.755134900651456387e-01,-1.014443473972332082e+06,2.648938439877458473e-01,2.987298691412693108e-01,7.103221496455031447e+06,6.899249055834716186e+06,1.000000000000000000e+00
2.326004163748974021e-03,1.738540766956289644e+03,1.739539797826911354e+03,5.875100570093180069e-02,2.755693902486494595e-01,-1.013960292280466063e+06,2.536308760240169047e-01,2.650140196662113534e-01,6.805957089787501842e+06,6.532262238638259470e+06,1.000000000000000000e+00
2.362091248299030832e-03,1.739524587239357516e+03,1.740474098249738290e+03,5.875588544980733796e-02,2.756230948372598855e-01,-1.013491727676501032e+06,2.430871061055306370e-01,2.617414116140507341e-01,6.525490864476682618e+06,6.378572410933948122e+06,1.000000000000000000e+00
2.398178332849087643e-03,1.740473818503254506e+03,1.741361964360901311e+03,5.876062208225837913e-02,2.756747351511906752e-01,-1.013037536150191328e+06,2.332074762454627859e-01,2.565419375034015959e-01,6.260643597843639553e+06,6.243029325019349344e+06,1.000000000000000000e+00
2.434265417399144454e-03,1.741390061892938775e+03,1.742217431399376210e+03,5.876521712754251975e-02,2.757244301781114348e-01,-1.012597428165262449e+06,2.239873771229829447e-01,2.515435210303129665e-01,6.010508877537755296e+06,6.112728970295052044e+06,1.000000000000000000e+00
2.506439586499258510e-03,1.743128119339656678e+03,1.743854226526715365e+03,5.877398847046221009e-02,2.758183076568823111e-01,-1.011758465784400702e+06,2.069459763401328145e-01,2.251335026453505084e-01,5.549178925245547667e+06,5.656078152326478623e+06,1.000000000000000000e+00
2.578613755599372566e-03,1.744753018330537543e+03,1.745394783221930993e+03,5.878223442866097742e-02,2.759057073542241501e-01,-1.010970526488705771e+06,1.915636355196891905e-01,1.871347486930133031e-01,5.133800693047044799e+06,5.064571286044634879e+06,1.000000000000000000e+00
2.628033489857515767e-03,1.745805944749912669e+03,1.746385480929332743e+03,5.878759188922348666e-02,2.759621854933201335e-01,-1.010458702184177237e+06,1.819239501811318327e-01,1.752770627508772328e-01,4.872996863748895004e+06,4.847011854015469551e+06,1.000000000000000000e+00
2.677453224115658968e-03,1.746812727543044048e+03,1.747317280744355458e+03,5.879271980366863881e-02,2.760160805986998089e-01,-1.009968730163417058e+06,1.729310826993866734e-01,1.701152640570972319e-01,4.629583211997966282e+06,4.721844839489775710e+06,1.000000000000000000e+00
2.726872958373802169e-03,1.747775990582689474e+03,1.748205939845867988e+03,5.879762693613697216e-02,2.760675576016700106e-01,-1.009499659397423267e+06,1.645315986036641198e-01,1.654015400424186377e-01,4.402113803934063762e+06,4.605494572226593271e+06,1.000000000000000000e+00
2.776292692631945370e-03,1.748698165404671499e+03,1.749073035565169675e+03,5.880232212328724561e-02,2.761167660743810148e-01,-1.009050555346609326e+06,1.566752339663706195e-01,1.588718661001204124e-01,4.189282288651006296e+06,4.451025510625977069e+06,1.000000000000000000e+00
2.825712426890088572e-03,1.749581511667787026e+03,1.749968723094209736e+03,5.880681416809424578e-02,2.761638422671665039e-01,-1.008620505673629930e+06,1.493280021972890059e-01,1.449148120261980754e-01,3.989953895377315581e+06,4.138465765504300594e+06,1.000000000000000000e+00
2.875132161148231773e-03,1.750428121711712265e+03,1.750826294337771060e+03,5.881111169730590671e-02,2.762089099898148437e-01,-1.008208629490108928e+06,1.425027876006475513e-01,1.315523292752357187e-01,3.803272471679854672e+06,3.839219124428672716e+06,1.000000000000000000e+00
2.973971629664517741e-03,1.752016990848256000e+03,1.752358942243902220e+03,5.881914845406543968e-02,2.762933561421559991e-01,-1.007436812526849564e+06,1.300063227201276039e-01,1.169556735042181356e-01,3.463271505499901250e+06,3.492764059575022198e+06,1.000000000000000000e+00
3.072770003919425390e-03,1.753482820890280436e+03,1.753701161769088685e+03,5.882652339284196591e-02,2.763711235459946902e-01,-1.006726066751696868e+06,1.188376663902990654e-01,1.125221659940052465e-01,3.162014011479523964e+06,3.349010841142217629e+06,1.000000000000000000e+00
3.171568378174332604e-03,1.754838453069179650e+03,1.755034944026604990e+03,5.883329938115503671e-02,2.764429270415473816e-01,-1.006070278807515977e+06,1.088491868921785677e-01,1.042014284489046205e-01,2.894112388452564366e+06,3.085690510322764516e+06,1.000000000000000000e+00
3.270366752429240253e-03,1.756094557908169918e+03,1.756389557965063204e+03,5.883953119695355116e-02,2.765093572614156781e-01,-1.005464273453682195e+06,9.989869218696129094e-02,9.109889730764651750e-02,2.655104187657631934e+06,2.675118522799921222e+06,1.000000000000000000e+00
3.369165126684147901e-03,1.757260533439385199e+03,1.757542596350287340e+03,5.884526884199903912e-02,2.765709311068028642e-01,-1.004903424222919159e+06,9.185989546439733699e-02,8.248831856016171360e-02,2.441221301799817942e+06,2.444552616954436991e+06,1.000000000000000000e+00
3.467963500939055550e-03,1.758344684010158744e+03,1.758530235564849590e+03,5.885055765811410267e-02,2.766281032660534711e-01,-1.004383600597732002e+06,8.462370413760608723e-02,7.696999481418440037e-02,2.249275210813612211e+06,2.343508149206824601e+06,1.000000000000000000e+00
3.566761875193963198e-03,1.759354369689787745e+03,1.759448928795171469e+03,5.885543858405840184e-02,2.766812754911766592e-01,-1.003901116897542030e+06,7.809614615548052252e-02,7.183434047649614462e-02,2.076554882978044450e+06,2.249448290669264738e+06,1.000000000000000000e+00
3.665560249448870846e-03,1.760296131720676158e+03,1.760500210107836210e+03,5.885994847843949163e-02,2.767308041118147766e-01,-1.003452684051197721e+06,7.219662920341191059e-02,6.225240154142443194e-02,1.920745825169096235e+06,1.979925707469052169e+06,1.000000000000000000e+00
3.764358623703778495e-03,1.761175798257585257e+03,1.761494663277117525e+03,5.886412046290988298e-02,2.767770061255142577e-01,-1.003035364814286586e+06,6.686382957867247068e-02,5.297411001762231120e-02,1.779893588174925884e+06,1.715656293471699348e+06,1.000000000000000000e+00
3.880377479379528219e-03,1.762136161898330556e+03,1.762434409395189277e+03,5.886862617063100961e-02,2.768273742376319291e-01,-1.002581668738583336e+06,6.124293596417101221e-02,4.725498512054094463e-02,1.631306689269602299e+06,1.575014510365941329e+06,1.000000000000000000e+00
3.996396335055277943e-03,1.763026069266557670e+03,1.763241295055637465e+03,5.887275378707377410e-02,2.768739732089322558e-01,-1.002163035802440252e+06,5.619430467342599600e-02,4.362732573503556172e-02,1.498450364160674857e+06,1.506054263649804983e+06,1.000000000000000000e+00
4.112415190731027667e-03,1.763852099271959787e+03,1.763989201321984865e+03,5.887654092811461792e-02,2.769171597742051683e-01,-1.001776147766720969e+06,5.166125287740607613e-02,4.026283037713639101e-02,1.379375152375697391e+06,1.442080678981586127e+06,1.000000000000000000e+00
4.228434046406776524e-03,1.764620067400333710e+03,1.764852181254207608e+03,5.888002086019897274e-02,2.769572502223571764e-01,-1.001418089917128906e+06,4.758398235537272120e-02,3.607015742819701803e-02,1.272377941209088545e+06,1.276019858627840178e+06,1.000000000000000000e+00
4.344452902082525381e-03,1.765335126138588748e+03,1.765682626261638234e+03,5.888322301223963134e-02,2.769945254556002157e-01,-1.001086295716003515e+06,4.390966228090931178e-02,3.199192688159917947e-02,1.175997281994613586e+06,1.103798180909181247e+06,1.000000000000000000e+00
4.460471757758275105e-03,1.766001850168401234e+03,1.766387952505828480e+03,5.888617343405616600e-02,2.770292353733014856e-01,-1.000778500949742505e+06,4.059252836320190183e-02,2.925342684237575847e-02,1.088977546747529646e+06,9.923523338506473228e+05,1.000000000000000000e+00
4.576490613434024829e-03,1.766624308593357682e+03,1.766954279817943643e+03,5.888889519731419636e-02,2.770616025527711246e-01,-1.000492704280643025e+06,3.759371223793717826e-02,2.699089342465230829e-02,1.010238790425642044e+06,9.493447229655977571e+05,1.000000000000000000e+00
4.692509469109774553e-03,1.767206126077960334e+03,1.767479143479795539e+03,5.889140873803545839e-02,2.770918252199102705e-01,-1.000227132571504684e+06,3.489704979329150136e-02,2.420525821272705852e-02,9.389133169315481791e+05,9.086838818431808613e+05,1.000000000000000000e+00
4.924547180461273134e-03,1.768257536656909224e+03,1.768518705067731617e+03,5.889586538663316856e-02,2.771463601061667226e-01,-9.997519056142068002e+05,3.032914662752123763e-02,1.889032801956501417e-02,8.156126082354313694e+05,7.929845344174670754e+05,1.000000000000000000e+00
5.156584891812771715e-03,1.769187341456834474e+03,1.769615814561414254e+03,5.889972520264282613e-02,2.771944383925473154e-01,-9.993348857883508317e+05,2.642252142648086194e-02,1.365168143224279249e-02,7.124434377299405169e+05,6.092973251313009532e+05,1.000000000000000000e+00
5.388622603164271163e-03,1.770013330456108179e+03,1.770430083786324758e+03,5.890308305230418373e-02,2.772370125567609200e-01,-9.989672746543025132e+05,2.313078169372095871e-02,1.040626274518400077e-02,6.257409477455548476e+05,5.282601816536933184e+05,1.000000000000000000e+00
5.620660314515769744e-03,1.770750106965104351e+03,1.771090932142760039e+03,5.890601628337814588e-02,2.772748732821776474e-01,-9.986420079467408359e+05,2.034887312341352242e-02,1.139898339408516696e-02,5.524191471857312135e+05,5.017117227002142463e+05,1.000000000000000000e+00
5.874605226283687726e-03,1.771468009680278783e+03,1.771781193674746191e+03,5.890881208377577588e-02,2.773116584978168597e-01,-9.983279996081448626e+05,1.779583989003140701e-02,1.139248303568933009e-02,4.847073445817757747e+05,4.572596513022648869e+05,1.000000000000000000e+00
6.128550138051606574e-03,1.772107189482251215e+03,1.772542094338825109e+03,5.891124649497544302e-02,2.773443203522997225e-01,-9.980511132218868006e+05,1.563459640514079305e-02,8.407112488120361410e-03,4.275308215420268825e+05,3.606436790846625809e+05,1.000000000000000000e+00
6.382495049819525423e-03,1.772678301126090446e+03,1.773182716798744423e+03,5.891337344611867477e-02,2.773734431665697553e-01,-9.978064449962165672e+05,1.380285833203751845e-02,6.293001392035996004e-03,3.789824844459444867e+05,2.895153879091363051e+05,1.000000000000000000e+00
6.636439961587444272e-03,1.773190111073223306e+03,1.773644714561901083e+03,5.891523686134968185e-02,2.773995119305938672e-01,-9.975900728940377012e+05,1.224766161184218105e-02,5.919956268117594622e-03,3.375473829818025697e+05,2.698498113988850382e+05,1.000000000000000000e+00
7.144329785123281970e-03,1.774057472552530726e+03,1.774416143501625356e+03,5.891828104912555375e-02,2.774436885414601761e-01,-9.972328494434601162e+05,9.895488436914529756e-03,5.223215182851933050e-03,2.719519472623817273e+05,2.386122082400397630e+05,1.000000000000000000e+00
7.652219608659118801e-03,1.774776114976785038e+03,1.775263535807102244e+03,5.892071652528772102e-02,2.774801151624851636e-01,-9.969412614404021297e+05,8.040171689156334900e-03,3.488016451742023596e-03,2.220501637092220772e+05,1.670184177378856693e+05,1.000000000000000000e+00
8.160123708451996749e-03,1.775378075346036212e+03,1.775895208757400951e+03,5.892268682164169408e-02,2.775104802362726719e-01,-9.967005508705442771e+05,6.611667744929621351e-03,2.623683089906183111e-03,1.836183069331366860e+05,1.270386459960333013e+05,1.000000000000000000e+00
8.668027808244873830e-03,1.775887008557189574e+03,1.776346171022151793e+03,5.892429554848366280e-02,2.775360470232005050e-01,-9.965002117647100240e+05,5.499047567026079698e-03,2.018600174935322039e-03,1.535792649200945452e+05,1.117614878899124742e+05,1.000000000000000000e+00
9.175931908037750911e-03,1.776320599694364319e+03,1.776734612761964172e+03,5.892561786678816166e-02,2.775577699318987346e-01,-9.963327050022580661e+05,4.621240838251801722e-03,1.522688737436429752e-03,1.297873077821067855e+05,9.819347294434794458e+04,1.000000000000000000e+00
9.683836007830627993e-03,1.776692106200647686e+03,1.777182107420284183e+03,5.892670864053802665e-02,2.775763784834616166e-01,-9.961927493065909948e+05,3.920304913404643044e-03,1.491593522016134571e-03,1.107236579183575814e+05,7.578045587846566923e+04,1.000000000000000000e+00
1.069964420743912958e-02,1.777278436143359613e+03,1.777804545956995071e+03,5.892831770757475662e-02,2.776059470682559205e-01,-9.959852881193666253e+05,2.965468156824319339e-03,1.284157763064491331e-03,8.313781861573024071e+04,5.034578333684348036e+04,1.000000000000000000e+00
1.171545240704763118e-02,1.777733331829552526e+03,1.778203792596170160e+03,5.892949273595551180e-02,2.776288712807528647e-01,-9.958305596672242973e+05,2.265197524500430978e-03,9.929594329444869742e-04,6.394711591703319573e+04,4.044076596326604340e+04,1.000000000000000000e+00
1.374706880626443140e-02,1.778350452749382384e+03,1.778885302491402172e+03,5.893091669762819118e-02,2.776604227987060081e-01,-9.956443861785866320e+05,1.474392164649702009e-03,5.654539501623879463e-04,4.109370932993779570e+04,2.020950193260200103e+04,1.000000000000000000e+00
1.577868520548088641e-02,1.778774839749682315e+03,1.779258102033411205e+03,5.893184160071709976e-02,2.776819965802264090e-01,-9.955209040181364398e+05,9.928179959235170545e-04,3.562774130544192315e-04,2.786319383059278334e+04,1.311129483263156362e+04,1.000000000000000000e+00
1.781030160469790347e-02,1.779079219754170708e+03,1.779576710383707905e+03,5.893248511066846718e-02,2.776973657508653437e-01,-9.954339958147148136e+05,6.987837363552292002e-04,2.434840043264722336e-04,1.974114394334149256e+04,7.633400780384606151e+03,1.000000000000000000e+00
1.984191800391492053e-02,1.779305200561379934e+03,nan,5.893296754683362282e-02,2.777086583687116139e-01,-9.953685629159105010e+05,5.095409456557985174e-04,nan,1.449966156010485975e+04,nan,0.000000000000000000e+00
2.187353440313193759e-02,1.779477921382423574e+03,nan,5.893336180117848128e-02,2.777171068588572544e-01,-9.953145897311107256e+05,3.818304942356561937e-04,nan,1.099416193223794653e+04,nan,0.000000000000000000e+00
2.390515080234894771e-02,1.779612716013736872e+03,nan,5.893371276376167811e-02,2.777233998421477223e-01,-9.952647017986383289e+05,2.916202245477295617e-04,nan,8.610575982133945217e+03,nan,0.000000000000000000e+00
2.593676720156596824e-02,1.779716955904901852e+03,nan,5.893403647041914328e-02,2.777278243178270545e-01,-9.952145891277221963e+05,2.244301231828054453e-04,nan,7.025376941492258084e+03,nan,0.000000000000000000e+00
2.796838360078298183e-02,1.779786034440933918e+03,nan,5.893429179970705728e-02,2.777302874628276852e-01,-9.951696144163692370e+05,1.707972301576574298e-04,nan,6.110629352067650871e+03,nan,0.000000000000000000e+00
2.999999999999999889e-02,1.779786034440933918e+03,nan,5.893429179970705728e-02,2.777302874628276852e-01,-9.951696144163687713e+05,1.707972301577439763e-04,nan,6.110629352066546744e+03,nan,0.000000000000000000e+00
