z,T,fgm_T,Z,C,h,omega_C,fgm_omega_C,qdot,fgm_qdot,covered
0.000000000000000000e+00,3.000000000000000000e+02,3.000495429784107841e+02,6.781865114637425362e-02,7.744020752618907544e-02,-1.031119169503395329e+06,4.281102656340587580e-06,4.729025508228645267e-06,4.107238331344002290e+03,4.179456838112721016e+03,1.000000000000000000e+00
1.080419165670002704e-05,3.058285452363894024e+02,3.058786177927649987e+02,6.781581349088686150e-02,7.819034676679338658e-02,-1.031400066582467174e+06,4.274097335633836076e-06,4.721528793494608978e-06,3.825999404097626211e+03,3.893478555021074953e+03,1.000000000000000000e+00
2.160838331340005409e-05,3.116165374108074388e+02,3.116664926196566512e+02,6.781318257952949347e-02,7.893515974730214158e-02,-1.031660998738488881e+06,4.266051817365039577e-06,4.713169314844814042e-06,3.591155482891709198e+03,3.656811843498732742e+03,1.000000000000000000e+00
3.241257497010008282e-05,3.173654370861859206e+02,3.174164455431281340e+02,6.781075036854047888e-02,7.967494809955547042e-02,-1.031903405223727110e+06,4.274497686197417735e-06,4.722694612236735597e-06,3.393699668093849596e+03,3.454214077880712466e+03,1.000000000000000000e+00
4.321676662680010817e-05,3.230766269183711756e+02,3.231276300813402713e+02,6.780850942633727396e-02,8.040999190384645612e-02,-1.032128595897755469e+06,4.312620454084800584e-06,4.763777475492530764e-06,3.227030498149936193e+03,3.286048893836845764e+03,1.000000000000000000e+00
5.402095828350013352e-05,3.287514176445554313e+02,3.288008877095252842e+02,6.780645287154710155e-02,8.114055171995367133e-02,-1.032337764828417916e+06,4.385981775110608610e-06,4.838791768851109658e-06,3.085978411298295214e+03,3.146508233649252816e+03,1.000000000000000000e+00
6.482514994020016565e-05,3.343910534156001404e+02,3.344433161311058598e+02,6.780457431872373431e-02,8.186687038248247061e-02,-1.032532002279256936e+06,4.496559941039055547e-06,4.961801043199124051e-06,2.966433725997280817e+03,3.020331330305143638e+03,1.000000000000000000e+00
7.562934159690019777e-05,3.399967165731698628e+02,3.400462500049818004e+02,6.780286783063224632e-02,8.258917459284023654e-02,-1.032712305291873054e+06,4.644835982613532496e-06,5.105493624074600127e-06,2.865102510894281295e+03,2.922049357451973719e+03,1.000000000000000000e+00
8.643353325360021635e-05,3.455695319523522357e+02,3.456198414028048660e+02,6.780132787616682810e-02,8.330767633506985792e-02,-1.032879587043600506e+06,4.830834688987714981e-06,5.311589852577095542e-06,2.779326180447519619e+03,2.834211514775608066e+03,1.000000000000000000e+00
9.183562908195023241e-05,3.483439468947125874e+02,3.483962735501768293e+02,6.780061850004784341e-02,8.366555267938079188e-02,-1.032958522340517957e+06,4.938019916675970218e-06,5.427952989422262857e-06,2.741569510809361873e+03,2.793329750100711408e+03,1.000000000000000000e+00
9.723772491030023492e-05,3.511105335162562824e+02,3.511624675946566754e+02,6.779994890935166219e-02,8.402255013711723564e-02,-1.033034509003760177e+06,5.054690420325461871e-06,5.554127455383725477e-06,2.706930218140242232e+03,2.758901048719593746e+03,1.000000000000000000e+00
1.026398207386502510e-04,3.538694183802176099e+02,3.539201699271987422e+02,6.779931850991036124e-02,8.437869168489763039e-02,-1.033107641426096670e+06,5.180893512455101479e-06,5.670772728433686956e-06,2.675199255335730868e+03,2.727850374495902543e+03,1.000000000000000000e+00
1.080419165670002670e-04,3.566207251068690880e+02,3.566737856927270514e+02,6.779872672673892264e-02,8.473399958950991739e-02,-1.033178010132631636e+06,5.316699313053385739e-06,5.839080051557488583e-06,2.646187110145089719e+03,2.696353132050332988e+03,1.000000000000000000e+00
1.134440123953502831e-04,3.593645744684113197e+02,3.594146975812087703e+02,6.779817300319071482e-02,8.508849543723964737e-02,-1.033245701968757319e+06,5.462202393742980542e-06,5.965614254908916685e-06,2.619721850281380284e+03,2.671661803114306622e+03,1.000000000000000000e+00
1.188461082237002992e-04,3.621010844797982031e+02,3.621548380472578970e+02,6.779765680015911733e-02,8.544220016168804777e-02,-1.033310800277583767e+06,5.617522343966654594e-06,6.165414170965127792e-06,2.595647358611645359e+03,2.644828856453132175e+03,1.000000000000000000e+00
1.242482040520503017e-04,3.648303704857324874e+02,3.648808424792505321e+02,6.779717759532222221e-02,8.579513407017255733e-02,-1.033373385067469091e+06,5.782803946645829218e-06,6.307208123918521969e-06,2.573821760302611438e+03,2.624799914294418159e+03,1.000000000000000000e+00
1.296502998804003313e-04,3.675525452440472236e+02,3.676066506352954661e+02,6.779673488242836388e-02,8.614731686879617545e-02,-1.033433533170314389e+06,5.958217124791278534e-06,6.532508698654153093e-06,2.554116026707242781e+03,2.602828665564693893e+03,1.000000000000000000e+00
1.350523957087503609e-04,3.702677190056718359e+02,3.703183046908300753e+02,6.779632817061903571e-02,8.649876768626581225e-02,-1.033491318391153240e+06,6.143956760169417408e-06,6.687791132294379700e-06,2.536412737190998541e+03,2.586632830113276214e+03,1.000000000000000000e+00
1.404544915371003634e-04,3.729759995913686907e+02,3.730301251227628541e+02,6.779595698378770852e-02,8.684950509653416306e-02,-1.033546811649605632e+06,6.340242461593054838e-06,6.940830955975247747e-06,2.520604980653367420e+03,2.569204636495851446e+03,1.000000000000000000e+00
1.458565873654503659e-04,3.756774924654097276e+02,3.757293294801510797e+02,6.779562085997145604e-02,8.719954714033448240e-02,-1.033600081113678054e+06,6.547318327718509322e-06,7.119799050027258946e-06,2.506595379986490570e+03,2.555857479720261836e+03,1.000000000000000000e+00
1.512586831938003955e-04,3.783723008063538487e+02,3.784261672736710125e+02,6.779531935077426352e-02,8.754891134567277522e-02,-1.033651192326375050e+06,6.765452742350727282e-06,7.390647064307127859e-06,2.494295224743569634e+03,2.542935475219560431e+03,1.000000000000000000e+00
1.566607790221503981e-04,3.810605255750718925e+02,3.811144929874590730e+02,6.779505202081925752e-02,8.789761474733803759e-02,-1.033700208325581625e+06,6.994938217388295756e-06,7.619977848509884188e-06,2.483623699025245969e+03,2.531795741847624413e+03,1.000000000000000000e+00
1.620628748505004006e-04,3.837422655801584597e+02,3.837955673504768015e+02,6.779481844722849704e-02,8.824567390548623824e-02,-1.033747189757578541e+06,7.236091304876316423e-06,7.882918778080268742e-06,2.474507193337046374e+03,2.523257203383822343e+03,1.000000000000000000e+00
1.674649706788504302e-04,3.864176175408582026e+02,3.864744343563357347e+02,6.779461821912896591e-02,8.859310492335090159e-02,-1.033792194984619506e+06,7.489252578519809878e-06,8.192781974392409803e-06,2.466878690546393045e+03,2.514312176493245261e+03,1.000000000000000000e+00
1.728670665072004327e-04,3.890866761476287934e+02,3.891392182079323447e+02,6.779445093718237947e-02,8.893992346412930849e-02,-1.033835280186877586e+06,7.754786693233111692e-06,8.417487110936673937e-06,2.460677217350320007e+03,2.509392528617283460e+03,1.000000000000000000e+00
1.782691623355504352e-04,3.917495341204521537e+02,3.918057002683402743e+02,6.779431621313830592e-02,8.928614476708982006e-02,-1.033876499459134182e+06,8.033082524892588849e-06,8.772145312585545709e-06,2.455847353850372656e+03,2.504094649720730104e+03,1.000000000000000000e+00
1.836712581639004648e-04,3.944062822650006979e+02,3.944586317521504952e+02,6.779421366940874272e-02,8.963178366294360933e-02,-1.033915904902483453e+06,8.324553384839907051e-06,9.003936145024194255e-06,2.452338794580251943e+03,2.500771716744368860e+03,1.000000000000000000e+00
1.890733539922504673e-04,3.970570095267578949e+02,3.971118738173465204e+02,6.779414293866289909e-02,8.997685458852075491e-02,-1.033953546711372561e+06,8.629637317123403471e-06,9.389561406263558361e-06,2.450105955379600800e+03,2.498976429998053845e+03,1.000000000000000000e+00
1.944754498206004698e-04,3.997018030431869420e+02,3.997584071187179688e+02,6.779410366344135186e-02,9.032137160078818061e-02,-1.033989473256217781e+06,8.948797467588773453e-06,9.741062908766338153e-06,2.449107621042847313e+03,2.497480544469036886e+03,1.000000000000000000e+00
1.998775456489504995e-04,4.023407481940352568e+02,4.023942480503422985e+02,6.779409549578814531e-02,9.066534839024487091e-02,-1.034023731161880889e+06,9.282522530043722835e-06,1.005162836967282064e-05,2.449306629364755281e+03,2.498284699069398357e+03,1.000000000000000000e+00
2.052796414773005020e-04,4.049739286498580668e+02,4.050310290430009559e+02,6.779411809690000235e-02,9.100879829372743313e-02,-1.034056365382215125e+06,9.631327267151000912e-06,1.049428447886599237e-05,2.450669587781022074e+03,2.500027219132959999e+03,1.000000000000000000e+00
2.106817373056505045e-04,4.076014264188395941e+02,4.076551140101230999e+02,6.779417113679171714e-02,9.135173430665675942e-02,-1.034087419270927436e+06,9.995753098946585561e-06,1.078270838677706955e-05,2.453166619102633376e+03,2.501856643266760784e+03,1.000000000000000000e+00
2.160838331340005341e-04,4.102233218919856199e+02,4.102785426330225391e+02,6.779425429397674396e-02,9.169416909475516797e-02,-1.034116934648942202e+06,1.037636876570253629e-05,1.125161926694204483e-05,2.456771133471030225e+03,2.506657642022805248e+03,1.000000000000000000e+00
2.214859289623505637e-04,4.128396938867577433e+02,4.128988290658791698e+02,6.779436725516212181e-02,9.203611500526134859e-02,-1.034144951868482283e+06,1.077377105812929865e-05,1.174599107849308911e-05,2.461459623849362742e+03,2.511698524525926587e+03,1.000000000000000000e+00
2.268880247907005662e-04,4.154506196892147045e+02,4.155040721247429474e+02,6.779450971495727674e-02,9.237758407766864799e-02,-1.034171509874033276e+06,1.118858561689599170e-05,1.205415096837373777e-05,2.467211482694770893e+03,2.516743336657484178e+03,1.000000000000000000e+00
2.322901206190505687e-04,4.180561750947246651e+02,4.181128944497515931e+02,6.779468137559548080e-02,9.271858805401120285e-02,-1.034196646260377835e+06,1.162146780059125410e-05,1.260997529893606325e-05,2.474008837837523970e+03,2.525166644573218946e+03,1.000000000000000000e+00
2.376922164474005983e-04,4.206564344473072197e+02,4.207141476710816050e+02,6.779488194666757894e-02,9.305913838872033328e-02,-1.034220397327848012e+06,1.207310362102241501e-05,1.308491523274979701e-05,2.481836405688004106e+03,2.532862171323829898e+03,1.000000000000000000e+00
2.430943122757506009e-04,4.232514706776610751e+02,4.233060066344073675e+02,6.779511114486749812e-02,9.339924625807287384e-02,-1.034242798134956043e+06,1.254421074705154134e-05,1.352067423927291765e-05,2.490681360153763308e+03,2.541607924032606206e+03,1.000000000000000000e+00
2.484964081041006034e-04,4.258413553399323064e+02,4.258993228115717784e+02,6.779536869374849783e-02,9.373892256925162036e-02,-1.034263882548542228e+06,1.303553957806056980e-05,1.414394975616357718e-05,2.500533215937742170e+03,2.553267874837235468e+03,1.000000000000000000e+00
2.538985039324506330e-04,4.284261586472725298e+02,4.284831513793341173e+02,6.779565432348988452e-02,9.407817796903683583e-02,-1.034283683291569585e+06,1.354787438445434144e-05,1.461423141047434438e-05,2.511383724798407002e+03,2.563104477196943662e+03,1.000000000000000000e+00
2.593005997608006626e-04,4.310059495062365045e+02,4.310613641904824362e+02,6.779596777067380120e-02,9.441702285214675916e-02,-1.034302231988702901e+06,1.408203452106070621e-05,1.517301439668453175e-05,2.523226783811910082e+03,2.575695249532874186e+03,1.000000000000000000e+00
2.647026955891506922e-04,4.335807955500646358e+02,4.336397075807725514e+02,6.779630877807105160e-02,9.475546736924417290e-02,-1.034319559209778556e+06,1.463887571062417595e-05,1.587422802136073216e-05,2.536058354526339372e+03,2.590667603376349689e+03,1.000000000000000000e+00
2.701047914175007218e-04,4.361507631708942085e+02,4.362077187190143377e+02,6.779667709443616685e-02,9.509352143462504459e-02,-1.034335694511275273e+06,1.521929140050709179e-05,1.636833366677605962e-05,2.549876392162261254e+03,2.602686629400909624e+03,1.000000000000000000e+00
2.755068872458506972e-04,4.387159175509409579e+02,4.387719702813262757e+02,6.779707247431077111e-02,9.543119473360393845e-02,-1.034350666475903243e+06,1.582421419575655964e-05,1.703281820556198399e-05,2.564680784113556911e+03,2.618831820600350511e+03,1.000000000000000000e+00
2.809089830742007268e-04,4.412763226926917355e+02,4.413358574365527147e+02,6.779749467783496852e-02,9.576849672961114390e-02,-1.034364502750396263e+06,1.645461736605941308e-05,1.782421354936122596e-05,2.580473296968521936e+03,2.637232364005145882e+03,1.000000000000000000e+00
2.863110789025507565e-04,4.438320414481441958e+02,4.438896061791145939e+02,6.779794347056648796e-02,9.610543667101445475e-02,-1.034377230081610149e+06,1.711151643594520914e-05,1.838094501360382541e-05,2.597257531526200637e+03,2.651850507918081348e+03,1.000000000000000000e+00
2.917131747309007319e-04,4.463831355471316442e+02,4.464395733357142717e+02,6.779841862330698854e-02,9.644202359767845012e-02,-1.034388874351003906e+06,1.779597085311825723e-05,1.912384172376794592e-05,2.615038885207875410e+03,2.670969788523008901e+03,1.000000000000000000e+00
2.971152705592507615e-04,4.489296656247670398e+02,4.489895035928244624e+02,6.779891991193537359e-02,9.677826634727371147e-02,-1.034399460607598536e+06,1.850908574364984284e-05,2.001971951517132989e-05,2.633824521378821828e+03,2.692961412004514841e+03,1.000000000000000000e+00
3.025173663876007911e-04,4.514716912480378141e+02,4.515304416247550989e+02,6.779944711724771034e-02,9.711417356134682821e-02,-1.034409013099474134e+06,1.925201375246548313e-05,2.069235246764979786e-05,2.653623345209874969e+03,2.711065108112486541e+03,1.000000000000000000e+00
3.079194622159507665e-04,4.540092709415853278e+02,4.540657969674076071e+02,6.780000002480338073e-02,9.744975369116250230e-02,-1.034417555303909234e+06,2.002595697823747733e-05,2.147295216943306899e-05,2.674445985672510687e+03,2.732240161044899651e+03,1.000000000000000000e+00
3.133215580443007961e-04,4.565424622126968757e+02,4.566022523872305783e+02,6.780057842477717200e-02,9.778501500332778540e-02,-1.034425109956183005e+06,2.083216899608282709e-05,2.249001768776676824e-05,2.696304783297745416e+03,2.758039775325392839e+03,1.000000000000000000e+00
3.187236538726508257e-04,4.590713215755405372e+02,4.591318350856125790e+02,6.780118211181727916e-02,9.811996558520813538e-02,-1.034431699077160563e+06,2.167195698313024879e-05,2.334799706758712635e-05,2.719213783575662092e+03,2.780894831006270579e+03,1.000000000000000000e+00
3.241257497010008011e-04,4.615959045746696461e+02,4.616523259018906060e+02,6.780181088490851160e-02,9.845461335014446536e-02,-1.034437343999673729e+06,2.254668394394816226e-05,2.410523279236068906e-05,2.743188735642026586e+03,2.802677557591027380e+03,1.000000000000000000e+00
3.295278455293508308e-04,4.641162658078237087e+02,4.641757711956672665e+02,6.780246454724070393e-02,9.878896604248033064e-02,-1.034442065393798286e+06,2.345777103662554703e-05,2.526299886766849239e-05,2.768247096079274343e+03,2.832563251737939936e+03,1.000000000000000000e+00
3.349299413577008604e-04,4.666324589480503846e+02,4.666953367800524575e+02,6.780314290608242811e-02,9.912303124240688657e-02,-1.034445883291041828e+06,2.440670001144722129e-05,2.639959335772178132e-05,2.794408037799676094e+03,2.862044584702859083e+03,1.000000000000000000e+00
3.403320371860508358e-04,4.691445367651733704e+02,4.692006313313358419e+02,6.780384577265888280e-02,9.945681637063394365e-02,-1.034448817107535084e+06,2.539501575797525028e-05,2.705028433775947372e-05,2.821692463846086412e+03,2.882590101717252765e+03,1.000000000000000000e+00
3.457341330144008654e-04,4.716525511466291505e+02,4.717115142765476321e+02,6.780457296203476480e-02,9.979032869289461427e-02,-1.034450885666234768e+06,2.642432896639382187e-05,2.837154293784092284e-05,2.850123026145958647e+03,2.916909055496276778e+03,1.000000000000000000e+00
3.511362288427508950e-04,4.741565531176945569e+02,4.742190231635433975e+02,6.780532429300124841e-02,1.001235753242903648e-01,-1.034452107218221179e+06,2.749631890266204500e-05,2.969205226227277988e-05,2.879724149248349022e+03,2.951213404240731961e+03,1.000000000000000000e+00
3.565383246711008704e-04,4.766565928611262848e+02,4.767153987633607244e+02,6.780609958796705861e-02,1.004565632334833841e-01,-1.034452499463110231e+06,2.861273629995096489e-05,3.050594192741175347e-05,2.910522059173259549e+03,2.975492013050246896e+03,1.000000000000000000e+00
3.619404204994509000e-04,4.791527197362337915e+02,4.792110613586816044e+02,6.780689867285362438e-02,1.007892992467428472e-01,-1.034452079568629386e+06,2.977540636134494239e-05,3.184389495793258452e-05,2.942544817717362548e+03,3.011236819667836244e+03,1.000000000000000000e+00
3.673425163278009296e-04,4.816449822974036010e+02,4.817065705358118066e+02,6.780772137699384028e-02,1.011217900518507906e-01,-1.034450864189401502e+06,3.098623186814649337e-05,3.335446504652963211e-05,2.975822362447618161e+03,3.050397770683163799e+03,1.000000000000000000e+00
3.727446121561509050e-04,4.841334283120950772e+02,4.841956939743179760e+02,6.780856753303457496e-02,1.014540422018738175e-01,-1.034448869484964292e+06,3.224719638466115557e-05,3.462923876129509431e-05,3.010386553086224012e+03,3.084831627633416247e+03,1.000000000000000000e+00
3.781467079845009347e-04,4.866181047783250051e+02,4.866757530825094591e+02,6.780943697684259364e-02,1.017860621188059200e-01,-1.034446111137068598e+06,3.356036753952096406e-05,3.571196360401156298e-05,3.046271225013871572e+03,3.115961518555709972e+03,1.000000000000000000e+00
3.835488038128509643e-04,4.890990579416585433e+02,4.891596307212658985e+02,6.781032954741360308e-02,1.021178560970876226e-01,-1.034442604366286541e+06,3.492790036483445942e-05,3.744792632293726290e-05,3.083512251073371772e+03,3.160640361997150194e+03,1.000000000000000000e+00
3.889508996412009397e-04,4.915763333117229195e+02,4.916404297995226784e+02,6.781124508678484930e-02,1.024494303070067891e-01,-1.034438363947963691e+06,3.635204068869832831e-05,3.918305866214828021e-05,3.122147613354753048e+03,3.205301851943719157e+03,1.000000000000000000e+00
3.943529954695509693e-04,4.940499756782602390e+02,4.941094686378997949e+02,6.781218343995031039e-02,1.027807907979854940e-01,-1.034433404227531864e+06,3.783512897003668958e-05,4.018470917190139925e-05,3.162217489854143878e+03,3.235127112838345965e+03,1.000000000000000000e+00
3.997550912979009989e-04,4.965200291267339026e+02,4.965794612028285542e+02,6.781314445477898412e-02,1.031119435017577302e-01,-1.034427739135237527e+06,3.937961157625437112e-05,4.201426713760331269e-05,3.203764399115344531e+03,3.282638566805943356e+03,1.000000000000000000e+00
4.105592829546010039e-04,5.014495458947416751e+02,5.015134814994075327e+02,6.781513415118874122e-02,1.037736602996328639e-01,-1.034414443542282796e+06,4.266072346559421011e-05,4.577718355826885090e-05,3.291391381836023811e+03,3.379561453550001261e+03,1.000000000000000000e+00
4.213634746113010089e-04,5.063652368479367283e+02,5.064263484113611753e+02,6.781721258711399802e-02,1.044346151681184581e-01,-1.034398474130872404e+06,4.621907347431847285e-05,4.939376759238512705e-05,3.385466701295882103e+03,3.474599074433101578e+03,1.000000000000000000e+00
4.267655704396510386e-04,5.088179989012706415e+02,5.088824608681958921e+02,6.781828459556157873e-02,1.047648148817084124e-01,-1.034389470292567625e+06,4.811090079338081694e-05,5.170328770826465884e-05,3.435093640006385613e+03,3.532474167034899892e+03,1.000000000000000000e+00
4.321676662680010682e-04,5.112674224922628241e+02,5.113296704391909770e+02,6.781937840907964477e-02,1.050948400828976420e-01,-1.034379836682473426e+06,5.008117619501901437e-05,5.331542462733678537e-05,3.486493826435648771e+03,3.576116950865158287e+03,1.000000000000000000e+00
4.375697620963510978e-04,5.137135471801553877e+02,5.137732451586207389e+02,6.782049389359104397e-02,1.054246959604067113e-01,-1.034369584691894124e+06,5.213318928185932806e-05,5.535907277525336275e-05,3.539727180339352799e+03,3.629132386963990029e+03,1.000000000000000000e+00
4.429718579247011274e-04,5.161564119303516236e+02,5.162190371958047308e+02,6.782163091733119098e-02,1.057543876072355032e-01,-1.034358725396090187e+06,5.427036500763961267e-05,5.803783268699101456e-05,3.594856075434609465e+03,3.695129779372280154e+03,1.000000000000000000e+00
4.483739537530511028e-04,5.185960551266107359e+02,5.186621539529849088e+02,6.782278935078762949e-02,1.060839200230315194e-01,-1.034347269564672606e+06,5.649627745925176392e-05,6.071564669006564418e-05,3.651945578457106876e+03,3.761106989219136267e+03,1.000000000000000000e+00
4.537760495814011324e-04,5.210325145829210669e+02,5.210936637243937639e+02,6.782396906664164837e-02,1.064132981163840724e-01,-1.034335227671610774e+06,5.881465658868666250e-05,6.221990178396050208e-05,3.711063618419759223e+03,3.803162074991295867e+03,1.000000000000000000e+00
4.591781454097511620e-04,5.234658275550623330e+02,5.235267085948020167e+02,6.782516993971143826e-02,1.067425267070477302e-01,-1.034322609904883662e+06,6.122939490667327284e-05,6.506206455314585027e-05,3.772281137608685185e+03,3.873129836048009565e+03,1.000000000000000000e+00
4.645802412381011375e-04,5.258960307518658510e+02,5.259599234657976012e+02,6.782639184689730205e-02,1.070716105280974662e-01,-1.034309426175770001e+06,6.374455456236737308e-05,6.818008418183974992e-05,3.835672234374991604e+03,3.948561876693885097e+03,1.000000000000000000e+00
4.699823370664511671e-04,5.283231603461827035e+02,5.283901159205493059e+02,6.782763466712854461e-02,1.074005542280176834e-01,-1.034295686127812834e+06,6.636437483133024386e-05,7.122357096831512756e-05,3.901314302580758522e+03,4.022477495778090088e+03,1.000000000000000000e+00
4.753844328948011967e-04,5.307472519855683686e+02,5.308075291384326420e+02,6.782889828131177801e-02,1.077293623727281213e-01,-1.034281399145454168e+06,6.909328000919535235e-05,7.292116979885195571e-05,3.969288171011496161e+03,4.069226274673997523e+03,1.000000000000000000e+00
4.807865287231511721e-04,5.331683408026921143e+02,5.332301916653188982e+02,6.783018257228098924e-02,1.080580394475483957e-01,-1.034266574362373794e+06,7.193588770717829510e-05,7.644330879566790945e-05,4.039678244798034029e+03,4.153250867410288265e+03,1.000000000000000000e+00
4.861886245515012017e-04,5.355864614254809339e+02,5.356513879405583793e+02,6.783148742474916226e-02,1.083865898591036270e-01,-1.034251220669517177e+06,7.489701756192257659e-05,8.007899868932257979e-05,4.112572650386288842e+03,4.239512147351855674e+03,1.000000000000000000e+00
4.915907203798512313e-04,5.380016479870038211e+02,5.380683802055474416e+02,6.783281272526113514e-02,1.087150179371732944e-01,-1.034235346722852788e+06,7.798170036347360716e-05,8.339375558727261939e-05,4.188063385118188307e+03,4.319280320447895974e+03,1.000000000000000000e+00
4.969928162082012067e-04,5.404139341351057055e+02,5.404740030588242234e+02,6.783415836214812256e-02,1.090433279364852043e-01,-1.034218960950857843e+06,8.119518762092823140e-05,8.552979349262066367e-05,4.266246472161926249e+03,4.375514889745246364e+03,1.000000000000000000e+00
5.023949120365512905e-04,5.428233530417990096e+02,5.428860097951804846e+02,6.783552422548330685e-02,1.093715240384566106e-01,-1.034202071561738267e+06,8.454296157248003822e-05,8.978631587513409768e-05,4.347222121418868483e+03,4.474530522594975082e+03,1.000000000000000000e+00
5.077970078649012660e-04,5.452299374124171436e+02,5.452956843836354892e+02,6.783691020703905283e-02,1.096996103528841970e-01,-1.034184686550400336e+06,8.803074566934843397e-05,9.404180474880797331e-05,4.431094896874505139e+03,4.573524690373983503e+03,1.000000000000000000e+00
5.131991036932512414e-04,5.476337194945410829e+02,5.477007296883425624e+02,6.783831620024501075e-02,1.100275909195849722e-01,-1.034166813705194625e+06,9.166451554620183432e-05,9.780708962932912597e-05,4.517973890873397067e+03,4.662655942785988373e+03,1.000000000000000000e+00
5.186011995216013252e-04,5.500347310867014130e+02,5.500954372704380830e+02,6.783974210014770412e-02,1.103554697099895093e-01,-1.034148460614410229e+06,9.545051049784056307e-05,1.004383669839258627e-04,4.607972905537961196e+03,4.729290602868966744e+03,1.000000000000000000e+00
5.240032953499514090e-04,5.524330035468660753e+02,5.524962852768477433e+02,6.784118780337120014e-02,1.106832506286892226e-01,-1.034129634672565968e+06,9.939524549300405112e-05,1.054389211430165481e-04,4.701210641805840169e+03,4.843338419500050804e+03,1.000000000000000000e+00
5.294053911783013844e-04,5.548285678007169963e+02,5.548949128510430455e+02,6.784265320807869593e-02,1.110109375149393868e-01,-1.034110343086484820e+06,1.035055237395472342e-04,1.104384451377916600e-04,4.797810896305050846e+03,4.957365167790205305e+03,1.000000000000000000e+00
5.348074870066513598e-04,5.572214543497237855e+02,5.572891943565482507e+02,6.784413821393556199e-02,1.113385341441194137e-01,-1.034090592881164746e+06,1.077884498310375502e-04,1.149059313603612416e-04,4.897902766403715759e+03,5.060759778530879885e+03,1.000000000000000000e+00
5.402095828350014436e-04,5.596116932790191640e+02,5.596728676042018833e+02,6.784564272207306568e-02,1.116660442291513428e-01,-1.034070390905456152e+06,1.122514434987884952e-04,1.179174240231279324e-04,5.001620863719913359e+03,5.135370104847766925e+03,1.000000000000000000e+00
5.456116786633514191e-04,5.619993142650813525e+02,5.620630108509562888e+02,6.784716663505324652e-02,1.119934714218787791e-01,-1.034049743837547838e+06,1.169022539995324121e-04,1.238158826270492131e-04,5.109105536417504482e+03,5.267294136599361991e+03,1.000000000000000000e+00
5.510137744917013945e-04,5.643843465832311495e+02,5.644510394943959000e+02,6.784870985683477684e-02,1.123208193144069333e-01,-1.034028658190280898e+06,1.217489751598251096e-04,1.297133329314458905e-04,5.220503100529707808e+03,5.399197916126358905e+03,1.000000000000000000e+00
5.564158703200514783e-04,5.667668191149455197e+02,5.668356809834837122e+02,6.785027229273965510e-02,1.126480914404052180e-01,-1.034007140316282748e+06,1.268000611146060980e-04,1.352315411575059120e-04,5.335966080645144757e+03,5.523572181772037766e+03,1.000000000000000000e+00
5.618179661484014537e-04,5.691467603549950809e+02,5.692091853721258303e+02,6.785185384942082898e-02,1.129752912763738043e-01,-1.033985196412943653e+06,1.320643427677449749e-04,1.386218454980282658e-04,5.455653460261967666e+03,5.605904810211913173e+03,1.000000000000000000e+00
5.672200619767514291e-04,5.715241984184101511e+02,5.715881280085416165e+02,6.785345443483077610e-02,1.133024222428751226e-01,-1.033962832527223974e+06,1.375510450062233827e-04,1.453905845924018190e-04,5.579730942106890325e+03,5.754920542813256361e+03,1.000000000000000000e+00
5.726221578051015129e-04,5.738991610472792217e+02,5.739660056066969673e+02,6.785507395819069532e-02,1.136294877057314329e-01,-1.033940054560314398e+06,1.432698047014408307e-04,1.523641769613102363e-04,5.708371218687354485e+03,5.907882284474294465e+03,1.000000000000000000e+00
5.780242536334514883e-04,5.762716756173846306e+02,5.763418918494475065e+02,6.785671232996068336e-02,1.139564909771898782e-01,-1.033916868272147491e+06,1.492306895386369425e-04,1.593368650533648985e-04,5.841754253460312611e+03,6.060826319387864714e+03,1.000000000000000000e+00
5.834263494618014637e-04,5.786417691446802110e+02,5.787060012414938228e+02,6.785836946181063312e-02,1.142834353170555095e-01,-1.033893279285770957e+06,1.554442177103295254e-04,1.630905933533700577e-04,5.980067572902016764e+03,6.150419981737320086e+03,1.000000000000000000e+00
5.888284452901515476e-04,5.810094682916154625e+02,5.810734785193121752e+02,6.786004526659182579e-02,1.146103239337938062e-01,-1.033869293091578176e+06,1.619213785154445301e-04,1.707127639607091481e-04,6.123506569741695785e+03,6.316015540964383945e+03,1.000000000000000000e+00
5.942305411185015230e-04,5.833747993733081785e+02,5.834416079528314185e+02,6.786173965830925858e-02,1.149371599856034432e-01,-1.033844915051411372e+06,1.686736539066688734e-04,1.789930310802981782e-04,6.272274817760812766e+03,6.494211030448217571e+03,1.000000000000000000e+00
5.996326369468514984e-04,5.857377883635733724e+02,5.858078400492588571e+02,6.786345255209470795e-02,1.152639465814600805e-01,-1.033820150402540457e+06,1.757130410250771102e-04,1.872724849320854187e-04,6.426584398308866184e+03,6.672391052709822361e+03,1.000000000000000000e+00
6.050347327752015822e-04,5.880984609008079360e+02,5.881646915436427889e+02,6.786518386418038951e-02,1.155906867821325512e-01,-1.033795004261516966e+06,1.830520756233043936e-04,1.924767685071997636e-04,6.586656237865810908e+03,6.790453049316393844e+03,1.000000000000000000e+00
6.104368286035515576e-04,5.904568422937378500e+02,5.905207975614722500e+02,6.786693351187328416e-02,1.159173836011716668e-01,-1.033769481627916102e+06,1.907038549208367809e-04,2.004327218047636725e-04,6.752720447835054074e+03,6.962157952483615190e+03,1.000000000000000000e+00
6.158389244319015330e-04,5.928129575270309033e+02,5.928795829058250320e+02,6.786870141353013031e-02,1.162440400058730727e-01,-1.033743587387962150e+06,1.986820423640456952e-04,2.102912001929712867e-04,6.925016567667177696e+03,7.170354395434467733e+03,1.000000000000000000e+00
6.185399723460765749e-04,5.939901730350347862e+02,5.940582957355208009e+02,6.786959215471259632e-02,1.164073528897880128e-01,-1.033730493163561332e+06,2.027988524434046202e-04,2.152202006700044197e-04,7.013604652779183198e+03,7.274448451524349366e+03,1.000000000000000000e+00
6.212410202602516168e-04,5.951668309250617313e+02,5.952365588955684643e+02,6.787048743312125432e-02,1.165706567653822523e-01,-1.033717308128569159e+06,2.070027385557879460e-04,2.201490406659253483e-04,7.103846199045122376e+03,7.378539596872494258e+03,1.000000000000000000e+00
6.266431160886015922e-04,5.975184860113465675e+02,5.975869750390299942e+02,6.787229162092671408e-02,1.168972410619757152e-01,-1.033690686295102118e+06,2.156775183110489489e-04,2.276977105188554334e-04,7.289369234973852144e+03,7.542006379030240169e+03,1.000000000000000000e+00
6.320452119169515676e-04,5.998679480087961338e+02,5.999317316926782269e+02,6.787411382382896319e-02,1.172237935785968854e-01,-1.033663706870270194e+06,2.247236157075333213e-04,2.352949343211401098e-04,7.481906410204382155e+03,7.706392576804102646e+03,1.000000000000000000e+00
6.374473077453016515e-04,6.022152406593023670e+02,6.022815286015168112e+02,6.787595396414475291e-02,1.175503171066429597e-01,-1.033636374321065727e+06,2.341573248298793315e-04,2.470868437776212179e-04,7.681739395078508096e+03,7.950890313438132580e+03,1.000000000000000000e+00
6.428494035736516269e-04,6.045603874068516461e+02,6.046296024437458527e+02,6.787781196512383819e-02,1.178768143957033693e-01,-1.033608693017723970e+06,2.439956934197055232e-04,2.588782900366427982e-04,7.889161641056504777e+03,8.195380326347098162e+03,1.000000000000000000e+00
6.482514994020016023e-04,6.069034114023951361e+02,6.069744885224768041e+02,6.787968775092705076e-02,1.182032881543809699e-01,-1.033580667236764682e+06,2.542565375513365731e-04,2.698065064626110920e-04,8.104478717304631573e+03,8.423283915581581823e+03,1.000000000000000000e+00
6.536535952303516861e-04,6.092443355086066958e+02,6.093092533925932912e+02,6.788158124660503834e-02,1.185297410510918609e-01,-1.033552301163942320e+06,2.649584742889034327e-04,2.767617144938607117e-04,8.328008760177754084e+03,8.574940227028888330e+03,1.000000000000000000e+00
6.590556910587016615e-04,6.115831823045290321e+02,6.116490508235509651e+02,6.788349237807737857e-02,1.188561757148448167e-01,-1.033523598897114047e+06,2.761209572597080031e-04,2.902921000109221698e-04,8.560082950057518246e+03,8.851342622472559015e+03,1.000000000000000000e+00
6.644577868870516369e-04,6.139199740901129871e+02,6.139886023269024236e+02,6.788542107211217869e-02,1.191825947360005272e-01,-1.033494564449029276e+06,2.877643138668217792e-04,3.044115709320492332e-04,8.801046007386870770e+03,9.138724250478115209e+03,1.000000000000000000e+00
6.698598827154017207e-04,6.162547328906510984e+02,6.163265299827229455e+02,6.788736725630603597e-02,1.195090006670115057e-01,-1.033465201750042615e+06,2.999097840603384690e-04,3.185309656351598606e-04,9.051256707113960147e+03,9.426106087919180936e+03,1.000000000000000000e+00
6.752619785437516961e-04,6.185874804611071340e+02,6.186556270572014000e+02,6.788933085906448395e-02,1.198353960231428594e-01,-1.033435514650748693e+06,3.125795606991138781e-04,3.276739011135522709e-04,9.311088411433662259e+03,9.618914060761606379e+03,1.000000000000000000e+00
6.806640743721016715e-04,6.209182382903472899e+02,6.209836251597658929e+02,6.789131180958277167e-02,1.201617832831749222e-01,-1.033405506924555404e+06,3.257968316112347862e-04,3.409655270608039491e-04,9.580929621524781396e+03,9.889573271233804917e+03,1.000000000000000000e+00
6.860661702004517554e-04,6.232470276052700910e+02,6.233149888740824736e+02,6.789331003782705931e-02,1.204881648900879704e-01,-1.033375182270178222e+06,3.395858240272501844e-04,3.579292746926335971e-04,9.861184552213189818e+03,1.022855665260063142e+04,1.000000000000000000e+00
6.914682660288017308e-04,6.255738693748421611e+02,6.256448048142044627e+02,6.789532547451589128e-02,1.208145432517292311e-01,-1.033344544314070605e+06,3.539718578042827545e-04,3.748933707839225576e-04,1.015227376625734905e+04,1.056754868128434828e+04,1.000000000000000000e+00
6.973031883983058822e-04,6.280849783025821580e+02,6.281559221587915545e+02,6.789752165420603891e-02,1.211670711210795781e-01,-1.033311106661102851e+06,3.702109865055918910e-04,3.902015225361520024e-04,1.047933969736493054e+04,1.087698291990218240e+04,1.000000000000000000e+00
7.031381107678101421e-04,6.305938652226676595e+02,6.306591331479992277e+02,6.789973774222471392e-02,1.215196009123714338e-01,-1.033277311807526508e+06,3.872123204782889857e-04,4.035687695738326476e-04,1.082012866724839841e+04,1.114947127191010622e+04,1.000000000000000000e+00
7.089730331373142935e-04,6.331005555725749900e+02,6.331684377001995472e+02,6.790197365409184060e-02,1.218721355265005440e-01,-1.033243164058180642e+06,4.050124003081299645e-04,4.257176793735574548e-04,1.117523892103145772e+04,1.158425808682669958e+04,1.000000000000000000e+00
7.148079555068184449e-04,6.356050744602881650e+02,6.356760260055366416e+02,6.790422930625165943e-02,1.222246778200890421e-01,-1.033208667632430675e+06,4.236495360336449975e-04,4.478677054753768061e-04,1.154529454323999744e+04,1.201906865995137741e+04,1.000000000000000000e+00
7.206428778763227048e-04,6.381074466695412184e+02,6.381800367963580811e+02,6.790650461604821886e-02,1.225772306063437761e-01,-1.033173826667307178e+06,4.431638819254292774e-04,4.681473078569652643e-04,1.193094640267739305e+04,1.241906156529451073e+04,1.000000000000000000e+00
7.264778002458268562e-04,6.406076966649268343e+02,6.406736590871890940e+02,6.790879950170104762e-02,1.229297966558909883e-01,-1.033138645220532431e+06,4.635975211450741435e-04,4.821890460014039131e-04,1.233287316980080141e+04,1.270274911672717644e+04,1.000000000000000000e+00
7.323127226153310076e-04,6.431058485968743526e+02,6.431736951473191084e+02,6.791111388228143753e-02,1.232823786975884434e-01,-1.033103127273495193e+06,4.849945544610942101e-04,5.085049545946846664e-04,1.275178237198871648e+04,1.321040479395480907e+04,1.000000000000000000e+00
7.381476449848352675e-04,6.456019263064995357e+02,6.456727369938233778e+02,6.791344767768900392e-02,1.236349794193152829e-01,-1.033067276734130108e+06,5.074011925976942925e-04,5.352788624245576922e-04,1.318841148281968890e+04,1.372632483097989279e+04,1.000000000000000000e+00
7.439825673543395274e-04,6.480959533303287117e+02,6.481701686277549470e+02,6.791580080862869018e-02,1.239876014687402578e-01,-1.033031097439730424e+06,5.308658522661703367e-04,5.620550142321494198e-04,1.364352904475976902e+04,1.424228974379194005e+04,1.000000000000000000e+00
7.498174897238436788e-04,6.505879529049002485e+02,6.506563408024333057e+02,6.791817319658816077e-02,1.243402474540689362e-01,-1.032994593159690616e+06,5.554392559575485784e-04,5.775899750002739738e-04,1.411793582459065510e+04,1.455149713430182965e+04,1.000000000000000000e+00
7.556524120933478302e-04,6.530779479712452940e+02,6.531456900834178896e+02,6.792056476381551355e-02,1.246929199447704972e-01,-1.032957767598180217e+06,5.811745356072482802e-04,6.074515773715136180e-04,1.461246600161909373e+04,1.511921688602375798e+04,1.000000000000000000e+00
7.614873344628520901e-04,6.555659611792509622e+02,6.556365362338852947e+02,6.792297543329733900e-02,1.250456214722842074e-01,-1.032920624396752217e+06,6.081273402073167182e-04,6.399262170871705853e-04,1.512798838801068632e+04,1.573342914652470427e+04,1.000000000000000000e+00
7.673222568323563499e-04,6.580520148919066514e+02,6.581258533602681382e+02,6.792540512873701530e-02,1.253983545307068292e-01,-1.032883167136887554e+06,6.363559474691137061e-04,6.724044077861178427e-04,1.566540768127607043e+04,1.634771002273172780e+04,1.000000000000000000e+00
7.731571792018605014e-04,6.605361311894379241e+02,6.606067876334259381e+02,6.792785377453358642e-02,1.257511215774606006e-01,-1.032845399342482095e+06,6.659213796138985664e-04,6.949592153411060427e-04,1.622566574836624750e+04,1.678183575759132873e+04,1.000000000000000000e+00
7.789921015713646528e-04,6.630183318733276110e+02,6.630859056729345866e+02,6.793032129576050127e-02,1.261039250339429096e-01,-1.032807324482273543e+06,6.968875233761408043e-04,7.256774322803098394e-04,1.680974294106330490e+04,1.735966347128663256e+04,1.000000000000000000e+00
7.848270239408689126e-04,6.654986384702281157e+02,6.655689025148973315e+02,6.793280761814499136e-02,1.264567672861574010e-01,-1.032768945972217596e+06,7.293212542948412664e-04,7.651518150994889283e-04,1.741865944212698378e+04,1.809216071906295838e+04,1.000000000000000000e+00
7.906619463103731725e-04,6.679770722357656041e+02,6.680504476050397216e+02,6.793531266804744839e-02,1.268096506853278460e-01,-1.032730267177800881e+06,7.632925653658986787e-04,8.046314631509976847e-04,1.805347664178848936e+04,1.882475687103431119e+04,1.000000000000000000e+00
7.964968686798773239e-04,6.704536541582383506e+02,6.705267911920558390e+02,6.793783637244121820e-02,1.271625775484941379e-01,-1.032691291416318389e+06,7.988747001210732938e-04,8.375831833616080493e-04,1.871529854379427343e+04,1.944059028239968393e+04,1.000000000000000000e+00
8.023317910493814754e-04,6.729284049622109478e+02,6.729957337209830257e+02,6.794037865889261674e-02,1.275155501590917173e-01,-1.032652021959087462e+06,8.361442901857568622e-04,8.669043671242599673e-04,1.940527320028149916e+04,1.998925910319146715e+04,1.000000000000000000e+00
8.081667134188857352e-04,6.754013451120066520e+02,6.754712119209232242e+02,6.794293945554086278e-02,1.278685707675138172e-01,-1.032612462033617659e+06,8.751814973761646091e-04,9.149715534450603887e-04,2.012459417471012785e+04,2.086387827377368012e+04,1.000000000000000000e+00
8.140016357883899951e-04,6.778724948150974114e+02,6.779453119432594121e+02,6.794551869107866293e-02,1.282216415916580809e-01,-1.032572614825747558e+06,9.160701603708374351e-04,9.630462563831055636e-04,2.087450203177326694e+04,2.173863513429277009e+04,1.000000000000000000e+00
8.198365581578941465e-04,6.803418740253962369e+02,6.804177614561740484e+02,6.794811629473264392e-02,1.285747648174565272e-01,-1.032532483481722302e+06,9.588979459947320977e-04,1.010523767063433538e-03,2.165628585317463512e+04,2.260288024834881435e+04,1.000000000000000000e+00
8.256714805273982979e-04,6.828095024464508924e+02,6.828793422469409506e+02,6.795073219624406247e-02,1.289279425993903605e-01,-1.032492071110240184e+06,1.003756505138738309e-03,1.039355712768936808e-03,2.247128477810511686e+04,2.313843773801653879e+04,1.000000000000000000e+00
8.315064028969025578e-04,6.852753995345414069e+02,6.853448328997391172e+02,6.795336632584966785e-02,1.292811770609890720e-01,-1.032451380784449982e+06,1.050741633328375205e-03,1.093971433721287840e-03,2.332088956696608875e+04,2.411625589391732137e+04,1.000000000000000000e+00
8.373413252664068177e-04,6.877395845016822022e+02,6.878117779866613546e+02,6.795601861426278645e-02,1.296344702953144690e-01,-1.032410415543928510e+06,1.099953435942544301e-03,1.152716086192172567e-03,2.420654418679069568e+04,2.516418127594757607e+04,1.000000000000000000e+00
8.431762476359109691e-04,6.902020763185308851e+02,6.902774309026868877e+02,6.795868899265430918e-02,1.299878243654301602e-01,-1.032369178396596108e+06,1.151496498075887075e-03,1.211471473702370938e-03,2.512974741677843485e+04,2.621229861516283199e+04,1.000000000000000000e+00
8.490111700054151205e-04,6.926628937172046108e+02,6.927357563615317986e+02,6.796137739263408140e-02,1.303412413048559426e-01,-1.032327672320619458e+06,1.205480059017032240e-03,1.254838914523647439e-03,2.609205447195001761e+04,2.699369045793906844e+04,1.000000000000000000e+00
8.548460923749193804e-04,6.951220551940047017e+02,6.951909981298128969e+02,6.796408374623225113e-02,1.306947231180083657e-01,-1.032285900266270852e+06,1.262018191314234804e-03,1.307734742861702340e-03,2.709507864314635299e+04,2.793159833457625064e+04,1.000000000000000000e+00
8.606810147444236402e-04,6.975795790120514539e+02,6.976510934478289983e+02,6.796680798588068673e-02,1.310482717806266961e-01,-1.032243865157749737e+06,1.321229984365637549e-03,1.379549290676539575e-03,2.814049295097571667e+04,2.918649401923837286e+04,1.000000000000000000e+00
8.665159371139277917e-04,7.000354832038296991e+02,7.001099626282039026e+02,6.796955004439451942e-02,1.314018892401853655e-01,-1.032201569894990884e+06,1.383239732477901333e-03,1.451378407380707423e-03,2.923003181157879226e+04,3.044164425710063006e+04,1.000000000000000000e+00
8.723508594834319431e-04,7.024897855736467136e+02,7.025657578283421572e+02,6.797230985495385236e-02,1.317555774162923465e-01,-1.032159017355426913e+06,1.448177127305427195e-03,1.517485170112003968e-03,3.036549271164222591e+04,3.159935724586016295e+04,1.000000000000000000e+00
8.781857818529362029e-04,7.049425037000028169e+02,7.050122449628735239e+02,6.797508735108538647e-02,1.321093382010744000e-01,-1.032116210395728587e+06,1.516177454570600842e-03,1.565144411463338095e-03,3.154873789000806937e+04,3.244077284977514500e+04,1.000000000000000000e+00
8.840207042224404628e-04,7.073936549378759082e+02,7.074644916487371802e+02,6.797788246664408784e-02,1.324631734595485832e-01,-1.032073151853517513e+06,1.587381794951073406e-03,1.650115176672769472e-03,3.278169602316401142e+04,3.389601779506536695e+04,1.000000000000000000e+00
8.898556265919446142e-04,7.098432564209215343e+02,7.099168685788041557e+02,6.798069513579517442e-02,1.328170850299807970e-01,-1.032029844549057074e+06,1.661937228994222505e-03,1.737874697931423304e-03,3.406636391149576230e+04,3.539677172562900523e+04,1.000000000000000000e+00
8.956905489614487657e-04,7.122913250635883742e+02,7.123680964398772630e+02,6.798352529299571401e-02,1.331710747242313142e-01,-1.031986291286912514e+06,1.739997045909290330e-03,1.825654037630389812e-03,3.540480816329967638e+04,3.689786381668199465e+04,1.000000000000000000e+00
9.015254713309530255e-04,7.147378775631506187e+02,7.148113996070046596e+02,6.798637287297665255e-02,1.335251443280875139e-01,-1.031942494857589016e+06,1.821720956061595323e-03,1.888268930051768477e-03,3.679916687322088546e+04,3.797890127218479756e+04,1.000000000000000000e+00
9.073603937004572854e-04,7.171829304016579272e+02,7.172531082769594377e+02,6.798923781072449546e-02,1.338792956015835423e-01,-1.031898458039149409e+06,1.907275306976779009e-03,1.972201495854905996e-03,3.825165129165948019e+04,3.939912128415954794e+04,1.000000000000000000e+00
9.131953160699614368e-04,7.196264998478044390e+02,7.196992392834978318e+02,6.799212004146334976e-02,1.342335302793078444e-01,-1.031854183598812902e+06,1.996833302642741538e-03,2.079625613441589936e-03,3.976454748159554583e+04,4.119630983797859517e+04,1.000000000000000000e+00
9.190302384394655882e-04,7.220686019587160445e+02,7.221442804881357915e+02,6.799501950063666089e-02,1.345878500706980119e-01,-1.031809674294523313e+06,2.090575225879297803e-03,2.187075876827125360e-03,4.134021795910984656e+04,4.299393431132882688e+04,1.000000000000000000e+00
9.248651608089698481e-04,7.245092525816589841e+02,7.245862520102547251e+02,6.799793612388907449e-02,1.349422566603230844e-01,-1.031764932876504492e+06,2.188688663517356775e-03,2.285620176540911156e-03,4.298110331374558154e+04,4.464588272403765586e+04,1.000000000000000000e+00
9.307000831784741079e-04,7.269484673556680718e+02,7.270193228831009264e+02,6.800086984704833970e-02,1.352967517081540560e-01,-1.031719962088799803e+06,2.291368734123847874e-03,2.358895713435704353e-03,4.468972380479958520e+04,4.588083789256023010e+04,1.000000000000000000e+00
9.365350055479782594e-04,7.293862617130979515e+02,7.294581415154927981e+02,6.800382060610699053e-02,1.356513368498218353e-01,-1.031674764670787961e+06,2.398818317971765281e-03,2.486323847195744032e-03,4.646868092937523033e+04,4.796810482375388528e+04,1.000000000000000000e+00
9.423699279174824108e-04,7.318226508810959103e+02,7.318972436389118457e+02,6.800678833720427696e-02,1.360060136968633815e-01,-1.031629343358678627e+06,2.511248288948976070e-03,2.617827328040679344e-03,4.832065895815655676e+04,5.011900088291936117e+04,1.000000000000000000e+00
9.482048502869866707e-04,7.342576498829981801e+02,7.343353250521013251e+02,6.800977297660770748e-02,1.363607838369558234e-01,-1.031583700887002982e+06,2.628877748077785431e-03,2.749365420845393398e-03,5.024842643466653681e+04,5.227046049735377892e+04,1.000000000000000000e+00
9.540397726564908221e-04,7.366912735396500693e+02,7.367662120394295471e+02,6.801277446069489696e-02,1.367156488341386145e-01,-1.031537839990074746e+06,2.751934258291909279e-03,2.847473617039808676e-03,5.225483763368292421e+04,5.388669502478309005e+04,1.000000000000000000e+00
9.598746950259949735e-04,7.391235364706511746e+02,7.391945965187239835e+02,6.801579272593505365e-02,1.370706102290241979e-01,-1.031491763403452118e+06,2.880654080108956648e-03,2.968845794220400722e-03,5.434283397457086539e+04,5.585130094042310520e+04,1.000000000000000000e+00
9.657096173954992334e-04,7.415544530955256732e+02,7.416280184073882538e+02,6.801882770887061891e-02,1.374256695389965699e-01,-1.031445473865363281e+06,3.015282407819582997e-03,3.129270145432340618e-03,5.651544538517692126e+04,5.841383768117478758e+04,1.000000000000000000e+00
9.715445397650033848e-04,7.439840376348194013e+02,7.440604726030328493e+02,6.802187934609872644e-02,1.377808282583983801e-01,-1.031398974118137150e+06,3.156073605799317519e-03,3.289739095181818448e-03,5.877579161210382881e+04,6.097708299956847623e+04,1.000000000000000000e+00
9.773794621345075363e-04,7.464123041111233761e+02,7.464910716295034945e+02,6.802494757425256444e-02,1.381360878587065133e-01,-1.031352266909616301e+06,3.303291444534985511e-03,3.444477276756468479e-03,6.112708347305594361e+04,6.345079613588372013e+04,1.000000000000000000e+00
9.832143845040117961e-04,7.488392663500251274e+02,7.489122568984794270e+02,6.802803232998290428e-02,1.384914497886960971e-01,-1.031305354994549300e+06,3.457209335953695568e-03,3.550544217279657903e-03,6.357262404722419888e+04,6.516177342862073419e+04,1.000000000000000000e+00
9.890493068735158391e-04,7.512649379809894299e+02,7.513375175647702235e+02,6.803113354993906015e-02,1.388469154745929357e-01,-1.031258241135980352e+06,3.618110567637035369e-03,3.735254607243871424e-03,6.611580979971461056e+04,6.805273191710878746e+04,1.000000000000000000e+00
9.948842292430200990e-04,7.536893324381671846e+02,7.537645204216721595e+02,6.803425117075034834e-02,1.392024863202145912e-01,-1.031210928106619045e+06,3.786288535495876441e-03,3.931560399176819813e-03,6.876013163634827652e+04,7.111600609329454892e+04,1.000000000000000000e+00
1.000719151612524359e-03,7.561124629611357477e+02,7.561906173025331555e+02,6.803738512900693591e-02,1.395581637071003078e-01,-1.031163418690206250e+06,3.962046974498706006e-03,4.127924049798862779e-03,7.150917588535510004e+04,7.418017774666767218e+04,1.000000000000000000e+00
1.006554073982028619e-03,7.585343425955688872e+02,7.586113562039821545e+02,6.804053536124096691e-02,1.399139489946294446e-01,-1.031115715682866867e+06,4.145700187056650110e-03,4.289462682939871284e-03,7.436662520303092606e+04,7.671174365090222273e+04,1.000000000000000000e+00
1.012388996351532879e-03,7.609549841938401187e+02,7.610266378253777475e+02,6.804370180390734157e-02,1.402698435201284455e-01,-1.031067821894442779e+06,4.337573268699886943e-03,4.450978873832473794e-03,7.733625940084863396e+04,7.922104503499207203e+04,1.000000000000000000e+00
1.018223918721036922e-03,7.633744004155573748e+02,7.634484464082092927e+02,6.804688439336455119e-02,1.406258485989672069e-01,-1.031019740149833495e+06,4.538002330741584475e-03,4.689490980098974353e-03,8.042195619245720445e+04,8.285170051700825570e+04,1.000000000000000000e+00
1.024058841090540965e-03,7.657926037280321907e+02,7.658693962125926191e+02,6.805008306585530464e-02,1.409819655246436487e-01,-1.030971473290311173e+06,4.747334719720759308e-03,4.928076332424088241e-03,8.362769186007902317e+04,8.648346374655984982e+04,1.000000000000000000e+00
1.029893763460045224e-03,7.682096064066831786e+02,7.682894976906486590e+02,6.805329775748711341e-02,1.413381955688577107e-01,-1.030923024174834369e+06,4.965929233599718565e-03,5.166735569770907095e-03,8.695754184173402609e+04,9.011634431551148009e+04,1.000000000000000000e+00
1.035728685829549484e-03,7.706254205353744737e+02,7.707010072694548626e+02,6.805652840421272387e-02,1.416945399815738305e-01,-1.030874395681356196e+06,5.194156335069866938e-03,5.334391408408187436e-03,9.041568124411064491e+04,9.269235142339413869e+04,1.000000000000000000e+00
1.041563608199053744e-03,7.730400580066910834e+02,7.731130592203284095e+02,6.805977494181042475e-02,1.420509999910726240e-01,-1.030825590708106756e+06,5.432398363366326352e-03,5.581696664489725103e-03,9.400638529424657463e+04,9.639619364563230192e+04,1.000000000000000000e+00
1.047398530568558004e-03,7.754535305221510271e+02,7.755290072862978832e+02,6.806303730586431289e-02,1.424075768039917977e-01,-1.030776612174894079e+06,5.681049750180105183e-03,5.872096160423741391e-03,9.773402977228451346e+04,1.007105816579510283e+05,1.000000000000000000e+00
1.053233452938062264e-03,7.778658495923564260e+02,7.779441512207961296e+02,6.806631543174442023e-02,1.427642716053555971e-01,-1.030727463024374098e+06,5.940517267987065891e-03,6.162588734968354499e-03,1.016030916080227616e+05,1.050263428400590929e+05,1.000000000000000000e+00
1.059068375307566524e-03,7.802770265370827474e+02,7.803566705781414612e+02,6.806960925458656331e-02,1.431210855585938746e-01,-1.030678146223325632e+06,6.211220482617032211e-03,6.432943865948766680e-03,1.056181506437644566e+05,1.090491030654364295e+05,1.000000000000000000e+00
1.064903297677070567e-03,7.826870724853076808e+02,7.827609092011309713e+02,6.807291870927238697e-02,1.434780198055498057e-01,-1.030628664763917099e+06,6.493593542252072866e-03,6.641398750542385800e-03,1.097838988044587022e+05,1.121620755509810260e+05,1.000000000000000000e+00
1.073669072869613741e-03,7.863055707928568836e+02,7.863811203809841572e+02,6.807791980068969573e-02,1.440144713133255649e-01,-1.030554046768687200e+06,6.940572238907528196e-03,7.155978400786010621e-03,1.163330654448276764e+05,1.196249267322070373e+05,1.000000000000000000e+00
1.082434848062157132e-03,7.899215786056690831e+02,7.900014152896712858e+02,6.808295576959458306e-02,1.445512002906169935e-01,-1.030479071401524008e+06,7.416436884572859614e-03,7.683254946119526078e-03,1.232495226912067446e+05,1.272615483209099330e+05,1.000000000000000000e+00
1.091200623254700306e-03,7.935351312034280227e+02,7.936109355786544484e+02,6.808802639158254011e-02,1.450882103317693850e-01,-1.030403749173835735e+06,7.922811029579774483e-03,8.094372940195632138e-03,1.305503066218374879e+05,1.332556264095232764e+05,1.000000000000000000e+00
1.099966398447243480e-03,7.971462628914874813e+02,7.972218258561240418e+02,6.809313144043767363e-02,1.456255049206738872e-01,-1.030328090757824015e+06,8.461388812531693213e-03,8.702467145537901363e-03,1.382529716436570452e+05,1.418716685794655932e+05,1.000000000000000000e+00
1.108732173639786871e-03,8.007550069985209120e+02,8.008346676504568222e+02,6.809827068797447147e-02,1.461630874303250227e-01,-1.030252106995702023e+06,9.033933692104456278e-03,9.340663214095002928e-03,1.463755701622778142e+05,1.508903364803118457e+05,1.000000000000000000e+00
1.117497948832330045e-03,8.043613958735851384e+02,8.044386679957831348e+02,6.810344390387855495e-02,1.467009611222594989e-01,-1.030175808908848907e+06,9.642279010463073244e-03,9.868322106307652469e-03,1.549366424753133033e+05,1.583818584341315727e+05,1.000000000000000000e+00
1.126263724024873219e-03,8.079654608826268714e+02,8.080409665901170229e+02,6.810865085554611287e-02,1.472391291458771678e-01,-1.030099207706892048e+06,1.028832864850953016e-02,1.055531309268422334e-02,1.639552070239520108e+05,1.678998358881927852e+05,1.000000000000000000e+00
1.135029499217416610e-03,8.115672324044555808e+02,8.116467338145944268e+02,6.811389130792251667e-02,1.477775945376455791e-01,-1.030022314796717605e+06,1.097405760767201227e-02,1.132011284789790143e-02,1.734507500175565365e+05,1.784324748168243095e+05,1.000000000000000000e+00
1.143795274409960001e-03,8.151667398262076176e+02,8.152456561235304662e+02,6.811916502333985324e-02,1.483163602201909015e-01,-1.029945141791419941e+06,1.170151249070440491e-02,1.199148900862997101e-02,1.834432142957716715e+05,1.877104329954289424e+05,1.000000000000000000e+00
1.152561049602503175e-03,8.187640115383269404e+02,8.188394914973297318e+02,6.812447176135383309e-02,1.488554290012744641e-01,-1.029867700519165490e+06,1.247281187248857823e-02,1.276091146381972373e-02,1.939529874281527300e+05,1.981472355171574454e+05,1.000000000000000000e+00
1.161326824795046349e-03,8.223590749290885924e+02,8.224384024267069435e+02,6.812981127857975494e-02,1.493948035726590517e-01,-1.029790003032006905e+06,1.329014655692269467e-02,1.367522084050113579e-02,2.050008890983569727e+05,2.104245078489031002e+05,1.000000000000000000e+00
1.170092599987589740e-03,8.259519563786877825e+02,8.260326005801671272e+02,6.813518332852808168e-02,1.499344865088650391e-01,-1.029712061614619568e+06,1.415577971832016578e-02,1.452357861758680514e-02,2.166081578476313443e+05,2.218394196800639911e+05,1.000000000000000000e+00
1.178858375180132914e-03,8.295426812529213976e+02,8.296181067228270649e+02,6.814058766143946122e-02,1.504744802658181113e-01,-1.029633888792975922e+06,1.507204692703376439e-02,1.537756653756037865e-02,2.287964372706545400e+05,2.331950493131506664e+05,1.000000000000000000e+00
1.187624150372676088e-03,8.331312738964870732e+02,8.332103905730778024e+02,6.814602402411924775e-02,1.510147871793918184e-01,-1.029555497342963819e+06,1.604135605984436524e-02,1.646518609407202072e-02,2.415877617705874727e+05,2.474361860921639600e+05,1.000000000000000000e+00
1.196389925565219479e-03,8.367177576259221041e+02,8.368001961144581173e+02,6.815149215977187036e-02,1.515554094638450200e-01,-1.029476900298936293e+06,1.706618709616634921e-02,1.752714631988918151e-02,2.550045419894002844e+05,2.613503649097775342e+05,1.000000000000000000e+00
1.205155700757762653e-03,8.403021547222092522e+02,8.403775346513917839e+02,6.815699180783504896e-02,1.520963492101576886e-01,-1.029398110962214880e+06,1.814909180146493523e-02,1.846506647881434454e-02,2.690695500357337296e+05,2.735894857277634437e+05,1.000000000000000000e+00
1.213921475950305827e-03,8.438844864230715075e+02,8.439633931682068351e+02,6.816252270381381595e-02,1.526376083842660991e-01,-1.029319142909538699e+06,1.929269329947603390e-02,1.975210987033902341e-02,2.838059046353221638e+05,2.900256718119198922e+05,1.000000000000000000e+00
1.222687251142849218e-03,8.474647729149793349e+02,8.475479746875305409e+02,6.816808457911480157e-02,1.531791888252005407e-01,-1.029240010001466260e+06,2.049968553492058365e-02,2.103985230696158934e-02,2.992370563289943384e+05,3.064706934005866060e+05,1.000000000000000000e+00
1.231453026335392392e-03,8.510430333248918942e+02,8.511188496062260356e+02,6.817367716088057472e-02,1.537210922431265780e-01,-1.029160726390737807e+06,2.177283262842564376e-02,2.209745264922503838e-02,3.153867728403130313e+05,3.200140189933461370e+05,1.000000000000000000e+00
1.240218801527935566e-03,8.546192857117563335e+02,8.546979721875047744e+02,6.817930017182421976e-02,1.542633202172929430e-01,-1.029081306530606817e+06,2.311496812531876194e-02,2.360608761122952662e-02,3.322791247291323380e+05,3.388178559491523192e+05,1.000000000000000000e+00
1.248984576720478957e-03,8.581935470577824390e+02,8.582763484636603835e+02,6.818495333006424630e-02,1.548058741938881100e-01,-1.029001765183131094e+06,2.452899413988099409e-02,2.512275237767619754e-02,3.499384714388827560e+05,3.577154846266499953e+05,1.000000000000000000e+00
1.257750351913022131e-03,8.617658332595140109e+02,8.618443770102242070e+02,6.819063634896015136e-02,1.553487554838077211e-01,-1.028922117427450139e+06,2.601788039651602158e-02,2.638219298184946160e-02,3.683894478340882924e+05,3.734919160008065519e+05,1.000000000000000000e+00
1.266516127105565305e-03,8.653361591187162958e+02,8.654146089531151347e+02,6.819634893694818956e-02,1.558919652603356631e-01,-1.028842378668051679e+06,2.758466316913038216e-02,2.810317145877109374e-02,3.876569513104269281e+05,3.944687654666449525e+05,1.000000000000000000e+00
1.275281902298108696e-03,8.689045383330944787e+02,8.689869078391692483e+02,6.820209079737792057e-02,1.564355045567409064e-01,-1.028762564643022837e+06,2.923244411976580470e-02,2.988057025554687399e-02,4.077661295418558293e+05,4.160864176392580266e+05,1.000000000000000000e+00
1.284047677490652087e-03,8.724709834868613143e+02,8.725514911663633484e+02,6.820786162834929778e-02,1.569793742637929090e-01,-1.028682691432306543e+06,3.096438903710175411e-02,3.144308630331345972e-02,4.287423689070747932e+05,4.351611518157888786e+05,1.000000000000000000e+00
1.292813452683195261e-03,8.760355060411685599e+02,8.761137022177792915e+02,6.821366112255033975e-02,1.575235751271980567e-01,-1.028602775465968065e+06,3.278372647458895756e-02,3.332464276836402672e-02,4.506112836073592189e+05,4.576540097221817123e+05,1.000000000000000000e+00
1.301579227875738435e-03,8.795981163244151730e+02,8.796800483243201825e+02,6.821948896709553734e-02,1.580681077449599126e-01,-1.028522833532485063e+06,3.469374628613516864e-02,3.539422347898080884e-02,4.733987054433340672e+05,4.822312474451292655e+05,1.000000000000000000e+00
1.310345003068281826e-03,8.831588235224463688e+02,8.832412224655380442e+02,6.822534484336494065e-02,1.586129725646658883e-01,-1.028442882787051261e+06,3.669779805277593315e-02,3.731822722258798519e-02,4.971306741413141717e+05,5.051261948501121951e+05,1.000000000000000000e+00
1.319110778260825000e-03,8.867176356686541112e+02,8.867956020423921473e+02,6.823122842684378742e-02,1.591581698807034706e-01,-1.028362940759929945e+06,3.879928937986792253e-02,3.935288405987549115e-02,5.218334279502897989e+05,5.290119554465354886e+05,1.000000000000000000e+00
1.327876553453368174e-03,8.902745596339908616e+02,8.903560716281783698e+02,6.823713938696278347e-02,1.597036998314086964e-01,-1.028283025364837027e+06,4.100168397924788821e-02,4.174941222402812208e-02,5.475333936753008747e+05,5.568159342332605738e+05,1.000000000000000000e+00
1.336642328645911565e-03,8.938296011169086341e+02,8.939139349930038634e+02,6.824307738693904946e-02,1.602495623961501525e-01,-1.028203154907379532e+06,4.330849900798650065e-02,4.408717486451538964e-02,5.742571724349997239e+05,5.839557101849544561e+05,1.000000000000000000e+00
1.345408103838454739e-03,8.973827646332371160e+02,8.974605278141644931e+02,6.824904208361760871e-02,1.607957573923528560e-01,-1.028123348093526321e+06,4.572329750167482970e-02,4.627847620967794756e-02,6.020314969293822069e+05,6.092478881974966498e+05,1.000000000000000000e+00
1.352980396700575322e-03,9.004506459387019959e+02,9.005312547824107696e+02,6.825421586646487904e-02,1.612678531742508248e-01,-1.028054467525785207e+06,4.789916908907398269e-02,4.866266054271375929e-02,6.268927336372270947e+05,6.362893994843760738e+05,1.000000000000000000e+00
1.360552689562696121e-03,9.035171295229644102e+02,9.036011842781975929e+02,6.825940908750879887e-02,1.617401965221756388e-01,-1.027985662060078583e+06,5.016069982945649264e-02,5.104789277731264230e-02,6.525756570807523094e+05,6.633425960679985583e+05,1.000000000000000000e+00
1.368124982424816704e-03,9.065822161306790576e+02,9.066642299505716664e+02,6.826462151340698115e-02,1.622127870158552310e-01,-1.027916944504394429e+06,5.251028746910020584e-02,5.317289768898434549e-02,6.790979049277286977e+05,6.875135922495268751e+05,1.000000000000000000e+00
1.375697275286937287e-03,9.096459058263850466e+02,9.097248476081471154e+02,6.826985290693747543e-02,1.626856241383488055e-01,-1.027848327907660743e+06,5.495035037549708679e-02,5.563338118505622987e-02,7.064771741870448459e+05,7.150222078605123097e+05,1.000000000000000000e+00
1.383269568149057870e-03,9.127081979894884398e+02,9.127901422473188404e+02,6.827510302692232913e-02,1.631587072744924982e-01,-1.027779825564035797e+06,5.748333033638933220e-02,5.836357632335222034e-02,7.347312419671558309e+05,7.453151135808103718e+05,1.000000000000000000e+00
1.390841861011178453e-03,9.157690913092343408e+02,9.158546475461289447e+02,6.828037162815146777e-02,1.636320357093277722e-01,-1.027711451017245417e+06,6.011169219583245571e-02,6.109492424153152579e-02,7.638779682335032849e+05,7.756205639139700215e+05,1.000000000000000000e+00
1.398414153873299036e-03,9.188285837796655642e+02,9.189092223362500818e+02,6.828565846130631167e-02,1.641056086265124669e-01,-1.027643218064942630e+06,6.283792299212490051e-02,6.344158410113422131e-02,7.939352954201474786e+05,8.017347361797887133e+05,1.000000000000000000e+00
1.405986446735419618e-03,9.218866726945680057e+02,9.219668256097264702e+02,6.829096327288325385e-02,1.645794251067158598e-01,-1.027575140763102216e+06,6.566453099858193809e-02,6.647857952871029374e-02,8.249212472875656094e+05,8.347924578892556019e+05,1.000000000000000000e+00
1.413558739597540201e-03,9.249433546424040742e+02,9.250266510310581225e+02,6.829628580511716562e-02,1.650534841259987950e-01,-1.027507233430458466e+06,6.859404474102845373e-02,6.959219285260857812e-02,8.568539274898371659e+05,8.686253750447981292e+05,1.000000000000000000e+00
1.421131032459660784e-03,9.279986255012343008e+02,9.280842483608337261e+02,6.830162579590440264e-02,1.655277845541799353e-01,-1.027439510652966797e+06,7.162901201267254936e-02,7.263618909559074743e-02,8.897515179620736744e+05,9.017136825192818651e+05,1.000000000000000000e+00
1.428703325321781367e-03,9.310524804336280340e+02,9.311312097213590278e+02,6.830698297872575542e-02,1.660023251531886346e-01,-1.027371987288301927e+06,7.477199889595058380e-02,7.544304210476437955e-02,9.236322771548493765e+05,9.321176474478793098e+05,1.000000000000000000e+00
1.436275618183901950e-03,9.341049138815648121e+02,9.341863086760957913e+02,6.831235708256902517e-02,1.664771045754069312e-01,-1.027304678470385261e+06,7.802558879753196397e-02,7.897360552638747755e-02,9.585145381148053566e+05,9.697218976659781765e+05,1.000000000000000000e+00
1.443847911046022532e-03,9.371559195613278916e+02,9.372406095361470761e+02,6.831774783185132205e-02,1.669521213620001054e-01,-1.027237599613942904e+06,8.139238150112422521e-02,8.250551701368029345e-02,9.944167063994433265e+05,1.007340147510933108e+06,1.000000000000000000e+00
1.451420203908143115e-03,9.402054904583895905e+02,9.402898901695808718e+02,6.832315494634100261e-02,1.674273739412377449e-01,-1.027170766419077758e+06,8.487499224176901780e-02,8.581720419461812133e-02,1.031357257809242583e+06,1.042636593458733405e+06,1.000000000000000000e+00
1.458992496770263915e-03,9.432536188222912870e+02,9.433334602769464254e+02,6.832857814107935746e-02,1.679028606268062607e-01,-1.027104194875875604e+06,8.847605080469896077e-02,8.929944707216005972e-02,1.069354735919038998e+06,1.079365130974231055e+06,1.000000000000000000e+00
1.466564789632384498e-03,9.463002961615181903e+02,9.463829312496843613e+02,6.833401712630182701e-02,1.683785796161135218e-01,-1.027037901269006543e+06,9.219820065141520748e-02,9.328872775788052407e-02,1.108427749392336002e+06,1.121063052222655155e+06,1.000000000000000000e+00
1.474137082494505081e-03,9.493455132383725186e+02,9.494315834639136256e+02,6.833947160735909243e-02,1.688545289885867162e-01,-1.026971902182352496e+06,9.604409807558772494e-02,9.727941309636506384e-02,1.148594969067088095e+06,1.162775221405658871e+06,1.000000000000000000e+00
1.481709375356625880e-03,9.523892600638431531e+02,9.524724716476625872e+02,6.834494128463765306e-02,1.693307067039644120e-01,-1.026906214503636002e+06,1.000164113918710074e-01,1.008804958228427945e-01,1.189875124812575988e+06,1.200423044603034854e+06,1.000000000000000000e+00
1.489281668218746463e-03,9.554315258924771115e+02,9.555124693105965434e+02,6.835042585348044542e-02,1.698071106005831776e-01,-1.026840855429026182e+06,1.041178201621850152e-01,1.051079343402933908e-01,1.232287002176824491e+06,1.243967268302025506e+06,1.000000000000000000e+00
1.496853961080867046e-03,9.584722992172522709e+02,9.585562277489524377e+02,6.835592500410687944e-02,1.702837383936604831e-01,-1.026775842467763228e+06,1.083510144673142106e-01,1.095829591391854207e-01,1.275849438884382136e+06,1.289895821611624211e+06,1.000000000000000000e+00
1.504426253942987629e-03,9.615115677644548668e+02,9.615991351231057251e+02,6.836143842153319383e-02,1.707605876735734940e-01,-1.026711193446747959e+06,1.127186942383394119e-01,1.140594034773247251e-01,1.320581321322007338e+06,1.335838419676581398e+06,1.000000000000000000e+00
1.511998546805108212e-03,9.645493184885614255e+02,9.646308581327646152e+02,6.836696578549227021e-02,1.712376559041354496e-01,-1.026646926515108556e+06,1.172235686760474682e-01,1.180634032467012956e-01,1.366501581312136259e+06,1.376825448086533230e+06,1.000000000000000000e+00
1.519570839667228794e-03,9.675855375671294496e+02,9.676676878946799434e+02,6.837250677035389135e-02,1.717149404208693775e-01,-1.026583060148742865e+06,1.218683558157379193e-01,1.230189380186361425e-01,1.413629193825432565e+06,1.426879251293177018e+06,1.000000000000000000e+00
1.527143132529349377e-03,9.706202103956952669e+02,9.707054678230318814e+02,6.837806104504466631e-02,1.721924384292801979e-01,-1.026519613154819934e+06,1.266557823683585604e-01,1.280336253702556437e-01,1.461983177127809031e+06,1.477502256148813292e+06,1.000000000000000000e+00
1.534715425391469960e-03,9.736533215826796095e+02,9.737400448915003608e+02,6.838362827296853852e-02,1.726701470031251628e-01,-1.026456604676240822e+06,1.315885842003955697e-01,1.329004473147621379e-01,1.511582599164253101e+06,1.526604881311003119e+06,1.000000000000000000e+00
1.542287718253590543e-03,9.766848549442948979e+02,9.767655921735474749e+02,6.838920811192701621e-02,1.731480630826816025e-01,-1.026394054196068668e+06,1.366695087464506742e-01,1.376472313922240676e-01,1.562446601500191493e+06,1.574150696836497169e+06,1.000000000000000000e+00
1.549860011115711126e-03,9.797147934994370644e+02,9.797981574761564616e+02,6.839480021403986088e-02,1.736261834730103981e-01,-1.026331981541917892e+06,1.419013251240793250e-01,1.432256994344585088e-01,1.614594481650899630e+06,1.629567847303811926e+06,1.000000000000000000e+00
1.557432303977831708e-03,9.827431194645035930e+02,9.828297874215705860e+02,6.840040422566535938e-02,1.741045048422030228e-01,-1.026270406890344108e+06,1.472868714061965623e-01,1.488055269418958881e-01,1.668046011211116565e+06,1.684997765070972731e+06,1.000000000000000000e+00
1.572576889702072874e-03,9.887948941524674638e+02,9.888767851043252222e+02,6.841164706405203355e-02,1.750617482531651725e-01,-1.026148889892193838e+06,1.585263002513888075e-01,1.596946020231081731e-01,1.778891998746883357e+06,1.792443531223230995e+06,1.000000000000000000e+00
1.587721475426314257e-03,9.948399921235788952e+02,9.949281791383973541e+02,6.842293308314983946e-02,1.760197506735082795e-01,-1.026029598580162739e+06,1.704127934060831184e-01,1.720673415800085815e-01,1.895172218202301301e+06,1.913529623902342981e+06,1.000000000000000000e+00
1.601952016283241485e-03,1.000513997762987742e+03,1.000596694200114143e+03,6.843357450731664404e-02,1.769205951138783095e-01,-1.025919822391186957e+06,1.821915622195094953e-01,1.835322421729196907e-01,2.009526061743183993e+06,2.024807320650383830e+06,1.000000000000000000e+00
1.616182557140168497e-03,1.006181803265356621e+03,1.006270468992994779e+03,6.844424878671515056e-02,1.778220536822325837e-01,-1.025812316806709627e+06,1.945791244264329922e-01,1.963881476997001996e-01,2.128934629980237689e+06,2.148897932142969687e+06,1.000000000000000000e+00
1.630413097997095509e-03,1.011843242781273602e+03,1.011926358897124942e+03,6.845495324484071609e-02,1.787240963090672152e-01,-1.025707412115995190e+06,2.075936194952753278e-01,2.090924494246866883e-01,2.253520765125700738e+06,2.270455182593780104e+06,1.000000000000000000e+00
1.644643638854022521e-03,1.017498138876517260e+03,1.017587160199536015e+03,6.846568512527501094e-02,1.796266910157006680e-01,-1.025605181852089707e+06,2.212530702933960258e-01,2.232750495588447792e-01,2.383406226465452928e+06,2.405632091731927823e+06,1.000000000000000000e+00
1.658874179710949533e-03,1.023146303584569978e+03,1.023229785444228469e+03,6.847644159039949219e-02,1.805298038761571355e-01,-1.025505699726286577e+06,2.355753465719571116e-01,2.372680061004437957e-01,2.518710868580122478e+06,2.537684446407551877e+06,1.000000000000000000e+00
1.673104720567876545e-03,1.028787538311550406e+03,1.028877118870543882e+03,6.848721972026985960e-02,1.814333989793803503e-01,-1.025409039652096340e+06,2.505781147236294526e-01,2.527769743425506976e-01,2.659552249590804800e+06,2.683598202404630836e+06,1.000000000000000000e+00
1.687335261424803556e-03,1.034421633746900852e+03,1.034505652823600030e+03,6.849801651167662653e-02,1.823374383922822806e-01,-1.025315275765385595e+06,2.662787805725596590e-01,2.681341107308393146e-01,2.806045193090863526e+06,2.826667579836268444e+06,1.000000000000000000e+00
1.701565802281730568e-03,1.040048369780616440e+03,1.040138568802069585e+03,6.850882887741424621e-02,1.832418821237848661e-01,-1.025224482440534513e+06,2.826944262975132904e-01,2.850765433516784242e-01,2.958301326240501832e+06,2.984213487509340048e+06,1.000000000000000000e+00
1.715796343138657580e-03,1.045667515427831859e+03,1.045752113083631684e+03,6.851965364578142814e-02,1.841466880900283487e-01,-1.025136734302523779e+06,2.998417421744987710e-01,3.018675126496096484e-01,3.116428605251781642e+06,3.138757844443137292e+06,1.000000000000000000e+00
1.730026883995584592e-03,1.051278828761580826e+03,1.051369537637802978e+03,6.853048756033468247e-02,1.850518120809325207e-01,-1.025052106234849780e+06,3.177369540050329899e-01,3.202943473901413429e-01,3.280530837816367857e+06,3.308211840528266970e+06,1.000000000000000000e+00
1.744257424852511604e-03,1.056882056854522943e+03,1.056967277251992527e+03,6.854132727991565921e-02,1.859572077283064007e-01,-1.024970673383239307e+06,3.363957473484723848e-01,3.385994756551681251e-01,3.450707212368936278e+06,3.474793791867922060e+06,1.000000000000000000e+00
1.758487965709438616e-03,1.062476935730387595e+03,1.062567754336642111e+03,6.855216937897166962e-02,1.868628264757091484e-01,-1.024892511155225453e+06,3.558331899268759591e-01,3.585203423926069943e-01,3.627051844746593386e+06,3.656031516985557973e+06,1.000000000000000000e+00
1.772718506566365627e-03,1.068063190325824507e+03,1.068149016964612201e+03,6.856301034818659823e-02,1.877686175502655819e-01,-1.024817695215615560e+06,3.760636537991761674e-01,3.784725674773977699e-01,3.809653353352683131e+06,3.835763380382441450e+06,1.000000000000000000e+00
1.786949047423292639e-03,1.073640534463255108e+03,1.073731394312223983e+03,6.857384659543711014e-02,1.886745279366380812e-01,-1.024746301477995119e+06,3.971007391058896108e-01,3.999250564545578923e-01,3.998594474342727102e+06,4.028952825800932478e+06,1.000000000000000000e+00
1.801179588280219651e-03,1.079208670835216481e+03,1.079295127300643344e+03,6.858467444708692129e-02,1.895805023533464473e-01,-1.024678406092455029e+06,4.189572013864341082e-01,4.215889012788521240e-01,4.193951729170951527e+06,4.222235433034515940e+06,1.000000000000000000e+00
1.815410129137146663e-03,1.084767291000549221e+03,1.084858152670887193e+03,6.859549014962826319e-02,1.904864832316142398e-01,-1.024614085429696832e+06,4.416448846396733297e-01,4.446019876161224627e-01,4.395795160639453679e+06,4.427485073649124242e+06,1.000000000000000000e+00
1.829703487191030589e-03,1.090340547545870095e+03,1.090427610840668422e+03,6.860633751044810380e-02,1.913964096330220688e-01,-1.024553156746607856e+06,4.652803521455977087e-01,4.681915331237053168e-01,4.605122021952838637e+06,4.636155010692590848e+06,1.000000000000000000e+00
1.843996845244914515e-03,1.095903546291846396e+03,1.095994087356328691e+03,6.861716479113945388e-02,1.923062191179588654e-01,-1.024495989311705926e+06,4.897753277755705348e-01,4.929151487315029945e-01,4.821113496363281272e+06,4.854767138944960199e+06,1.000000000000000000e+00
1.858290203298798441e-03,1.101455940878590582e+03,1.101543545441583319e+03,6.862796795867920352e-02,1.932158462831239654e-01,-1.024442661052797455e+06,5.151387004406401404e-01,5.184124114765658042e-01,5.043819805278032087e+06,5.078467668282014318e+06,1.000000000000000000e+00
1.872583561352682367e-03,1.106997373722309248e+03,1.107087581374095407e+03,6.863874290909657838e-02,1.941252233396653926e-01,-1.024393250025497284e+06,5.413782480705968680e-01,5.446806514960574885e-01,5.273284231236426160e+06,5.308716035289799795e+06,1.000000000000000000e+00
1.886876919406566292e-03,1.112527476071981027e+03,1.112615657717394924e+03,6.864948547097048104e-02,1.950342801063578713e-01,-1.024347834382279660e+06,5.685006233917349050e-01,5.721683787940506916e-01,5.509543244143067859e+06,5.548088820308403112e+06,1.000000000000000000e+00
1.901170277460450218e-03,1.118045868076863826e+03,1.118135725995287657e+03,6.866019140927649700e-02,1.959429440058660932e-01,-1.024306492339351797e+06,5.965113548214442396e-01,5.999504736242144975e-01,5.752626720473447815e+06,5.789603570956399664e+06,1.000000000000000000e+00
1.915463635514334144e-03,1.123552158863982413e+03,1.123640977428764472e+03,6.867085642957156122e-02,1.968511400640319819e-01,-1.024269302141541033e+06,6.254148630304829926e-01,6.295011985932376097e-01,6.002558246648887172e+06,6.045191295297763310e+06,1.000000000000000000e+00
1.929756993568218070e-03,1.129045946624597718e+03,1.129135456790836315e+03,6.868147618250200481e-02,1.977587909120791243e-01,-1.024236342025350430e+06,6.552144931193200073e-01,6.587491458137979539e-01,6.259355497383918613e+06,6.297486620809742250e+06,1.000000000000000000e+00
1.944050351622101996e-03,1.134526818708520977e+03,1.134616332646497085e+03,6.869204626861812046e-02,1.986658167915813511e-01,-1.024207690180263016e+06,6.859125618670531832e-01,6.904432400160971373e-01,6.523030677444298752e+06,6.569937172022689134e+06,1.000000000000000000e+00
1.958343709675985922e-03,1.139994351725034903e+03,1.140083514818732283e+03,6.870256224347705276e-02,1.995721355619979875e-01,-1.024183424708317034e+06,7.175104189821444045e-01,7.210913689393352310e-01,6.793591012497078627e+06,6.832410499903768301e+06,1.000000000000000000e+00
1.972637067729869631e-03,1.145448111649121529e+03,1.145538380323393767e+03,6.871301962301415434e-02,2.004776627105417652e-01,-1.024163623581895255e+06,7.500085207581181912e-01,7.550094316153749263e-01,7.071039272215820849e+06,7.122384200903825462e+06,1.000000000000000000e+00
1.986930425783753774e-03,1.150887653931655905e+03,1.150975954517316950e+03,6.872341388916265725e-02,2.013823113641070028e-01,-1.024148364599563298e+06,7.834065140819639339e-01,7.871843603482636675e-01,7.355374307041901164e+06,7.396129540411978960e+06,1.000000000000000000e+00
2.001223783837637916e-03,1.156312523612247787e+03,1.156403601018709196e+03,6.873374049570064870e-02,2.022859923029642348e-01,-1.024137725339727942e+06,8.177033284788971512e-01,8.232024633498210564e-01,7.646591580148381181e+06,7.702538823786797933e+06,1.000000000000000000e+00
2.015517141891521626e-03,1.161722255433454166e+03,1.161809440473078666e+03,6.874399487430488120e-02,2.031886139759028487e-01,-1.024131783111758879e+06,8.528972739274716108e-01,8.569406168085033082e-01,7.944683681756153703e+06,7.987884873743678443e+06,1.000000000000000000e+00
2.029810499945405335e-03,1.167116373955163908e+03,1.167208302819733944e+03,6.875417244079093382e-02,2.040900825164929933e-01,-1.024130614904119982e+06,8.889861408483750171e-01,8.950175321261194528e-01,8.249640833475377411e+06,8.310397545660425909e+06,1.000000000000000000e+00
2.044103857999289477e-03,1.172494393668011526e+03,1.172581727565079063e+03,6.876426860151836629e-02,2.049903017601369393e-01,-1.024134297328956891e+06,9.259672686946525122e-01,9.304419303472640790e-01,8.561451420316595584e+06,8.608527783683288842e+06,1.000000000000000000e+00
2.059467184324266509e-03,1.178256501639280032e+03,1.178349625068191244e+03,6.877502467445074930e-02,2.059564077378714386e-01,-1.024143754466805840e+06,9.667065381706554383e-01,9.735648242236981664e-01,8.904214411392033100e+06,8.972724598545480520e+06,1.000000000000000000e+00
2.074830510649243107e-03,1.183998813092384353e+03,1.184087348821465866e+03,6.878567573066723950e-02,2.069208317020115873e-01,-1.024158995216647978e+06,1.008468871570722847e+00,1.014056809112285906e+00,9.254857852734968066e+06,9.312210496281608939e+06,1.000000000000000000e+00
2.090193836974219704e-03,1.189720687206758839e+03,1.189815428062970113e+03,6.879621608456638893e-02,2.078834455205625098e-01,-1.024180112721374840e+06,1.051249849331363340e+00,1.059098447593080250e+00,9.613359371352627873e+06,9.691141346922954544e+06,1.000000000000000000e+00
2.105557163299196302e-03,1.195421470329122258e+03,1.195511381372125697e+03,6.880664007546163918e-02,2.088441180934342001e-01,-1.024207199239577400e+06,1.095044765556413502e+00,1.101796162174411009e+00,9.979694070090878755e+06,1.004767744872215576e+07,1.000000000000000000e+00
2.120920489624172900e-03,1.201100496122101958e+03,1.201192950612232153e+03,6.881694207772315330e-02,2.098027153775083309e-01,-1.024240346019786783e+06,1.139848664925128485e+00,1.146943416759816703e+00,1.035383378950302117e+07,1.042540524603916518e+07,1.000000000000000000e+00
2.136283815949149498e-03,1.206757085711338505e+03,1.206848513712762951e+03,6.882711651107502326e-02,2.107591004112090993e-01,-1.024279643161445623e+06,1.185656301604917751e+00,1.193615808314175686e+00,1.073574613822437078e+07,1.081462367843205854e+07,1.000000000000000000e+00
2.151647142274126095e-03,1.212390547833307437e+03,1.212480339571751983e+03,6.883715785104964346e-02,2.117131333386946535e-01,-1.024325179461024585e+06,1.232462050207933091e+00,1.238811126549615338e+00,1.112539324244344048e+07,1.119067168254891038e+07,1.000000000000000000e+00
2.167010468599103127e-03,1.218000178986706487e+03,1.218093325275855705e+03,6.884706063960116529e-02,2.126646714339482380e-01,-1.024377042241800227e+06,1.280259766354430839e+00,1.289400223150892311e+00,1.152273018462648429e+07,1.161186389080146886e+07,1.000000000000000000e+00
2.182373794924080158e-03,1.223585263590903423e+03,1.223674267412880909e+03,6.885681949588320916e-02,2.136135691252100677e-01,-1.024435317165905610e+06,1.329042594832630542e+00,1.336267302027458692e+00,1.192770312875958905e+07,1.200027355047856271e+07,1.000000000000000000e+00
2.197737121249056756e-03,1.229145074155597058e+03,1.229239846681207609e+03,6.886642912719653786e-02,2.145596780203658238e-01,-1.024500088027501130e+06,1.378802725464473689e+00,1.389387237359601235e+00,1.234024714408191107e+07,1.244240871841931157e+07,1.000000000000000000e+00
2.213100447574033354e-03,1.234678871466433748e+03,1.234769115055265274e+03,6.887588434011424066e-02,2.155028469340704300e-01,-1.024571436526101548e+06,1.429531098960007851e+00,1.438394709190532472e+00,1.276028375056375377e+07,1.284767412237316184e+07,1.000000000000000000e+00
2.228463773899009952e-03,1.240185904791854682e+03,1.240280367161260983e+03,6.888518005178997927e-02,2.164429219175462160e-01,-1.024649442019452457e+06,1.481217067629026829e+00,1.491980547282826697e+00,1.318771822182401642e+07,1.329179397523276694e+07,1.000000000000000000e+00
2.243827100223986550e-03,1.245665412116889911e+03,1.245757158794727729e+03,6.889431130145291793e-02,2.173797462921315260e-01,-1.024734181255599833e+06,1.533848019667109597e+00,1.544244503343683128e+00,1.362243670090680942e+07,1.372302097300463915e+07,1.000000000000000000e+00
2.259190426548963147e-03,1.251116620409907000e+03,1.251209058657811056e+03,6.890327326208779690e-02,2.183131606877669328e-01,-1.024825728084170492e+06,1.587408982164197457e+00,1.596693682535626158e+00,1.406430322903799452e+07,1.415549473514172249e+07,1.000000000000000000e+00
2.274553752873939745e-03,1.256538745928391563e+03,1.256632070647072624e+03,6.891206125228968582e-02,2.192430030876623692e-01,-1.024924153147135745e+06,1.641882219741068960e+00,1.653890349597761711e+00,1.451315690990010649e+07,1.462747090319466032e+07,1.000000000000000000e+00
2.289917079198916777e-03,1.261930994569391714e+03,1.262020362526219742e+03,6.892067074826187245e-02,2.201691088804039187e-01,-1.025029523549441015e+06,1.697246702864629864e+00,1.706794749374908715e+00,1.496880972582003474e+07,1.506259228287995607e+07,1.000000000000000000e+00
2.307960621473945616e-03,1.268224800527528942e+03,1.268320740435205607e+03,6.893054888472670283e-02,2.212517985127601117e-01,-1.025162234202956897e+06,1.763365759720802117e+00,1.777843777868151509e+00,1.551228049056915008e+07,1.564805472018270940e+07,1.000000000000000000e+00
2.326004163748974021e-03,1.274474984332837721e+03,1.274567526466539448e+03,6.894016833789509691e-02,2.223288305580355950e-01,-1.025304699197540875e+06,1.830630738973093807e+00,1.843761751011586458e+00,1.606439203106899559e+07,1.618878759234796278e+07,1.000000000000000000e+00
2.344047706024002427e-03,1.280680210469743542e+03,1.280769905940770968e+03,6.894952275480364934e-02,2.233999255746801360e-01,-1.025457004276537336e+06,1.898984268437528655e+00,1.910048968470336561e+00,1.662464526645803079e+07,1.673173060574164800e+07,1.000000000000000000e+00
2.362091248299030832e-03,1.286839127963045485e+03,1.286935315721693996e+03,6.895860618382598783e-02,2.244647998636054020e-01,-1.025619225328293280e+06,1.968358893909628371e+00,1.984643351604367112e+00,1.719246216021003574e+07,1.734266416556597129e+07,1.000000000000000000e+00
2.380134790574059238e-03,1.292950371965958084e+03,1.293043220437903074e+03,6.896741310203216568e-02,2.255231657360943776e-01,-1.025791427454097080e+06,2.038676270299075277e+00,2.053630016036316785e+00,1.776717869664606825e+07,1.790705643661697954e+07,1.000000000000000000e+00
2.398178332849087643e-03,1.299012565565041314e+03,1.299102717008157470e+03,6.897593844207934588e-02,2.265747318248300113e-01,-1.025973664018868119e+06,2.109846365487214825e+00,2.122916122074178791e+00,1.834803951158584282e+07,1.847321466244242713e+07,1.000000000000000000e+00
2.416221875124116049e-03,1.305024321814353243e+03,1.305120550639134080e+03,6.898417761836916906e-02,2.276192034412622689e-01,-1.026165975693317479e+06,2.181766816522789476e+00,2.200366593718014130e+00,1.893419367828138173e+07,1.910425653613876179e+07,1.000000000000000000e+00
2.434265417399144454e-03,1.310984246007576758e+03,1.311077367498014837e+03,6.899212655215604395e-02,2.286562829818798159e-01,-1.026368389496747986e+06,2.254322405429419085e+00,2.271166952315450516e+00,1.952469140202583000e+07,1.968028156610814109e+07,1.000000000000000000e+00
2.452308959674172860e-03,1.316890938194201453e+03,1.316982331688671366e+03,6.899978169527845595e-02,2.296856703854363024e-01,-1.026580917850012193e+06,2.327384575870825145e+00,2.342377898680119142e+00,2.011848097501567006e+07,2.025923668006850779e+07,1.000000000000000000e+00
2.470352501949201265e-03,1.322742995945228586e+03,1.322839382566450013e+03,6.900714005224183045e-02,2.307070636429898181e-01,-1.026803557649384602e+06,2.400811191276202461e+00,2.421526935554979332e+00,2.071440348162933812e+07,2.090132668035485968e+07,1.000000000000000000e+00
2.479374273086715468e-03,1.325647969364972141e+03,1.325740043372648870e+03,6.901070681221951886e-02,2.312146420628623522e-01,-1.026918654676220962e+06,2.437618403549971724e+00,2.453738189967546557e+00,2.101277263434163481e+07,2.116290617131232098e+07,1.000000000000000000e+00
2.488396044224229671e-03,1.328538741022038494e+03,1.328632081622551596e+03,6.901419827650671912e-02,2.317201054059186971e-01,-1.027036276338509517e+06,2.474458560676682239e+00,2.493259343008187301e+00,2.131120065152763203e+07,2.148285738128697127e+07,1.000000000000000000e+00
2.497417815361744307e-03,1.331415136152992773e+03,1.331511546253243296e+03,6.901761423505213544e-02,2.322234155830700253e-01,-1.027156417516363552e+06,2.511310328363426159e+00,2.533200109714083492e+00,2.160951744612485915e+07,2.180630849938677251e+07,1.000000000000000000e+00
2.506439586499258510e-03,1.334276980444328956e+03,1.334369814149002650e+03,6.902095451569821571e-02,2.327245344972335706e-01,-1.027279071962807095e+06,2.548151790641281167e+00,2.565539995005035045e+00,2.190754626968986541e+07,2.206840861513967440e+07,1.000000000000000000e+00
2.515461357636772713e-03,1.337124100145821785e+03,1.337217509379744342e+03,6.902421898453578453e-02,2.332234240650868373e-01,-1.027404232282848097e+06,2.584960277901801717e+00,2.604811461779693360e+00,2.220510425184016675e+07,2.238561172715480626e+07,1.000000000000000000e+00
2.524483128774287349e-03,1.339956322186881835e+03,1.340052762798354024e+03,6.902740754621335129e-02,2.337200462394333211e-01,-1.027531889913418097e+06,2.621712373934902196e+00,2.644722231754110808e+00,2.250200280690740421e+07,2.270800254042141885e+07,1.000000000000000000e+00
2.533504899911801552e-03,1.342773474296685890e+03,1.342867167242491632e+03,6.903052014419860938e-02,2.342143630324120540e-01,-1.027662035104605020e+06,2.658383951280346658e+00,2.677031008291189451e+00,2.279804796388319507e+07,2.296921586095757037e+07,1.000000000000000000e+00
2.542526671049315755e-03,1.345575385126721812e+03,1.345668837845614235e+03,6.903355676097779059e-02,2.347063365392825507e-01,-1.027794656902035233e+06,2.694950209485507564e+00,2.715702297148248956e+00,2.309304066553609818e+07,2.328066623398531601e+07,1.000000000000000000e+00
2.551548442186829958e-03,1.348361884376651687e+03,1.348458350634650515e+03,6.903651741819716303e-02,2.351959289629851901e-01,-1.027929743130782619e+06,2.731385714205664339e+00,2.755326106411988718e+00,2.338677706980634853e+07,2.359985468835647032e+07,1.000000000000000000e+00
2.560570213324344160e-03,1.351132802922121073e+03,1.351227045439942458e+03,6.903940217673489033e-02,2.356831026391925932e-01,-1.028067280380641343e+06,2.767664438662597259e+00,2.787855800084753533e+00,2.367904887925454602e+07,2.386213197945051268e+07,1.000000000000000000e+00
2.569591984461858363e-03,1.353887972945447700e+03,1.353981429044402148e+03,6.904221113670795662e-02,2.361678200620610790e-01,-1.028207253993127728e+06,2.803759805384975934e+00,2.825319575650108384e+00,2.396964371758677065e+07,2.416331075352294743e+07,1.000000000000000000e+00
2.578613755599372566e-03,1.356627228067723991e+03,1.356723706463845701e+03,6.904494443740238907e-02,2.366500439103856324e-01,-1.028349648050001473e+06,2.839644705447222250e+00,2.864507232603660025e+00,2.425834558685788512e+07,2.447843309922951460e+07,1.000000000000000000e+00
2.590968689163908149e-03,1.360352451074415285e+03,1.360443850789970838e+03,6.904856519795186942e-02,2.373063259362446220e-01,-1.028548551972770365e+06,2.888396295761970656e+00,2.908961926366281592e+00,2.465026576034241915e+07,2.483655127507172897e+07,1.000000000000000000e+00
2.603323622728444166e-03,1.364047113846012053e+03,1.364142858990159539e+03,6.905204514374371771e-02,2.379577695802610471e-01,-1.028751911587332608e+06,2.936628391148262907e+00,2.961545427175869882e+00,2.503764465176220238e+07,2.525800423391314968e+07,1.000000000000000000e+00
2.615678556292980184e-03,1.367710805152035391e+03,1.367805816511946432e+03,6.905538498440572104e-02,2.386042812864338503e-01,-1.028959674364938750e+06,2.984267288610991553e+00,3.007474685573945372e+00,2.541989809616649896e+07,2.562696939752983674e+07,1.000000000000000000e+00
2.628033489857515767e-03,1.371343121110043739e+03,1.371438079504890084e+03,6.905858556272248538e-02,2.392457686087266500e-01,-1.029171783237410244e+06,3.031238179267421451e+00,3.056162539448076032e+00,2.579643465329762176e+07,2.601668637804814428e+07,1.000000000000000000e+00
2.640388423422051350e-03,1.374943665860829924e+03,1.375040955197700669e+03,6.906164785228095793e-02,2.398821403492039650e-01,-1.029388176593309268e+06,3.077465397545016579e+00,3.104901765027661131e+00,2.616665762908360362e+07,2.640696904824870825e+07,1.000000000000000000e+00
2.652743356986587368e-03,1.378512052244313509e+03,1.378606089414765620e+03,6.906457295461866652e-02,2.405133066974170508e-01,-1.029608788287830073e+06,3.122872672485791146e+00,3.147796516784920229e+00,2.652996720827555656e+07,2.675006148954247311e+07,1.000000000000000000e+00
2.665098290551123385e-03,1.382047902475854244e+03,1.382145984658822044e+03,6.906736209590109976e-02,2.411391793710991605e-01,-1.029833547667422681e+06,3.167383394204288383e+00,3.196777542481576084e+00,2.688576270237092674e+07,2.714083790819034353e+07,1.000000000000000000e+00
2.677453224115658968e-03,1.385550848817905489e+03,1.385643749541386796e+03,6.907001662312747814e-02,2.417596717571436349e-01,-1.030062379608506802e+06,3.210920892390460857e+00,3.235832749432862254e+00,2.723344488599153608e+07,2.745316270736339316e+07,1.000000000000000000e+00
2.689808157680194552e-03,1.389020534246677698e+03,1.389117926366229085e+03,6.907253799989632181e-02,2.423746990529050682e-01,-1.030295204571156879e+06,3.253408723960607318e+00,3.282705624008483092e+00,2.757241839245877787e+07,2.782651286322463304e+07,1.000000000000000000e+00
2.702163091244730569e-03,1.392456613108479814e+03,1.392550969684327356e+03,6.907492780173647706e-02,2.429841784067306998e-01,-1.030531938667020411e+06,3.294770967593199984e+00,3.320952312059427314e+00,2.790209415077576786e+07,2.813237180035024881e+07,1.000000000000000000e+00
2.714518024809266586e-03,1.395858751765486204e+03,1.395955418672514043e+03,6.907718771104190414e-02,2.435880290577613905e-01,-1.030772493742222665e+06,3.334932523522827097e+00,3.364207447058593203e+00,2.822189184262799472e+07,2.847589304863033816e+07,1.000000000000000000e+00
2.726872958373802169e-03,1.399226629225467150e+03,1.399324237457445861e+03,6.907931951162285533e-02,2.441861724738613182e-01,-1.031016777474357747e+06,3.373819416695782003e+00,3.404212855729200626e+00,2.853124236492998526e+07,2.879418986479473487e+07,1.000000000000000000e+00
2.739227891938337753e-03,1.402559937755379224e+03,1.402655550649690213e+03,6.908132508291832397e-02,2.447785324877251312e-01,-1.031264693484194810e+06,3.411359101775643055e+00,3.440523163396984163e+00,2.882959027707870677e+07,2.908251204829403386e+07,1.000000000000000000e+00
2.751582825502873770e-03,1.405858383473326967e+03,1.405957979727344082e+03,6.908320639388904061e-02,2.453650354299891923e-01,-1.031516141460976913e+06,3.447480767893086107e+00,3.480971997121692141e+00,2.911639621848738939e+07,2.940288463734376058e+07,1.000000000000000000e+00
2.763937759067409787e-03,1.409121686919010244e+03,1.409215753487957500e+03,6.908496549664128183e-02,2.459456102594135829e-01,-1.031771017301834770e+06,3.482115641529114125e+00,3.511190954569653133e+00,2.939113927525874600e+07,2.964299932852415740e+07,1.000000000000000000e+00
2.776292692631945370e-03,1.412349583597226001e+03,1.412448237800253992e+03,6.908660451980627726e-02,2.465201886889457350e-01,-1.032029213263970218e+06,3.515197285181672182e+00,3.548017356739223249e+00,2.965331928182720020e+07,2.993392641451993212e+07,1.000000000000000000e+00
2.788647626196480954e-03,1.415541824494836646e+03,1.415637257196103064e+03,6.908812566172926883e-02,2.470887053077632511e-01,-1.032290618129994837e+06,3.546661890139593876e+00,3.576888079337442683e+00,2.990245903676125780e+07,3.016321016758216918e+07,1.000000000000000000e+00
2.801002559761016971e-03,1.418698176565912945e+03,1.418795705732002261e+03,6.908953118349703271e-02,2.476510976981046719e-01,-1.032555117384884623e+06,3.576448560847121705e+00,3.608773604003938207e+00,3.013810641956735775e+07,3.041447056733665243e+07,1.000000000000000000e+00
2.813357493325552988e-03,1.421818423185818801e+03,1.421917445387301541e+03,6.909082340185999926e-02,2.482073065470307704e-01,-1.032822593404797721e+06,3.604499589205663934e+00,3.638833760830126884e+00,3.035983638885746524e+07,3.065175954964838922e+07,1.000000000000000000e+00
2.825712426890088572e-03,1.424902364569179781e+03,1.424998215998145497e+03,6.909200468207982171e-02,2.487572757519435629e-01,-1.033092925656068721e+06,3.630760716237148689e+00,3.662763838533432459e+00,3.056725285050707683e+07,3.084079112567961216e+07,1.000000000000000000e+00
2.838067360454624155e-03,1.427949818152902935e+03,1.428049719052969749e+03,6.909307743075904229e-02,2.493009525200594878e-01,-1.033365990904461010e+06,3.655181379581757817e+00,3.690682177983615642e+00,3.075999037813104317e+07,3.106048154425376281e+07,1.000000000000000000e+00
2.850422294019160172e-03,1.430960618939500364e+03,1.431053892347781584e+03,6.909404408868360936e-02,2.498382874607022464e-01,-1.033641663432874251e+06,3.677714944315477297e+00,3.709687614716274950e+00,3.093771577698586136e+07,3.121085430632565916e+07,1.000000000000000000e+00
2.862777227583696189e-03,1.433934619802323823e+03,1.434033141603657896e+03,6.909490712373357602e-02,2.503692346706793970e-01,-1.033919815267485916e+06,3.698318915794101436e+00,3.732948105486177504e+00,3.110012947627637163e+07,3.139355634028225765e+07,1.000000000000000000e+00
2.875132161148231773e-03,1.436871691748335934e+03,1.436969626320307952e+03,6.909566902389123466e-02,2.508937518116627352e-01,-1.034200316410409519e+06,3.716955132191236189e+00,3.752042242766842950e+00,3.124696674402009323e+07,3.154397947605555505e+07,1.000000000000000000e+00
2.887487094712767356e-03,1.439771724140493461e+03,1.439868730358379480e+03,6.909633229039827129e-02,2.514118001799144908e-01,-1.034483035078756395e+06,3.733589935771822965e+00,3.767880100133408128e+00,3.137799871263338998e+07,3.166825649748819321e+07,1.000000000000000000e+00
2.899842028277303373e-03,1.442634624875785676e+03,1.442735948548770239e+03,6.909689943108843213e-02,2.519233447673513426e-01,-1.034767837948119268e+06,3.748194320863654116e+00,3.785830063081403019e+00,3.149303321283068135e+07,3.180878053367118537e+07,1.000000000000000000e+00
2.912196961841839390e-03,1.445460320521483254e+03,1.445554991562100213e+03,6.909737295394220713e-02,2.524283543143747144e-01,-1.035054590400324785e+06,3.760744057989037437e+00,3.795303044734849252e+00,3.159191540754210204e+07,3.188360762296485156e+07,1.000000000000000000e+00
2.924551895406374974e-03,1.448248756406088205e+03,1.448348942048385879e+03,6.909775536088533232e-02,2.529268013535437842e-01,-1.035343156773415743e+06,3.771219792506636637e+00,3.807837666896145112e+00,3.167452822707775235e+07,3.198178318289429694e+07,1.000000000000000000e+00
2.936906828970910557e-03,1.450999896668015026e+03,1.451098931677728160e+03,6.909804914187164804e-02,2.534186622446132908e-01,-1.035633400613704347e+06,3.779607117709248065e+00,3.816730634451287685e+00,3.174079260094764084e+07,3.205180660146069527e+07,1.000000000000000000e+00
2.949261762535446141e-03,1.453713724258956745e+03,1.453811807432432943e+03,6.909825676926636961e-02,2.539039172001071321e-01,-1.035925184927849099e+06,3.785896621178341803e+00,3.822086595848698032e+00,3.179066749121982977e+07,3.209409774855593592e+07,1.000000000000000000e+00
2.961616696099981724e-03,1.456390240905411019e+03,1.456492440041021155e+03,6.909838069256318827e-02,2.543825503020442635e-01,-1.036218372434827033e+06,3.790083904829908867e+00,3.828806391659270059e+00,3.182414972662515938e+07,3.214722342349150404e+07,1.000000000000000000e+00
2.973971629664517741e-03,1.459029467025790382e+03,1.459124125686849766e+03,6.909842333344497212e-02,2.548545495090923096e-01,-1.036512825815755175e+06,3.792169577727454666e+00,3.828781358282087766e+00,3.184127364650744200e+07,3.214758313813133910e+07,1.000000000000000000e+00
2.986321426446380926e-03,1.461630367506118318e+03,1.461730536905788540e+03,6.909838711260081479e-02,2.553197145512108301e-01,-1.036808284837285290e+06,3.792159652128343161e+00,3.829770775555317197e+00,3.184211348983766139e+07,3.215681157534315065e+07,1.000000000000000000e+00
2.998671223228244545e-03,1.464194104706083408e+03,1.464294461514982459e+03,6.909827441390115066e-02,2.557782387511480238e-01,-1.037104735199306509e+06,3.790065927297765924e+00,3.829132356225920297e+00,3.182678725158847123e+07,3.215318654004511237e+07,1.000000000000000000e+00
3.011021020010108164e-03,1.466720754107518133e+03,1.466817666537800960e+03,6.909808754683381682e-02,2.562301216483137689e-01,-1.037402041107052006e+06,3.785903711517000669e+00,3.823406825205377224e+00,3.179543760868953168e+07,3.210924714640563354e+07,1.000000000000000000e+00
3.023370816791971782e-03,1.469210409115844186e+03,1.469312390243318760e+03,6.909782877715850424e-02,2.566753665905874837e-01,-1.037700067689666641e+06,3.779693027760336221e+00,3.818606826913479413e+00,3.174824147221357748e+07,3.207271740514736623e+07,1.000000000000000000e+00
3.035720613573835401e-03,1.471663180780405810e+03,1.471760525943927632e+03,6.909750032389097574e-02,2.571139806969977570e-01,-1.037998681226952001e+06,3.771458483082864355e+00,3.810438560783172779e+00,3.168540878334885463e+07,3.200953809139754251e+07,1.000000000000000000e+00
3.048070410355698586e-03,1.474079197477943126e+03,1.474179046305608836e+03,6.909710435667457129e-02,2.575459748116855629e-01,-1.038297749368413701e+06,3.761229115772344755e+00,3.799544252168066460e+00,3.160718117610799521e+07,3.192572467056838423e+07,1.000000000000000000e+00
3.060420207137561771e-03,1.476458604563933932e+03,1.476562571093955057e+03,6.909664299354215111e-02,2.579713634500903630e-01,-1.038597141344794421e+06,3.749038222732608006e+00,3.789005868740273009e+00,3.151383051546306908e+07,3.184500645778006315e+07,1.000000000000000000e+00
3.072770003919425390e-03,1.478801563990801014e+03,1.478897028687318880e+03,6.909611829905396019e-02,2.583901647370409060e-01,-1.038896728170495713e+06,3.734923168093009505e+00,3.774107500192384279e+00,3.140565732745203748e+07,3.173002548000919819e+07,1.000000000000000000e+00
3.085119800701289008e-03,1.481108253897857821e+03,1.481209656521560873e+03,6.909553228280811144e-02,2.588024003377433768e-01,-1.039196382837176789e+06,3.718925175518417170e+00,3.757860013705217828e+00,3.128298913209089264e+07,3.160646192304926366e+07,1.000000000000000000e+00
3.097469597483152193e-03,1.483378868172261718e+03,1.483481625662551551e+03,6.909488689830474428e-02,2.592080953814306366e-01,-1.039495980497131939e+06,3.701089105418162717e+00,3.741411528983169088e+00,3.114617869635827839e+07,3.148094255441907048e+07,1.000000000000000000e+00
3.109819394265015378e-03,1.485613615985912020e+03,1.485710616220201928e+03,6.909418404215522669e-02,2.596072783787037874e-01,-1.039795398636801518e+06,3.681463219681332610e+00,3.720995752120780597e+00,3.099560221872001514e+07,3.132313345323909819e+07,1.000000000000000000e+00
3.122169191046878997e-03,1.487812721307775291e+03,1.487915233988164573e+03,6.909342555361386307e-02,2.599999811323995269e-01,-1.040094517239164095e+06,3.660098935288499611e+00,3.699387723288631857e+00,3.083165746240347251e+07,3.115806340761449188e+07,1.000000000000000000e+00
3.134518987828742616e-03,1.489976422396568296e+03,1.490077656858046339e+03,6.909261321441942383e-02,2.603862386430356168e-01,-1.040393218935580458e+06,3.637050569469209016e+00,3.677564214355554029e+00,3.065476184892632812e+07,3.099036380040523037e+07,1.000000000000000000e+00
3.146868784610605801e-03,1.492104971273437059e+03,1.492203287132735568e+03,6.909174874892140550e-02,2.607660890087256655e-01,-1.040691389145889319e+06,3.612375077828540171e+00,3.652136248006365715e+00,3.046535052851429582e+07,3.079437149713741615e+07,1.000000000000000000e+00
3.159218581392468986e-03,1.494198633179480339e+03,1.494302350366550854e+03,6.909083382447522848e-02,2.611395733206193781e-01,-1.040988916207489208e+06,3.586131788072353110e+00,3.625483971421045837e+00,3.026387443853193521e+07,3.058992383153120056e+07,1.000000000000000000e+00
3.171568378174332604e-03,1.496257686017857850e+03,1.496358426234900435e+03,6.908987005207989363e-02,2.615067355538022165e-01,-1.041285691492367885e+06,3.558382130741497562e+00,3.599170093528087921e+00,3.005079836560523510e+07,3.038718485231938213e+07,1.000000000000000000e+00
3.183918174956196223e-03,1.498282419785183492e+03,1.498381501968462317e+03,6.908885898724055619e-02,2.618676224547000775e-01,-1.041581609512878116e+06,3.529189369459239334e+00,3.569123046525128906e+00,2.982659902182514966e+07,3.015671766761784256e+07,1.000000000000000000e+00
3.196267971738059408e-03,1.500273135991995332e+03,1.500376662148234118e+03,6.908780213102870549e-02,2.622222834249509082e-01,-1.041876568015373894e+06,3.498618331972303430e+00,3.537957110623541901e+00,2.959176314925893024e+07,2.991944638877408206e+07,1.000000000000000000e+00
3.208617768519922593e-03,1.502230147076795902e+03,1.502329934352822420e+03,6.908670093132215917e-02,2.625707704027628875e-01,-1.042170468062582891e+06,3.466735144149180048e+00,3.507768925996125553e+00,2.934678566136991605e+07,2.968730532563324273e+07,1.000000000000000000e+00
3.220967565301786212e-03,1.504153775813452512e+03,1.504252553890246872e+03,6.908555678419817103e-02,2.629131377417364135e-01,-1.042463214103913982e+06,3.433606967638977991e+00,3.473753272172301010e+00,2.909216783146435395e+07,2.942499342408383265e+07,1.000000000000000000e+00
3.233317362083649830e-03,1.506044354716209000e+03,1.506148578275282716e+03,6.908437103546272162e-02,2.632494420881311692e-01,-1.042754714034607867e+06,3.399301742025579998e+00,3.438278707098212816e+00,2.882841552813749388e+07,2.915210067329578102e+07,1.000000000000000000e+00
3.245667158865513449e-03,1.507902225442066992e+03,1.508004290177592111e+03,6.908314498229253808e-02,2.635797422565633874e-01,-1.043044879242948955e+06,3.363887929519021380e+00,3.404362530513623142e+00,2.855603748654720187e+07,2.888937247397369519e+07,1.000000000000000000e+00
3.258016955647377068e-03,1.509727738194553694e+03,1.509827199481942671e+03,6.908187987497842186e-02,2.639040991050710105e-01,-1.043333624646342942e+06,3.327434257833756792e+00,3.367643346172434882e+00,2.827554356407622993e+07,2.860599668535004556e+07,1.000000000000000000e+00
3.270366752429240253e-03,1.511521251128710446e+03,1.511625602289375820e+03,6.908057691875787998e-02,2.642225754095514079e-01,-1.043620868715291959e+06,3.290009453122388905e+00,3.328651621555260842e+00,2.798744283889199793e+07,2.830799159712052345e+07,1.000000000000000000e+00
3.282716549211103438e-03,1.513283129761412965e+03,1.513386741466314788e+03,6.907923727575025763e-02,2.645352357384905817e-01,-1.043906533485447522e+06,3.251681978578117693e+00,3.291204297022688685e+00,2.769224114005856216e+07,2.802038616280248761e+07,1.000000000000000000e+00
3.295066345992967057e-03,1.515013746387881838e+03,1.515111561367938066e+03,6.907786206704370768e-02,2.648421463279726495e-01,-1.044190544554988737e+06,3.212520046069924362e+00,3.253297920697926671e+00,2.739043658953089640e+07,2.772617487798567861e+07,1.000000000000000000e+00
3.319765939556694294e-03,1.518382421217947694e+03,1.518489688499285421e+03,6.907500842111019557e-02,2.654389332508074739e-01,-1.044753370533141424e+06,3.131983552950630134e+00,3.169484001874130819e+00,2.676894867622112855e+07,2.708012937711687014e+07,1.000000000000000000e+00
3.344465533120421098e-03,1.521630842346374948e+03,1.521733482956161197e+03,6.907202553039816506e-02,2.660135896367782360e-01,-1.045308813153880765e+06,3.048904373667282286e+00,3.087472323991028667e+00,2.612694850762859359e+07,2.644555844835934415e+07,1.000000000000000000e+00
3.369165126684147901e-03,1.524762171417728041e+03,1.524862590154364852e+03,6.906892107177130258e-02,2.665666922514947634e-01,-1.045856409424716141e+06,2.963795283854400164e+00,3.003947566289169924e+00,2.546819845814111829e+07,2.580016630959625915e+07,1.000000000000000000e+00
3.393864720247874705e-03,1.527779625762722844e+03,1.527884515886884401e+03,6.906570224378143219e-02,2.670988330320294146e-01,-1.046395751076611341e+06,2.877147374149034320e+00,2.914006414004282508e+00,2.479629893418665230e+07,2.510354919613375515e+07,1.000000000000000000e+00
3.418564313811601509e-03,1.530686462442534548e+03,1.530783115189169621e+03,6.906237582472979364e-02,2.676106155300804756e-01,-1.046926483194785891e+06,2.789426198440571270e+00,2.830109811121391150e+00,2.411467129592594877e+07,2.444826418958565965e+07,1.000000000000000000e+00
3.443263907375328746e-03,1.533485963230728657e+03,1.533593176545786946e+03,6.905894822620768647e-02,2.681026515446833791e-01,-1.047448302412827034e+06,2.701069226667642376e+00,2.736085627552013566e+00,2.342654386700834334e+07,2.371809453293327987e+07,1.000000000000000000e+00
3.455613704157192365e-03,1.534846666438927741e+03,1.534950403167160857e+03,6.905719870250839887e-02,2.683414922685933846e-01,-1.047705783371660160e+06,2.656776075229593470e+00,2.693741115840348588e+00,2.308107081811711565e+07,2.338826054891693592e+07,1.000000000000000000e+00
3.467963500939055550e-03,1.536181730860108473e+03,1.536279910352483739e+03,6.905542606852622944e-02,2.685756196920837668e-01,-1.047960934951540898e+06,2.612474522404867550e+00,2.651621474801346690e+00,2.273508266008409485e+07,2.305889406882101670e+07,1.000000000000000000e+00
3.492663094502782353e-03,1.538776235139524942e+03,1.538883127272674528e+03,6.905181374652064052e-02,2.690299739586460293e-01,-1.048464158277567360e+06,2.524036062892631271e+00,2.557735771495817545e+00,2.204275797158576921e+07,2.232718642386933044e+07,1.000000000000000000e+00
3.517362688066509591e-03,1.541273260728091373e+03,1.541372040224380726e+03,6.904811770964937312e-02,2.694664359878725102e-01,-1.048957841717671603e+06,2.436083612225282913e+00,2.474069431702067057e+00,2.135229419724563509e+07,2.166834384700479358e+07,1.000000000000000000e+00
3.542062281630236394e-03,1.543676058655655879e+03,1.543782928835517851e+03,6.904434333779603528e-02,2.698856212485999939e-01,-1.049441863712614169e+06,2.348924455651366205e+00,2.381315994901476163e+00,2.066600978436799347e+07,2.094146152121363580e+07,1.000000000000000000e+00
3.566761875193963198e-03,1.545987845335047950e+03,1.546085960290733283e+03,6.904049583040748617e-02,2.702881400026194703e-01,-1.049916141092097154e+06,2.262833437000090875e+00,2.300190230983838013e+00,1.998599264847011492e+07,2.029853250954340026e+07,1.000000000000000000e+00
3.591461468757690002e-03,1.548211793985268514e+03,1.548318321576010703e+03,6.903658022830058694e-02,2.706745953309540043e-01,-1.050380626260241261e+06,2.178053571171650660e+00,2.209486883752266984e+00,1.931410820111319050e+07,1.958279421425665170e+07,1.000000000000000000e+00
3.616161062321416805e-03,1.550351027074073045e+03,1.550448065056851419e+03,6.903260143124959058e-02,2.710455813895363830e-01,-1.050835304330202984e+06,2.094797092642902037e+00,2.131950685924871802e+00,1.865200621191181242e+07,1.896250542570376396e+07,1.000000000000000000e+00
3.640860655885144043e-03,1.552408609743472198e+03,1.552515072793197533e+03,6.902856421148440003e-02,2.714016818873920545e-01,-1.051280190273475135e+06,2.013246791750199272e+00,2.044128951827508534e+00,1.800112935389946029e+07,1.826409961725236103e+07,1.000000000000000000e+00
3.665560249448870846e-03,1.554387544165177815e+03,1.554488130211180305e+03,6.902447322353333359e-02,2.717434687762708134e-01,-1.051715326121579856e+06,1.933557588682021322e+00,1.968086444867155338e+00,1.736272338581056520e+07,1.765475210272869095e+07,1.000000000000000000e+00
3.690259843012597650e-03,1.556290764776415017e+03,1.556395938388606055e+03,6.902033301091352324e-02,2.720715011408436634e-01,-1.052140778248954564e+06,1.855858278239225001e+00,1.886943484612910282e+00,1.673784854055288434e+07,1.700128158971848339e+07,1.000000000000000000e+00
3.714959436576324887e-03,1.558121134333583768e+03,1.558230045112610469e+03,6.901614801015792944e-02,2.723863242757386671e-01,-1.052556634756095940e+06,1.780253385087098517e+00,1.807317673610571163e+00,1.612739173727221414e+07,1.635947379503224604e+07,1.000000000000000000e+00
3.739659030140051691e-03,1.559881440726694109e+03,1.559983679003807538e+03,6.901192255265109488e-02,2.726884689365097758e-01,-1.052963002968289657e+06,1.706825071223720958e+00,1.738902225945285762e+00,1.553207927930588648e+07,1.580267619819083996e+07,1.000000000000000000e+00
3.764358623703778495e-03,1.561574394489079850e+03,1.561683639456147375e+03,6.900766086472363836e-02,2.729784507498917989e-01,-1.053360007056396455e+06,1.635634996151909437e+00,1.662026479605184459e+00,1.495248963781014085e+07,1.517942587329198420e+07,1.000000000000000000e+00
3.793363337622715926e-03,1.563479816584919945e+03,1.563579952267460385e+03,6.900261539469110250e-02,2.733040885189947922e-01,-1.053814427217761753e+06,1.554953567071811094e+00,1.587345942116135999e+00,1.429248184695801698e+07,1.456584231724777631e+07,1.000000000000000000e+00
3.822368051541653357e-03,1.565300153885416421e+03,1.565408671611379759e+03,6.899753216519480259e-02,2.736144348741949006e-01,-1.054256390861195745e+06,1.477456492055405413e+00,1.503698432958013642e+00,1.365525428169979341e+07,1.388159809030765481e+07,1.000000000000000000e+00
3.851372765460590788e-03,1.567039369533545823e+03,1.567144706429298139e+03,6.899241744920814323e-02,2.739102405904781934e-01,-1.054686164354779990e+06,1.403156261205788180e+00,1.430390082992234468e+00,1.304109250354367122e+07,1.327795521982651390e+07,1.000000000000000000e+00
3.880377479379528219e-03,1.568701271855648429e+03,1.568807167046117684e+03,6.898727730009031334e-02,2.741922257331317336e-01,-1.055104029684273992e+06,1.332041587611900724e+00,1.359049994294003527e+00,1.245010303891428001e+07,1.268470558063099347e+07,1.000000000000000000e+00
3.909382193298465216e-03,1.570289515027227026e+03,1.570400105475905320e+03,6.898211754509266103e-02,2.744610797543418634e-01,-1.055510280968992505e+06,1.264080761116942453e+00,1.285253339411978502e+00,1.188223569091149978e+07,1.207302845340225101e+07,1.000000000000000000e+00
3.938386907217403081e-03,1.571807600616260970e+03,1.571908642064318201e+03,6.897694377896033957e-02,2.747174617888452630e-01,-1.055905221317058895e+06,1.199224802661167377e+00,1.227653165644477795e+00,1.133730498702181317e+07,1.158657887779961899e+07,1.000000000000000000e+00
3.967391621136340946e-03,1.573258879871125373e+03,1.573368462627425970e+03,6.897176135808344433e-02,2.749620011175959444e-01,-1.056289160020254087e+06,1.137410378894266660e+00,1.160080578799199458e+00,1.081501025316259824e+07,1.101592165612439997e+07,1.000000000000000000e+00
3.996396335055277943e-03,1.574646556629553970e+03,1.574756630000440282e+03,6.896657539554833238e-02,2.751952977705306447e-01,-1.056662410074095242e+06,1.078562450002004569e+00,1.099127515575244463e+00,1.031495407116022147e+07,1.049958866493984498e+07,1.000000000000000000e+00
4.025401048974214940e-03,1.575973690739903986e+03,1.576079061871053682e+03,6.896139075732678203e-02,2.754179232429954105e-01,-1.057025286005010130e+06,1.022596644318213732e+00,1.047420340785508053e+00,9.836659037606528029e+06,1.005571340214701742e+07,1.000000000000000000e+00
4.054405762893152805e-03,1.577243201892730212e+03,1.577354382371469001e+03,6.895621205974590551e-02,2.756304213023054728e-01,-1.057378101982885972e+06,9.694213661302479856e-01,9.892448060516547681e-01,9.379582832140138373e+06,9.558868690511701629e+06,1.000000000000000000e+00
4.083410476812090670e-03,1.578457873775522785e+03,1.578567334164002887e+03,6.895104366830392961e-02,2.758333088643012410e-01,-1.057721170197443338e+06,9.189396493358643614e-01,9.383948194620822525e-01,8.943131652760086581e+06,9.121814982046116143e+06,1.000000000000000000e+00
4.112415190731027667e-03,1.579620358470331439e+03,1.579726318246533992e+03,6.894588969783888022e-02,2.760270769216015552e-01,-1.058054799475311302e+06,8.710507733737984370e-01,8.939087080209161540e-01,8.526672101603724062e+06,8.732933733616594225e+06,1.000000000000000000e+00
4.141419904649964664e-03,1.580733181026929515e+03,1.580844969130464960e+03,6.894075401401016101e-02,2.762121915082030310e-01,-1.058379294116287725e+06,8.256516593190189601e-01,8.439960087127736932e-01,8.129541621847285889e+06,8.297980087256410159e+06,1.000000000000000000e+00
4.170424618568901662e-03,1.581798744150339417e+03,1.581911710284623950e+03,6.893564023602090363e-02,2.763890946866796594e-01,-1.058694952926613158e+06,7.826380650855524479e-01,7.977522016228509871e-01,7.751057592746839859e+06,7.894272873517384753e+06,1.000000000000000000e+00
4.199429332487838659e-03,1.582819332952391051e+03,1.582924487869374161e+03,6.893055174048387523e-02,2.765582055466934142e-01,-1.059002068429207895e+06,7.419055984791094183e-01,7.636971681677833246e-01,7.390525195410352200e+06,7.590278067190953530e+06,1.000000000000000000e+00
4.228434046406776524e-03,1.583797119722175012e+03,1.583908034794200603e+03,6.892549166631944946e-02,2.767199212048570556e-01,-1.059300926230901387e+06,7.033505667064224864e-01,7.213972439630499389e-01,7.047244159499386325e+06,7.215408892582265660e+06,1.000000000000000000e+00
4.257438760325714389e-03,1.584734168679123741e+03,1.584847786826158199e+03,6.892046292056350221e-02,2.768746177979772849e-01,-1.059591804528831737e+06,6.668706799600887525e-01,6.809263242330786392e-01,6.720514500842521898e+06,6.856765401136157103e+06,1.000000000000000000e+00
4.286443474244651386e-03,1.585632440676624128e+03,1.585741406736776071e+03,6.891546818496133153e-02,2.770226514627605052e-01,-1.059874973738706205e+06,6.323656259542750346e-01,6.495325579298818486e-01,6.409641353046043776e+06,6.574557475524191745e+06,1.000000000000000000e+00
4.315448188163588383e-03,1.586493797831164557e+03,1.586601823996795247e+03,6.891050992322186874e-02,2.771643592966361314e-01,-1.060150696229702560e+06,5.997375309506369767e-01,6.182221517146309075e-01,6.113938993046642281e+06,6.289556557862848043e+06,1.000000000000000000e+00
4.344452902082525381e-03,1.587320008055234666e+03,1.587432790726199528e+03,6.890559038881231835e-02,2.773000602951506410e-01,-1.060419226151461480e+06,5.688913217996174332e-01,5.840754301491568601e-01,5.832734151594338939e+06,5.979055819341911003e+06,1.000000000000000000e+00
4.373457616001462378e-03,1.588112749477779744e+03,1.588227903068762771e+03,6.890071163317713909e-02,2.774300562626077493e-01,-1.060680809340585256e+06,5.397350021035507428e-01,5.513580719345194670e-01,5.565368695294316858e+06,5.681565761030069552e+06,1.000000000000000000e+00
4.402462329920400243e-03,1.588873614738389506e+03,1.588984602407610055e+03,6.889587551427472922e-02,2.775546326932088470e-01,-1.060935683294676011e+06,5.121798545310509709e-01,5.270299935462116059e-01,5.311201757320043631e+06,5.456929067197245546e+06,1.000000000000000000e+00
4.431467043839338107e-03,1.589604115145721380e+03,1.589713696296950957e+03,6.889108370533206238e-02,2.776740596208795986e-01,-1.061184077203813940e+06,4.861405799624560209e-01,5.025964864609667737e-01,5.069611389337277971e+06,5.229108010011263192e+06,1.000000000000000000e+00
4.460471757758275105e-03,1.590305684692338673e+03,1.590419459162056683e+03,6.888633770372856735e-02,2.777885924363687753e-01,-1.061426212029856164e+06,4.615353831284234598e-01,4.753528687805487762e-01,4.839995797989263199e+06,4.975626357209022157e+06,1.000000000000000000e+00
4.489476471677212102e-03,1.590979683921437299e+03,1.591095772251629796e+03,6.888163883992801106e-02,2.778984726709029518e-01,-1.061662300625640666e+06,4.382860132042470935e-01,4.492104228929028609e-01,4.621774225074136630e+06,4.732401314679145813e+06,1.000000000000000000e+00
4.518481185596149967e-03,1.591627403642049330e+03,1.591743056700204079e+03,6.887698828638876003e-02,2.780039287459379338e-01,-1.061892547886534827e+06,4.163177669164973560e-01,4.260613825876453098e-01,4.414387522118476219e+06,4.515992523733313195e+06,1.000000000000000000e+00
4.547485899515087832e-03,1.592250068491792717e+03,1.592360366646388684e+03,6.887238706638981744e-02,2.781051766890647592e-01,-1.062117150928238407e+06,3.955594607030882282e-01,4.102589115634611150e-01,4.217298466450780630e+06,4.364246485428942367e+06,1.000000000000000000e+00
4.576490613434024829e-03,1.592848840346906627e+03,1.592962107776564835e+03,6.886783606272084413e-02,2.782024208162735546e-01,-1.062336299285084242e+06,3.759433776917488479e-01,3.894089227890494831e-01,4.029991858383339364e+06,4.164605868503184058e+06,1.000000000000000000e+00
4.605495327352961826e-03,1.593424821581154220e+03,1.593541351924939590e+03,6.886333602619108818e-02,2.782958543811542840e-01,-1.062550175124208909e+06,3.574051944095598676e-01,3.686963947418583354e-01,3.851974436085373629e+06,3.966227915532625746e+06,1.000000000000000000e+00
4.634500041271899691e-03,1.593979058175513501e+03,1.594097457715716473e+03,6.885888758392130771e-02,2.783856601916795959e-01,-1.062758953471392859e+06,3.398838914488570007e-01,3.487832960514209435e-01,3.682774637948977761e+06,3.775514262891956139e+06,1.000000000000000000e+00
4.663504755190837556e-03,1.594512542681929290e+03,1.594630867627396810e+03,6.885449124738893256e-02,2.784720111954818167e-01,-1.062962802445171401e+06,3.233216515000603697e-01,3.307927140263979826e-01,3.521942239089087583e+06,3.602749674836511724e+06,1.000000000000000000e+00
4.692509469109774553e-03,1.595026217044513942e+03,1.595139844203909206e+03,6.885014742020499623e-02,2.785550710345507386e-01,-1.063161883496261667e+06,3.076637473043648541e-01,3.194901454665824425e-01,3.369047880888624582e+06,3.491627265391452238e+06,1.000000000000000000e+00
4.721514183028711550e-03,1.595520975282584459e+03,1.595635297856072384e+03,6.884585640560612896e-02,2.786349945704674758e-01,-1.063356351650282973e+06,2.928584210472126581e-01,3.047398651779931189e-01,3.223682506985704880e+06,3.346070738219748251e+06,1.000000000000000000e+00
4.750518896947649415e-03,1.595997666039959540e+03,1.596115033250726356e+03,6.884161841365055157e-02,2.787119283812875548e-01,-1.063546355752298841e+06,2.788567573245383513e-01,2.891611289986595890e-01,3.085456718654419295e+06,3.192460679762969259e+06,1.000000000000000000e+00
4.779523610866587280e-03,1.596457095005722977e+03,1.596576444881790167e+03,6.883743356809852998e-02,2.787860112313314542e-01,-1.063732038713979069e+06,2.656125659373824166e-01,2.741556914186445981e-01,2.954000167353736237e+06,3.044509773002894595e+06,1.000000000000000000e+00
4.808528324785524277e-03,1.596900027210931512e+03,1.597020389075212734e+03,6.883330191289691036e-02,2.788573745150177974e-01,-1.063913537768527400e+06,2.530823624657574378e-01,2.596972181215527753e-01,2.828962038031608332e+06,2.901957906971236691e+06,1.000000000000000000e+00
4.866537752623398272e-03,1.597738592861061761e+03,1.597854776596633883e+03,6.882519806757969594e-02,2.789923167075177290e-01,-1.064264374588907463e+06,2.300170569786853525e-01,2.395238071869945085e-01,2.596881380275330972e+06,2.699904663860667963e+06,1.000000000000000000e+00
4.924547180461273134e-03,1.598519660879569528e+03,1.598638690941103278e+03,6.881730447796785555e-02,2.791178411754645650e-01,-1.064600155293317046e+06,2.093378379788806143e-01,2.182003176566575942e-01,2.386646681154611520e+06,2.481979040665476583e+06,1.000000000000000000e+00
4.982556608299147996e-03,1.599248076465450140e+03,1.599370713247790036e+03,6.880961918385156140e-02,2.792347696356462516e-01,-1.064921786621766863e+06,1.907794612195152784e-01,1.969900837079797684e-01,2.196045023265223019e+06,2.264899056908957195e+06,1.000000000000000000e+00
5.040566036137021991e-03,1.599928219139556859e+03,1.600051006210762353e+03,6.880213947560996635e-02,2.793438412063876664e-01,-1.065230106372410897e+06,1.741064624316227272e-01,1.789154416352991273e-01,2.023088837523539085e+06,2.079285152478657197e+06,1.000000000000000000e+00
5.098575463974896853e-03,1.600564051127467337e+03,1.600683251325430547e+03,6.879486202903985215e-02,2.794457214551372415e-01,-1.065525889096151572e+06,1.591103288113504266e-01,1.672180206473482811e-01,1.865996166892525740e+06,1.956070498184358003e+06,1.000000000000000000e+00
5.156584891812771715e-03,1.601159160584172014e+03,1.601282772413351722e+03,6.878778302381492737e-02,2.795410104192763145e-01,-1.065809851487527369e+06,1.456065694698880086e-01,1.521693986250834407e-01,1.723171193105865736e+06,1.796337591995879076e+06,1.000000000000000000e+00
5.214594319650646577e-03,1.601716800173716138e+03,1.601842823405755098e+03,6.878089824673659647e-02,2.796302497112419516e-01,-1.066082657372809714e+06,1.334319966775958100e-01,1.380670100534866218e-01,1.593185658553897869e+06,1.646658142738618422e+06,1.000000000000000000e+00
5.272603747488521439e-03,1.602239921486938783e+03,1.602366462345311220e+03,6.877420318108988517e-02,2.797139288109443678e-01,-1.066344922282068059e+06,1.224422696531671378e-01,1.252647490790759488e-01,1.474761661617587786e+06,1.510649469491055934e+06,1.000000000000000000e+00
5.330613175326396301e-03,1.602731205741469921e+03,1.602854575320896629e+03,6.876769308349753307e-02,2.797924906386733412e-01,-1.066597217617569724e+06,1.125096960005492891e-01,1.183746291963443109e-01,1.366755929646232165e+06,1.435669033759408630e+06,1.000000000000000000e+00
5.388622603164271163e-03,1.603193091166133399e+03,1.603318480199369105e+03,6.876136304964472479e-02,2.798663364918302365e-01,-1.066840074441079283e+06,1.035212735764938496e-01,1.091189604318822393e-01,1.268145547190536279e+06,1.333281039966031676e+06,1.000000000000000000e+00
5.446632031002146025e-03,1.603627797432803618e+03,1.603755978996191743e+03,6.875520807016456681e-02,2.799358304198426017e-01,-1.067073986907476094e+06,9.537695306886440072e-02,9.985630444616462598e-02,1.178015074005637318e+06,1.230551899559643818e+06,1.000000000000000000e+00
5.504641458840020887e-03,1.604037347460899355e+03,1.604167127958338142e+03,6.874922307788086662e-02,2.800013031031847177e-01,-1.067299415373431984e+06,8.798810021718710128e-02,9.112360027484942004e-02,1.095544958698356058e+06,1.133705724804429105e+06,1.000000000000000000e+00
5.562650886677894882e-03,1.604423586885870691e+03,1.604553939878166148e+03,6.874340298749782863e-02,2.800630552949613938e-01,-1.067516789210428018e+06,8.127613590484461525e-02,8.288145705311081302e-02,1.020001139486465836e+06,1.042305012842787663e+06,1.000000000000000000e+00
5.620660314515769744e-03,1.604788201451515079e+03,1.604917143901341660e+03,6.873774272873016400e-02,2.801213608767159080e-01,-1.067726509352200897e+06,7.517133256952147902e-02,7.879073765360662673e-02,9.507257358679786557e+05,9.957470618611384416e+05,1.000000000000000000e+00
5.684146542457749890e-03,1.605164223416197729e+03,1.605292961976937022e+03,6.873172548650979818e-02,2.801815073847953030e-01,-1.067947687307797605e+06,6.911394834408747523e-02,7.343823534531622454e-02,8.814046327304447768e+05,9.340180335807021474e+05,1.000000000000000000e+00
5.747632770399729168e-03,1.605518047077113124e+03,1.605649502903648909e+03,6.872588694409322019e-02,2.802381259289183357e-01,-1.068160622400281951e+06,6.363766855676374068e-02,6.731645994204507599e-02,8.181934259581712540e+05,8.628150854100210126e+05,1.000000000000000000e+00
5.811118998341708447e-03,1.605851345670060709e+03,1.605984630130211599e+03,6.872022072457421860e-02,2.802914860671597563e-01,-1.068365740866335109e+06,5.867947223328685152e-02,6.154245125059826238e-02,7.604787521637899335e+05,7.956607032998418435e+05,1.000000000000000000e+00
5.874605226283687726e-03,1.606165642108214115e+03,1.606299993481164165e+03,6.871472059530139842e-02,2.803418325130509481e-01,-1.068563440235753777e+06,5.418356907094122599e-02,5.609028439404370459e-02,7.077135158400669461e+05,7.322529323442177847e+05,1.000000000000000000e+00
6.001577682167647150e-03,1.606741402333636870e+03,1.606875295025032983e+03,6.870420031433724373e-02,2.804341526384607763e-01,-1.068937693604587577e+06,4.640639055363052906e-02,4.859603804864710830e-02,6.152756812814709265e+05,6.443050461140947882e+05,1.000000000000000000e+00
6.128550138051606574e-03,1.607256844146912272e+03,1.607391564077372095e+03,6.869426540620229837e-02,2.805169677121428506e-01,-1.069287035127868876e+06,3.995217948525445206e-02,4.273099396698873398e-02,5.373930101902971510e+05,5.727972893837761367e+05,1.000000000000000000e+00
6.255522593935565999e-03,1.607720018799184345e+03,1.607858089153184210e+03,6.868487264468545184e-02,2.805915571829283861e-01,-1.069613785765570821e+06,3.456739068901912293e-02,3.651208857532246138e-02,4.714555494953901507e+05,4.961894139246811392e+05,1.000000000000000000e+00
6.382495049819525423e-03,1.608137700261296686e+03,1.608277743263905450e+03,6.867598182728781864e-02,2.806589941705378011e-01,-1.069919994520615553e+06,3.005111822800383969e-02,3.088063634955765663e-02,4.153650564942156780e+05,4.268235996582759544e+05,1.000000000000000000e+00
6.509467505703484848e-03,1.608515614981786030e+03,1.608655464824171077e+03,6.866755573899045728e-02,2.807201833629061616e-01,-1.070207475285617402e+06,2.624403355989475550e-02,2.742375389180598533e-02,3.674311144210042548e+05,3.840146052542629768e+05,1.000000000000000000e+00
6.636439961587444272e-03,1.608858626133838470e+03,1.608997393800470945e+03,6.865956005254605921e-02,2.807758911955768877e-01,-1.070477838321012678e+06,2.301910520488851739e-02,2.485065166613888502e-02,3.262856008166833199e+05,3.509237191933470895e+05,1.000000000000000000e+00
6.763412417471403697e-03,1.609170883396721365e+03,1.609312318206281134e+03,6.865196316833561963e-02,2.808267700582672832e-01,-1.070732515940465033e+06,2.027449196360453509e-02,2.184358607005100830e-02,2.908160296677207225e+05,3.110542364494999056e+05,1.000000000000000000e+00
6.890384873355363121e-03,1.609455939588462570e+03,1.609599551477752357e+03,6.864473610314253404e-02,2.808733776674543492e-01,-1.070972787526223576e+06,1.792798384478891047e-02,1.908466002333424755e-02,2.601121911558313004e+05,2.744770141851003864e+05,1.000000000000000000e+00
7.144329785123281970e-03,1.609953629306897938e+03,1.610099682757843311e+03,6.863131149118120722e-02,2.809552166390578698e-01,-1.071413547413173132e+06,1.419763111619752778e-02,1.451329968956704443e-02,2.103582223139304842e+05,2.137940832121347194e+05,1.000000000000000000e+00
7.398274696891200819e-03,1.610375501075729744e+03,1.610516074034281701e+03,6.861904035805556357e-02,2.810252660580601081e-01,-1.071811100441130577e+06,1.139621260354456433e-02,1.257612780280776589e-02,1.721703744863818574e+05,1.872516524756237632e+05,1.000000000000000000e+00
7.652219608659118801e-03,1.610736241605829264e+03,1.610878818531950401e+03,6.860776862187573100e-02,2.810858081518905482e-01,-1.072171600479208631e+06,9.261336442183609394e-03,1.019586477461472372e-02,1.424498681489795563e+05,1.538513182201929740e+05,1.000000000000000000e+00
7.906171658555557341e-03,1.611047151096242487e+03,1.611192899839698157e+03,6.859736648999054109e-02,2.811385954525922326e-01,-1.072500094405170297e+06,7.611774861485483615e-03,8.114489984946775952e-03,1.190175364564933116e+05,1.246462423976531572e+05,1.000000000000000000e+00
8.160123708451996749e-03,1.611317016194971757e+03,1.611465563896893855e+03,6.858772524656103764e-02,2.811849869956956627e-01,-1.072800714948798995e+06,6.320693837027057532e-03,6.398692449234151709e-03,1.003206432926498965e+05,1.005665592523942614e+05,1.000000000000000000e+00
8.668027808244873830e-03,1.611754447143124025e+03,1.611886140433134642e+03,6.857044881406135217e-02,2.812617938058244449e-01,-1.073328613227664260e+06,4.505268202622285043e-03,5.084639854860209703e-03,7.324687017309323710e+04,8.109269495973375160e+04,1.000000000000000000e+00
9.683836007830627993e-03,1.612346651494973685e+03,1.612488060491596571e+03,6.854184957577587334e-02,2.813722408766018979e-01,-1.074173982320877723e+06,2.584053478422234339e-03,2.684062105590006870e-03,4.312820270686640288e+04,4.370313080781373719e+04,1.000000000000000000e+00
1.069964420743912958e-02,1.612735924742254838e+03,1.612848987820327011e+03,6.851793529301657137e-02,2.814532982724701760e-01,-1.074863355673880083e+06,1.625675501458328023e-03,1.877203764885208804e-03,2.728266968615900623e+04,3.070425671271204192e+04,1.000000000000000000e+00
1.171545240704763118e-02,1.613000511333927761e+03,1.613114969861971986e+03,6.849725729083600001e-02,2.815165605039293695e-01,-1.075445670597470365e+06,1.103074953070206851e-03,1.238345149067623767e-03,1.814298363888656968e+04,1.977085413274907842e+04,1.000000000000000000e+00
1.273126060665603215e-02,1.613183635413759475e+03,1.613310821252558299e+03,6.847893616748197687e-02,2.815683633219589477e-01,-1.075950376330023166e+06,7.991017989411918279e-04,8.214462050131443550e-04,1.248569854284831672e+04,1.252466402401789492e+04,1.000000000000000000e+00
1.374706880626443140e-02,1.613310985648754468e+03,1.613412750193554075e+03,6.846240646193182955e-02,2.816124167399080003e-01,-1.076396331832547672e+06,6.141989873702695737e-04,6.854233746798059530e-04,8.784373145827974440e+03,9.734140240488599375e+03,1.000000000000000000e+00
1.476287700587265890e-02,1.613398753751336471e+03,1.613494513631182599e+03,6.844728412356711200e-02,2.816510177144847527e-01,-1.076796377924401313e+06,4.983817949617622145e-04,5.505546546372125762e-04,6.253158923321222574e+03,6.889376877979192614e+03,1.000000000000000000e+00
1.577868520548088641e-02,1.613457654881848612e+03,1.613569554173440565e+03,6.843329577867551805e-02,2.816856535314188337e-01,-1.077159763181925286e+06,4.245718217481043479e-04,4.292347898571948579e-04,4.458874149854970710e+03,4.330807541836410564e+03,1.000000000000000000e+00
1.679449340508939320e-02,1.613495083331709793e+03,1.613621999106561134e+03,6.842024035846200336e-02,2.817173211597719384e-01,-1.077493463956210297e+06,3.771598946129277492e-04,3.791296916830765593e-04,3.148805095209929732e+03,3.116473265775984146e+03,1.000000000000000000e+00
1.781030160469790347e-02,1.613516338668824119e+03,1.613625293055925795e+03,6.840796846349794791e-02,2.817467039496182046e-01,-1.077802904451132519e+06,3.466966312871424226e-04,3.562625278732767589e-04,2.168408913622932232e+03,2.279165653877153090e+03,1.000000000000000000e+00
1.882610980430641373e-02,1.613525359589889604e+03,1.613626864382390295e+03,6.839637206769780264e-02,2.817742710884477142e-01,-1.078092325861989055e+06,3.272452355183091618e-04,3.345002511696841172e-04,1.419435497778221588e+03,1.459868391160163583e+03,1.000000000000000000e+00
1.984191800391492053e-02,1.613525183136009673e+03,1.613629242852415018e+03,6.838538084270312511e-02,2.818003313629515172e-01,-1.078364924430510728e+06,3.149734732502155674e-04,3.139312458943806358e-04,8.374221869859038634e+02,6.853937867953967498e+02,1.000000000000000000e+00
2.085772620352342732e-02,1.613518243720204282e+03,1.613642914636340947e+03,6.837496335820997251e-02,2.818250564426875160e-01,-1.078622808219677070e+06,3.073599321761770649e-04,3.071354901490815255e-04,3.790093037650046881e+02,3.147594477347935822e+02,1.000000000000000000e+00
2.187353440313193759e-02,1.613506575126566077e+03,1.613619271257704895e+03,6.836513256810017314e-02,2.818484802019208812e-01,-1.078866778941159602e+06,3.027223546928454675e-04,3.036504743534005073e-04,1.449912239174847706e+01,-1.874529048722490643e+01,1.000000000000000000e+00
2.390515080234894771e-02,1.613474373506770689e+03,1.613594755898847779e+03,6.834743270176707464e-02,2.818910417516954925e-01,-1.079310213104488328e+06,2.989658630538436640e-04,2.980107190172240437e-04,-4.960290562123598761e+02,-5.683121641258927639e+02,1.000000000000000000e+00
2.593676720156596824e-02,1.613442422613631834e+03,1.613548857488600561e+03,6.833271064707197029e-02,2.819274396772404323e-01,-1.079696253946598852e+06,2.977287399105348932e-04,2.966556025697446959e-04,-8.180648015544092004e+02,-8.742013954754248743e+02,1.000000000000000000e+00
2.796838360078298183e-02,1.613421176165657016e+03,nan,6.832315611813519207e-02,2.819520751464648090e-01,-1.079963637902229559e+06,2.972855681012932186e-04,nan,-9.843261978198909219e+02,nan,0.000000000000000000e+00
2.999999999999999889e-02,1.613421176165657016e+03,nan,6.832315611813519207e-02,2.819520751464648090e-01,-1.079963637902229093e+06,2.972855681014369839e-04,nan,-9.843261978197180042e+02,nan,0.000000000000000000e+00
