z,T,fgm_T,Z,C,h,omega_C,fgm_omega_C,qdot,fgm_qdot,covered
0.000000000000000000e+00,3.000000000000000000e+02,nan,4.854383288565888160e-02,4.811233864566313856e-02,-7.088232320130557055e+05,1.245402207890851896e-02,nan,5.505234585493872873e+05,nan,0.000000000000000000e+00
2.701047914175006761e-06,3.057061567187033120e+02,3.056629949382916038e+02,4.853482525252576785e-02,4.876244685927998146e-02,-7.089749026376622496e+05,1.240162276843319138e-02,1.276261106826242879e-02,5.274543506761025637e+05,5.387145614821752533e+05,1.000000000000000000e+00
5.402095828350013522e-06,3.113975558674467266e+02,3.113568805522982643e+02,4.852605885549236830e-02,4.941051317428321599e-02,-7.091082726739868522e+05,1.245776040520437528e-02,1.272887885763501065e-02,5.090842447846311261e+05,5.178967633411854622e+05,1.000000000000000000e+00
8.103143742525020706e-06,3.170745960382681687e+02,3.170330413348560796e+02,4.851752668067078195e-02,5.005668604714580416e-02,-7.092244485303031979e+05,1.258599799191902069e-02,1.285171940738427145e-02,4.944641683579651872e+05,5.029834807281210669e+05,1.000000000000000000e+00
1.080419165670002704e-05,3.227376688583215127e+02,3.226999268650761792e+02,4.850922216774204709e-02,5.070110511686232863e-02,-7.093244515523324953e+05,1.278414147568936003e-02,1.300480700922313632e-02,4.830544810733252671e+05,4.898166882861700724e+05,1.000000000000000000e+00
1.620628748505004141e-05,3.340235354708078148e+02,3.339869599061700001e+02,4.849327205849998657e-02,5.198526086386182771e-02,-7.094801449918011203e+05,1.338587084302336749e-02,1.357255818421855380e-02,4.683853184829061502e+05,4.740106241834337125e+05,1.000000000000000000e+00
2.160838331340005409e-05,3.452583223230621456e+02,3.452219082994752171e+02,4.847815870150546519e-02,5.326391164477489726e-02,-7.095816650939687388e+05,1.425973812875663653e-02,1.440655505630266883e-02,4.628579588647096534e+05,4.676229450081003015e+05,1.000000000000000000e+00
2.701047914175006676e-05,3.564448731541382926e+02,3.564097584676850374e+02,4.846384270156727653e-02,5.453791190394234600e-02,-7.096347363024528604e+05,1.540503359953094079e-02,1.553672034762507322e-02,4.651307081692405627e+05,4.693413470041319379e+05,1.000000000000000000e+00
3.241257497010008282e-05,3.675859161944318885e+02,3.675520794086410774e+02,4.845028898321308147e-02,5.580802791250694117e-02,-7.096442861154458951e+05,1.682518005301263803e-02,1.693503330618646371e-02,4.743706692383131012e+05,4.780391677594061475e+05,1.000000000000000000e+00
3.781467079845009889e-05,3.786840634009451492e+02,3.786518649224738056e+02,4.843746616079255135e-02,5.707494942712186548e-02,-7.096145684201747645e+05,1.852793083945565578e-02,1.859717379030159309e-02,4.900966702665567282e+05,4.929786981650430243e+05,1.000000000000000000e+00
4.321676662680010817e-05,3.897418111204246998e+02,3.897118026759170561e+02,4.842534601746039530e-02,5.833929949015358163e-02,-7.095492656846250175e+05,2.052535072471595862e-02,2.062991032384066392e-02,5.120880678326125490e+05,5.152347451797582908e+05,1.000000000000000000e+00
4.861886245515011746e-05,4.007615419312304539e+02,4.007310741980078319e+02,4.841390307107874824e-02,5.960164271321325563e-02,-7.094515739120455692e+05,2.283374371281057455e-02,2.293911400244462787e-02,5.403287422706645448e+05,5.436951831362046069e+05,1.000000000000000000e+00
5.402095828350013352e-05,4.117455273899277586e+02,4.117151783036745769e+02,4.840311421001081138e-02,6.086249231476512783e-02,-7.093242735207824735e+05,2.547360957946434232e-02,2.557177497269203306e-02,5.749720963878077455e+05,5.780459886372999754e+05,1.000000000000000000e+00
5.942305411185014959e-05,4.226959314271309722e+02,4.226672454819798190e+02,4.839295838550316392e-02,6.212231612792347424e-02,-7.091697887068750570e+05,2.846958912090292310e-02,2.859285283621408949e-02,6.163189420436092187e+05,6.200943624316565692e+05,1.000000000000000000e+00
6.212410202602515084e-05,4.281591885371159947e+02,4.281314621219931382e+02,4.838811177984263245e-02,6.275196133457761061e-02,-7.090828547130940715e+05,3.011178574369186359e-02,3.016429540013646632e-02,6.397192441543414025e+05,6.423473131038518623e+05,1.000000000000000000e+00
6.482514994020016565e-05,4.336147836212776951e+02,4.335880204552793771e+02,4.838341718493807675e-02,6.338150866840400188e-02,-7.089899241058233893e+05,3.185451987575681210e-02,3.204068721284526744e-02,6.649773735924119828e+05,6.695782199625578942e+05,1.000000000000000000e+00
6.752619785437518046e-05,4.390629606096636621e+02,4.390359931509693183e+02,4.837887242342317484e-02,6.401100631098513571e-02,-7.088912219313718379e+05,3.370214008110655746e-02,3.384832563183896165e-02,6.921716582484976389e+05,6.962530165735805640e+05,1.000000000000000000e+00
7.022724576855018171e-05,4.445039571447185267e+02,4.444777921894203132e+02,4.837447541032924292e-02,6.464050043120547762e-02,-7.087869589978193399e+05,3.565924519731974301e-02,3.571908645053385040e-02,7.213875606213072315e+05,7.241207125961943530e+05,1.000000000000000000e+00
7.292829368272518297e-05,4.499380051540642285e+02,4.499111339255532585e+02,4.837022413699233053e-02,6.527003529245997693e-02,-7.086773326324849622e+05,3.773072592977354256e-02,3.800211032139811512e-02,7.527178976030728081e+05,7.590581516992113320e+05,1.000000000000000000e+00
7.562934159690019777e-05,4.553653305625622352e+02,4.553388775869705682e+02,4.836611667651080637e-02,6.589965335867363494e-02,-7.085625278574858094e+05,3.992178218480601365e-02,4.012003705394216746e-02,7.862631332446582383e+05,7.915085361171392724e+05,1.000000000000000000e+00
7.833038951107519903e-05,4.607861538320613590e+02,4.607594898902239606e+02,4.836215116865055785e-02,6.652939538127983221e-02,-7.084427179694194347e+05,4.223792849316841680e-02,4.240612017436466707e-02,8.221312876475548837e+05,8.269111017977255397e+05,1.000000000000000000e+00
8.103143742525020028e-05,4.662006897013719140e+02,4.661752590219853687e+02,4.835832582562259174e-02,6.715930049793270018e-02,-7.083180656111252028e+05,4.468500968690387876e-02,4.498483126251501957e-02,8.604381643164803972e+05,8.674214885488642612e+05,1.000000000000000000e+00
8.373248533942521509e-05,4.716091476888519765e+02,4.715849305128258493e+02,4.835463891794696684e-02,6.778940630199054018e-02,-7.081887232046473073e+05,4.726920661423129888e-02,4.743308323065632132e-02,9.013071856120257871e+05,9.059898789672350977e+05,1.000000000000000000e+00
8.643353325360021635e-05,4.770117318603120111e+02,4.769881151924499250e+02,4.835108878037334273e-02,6.841974893517818734e-02,-7.080548339346920839e+05,4.999705352576135076e-02,5.036581998107479002e-02,9.448695951997156953e+05,9.528142432753493777e+05,1.000000000000000000e+00
8.913458116777521760e-05,4.824086412918694009e+02,4.823849485358077800e+02,4.834767379867713905e-02,6.905036314204858472e-02,-7.079165320616017561e+05,5.287544407765410598e-02,5.315690285433017498e-02,9.912642262187546585e+05,9.979921073430650868e+05,1.000000000000000000e+00
9.183562908195023241e-05,4.878000698655557699e+02,4.877758105993313507e+02,4.834439241557414446e-02,6.968128235744376620e-02,-7.077739438278742600e+05,5.591165010129855312e-02,5.615147445844909102e-02,1.040637676158996648e+06,1.046793044302970520e+06,1.000000000000000000e+00
9.453667699612523366e-05,4.931862066911297120e+02,4.931623114913746235e+02,4.834124311843213118e-02,7.031253874818563232e-02,-7.076271876742818858e+05,5.911332743939277240e-02,5.955875423462329843e-02,1.093143998683511978e+06,1.103120385400698055e+06,1.000000000000000000e+00
9.723772491030023492e-05,4.985672359289130213e+02,4.985446334314149794e+02,4.833822444505420091e-02,7.094416329586007708e-02,-7.074763750775775407e+05,6.248853565402714971e-02,6.273563122236654188e-02,1.148944839947832515e+06,1.155630085895942524e+06,1.000000000000000000e+00
9.993877282447524973e-05,5.039433371702726845e+02,5.039196774290271605e+02,4.833533497229609843e-02,7.157618582779920469e-02,-7.073216106898926664e+05,6.604574318643260944e-02,6.664833949766399424e-02,1.208209041943269549e+06,1.221323985961242812e+06,1.000000000000000000e+00
1.026398207386502510e-04,5.093146852869827512e+02,5.092919161420549017e+02,4.833257332161251113e-02,7.220863509545630277e-02,-7.071629931131985504e+05,6.979384748746951528e-02,7.020874206561679431e-02,1.271112727253550198e+06,1.281176056367111392e+06,1.000000000000000000e+00
1.053408686528252522e-04,5.146814507709132158e+02,5.146582072589918653e+02,4.832993814857573095e-02,7.284153879657889741e-02,-7.070006149795892416e+05,7.374217895027689040e-02,7.450213107394140777e-02,1.337838802927168552e+06,1.354116020119109424e+06,1.000000000000000000e+00
1.080419165670002670e-04,5.200437996090096249e+02,5.200213196698335878e+02,4.832742814809579124e-02,7.347492364923999264e-02,-7.068345636660710443e+05,7.790052087599796948e-02,7.847040979878326661e-02,1.408576981215322856e+06,1.421694669356772909e+06,1.000000000000000000e+00
1.107429644811752819e-04,5.254018935833864816e+02,5.253772809123039451e+02,4.832504204484008858e-02,7.410881540695937741e-02,-7.066649213311739732e+05,8.227911159600065361e-02,8.307395274762198467e-02,1.483523176260729553e+06,1.500805893204191001e+06,1.000000000000000000e+00
1.134440123953502831e-04,5.307558901708426902e+02,5.307338925158085203e+02,4.832277859805199360e-02,7.474323892829790039e-02,-7.064917655720985495e+05,8.688866361849380271e-02,8.761099447976704313e-02,1.562879450303408084e+06,1.578970411775575485e+06,1.000000000000000000e+00
1.161450603095252844e-04,5.361059428050803035e+02,5.360826525746131210e+02,4.832063659287411106e-02,7.537821818655951467e-02,-7.063151694312513573e+05,9.174036334066476561e-02,9.246685649887259606e-02,1.646853300221782876e+06,1.663142942335703643e+06,1.000000000000000000e+00
1.188461082237002992e-04,5.414522007995266222e+02,5.414307837778468411e+02,4.831861484470227619e-02,7.601377633473249684e-02,-7.061352019965680083e+05,9.684588866645563177e-02,9.772184187249628728e-02,1.735657521691374946e+06,1.754714877293508733e+06,1.000000000000000000e+00
1.215471561378753004e-04,5.467948095738079246e+02,5.467742237935286767e+02,4.831671219141688706e-02,7.664993571129284644e-02,-7.059519283899861621e+05,1.022174057178734524e-01,1.028410414413453433e-01,1.829509388640641235e+06,1.844045522930134088e+06,1.000000000000000000e+00
1.242482040520503017e-04,5.521339105985312017e+02,5.521131145025614160e+02,4.831492749721931490e-02,7.728671790018257215e-02,-7.057654103108327836e+05,1.078675841795302542e-01,1.089013572547326836e-01,1.928630431842619320e+06,1.950710546230131295e+06,1.000000000000000000e+00
1.269492519662253165e-04,5.574696415884469616e+02,5.574511357072923374e+02,4.831325964577741494e-02,7.792414373413500406e-02,-7.055757060168975731e+05,1.138095904621432841e-01,1.143781759338065029e-01,2.033245521587561583e+06,2.046859549526118441e+06,1.000000000000000000e+00
1.296502998804003313e-04,5.628021364677551901e+02,5.627819722261962170e+02,4.831170754350003899e-02,7.856223334930963198e-02,-7.053828708100559888e+05,1.200571000249219672e-01,1.212548433684031285e-01,2.143582562165815849e+06,2.168783123802396934e+06,1.000000000000000000e+00
1.323513477945753461e-04,5.681315255326106808e+02,5.681143005858658626e+02,4.831027011360305989e-02,7.920100618746875321e-02,-7.051869570194364060e+05,1.266242865324885003e-01,1.272227929299796778e-01,2.259871496416705195e+06,2.274117714434149675e+06,1.000000000000000000e+00
1.350523957087503609e-04,5.734579354354495990e+02,5.734384068319083099e+02,4.830894629878605684e-02,7.984048104483773556e-02,-7.049880144279364031e+05,1.335258304410272823e-01,1.348941566116570734e-01,2.382343923442728817e+06,2.410770177937824745e+06,1.000000000000000000e+00
1.377534436229253486e-04,5.787814893196298272e+02,5.787650176558638577e+02,4.830773505622436292e-02,8.048067607437861537e-02,-7.047860902659640415e+05,1.407769038315033749e-01,1.414681751343965788e-01,2.511232052963681519e+06,2.527308103162387852e+06,1.000000000000000000e+00
1.404544915371003634e-04,5.841023068212300586e+02,5.840833692580788465e+02,4.830663535961840505e-02,8.112160882840975529e-02,-7.045812295771450736e+05,1.483931746283898290e-01,1.499417810873459878e-01,2.646768260181789286e+06,2.678605123132220935e+06,1.000000000000000000e+00
1.431555394512753782e-04,5.894205041786872243e+02,5.894039698449356592e+02,4.830564619511707597e-02,8.176329626214495772e-02,-7.043734752302642446e+05,1.563907869959637043e-01,1.572993759678121550e-01,2.789184027701081708e+06,2.809443773837799206e+06,1.000000000000000000e+00
1.458565873654503659e-04,5.947361942504849139e+02,5.947178006264064152e+02,4.830476656271551206e-02,8.240575476958400536e-02,-7.041628682222135831e+05,1.647863607012161336e-01,1.665245065571266392e-01,2.938709458410333376e+06,2.974139625658823643e+06,1.000000000000000000e+00
1.485576352796253807e-04,6.000494866026590444e+02,6.000321535091796932e+02,4.830399547311319680e-02,8.304900018941441253e-02,-7.039494477150387829e+05,1.735969672480348613e-01,1.748686876502492105e-01,3.095572252718236297e+06,3.122689084640732035e+06,1.000000000000000000e+00
1.512586831938003955e-04,6.053604875407681902e+02,6.053426903999032902e+02,4.830333194844067812e-02,8.369304783367284561e-02,-7.037332512740669772e+05,1.828401241603444249e-01,1.847657790125431798e-01,3.259997207519248594e+06,3.298937685776722152e+06,1.000000000000000000e+00
1.539597311079753832e-04,6.106693001780851091e+02,6.106504872099856129e+02,4.830277502005389523e-02,8.433791249703881387e-02,-7.035143149363412522e+05,1.925337676141253562e-01,1.943356410588268079e-01,3.432205287384225521e+06,3.469163034975564573e+06,1.000000000000000000e+00
1.566607790221503981e-04,6.159760244802231455e+02,6.159589159803155098e+02,4.830232372857409806e-02,8.498360847776460780e-02,-7.032926733818486100e+05,2.026962426364998793e-01,2.047973399479672274e-01,3.612413149626676459e+06,3.654570248076376971e+06,1.000000000000000000e+00
1.593618269363254129e-04,6.212807573167235660e+02,6.212606443868227188e+02,4.830197712261651011e-02,8.563014959132561610e-02,-7.030683600391296204e+05,2.133462773431228920e-01,2.158095824277310448e-01,3.800832399207047652e+06,3.849843346363215242e+06,1.000000000000000000e+00
1.620628748505004006e-04,6.265835925166876450e+02,6.265673089450697262e+02,4.830173425813101551e-02,8.627754918311900112e-02,-7.028414071875826921e+05,2.245029871139044286e-01,2.267534060567702459e-01,3.997669278153541032e+06,4.042471565238218289e+06,1.000000000000000000e+00
1.647639227646754154e-04,6.318846209062895696e+02,6.318663453316152072e+02,4.830159419806016180e-02,8.692582014736943696e-02,-7.026118461056196829e+05,2.361859284361127742e-01,2.392101677556912054e-01,4.203124592926060781e+06,4.262165630267046392e+06,1.000000000000000000e+00
1.674649706788504302e-04,6.371839303736488773e+02,6.371686550413777468e+02,4.830155601097090023e-02,8.757497493108361286e-02,-7.023797071021212032e+05,2.484154508049721266e-01,2.507696149046117484e-01,4.417395454036189243e+06,4.463924671968631446e+06,1.000000000000000000e+00
1.728670665072004327e-04,6.477777009012947929e+02,6.477635901459168508e+02,4.830178174129191176e-02,8.887599463038498016e-02,-7.019079667437749449e+05,2.745707817161766595e-01,2.769959314621184832e-01,4.872263770399251021e+06,4.920419689584449865e+06,1.000000000000000000e+00
1.782691623355504352e-04,6.583655855394005130e+02,6.583526349708920407e+02,4.830240200902386621e-02,9.018067025694366523e-02,-7.014261236605196027e+05,3.031491814531779294e-01,3.055979106897704356e-01,5.364475237316394225e+06,5.413652369708915241e+06,1.000000000000000000e+00
1.836712581639004648e-04,6.689481842981113004e+02,6.689366197283013662e+02,4.830340957689457926e-02,9.148908645369116521e-02,-7.009343956176964566e+05,3.343173344866667840e-01,3.366849186402258720e-01,5.895310344517501071e+06,5.943762919420464896e+06,1.000000000000000000e+00
1.890733539922504673e-04,6.795260546738981020e+02,6.795110269978150654e+02,4.830479726136248375e-02,9.280132184675464468e-02,-7.004329935443899594e+05,3.682455154164084310e-01,3.719018787416895622e-01,6.465964448027520441e+06,6.536544530241037719e+06,1.000000000000000000e+00
1.944754498206004698e-04,6.900997130145041183e+02,6.900834037748771834e+02,4.830655792255959119e-02,9.411744931851537266e-02,-6.999221236886654515e+05,4.051065118182868297e-01,4.103534776136851803e-01,7.077564263620750047e+06,7.174737782995601185e+06,1.000000000000000000e+00
1.998775456489504995e-04,7.006696358277954459e+02,7.006550033436956255e+02,4.830868445569311276e-02,9.543753625294618126e-02,-6.994019896170916036e+05,4.450753953411334951e-01,4.509522035132183526e-01,7.731198521730573848e+06,7.837919335356907919e+06,1.000000000000000000e+00
2.052796414773005020e-04,7.112362610224583932e+02,7.112227232467344038e+02,4.831116978336760098e-02,9.676164475605779358e-02,-6.988727941137356684e+05,4.883296809513079095e-01,4.943026054093236921e-01,8.427958944243272766e+06,8.534645783484833315e+06,1.000000000000000000e+00
2.106817373056505045e-04,7.217999890644740617e+02,7.217871949683686807e+02,4.831400684826991920e-02,9.808983185376782266e-02,-6.983347410333276493e+05,5.350499042393115356e-01,5.411877977271574158e-01,9.168989874133249745e+06,9.278279856106679887e+06,1.000000000000000000e+00
2.160838331340005341e-04,7.323611840304905627e+02,7.323491045172527265e+02,4.831718860566753398e-02,9.942214966903642481e-02,-6.977880371610694565e+05,5.854206752161228433e-01,5.916870474842695904e-01,9.955544536825750023e+06,1.006800147878603451e+07,1.000000000000000000e+00
2.214859289623505637e-04,7.429201745376367398e+02,7.429091958691449236e+02,4.832070801520339798e-02,1.007586455796543323e-01,-6.972328941272043157e+05,6.396322536165799377e-01,6.458176893828732057e-01,1.078904546617610194e+07,1.090175287125258707e+07,1.000000000000000000e+00
2.268880247907005662e-04,7.534772545290666130e+02,7.534677100915419032e+02,4.832455803153443141e-02,1.020993623576270104e-01,-6.966695304180529201e+05,6.978826701005360622e-01,7.037456136633994941e-01,1.167114635610929132e+07,1.178096153918373398e+07,1.000000000000000000e+00
2.322901206190505687e-04,7.640326838955800213e+02,7.640197394858319058e+02,4.832873159344699965e-02,1.034443382906784226e-01,-6.960981735168666346e+05,7.603803937943859337e-01,7.679704368186981434e-01,1.260379256727796234e+07,1.274134193275141716e+07,1.000000000000000000e+00
2.376922164474005983e-04,7.745866889159134416e+02,7.745712929726718130e+02,4.833322161118973337e-02,1.047936072860076867e-01,-6.955190621981415898e+05,8.273475168715169747e-01,8.385116376336552158e-01,1.358927771831008047e+07,1.378185476015302353e+07,1.000000000000000000e+00
2.430943122757506009e-04,7.851394625015096835e+02,7.851251005036803008e+02,4.833802095188300535e-02,1.061471989560847373e-01,-6.949324489885816583e+05,8.990233624834710335e-01,9.105488172452247397e-01,1.463029402418565005e+07,1.482731547647020407e+07,1.000000000000000000e+00
2.484964081041006034e-04,7.956911642355613594e+02,7.956781869994956651e+02,4.834312242298387241e-02,1.075051386860015057e-01,-6.943386027976670302e+05,9.756681158697075862e-01,9.869625701537673157e-01,1.572997309522648528e+07,1.592251526958951913e+07,1.000000000000000000e+00
2.538985039324506330e-04,8.062419202012354162e+02,8.062302392873536974e+02,4.834851875389356568e-02,1.088674476818900505e-01,-6.937378117118000519e+05,1.057564103002700318e+00,1.068587562622223874e+00,1.689190367365533486e+07,1.708143743863541260e+07,1.000000000000000000e+00
2.565995518466256207e-04,8.115169670067763263e+02,8.115018199349574388e+02,4.835132497684054009e-02,1.095502433607402903e-01,-6.934348776211522054e+05,1.100609764311858862e+00,1.115012114530349319e+00,1.749807231394216791e+07,1.773937747693306208e+07,1.000000000000000000e+00
2.593005997608006626e-04,8.167918107895123967e+02,8.167816204202447352e+02,4.835420243115900324e-02,1.102341418782777360e-01,-6.931303559405927081e+05,1.145092090400849472e+00,1.155593465605416315e+00,1.812143476983155683e+07,1.830570376535824686e+07,1.000000000000000000e+00
2.620016476749757045e-04,8.220664575819013180e+02,8.220518372040066879e+02,4.835715017403081906e-02,1.109191447660122787e-01,-6.928242898213122971e+05,1.191057665353992601e+00,1.205802179686389364e+00,1.876260112259940431e+07,1.900958602371070907e+07,1.000000000000000000e+00
2.647026955891506922e-04,8.273409112111281729e+02,8.273324383051099176e+02,4.836016724712666193e-02,1.116052531876909337e-01,-6.925167234456707956e+05,1.238554615891616528e+00,1.248251173177193474e+00,1.942220794543947652e+07,1.959870270684728399e+07,1.000000000000000000e+00
2.674037435033256799e-04,8.326151732479047496e+02,8.326015303354278103e+02,4.836325268894091367e-02,1.122924681552544823e-01,-6.922077036367170513e+05,1.287633598570624205e+00,1.302375835279613536e+00,2.010092772979822010e+07,2.034924573671418428e+07,1.000000000000000000e+00
2.701047914175007218e-04,8.378892429934293204e+02,8.378718344482532530e+02,4.836640552080322120e-02,1.129807903039848349e-01,-6.918972784099450801e+05,1.338347894220517809e+00,1.354304673771423939e+00,2.079946472975673899e+07,2.106738037069335207e+07,1.000000000000000000e+00
2.728058393316757095e-04,8.431631174214923021e+02,8.431509976156706898e+02,4.836962475955994267e-02,1.136702201203243501e-01,-6.915854986705544870e+05,1.390753907088678076e+00,1.404984154906462113e+00,2.151856177745401487e+07,2.176118846765832603e+07,1.000000000000000000e+00
2.755068872458506972e-04,8.484367911606576627e+02,8.484208022308923773e+02,4.837290940323765026e-02,1.143607577037258627e-01,-6.912724166814662749e+05,1.444911046540957589e+00,1.463452127985767515e+00,2.225899450920779258e+07,2.256407444217476249e+07,1.000000000000000000e+00
2.782079351600257391e-04,8.537102564281576633e+02,8.537002524543858044e+02,4.837625844403511954e-02,1.150524030060825487e-01,-6.909580878477360820e+05,1.500882212910983782e+00,1.513991445516318368e+00,2.302157853415073082e+07,2.325033858657440916e+07,1.000000000000000000e+00
2.809089830742007268e-04,8.589835030090075634e+02,8.589688731699517348e+02,4.837967085370021431e-02,1.157451555804013266e-01,-6.906425691002483945e+05,1.558733610800155933e+00,1.577054368272951645e+00,2.380716287154638395e+07,2.410864425335819647e+07,1.000000000000000000e+00
2.836100309883757145e-04,8.642565181800698610e+02,8.642445281191226059e+02,4.838314559679061932e-02,1.164390148315916640e-01,-6.903259207668796880e+05,1.618535277134946826e+00,1.633092307254632836e+00,2.461663786067263037e+07,2.486714046494826674e+07,1.000000000000000000e+00
2.863110789025507565e-04,8.695292866881484315e+02,8.695167729585490406e+02,4.838668161582792421e-02,1.171339797521507020e-01,-6.900082048715191195e+05,1.680360835428695854e+00,1.697708968371040017e+00,2.545092787201754749e+07,2.573814533077684417e+07,1.000000000000000000e+00
2.890121268167257442e-04,8.748017906622860664e+02,8.747859199755851023e+02,4.839027784478068528e-02,1.178300491840144348e-01,-6.896894870917602675e+05,1.744288078688894128e+00,1.765761554132380340e+00,2.631100009186196327e+07,2.665680516743744537e+07,1.000000000000000000e+00
2.917131747309007319e-04,8.800740095931674887e+02,8.800636918263660391e+02,4.839393319406206512e-02,1.185272215414980568e-01,-6.893698349730421323e+05,1.810398658737041089e+00,1.826501133163813240e+00,2.719785645969018713e+07,2.746891659246910363e+07,1.000000000000000000e+00
2.944142226450757738e-04,8.853459202313496235e+02,8.853307182866639096e+02,4.839764656418429900e-02,1.192254950838627092e-01,-6.890493199728332693e+05,1.878778732806325236e+00,1.901034908485072616e+00,2.811254342058506981e+07,2.847037461852973700e+07,1.000000000000000000e+00
2.971152705592507615e-04,8.906174965705960176e+02,8.906092660177890821e+02,4.840141683066906397e-02,1.199248676258101720e-01,-6.887280155898189405e+05,1.949518579686484454e+00,1.964257352413654623e+00,2.905614300405092910e+07,2.931244114237409085e+07,1.000000000000000000e+00
2.998163184734257492e-04,8.958887097293456918e+02,8.958746492982947984e+02,4.840524285781788727e-02,1.206253368203629578e-01,-6.884059994947084924e+05,2.022713319581902258e+00,2.045095086688962116e+00,3.002978362550240383e+07,3.039093350332286209e+07,1.000000000000000000e+00
3.025173663876007911e-04,9.011595279409295927e+02,9.011413656665148437e+02,4.840912348360781881e-02,1.213268998572722412e-01,-6.880833515744474716e+05,2.098462448521050128e+00,2.122845395971566962e+00,3.103463020557076484e+07,3.142709249841230363e+07,1.000000000000000000e+00
3.052184143017757788e-04,9.064299164201539725e+02,9.064175943203807719e+02,4.841305753262022116e-02,1.220295537364745053e-01,-6.877601560134503525e+05,2.176870585650421575e+00,2.198578949757535650e+00,3.207189526312443987e+07,3.242578236567537114e+07,1.000000000000000000e+00
3.079194622159507665e-04,9.116998373376020481e+02,9.116829860140929895e+02,4.841704380549368553e-02,1.227332950519449822e-01,-6.874364999402405228e+05,2.258047156635122565e+00,2.286299170675720749e+00,3.314283180514366925e+07,3.358740269894320518e+07,1.000000000000000000e+00
3.106205101301258084e-04,9.169692497186709943e+02,9.169592165980525351e+02,4.842108108285619189e-02,1.234381200784918503e-01,-6.871124742077449337e+05,2.342106765860168860e+00,2.362147245422219655e+00,3.424873784948749095e+07,3.458252151646316051e+07,1.000000000000000000e+00
3.133215580443007961e-04,9.222381093681345874e+02,9.222231281999052044e+02,4.842516812386882252e-02,1.241440247437187727e-01,-6.867881733706770465e+05,2.429169284440745535e+00,2.456725556332242100e+00,3.539095633185005188e+07,3.582418097251624614e+07,1.000000000000000000e+00
3.160226059584757838e-04,9.275063687869419482e+02,9.274925816775258909e+02,4.842930366569828809e-02,1.248510046185149075e-01,-6.864636957976699341e+05,2.519359994471443986e+00,2.542852637695405704e+00,3.657087584751666337e+07,3.695197564132502675e+07,1.000000000000000000e+00
3.187236538726508257e-04,9.327739770861433044e+02,9.327612043006818112e+02,4.843348642301956858e-02,1.255590549069895423e-01,-6.861391437841020525e+05,2.612809732878409896e+00,2.639127303471385133e+00,3.778993136031638831e+07,3.820596127876953036e+07,1.000000000000000000e+00
3.214247017868258134e-04,9.380408798979390212e+02,9.380238126970103849e+02,4.843771508755122246e-02,1.262681704358425416e-01,-6.858146236655965913e+05,2.709655036569385445e+00,2.742994952151284860e+00,3.904960488588961214e+07,3.956178815268261731e+07,1.000000000000000000e+00
3.241257497010008011e-04,9.433070192838517869e+02,9.432967531448097134e+02,4.844198832762554308e-02,1.269783456431613500e-01,-6.854902459322122158e+05,2.810038291531094856e+00,2.834380053474093941e+00,4.035142615880119801e+07,4.074249962368053198e+07,1.000000000000000000e+00
3.268267976151758430e-04,9.485723336400162680e+02,9.485567635625191087e+02,4.844630478779649724e-02,1.276895745666350723e-01,-6.851661253432922531e+05,2.914107891190725219e+00,2.947556206277539115e+00,4.169697331068176031e+07,4.220866858151730150e+07,1.000000000000000000e+00
3.295278455293508308e-04,9.538367575995877132e+02,9.538290760106320931e+02,4.845066308848791636e-02,1.284018508311735307e-01,-6.848423810428868746e+05,3.022018415379931433e+00,3.043566404329984376e+00,4.308787362421529740e+07,4.344520821475718170e+07,1.000000000000000000e+00
3.322288934435258185e-04,9.591002219322544988e+02,9.590863493420777104e+02,4.845506182568555531e-02,1.291151676359177103e-01,-6.845191366757274373e+05,3.133930854535607935e+00,3.166999089598088180e+00,4.452580450742637366e+07,4.503207298558795452e+07,1.000000000000000000e+00
3.349299413577008604e-04,9.643626534408209636e+02,9.643443954306916339e+02,4.845949957067618302e-02,1.298295177406203205e-01,-6.841965205035727704e+05,3.250012933115376867e+00,3.288252954869028688e+00,4.601249501293762773e+07,4.659087519841179252e+07,1.000000000000000000e+00
3.376309892718758481e-04,9.696239748547745876e+02,9.696123274522723250e+02,4.846397486983798630e-02,1.305448934513609993e-01,-6.838746655217765365e+05,3.370439651439546047e+00,3.401890925413656230e+00,4.754972876146498322e+07,4.803584716348324716e+07,1.000000000000000000e+00
3.403320371860508358e-04,9.748841047206149142e+02,9.748672718776418833e+02,4.846848624448725495e-02,1.312612866055318239e-01,-6.835537095757884672e+05,3.495394316149465386e+00,3.536913320875481936e+00,4.913935221772001684e+07,4.975669689860003442e+07,1.000000000000000000e+00
3.457341330144008654e-04,9.854005672621581198e+02,9.853848032800480041e+02,4.847761234852585033e-02,1.326970992160076968e-01,-6.829150087028923444e+05,3.759341515339726048e+00,3.802351811813428739e+00,5.247972007411178946e+07,5.311566737128246576e+07,1.000000000000000000e+00
3.511362288427508950e-04,9.959111886464404506e+02,9.958972457525478603e+02,4.848686418256025615e-02,1.341368569596212978e-01,-6.822815662043053890e+05,4.043660369634102913e+00,4.086026118058523338e+00,5.605196183085748553e+07,5.667977601150773466e+07,1.000000000000000000e+00
3.565383246711008704e-04,1.006415158488988482e+03,1.006404007860291586e+03,4.849622909346617411e-02,1.355804764186243905e-01,-6.816550128452277277e+05,4.350021158203564831e+00,4.388800457537734623e+00,5.987220923970018327e+07,6.045534605703414977e+07,1.000000000000000000e+00
3.619404204994509000e-04,1.016911580851154554e+03,1.016899568420727178e+03,4.850569403892708575e-02,1.370278650945749299e-01,-6.810370394135699607e+05,4.680204122836400416e+00,4.719892402903465012e+00,6.395728581545951962e+07,6.455376976426594704e+07,1.000000000000000000e+00
3.646414684136258877e-04,1.022156568490808809e+03,1.022141445585600081e+03,4.851045914517958940e-02,1.377529349733457587e-01,-6.807316958179310896e+05,4.855015753726226180e+00,4.906682000686995337e+00,6.610679053157304972e+07,6.684545805981556326e+07,1.000000000000000000e+00
3.673425163278009296e-04,1.027399286287208270e+03,1.027378973587751716e+03,4.851524418672312211e-02,1.384789112447030457e-01,-6.804289341623306973e+05,5.036524236219602990e+00,5.099783473782979470e+00,6.832933699444788694e+07,6.921567122591565549e+07,1.000000000000000000e+00
3.700435642419759173e-04,1.032639596824746150e+03,1.032626517215346212e+03,4.852004742151029559e-02,1.392057795181796120e-01,-6.801288761512067867e+05,5.224990785608341071e+00,5.274862677992016025e+00,7.062727121209421754e+07,7.134502270824244618e+07,1.000000000000000000e+00
3.727446121561509050e-04,1.037877357391369287e+03,1.037857968322529587e+03,4.852486708462915022e-02,1.399335246166313329e-01,-6.798316451620348962e+05,5.420682722463989300e+00,5.487626408871281392e+00,7.300295807532849908e+07,7.392854499164491892e+07,1.000000000000000000e+00
3.754456600703259470e-04,1.043112419616156103e+03,1.043101919978636715e+03,4.852970139163013952e-02,1.406621306678829120e-01,-6.795373673242821824e+05,5.623874834067516204e+00,5.669609042641991614e+00,7.545879821433132887e+07,7.613058757805456221e+07,1.000000000000000000e+00
3.781467079845009347e-04,1.048344629380525021e+03,1.048327575900212196e+03,4.853454853918705986e-02,1.413915810575539223e-01,-6.792461713740163250e+05,5.834849329670825036e+00,5.899261291823523656e+00,7.799722521843339503e+07,7.888539856380718946e+07,1.000000000000000000e+00
3.808477558986759224e-04,1.053573826681825039e+03,1.053552667933670364e+03,4.853940670634440679e-02,1.421218584041992472e-01,-6.789581887111673132e+05,6.053895921560318527e+00,6.120283933717076685e+00,8.062070432917927206e+07,8.153935363397409022e+07,1.000000000000000000e+00
3.835488038128509643e-04,1.058799845496117996e+03,1.058785392595828171e+03,4.854427405590065747e-02,1.428529445337917425e-01,-6.786735534547537100e+05,6.281311846720454284e+00,6.342016857154874288e+00,8.333173054781366885e+07,8.417160691091427207e+07,1.000000000000000000e+00
3.862498517270259520e-04,1.064022513640299394e+03,1.064002097497130762e+03,4.854914873593217661e-02,1.435848204535452310e-01,-6.783924024957597721e+05,6.517401847265814396e+00,6.596296865977381074e+00,8.613282636798098683e+07,8.718901607427832484e+07,1.000000000000000000e+00
3.889508996412009397e-04,1.069241652633733793e+03,1.069229742226935969e+03,4.855402888146253398e-02,1.443174663250798018e-01,-6.781148755473281490e+05,6.762478117973127922e+00,6.819049682573756321e+00,8.902653921753080189e+07,8.981904470004989207e+07,1.000000000000000000e+00
3.916519475553759816e-04,1.074457077559596883e+03,1.074438265242237549e+03,4.855891261628140360e-02,1.450508614369361293e-01,-6.778411151919888798e+05,7.016860224361490594e+00,7.096359130318231401e+00,9.201543864856711030e+07,9.306998592492634058e+07,1.000000000000000000e+00
3.943529954695509693e-04,1.079668596926134796e+03,1.079653688692302239e+03,4.856379805491711776e-02,1.457849841764463084e-01,-6.775712669255548390e+05,7.280874992265683687e+00,7.344365063845330610e+00,9.510211329330036044e+07,9.597858802550601959e+07,1.000000000000000000e+00
3.970540433837259570e-04,1.084876012528062120e+03,1.084859398688973215e+03,4.856868330476628304e-02,1.465198120009748584e-01,-6.773054791973760584e+05,7.554856368520065146e+00,7.631997189526663838e+00,9.828916759182968736e+07,9.930981312490405142e+07,1.000000000000000000e+00
3.997550912979009989e-04,1.090079119308330519e+03,1.090057115728388226e+03,4.857356646838372621e-02,1.472553214085422502e-01,-6.770439034466074081e+05,7.839145251636479905e+00,7.933018166169513385e+00,1.015792182916643023e+08,1.027950035595404953e+08,1.000000000000000000e+00
4.024561392120759866e-04,1.095277705220514690e+03,1.095263589350308393e+03,4.857844564593536557e-02,1.479914879078491619e-01,-6.767866941341290949e+05,8.134089290932699612e+00,8.206832416262255236e+00,1.049748907151608914e+08,1.059427684252834320e+08,1.000000000000000000e+00
4.051571871262509743e-04,1.100471551092073469e+03,1.100450676164643710e+03,4.858331893781611677e-02,1.487282859877210872e-01,-6.765340087697404670e+05,8.440042652303093362e+00,8.538123944552811651e+00,1.084788147888991386e+08,1.097302199067570418e+08,1.000000000000000000e+00
4.078582350404260162e-04,1.105660430488750080e+03,1.105649016974530241e+03,4.858818444743436687e-02,1.494656890859957232e-01,-6.762860079342740355e+05,8.757365748645765891e+00,8.823738534386727395e+00,1.120936208276634812e+08,1.129929902258071154e+08,1.000000000000000000e+00
4.105592829546010039e-04,1.110844109580396207e+03,1.110825053378082202e+03,4.859304028416393945e-02,1.502036695578792269e-01,-6.760428552962060785e+05,9.086424932834255230e+00,9.184030092875303808e+00,1.158219350648457110e+08,1.170577153145538718e+08,1.000000000000000000e+00
4.132603308687759916e-04,1.116022347008510224e+03,1.115998675750902748e+03,4.859788456646380733e-02,1.509421986438013175e-01,-6.758047176223911811e+05,9.427592151024091649e+00,9.528645296380906515e+00,1.196663749204944223e+08,1.209520558183760345e+08,1.000000000000000000e+00
4.159613787829510335e-04,1.121194893755795647e+03,1.121178147050680309e+03,4.860271542516499815e-02,1.516812464368006153e-01,-6.755717647824786836e+05,9.781244554006875092e+00,9.874969704122744218e+00,1.236295439978584349e+08,1.248156106771435887e+08,1.000000000000000000e+00
4.186624266971260212e-04,1.126361493018054034e+03,1.126338623392940917e+03,4.860753100692351975e-02,1.524207818494776601e-01,-6.753441697466021869e+05,1.014776406425944799e+01,1.026616547461637197e+01,1.277140267990045995e+08,1.291691329161359817e+08,1.000000000000000000e+00
4.213634746113010089e-04,1.131521880078752702e+03,1.131507834818068432e+03,4.861232947783707820e-02,1.531607725805558817e-01,-6.751221085758965928e+05,1.052753689628247535e+01,1.061408229598794328e+01,1.319223831499378234e+08,1.330280958530245870e+08,1.000000000000000000e+00
4.240645225254760509e-04,1.136675782186602873e+03,1.136654343538898047e+03,4.861710902722277128e-02,1.539011850810947102e-01,-6.749057604054026306e+05,1.092095302777823207e+01,1.104142079271830212e+01,1.362571423255664408e+08,1.377198788077909052e+08,1.000000000000000000e+00
4.267655704396510386e-04,1.141822918436516147e+03,1.141809328564539101e+03,4.862186787155180212e-02,1.546419845204032861e-01,-6.746953074189021718e+05,1.132840561918375144e+01,1.141394745034750358e+01,1.407207968648564219e+08,1.418202045262691677e+08,1.000000000000000000e+00
4.294666183538260263e-04,1.146962999654308987e+03,1.146943451425482863e+03,4.862660425853621016e-02,1.553831347517090067e-01,-6.744909348152140155e+05,1.175029037905081708e+01,1.186943106451715479e+01,1.453157960665731132e+08,1.467530106365492046e+08,1.000000000000000000e+00
4.321676662680010682e-04,1.152095728285551786e+03,1.152070579261913281e+03,4.863131647136208213e-02,1.561245982776379715e-01,-6.742928307654896053e+05,1.218700487275088307e+01,1.232277761533014271e+01,1.500445391561272740e+08,1.516649532546607852e+08,1.000000000000000000e+00
4.348687141821761101e-04,1.157220798288960168e+03,1.157203625469401459e+03,4.863600283306190875e-02,1.568663362155706675e-01,-6.741011863610369619e+05,1.263894777198214392e+01,1.275239225434942547e+01,1.549093681142362654e+08,1.562795096680712998e+08,1.000000000000000000e+00
4.375697620963510978e-04,1.162337895034759640e+03,1.162314020751461840e+03,4.864066171101839864e-02,1.576083082629410603e-01,-6.739161955511833075e+05,1.310651804256789710e+01,1.325274244044911853e+01,1.599125601583571136e+08,1.616183209985052347e+08,1.000000000000000000e+00
4.402708100105260855e-04,1.167446695208458323e+03,1.167432242853374191e+03,4.864529152159038916e-02,1.583504726625524495e-01,-6.737380550707019866e+05,1.359011406806259004e+01,1.369379466548830315e+01,1.650563198681751192e+08,1.663239893354704082e+08,1.000000000000000000e+00
4.429718579247011274e-04,1.172546866720483195e+03,1.172524642858082416e+03,4.864989073485048027e-02,1.590927861679889421e-01,-6.735669643563348800e+05,1.409013270672629403e+01,1.423691874657982837e+01,1.703427709468160272e+08,1.720368068991791606e+08,1.000000000000000000e+00
4.456729058388761151e-04,1.177638068622154606e+03,1.177618697097212589e+03,4.865445787942311584e-02,1.598352040092076431e-01,-6.734031254519170616e+05,1.460696827949002596e+01,1.472986350706461245e+01,1.757739476099399328e+08,1.772386720005211830e+08,1.000000000000000000e+00
4.483739537530511028e-04,1.182719951028493597e+03,1.182699701548087432e+03,4.865899154741000487e-02,1.605776798584017950e-01,-6.732467429016503738e+05,1.514101148662011198e+01,1.528510541291095137e+01,1.813517855954456329e+08,1.830057688752879202e+08,1.000000000000000000e+00
4.510750016672261447e-04,1.187792155048364066e+03,1.187765615752940221e+03,4.866349039938923371e-02,1.613201657962320956e-01,-6.730980236310439650e+05,1.569264825089292259e+01,1.586710388073736233e+01,1.870781127871756256e+08,1.890396306355530620e+08,1.000000000000000000e+00
4.537760495814011324e-04,1.192854312722484337e+03,1.192836383535007371e+03,4.866795316947255395e-02,1.620626122785288892e-01,-6.729571768150851130e+05,1.626225848522793882e+01,1.639921002283518447e+01,1.929546394468230903e+08,1.945300768916251957e+08,1.000000000000000000e+00
4.564770974955761201e-04,1.197906046969851332e+03,1.197881015673334105e+03,4.867237867040448418e-02,1.628049681035751706e-01,-6.728244137332045939e+05,1.685021478288227570e+01,1.702887271466159191e+01,1.989829480491466522e+08,2.009601936386707723e+08,1.000000000000000000e+00
4.591781454097511620e-04,1.202946971543142354e+03,1.202931654023731653e+03,4.867676579868559367e-02,1.635471803800857549e-01,-6.726999476106005022e+05,1.745688102850526846e+01,1.758191585251742595e+01,2.051644827166948915e+08,2.066222550082646608e+08,1.000000000000000000e+00
4.618791933239261497e-04,1.207976690993678631e+03,1.207953487842225513e+03,4.868111353970063643e-02,1.642891944960062633e-01,-6.725839934455301845e+05,1.808261092857210173e+01,1.825961332477418253e+01,2.115005382514661849e+08,2.134413219871196747e+08,1.000000000000000000e+00
4.645802412381011375e-04,1.212994800646554268e+03,1.212971584889872247e+03,4.868542097283179437e-02,1.650309540882604897e-01,-6.724767678221988026e+05,1.872774645997847642e+01,1.888786989985479892e+01,2.179922487623773813e+08,2.197853542526783347e+08,1.000000000000000000e+00
4.672812891522761794e-04,1.218000886586550678e+03,1.217979740116384846e+03,4.868968727653531087e-02,1.657724010135832871e-01,-6.723784887088969117e+05,1.939261623587551497e+01,1.956482798310831939e+01,2.246405758890503943e+08,2.265207164342216253e+08,1.000000000000000000e+00
4.699823370664511671e-04,1.222994525655476991e+03,1.222966637072898493e+03,4.869391173335919920e-02,1.665134753205814999e-01,-6.722893752410629531e+05,2.007753378816737921e+01,2.029174634312840553e+01,2.314462966243048608e+08,2.337255147574890256e+08,1.000000000000000000e+00
4.726833849806261548e-04,1.227975285461596968e+03,1.227956299156203841e+03,4.869809373487837822e-02,1.672541152231739048e-01,-6.722096474890145473e+05,2.078279576647729954e+01,2.094743706693772367e+01,2.384099907398733795e+08,2.402117019173397422e+08,1.000000000000000000e+00
4.753844328948011967e-04,1.232942724401815894e+03,1.232916429241836340e+03,4.870223278652267146e-02,1.679942570755655895e-01,-6.721395262100894470e+05,2.150868005382343640e+01,2.172411149554855214e+01,2.455320278222720623e+08,2.477953357969504893e+08,1.000000000000000000e+00
4.780854808089761844e-04,1.237896391697326408e+03,1.237879867612764201e+03,4.870632851227210680e-02,1.687338353489227505e-01,-6.720792325850314228e+05,2.225544379972566134e+01,2.240603412672876615e+01,2.528125539284500480e+08,2.544829932851476669e+08,1.000000000000000000e+00
4.807865287231511721e-04,1.242835827443420840e+03,1.242811508966528891e+03,4.871038065919317678e-02,1.694727826099155787e-01,-6.720289879384572851e+05,2.302332137200157547e+01,2.323381432052105211e+01,2.602514778738936782e+08,2.624458274271143079e+08,1.000000000000000000e+00
4.834875766373262140e-04,1.247760562674198127e+03,1.247735266918015895e+03,4.871438910178903237e-02,1.702110295013087027e-01,-6.719890134433484636e+05,2.381252222909774474e+01,2.400723632198682722e+01,2.678484571692129076e+08,2.699149463270850182e+08,1.000000000000000000e+00
4.861886245515012017e-04,1.252670119442911300e+03,1.252647841332178814e+03,4.871835384613572989e-02,1.709485047247804590e-01,-6.719595298095140606e+05,2.462322871544553493e+01,2.482722958819442027e+01,2.756028836249700189e+08,2.777224483293845654e+08,1.000000000000000000e+00
4.888896724656761894e-04,1.257564010918707481e+03,1.257534815481459418e+03,4.872227503377653951e-02,1.716851350261609510e-01,-6.719407569560875418e+05,2.545559378303438081e+01,2.570897397844556309e+01,2.835138686486195326e+08,2.860764749595214725e+08,1.000000000000000000e+00
4.915907203798512313e-04,1.262441741500533226e+03,1.262421566638847253e+03,4.872615294534563685e-02,1.724208451832839328e-01,-6.719329136681662640e+05,2.630973864315192756e+01,2.650445190487697289e+01,2.915802282619141936e+08,2.936090831429439783e+08,1.000000000000000000e+00
4.942917682940262732e-04,1.267302806948981925e+03,1.267275295911513695e+03,4.872998800389253399e-02,1.731555579966517211e-01,-6.719362172377476236e+05,2.718575035305794785e+01,2.743969451161387951e+01,2.998004678720151186e+08,3.023385727559999824e+08,1.000000000000000000e+00
4.969928162082012067e-04,1.272146694536873611e+03,1.272128725369921995e+03,4.873378077787855756e-02,1.738891942831189974e-01,-6.719508830892703263e+05,2.808367934323202775e+01,2.826420073420563739e+01,3.081727668348464966e+08,3.100770226924230456e+08,1.000000000000000000e+00
4.996938641223762486e-04,1.276972883219361393e+03,1.276947297444480000e+03,4.873753198381672314e-02,1.746216728728042511e-01,-6.719771243900592672e+05,2.900353689176431971e+01,2.925252663916835871e+01,3.166949628549208641e+08,3.191658027819940448e+08,1.000000000000000000e+00
5.023949120365512905e-04,1.281780843824362819e+03,1.281754758417780749e+03,4.874124248852700070e-02,1.753529106094409706e-01,-6.720151516461268766e+05,2.994529255343960727e+01,3.017242381769237625e+01,3.253645362719398737e+08,3.276632335535854697e+08,1.000000000000000000e+00
5.050959599507262240e-04,1.286570039264114257e+03,1.286546531463041447e+03,4.874491331097911828e-02,1.760828223543854931e-01,-6.720651722838510759e+05,3.090887155209890480e+01,3.114749592753559071e+01,3.341785942909887433e+08,3.365427670138779879e+08,1.000000000000000000e+00
5.077970078649012660e-04,1.291339924768649553e+03,1.291309525578865987e+03,4.874854562369630717e-02,1.768113209944980335e-01,-6.721273902181274025e+05,3.189415214594028214e+01,3.218430438174010533e+01,3.431338552199612856e+08,3.459347377233588696e+08,1.000000000000000000e+00
5.104980557790763079e-04,1.296089948141986724e+03,1.296068531285830431e+03,4.875214075369387057e-02,1.775383174541166065e-01,-6.722020054077192908e+05,3.290096297653886381e+01,3.312682297382236385e+01,3.522266327850705385e+08,3.544739437567483783e+08,1.000000000000000000e+00
5.131991036932512414e-04,1.300819550041809862e+03,1.300790909672637099e+03,4.875570018292820634e-02,1.782637207113425548e-01,-6.722892133986066328e+05,3.392908041351910242e+01,3.422121635125109407e+01,3.614528206028091908e+08,3.642405813601588011e+08,1.000000000000000000e+00
5.159001516074262833e-04,1.305528164283406795e+03,1.305508770355544357e+03,4.875922554823278882e-02,1.789874378188568149e-01,-6.723892048562535783e+05,3.497822590799235343e+01,3.518920884031153662e+01,3.708078768945247531e+08,3.729321580483019352e+08,1.000000000000000000e+00
5.186011995216013252e-04,1.310215218168609454e+03,1.310188564891213673e+03,4.876271864071976547e-02,1.797093739294821635e-01,-6.725021650877895299e+05,3.604806336906730735e+01,3.633391858656330697e+01,3.802868095377933383e+08,3.829980053903752565e+08,1.000000000000000000e+00
5.213022474357763671e-04,1.314880132840460192e+03,1.314853922344754437e+03,4.876618140462732343e-02,1.804294323267056910e-01,-6.726282735552313970e+05,3.713819657894612192e+01,3.739425381054875430e+01,3.898841615569603443e+08,3.923698582843732238e+08,1.000000000000000000e+00
5.240032953499514090e-04,1.319522323664289161e+03,1.319497708609596657e+03,4.876961593559542285e-02,1.811475144603699183e-01,-6.727677033809830900e+05,3.824816666331673787e+01,3.852353633405476074e+01,3.995939971635313034e+08,4.022034723756761551e+08,1.000000000000000000e+00
5.267043432641263425e-04,1.324141200635857558e+03,1.324109723000894292e+03,4.877302447835439592e-02,1.818635199877340902e-01,-6.729206208469083067e+05,3.937744963493548767e+01,3.970453050829030417e+01,4.094098884654214382e+08,4.124358051932836175e+08,1.000000000000000000e+00
5.294053911783013844e-04,1.328736168817176576e+03,1.328713588588727362e+03,4.877640942381395589e-02,1.825773468201025151e-01,-6.730871848884162027e+05,4.052545402944322461e+01,4.078437396413180238e+01,4.193249029723184109e+08,4.217938607005749941e+08,1.000000000000000000e+00
5.321064390924764263e-04,1.333306628800553881e+03,1.333277061580525242e+03,4.877977330554228441e-02,1.832888911752038330e-01,-6.732675465851031477e+05,4.169151865356286635e+01,4.201834038572364705e+01,4.293315920325616598e+08,4.323241231150759459e+08,1.000000000000000000e+00
5.348074870066513598e-04,1.337851977201371938e+03,1.337831323068143774e+03,4.878311879562833436e-02,1.839980476354980965e-01,-6.734618486495600082e+05,4.287491046686935903e+01,4.311396836787304920e+01,4.394219803447728157e+08,4.417348355677508712e+08,1.000000000000000000e+00
5.375085349208264017e-04,1.342371607180029514e+03,1.342344204854316558e+03,4.878644869992307398e-02,1.847047092125727041e-01,-6.736702249160705833e+05,4.407482261928264933e+01,4.439213320130390628e+01,4.495875566949401498e+08,4.524804359700219631e+08,1.000000000000000000e+00
5.402095828350014436e-04,1.346864908993398103e+03,1.346838130409666974e+03,4.878976595265897831e-02,1.854087674177761491e-01,-6.738927998310127296e+05,4.529037266729842770e+01,4.557291522290616115e+01,4.598192660766518116e+08,4.624600948266121745e+08,1.000000000000000000e+00
5.429106307491763771e-04,1.351331270576073848e+03,1.351306001416146501e+03,4.879307361045010644e-02,1.861101123392210344e-01,-6.741296879468635889e+05,4.652060099272109994e+01,4.682370402524960440e+01,4.701075033584930301e+08,4.728742664262582660e+08,1.000000000000000000e+00
5.456116786633514191e-04,1.355770078151600501e+03,1.355737899825195427e+03,4.879637484567881517e-02,1.868086327252702628e-01,-6.743809934217710979e+05,4.776446944826638230e+01,4.812313002492000891e+01,4.804421086681451797e+08,4.836336797271057367e+08,1.000000000000000000e+00
5.483127265775264610e-04,1.360180716873745723e+03,1.360157460685983551e+03,4.879967293927850447e-02,1.875042160745992725e-01,-6.746468095267348690e+05,4.902086025486424603e+01,4.930629897897536296e+01,4.908123646673732996e+08,4.934389409029567242e+08,1.000000000000000000e+00
5.510137744917013945e-04,1.364562571497797762e+03,1.364532570583059623e+03,4.880297127292539117e-02,1.881967487329067601e-01,-6.749272181625213707e+05,5.028857517576439307e+01,5.063976456182351171e+01,5.012069958955522180e+08,5.043107733100786805e+08,1.000000000000000000e+00
5.537148224058764364e-04,1.368915027081728113e+03,1.368893481719781221e+03,4.880627332065602675e-02,1.888861159963206582e-01,-6.752222893884328660e+05,5.156633499263271148e+01,5.182700681841075863e+01,5.116141703616736531e+08,5.140593221853509545e+08,1.000000000000000000e+00
5.564158703200514783e-04,1.373237469716938222e+03,1.373209892316860305e+03,4.880958263993069590e-02,1.895722022215206581e-01,-6.755320809651637683e+05,5.285277930869491314e+01,5.319086332402426365e+01,5.220215035655084848e+08,5.250035763491182923e+08,1.000000000000000000e+00
5.591169182342264118e-04,1.377529287288167325e+03,1.377500234914344446e+03,4.881290286216657948e-02,1.902548909425715862e-01,-6.758566379139493220e+05,5.414646670362365910e+01,5.446501137696352401e+01,5.324160651278778911e+08,5.352671367747505307e+08,1.000000000000000000e+00
5.618179661484014537e-04,1.381789870261988199e+03,1.381764542744003847e+03,4.881623768276799336e-02,1.909340649944311075e-01,-6.761959920942578465e+05,5.544587526425434731e+01,5.576541709001933356e+01,5.427843882072755098e+08,5.456160093298346996e+08,1.000000000000000000e+00
5.645190140625764956e-04,1.386018612503155737e+03,1.385986288372290574e+03,4.881959085068436621e-02,1.916096066430639233e-01,-6.765501618022978073e+05,5.674940351435321872e+01,5.713099059571124627e+01,5.531124818755187988e+08,5.563920880630956888e+08,1.000000000000000000e+00
5.672200619767514291e-04,1.390214912117916356e+03,1.390191616536967103e+03,4.882296615753013019e-02,1.922813977220618753e-01,-6.769191513925399631e+05,5.805537176553282563e+01,5.835615106518592654e+01,5.633858466182487011e+08,5.660817536060678959e+08,1.000000000000000000e+00
5.699211098909264710e-04,1.394378172323195486e+03,1.394348628393469198e+03,4.882636742630356436e-02,1.929493197756351197e-01,-6.773029509244848741e+05,5.936202391002450440e+01,5.972577396471959332e+01,5.735894931174867153e+08,5.767086874468978643e+08,1.000000000000000000e+00
5.726221578051015129e-04,1.398507802340407579e+03,1.398485963590668007e+03,4.882979849974499603e-02,1.936132542078010110e-01,-6.777015358369000023e+05,6.066752967431160215e+01,6.094432016338735991e+01,5.837079644664876461e+08,5.862476273082138300e+08,1.000000000000000000e+00
5.753232057192764464e-04,1.402603218312434592e+03,1.402576415270861844e+03,4.883326322837709677e-02,1.942730824375630549e-01,-6.781148666516008088e+05,6.196998735011115400e+01,6.231500555707724232e+01,5.937253619856891632e+08,5.966896742764756680e+08,1.000000000000000000e+00
5.780242536334514883e-04,1.406663844242125606e+03,1.406631415947473215e+03,4.883676545827315280e-02,1.949286860598311022e-01,-6.785428887088560732e+05,6.326742701224186760e+01,6.363094576371823052e+01,6.036253750028936863e+08,6.067134446700818539e+08,1.000000000000000000e+00
5.807253015476265302e-04,1.410689111973310901e+03,1.410664564179527133e+03,4.884030901987886780e-02,1.955799468736623137e-01,-6.789855322521899361e+05,6.455781570890906096e+01,6.487916997703742084e+01,6.133913261486303806e+08,6.161824001222134829e+08,1.000000000000000000e+00
5.834263494618014637e-04,1.414678467079869051e+03,1.414647462500869324e+03,4.884389770881632231e-02,1.962267477503275848e-01,-6.794427106566398870e+05,6.583905376076018001e+01,6.621855030234232231e+01,6.230061397920551300e+08,6.261803890105590820e+08,1.000000000000000000e+00
5.861273973759765056e-04,1.418631359977035345e+03,1.418608695723328083e+03,4.884753528668200201e-02,1.968689714051483630e-01,-6.799143234147590119e+05,6.710899593260930374e+01,6.741160698191143297e+01,6.324525260460696220e+08,6.351272367732169628e+08,1.000000000000000000e+00
5.888284452901515476e-04,1.422547256856888680e+03,1.422520145402236722e+03,4.885122545417185103e-02,1.975065019934977295e-01,-6.804002528841352323e+05,6.836544025237517985e+01,6.873271324446062636e+01,6.417128817798198462e+08,6.447696648810731173e+08,1.000000000000000000e+00
5.915294932043264810e-04,1.426425635711715813e+03,1.426398671102633671e+03,4.885497184555731565e-02,1.981392245823407339e-01,-6.809003657674222486e+05,6.960614175895804578e+01,6.995604592009686939e+01,6.507694090689479113e+08,6.537265611702431440e+08,1.000000000000000000e+00
5.942305411185015230e-04,1.430265988358386494e+03,1.430241970679131100e+03,4.885877801435965784e-02,1.987670254817864857e-01,-6.814145127646843903e+05,7.082881731968626582e+01,7.117691481337128323e+01,6.596041555090806484e+08,6.625163826329282522e+08,1.000000000000000000e+00
5.969315890326765649e-04,1.434067821463923337e+03,1.434036828038989142e+03,4.886264742064795608e-02,1.993897924359223084e-01,-6.819425285785965389e+05,7.203115241824667692e+01,7.242738758190630222e+01,6.681990703276231289e+08,6.714160997660201788e+08,1.000000000000000000e+00
5.996326369468514984e-04,1.437830657571910024e+03,1.437808040424225283e+03,4.886658341848961612e-02,2.000074148159735610e-01,-6.824842319633152802e+05,7.321080840807451295e+01,7.352807049993568000e+01,6.765360649352350235e+08,6.792558845850293636e+08,1.000000000000000000e+00
6.023336848610265403e-04,1.441554035086909380e+03,1.441525945166881229e+03,4.887058924573118440e-02,2.006197836552243152e-01,-6.830394260482121026e+05,7.436543140890935888e+01,7.471604203787579479e+01,6.845970871277974844e+08,6.874720947006349564e+08,1.000000000000000000e+00
6.050347327752015822e-04,1.445237514504929550e+03,1.445211343322453786e+03,4.887466800120847388e-02,2.012267926492104231e-01,-6.836078973313322058e+05,7.549265414137333607e+01,7.580282253135898429e+01,6.923641213824911118e+08,6.950281815239282846e+08,1.000000000000000000e+00
6.077357806893765157e-04,1.448880667919135021e+03,1.448855476029032616e+03,4.887882265697817558e-02,2.018283365716744271e-01,-6.841894183394069551e+05,7.659011862322529396e+01,7.690872575769749631e+01,6.998194124860471487e+08,7.024729867117187977e+08,1.000000000000000000e+00
6.104368286035515576e-04,1.452483095738774864e+03,1.452450951184110409e+03,4.888305601339026224e-02,2.024243139186702733e-01,-6.847837445898933802e+05,7.765546624015905763e+01,7.801765129787150954e+01,7.069453287870855331e+08,7.098604053161855936e+08,1.000000000000000000e+00
6.131378765177265995e-04,1.456044410849546239e+03,1.456021672893849427e+03,4.888737072500266151e-02,2.030146244649837783e-01,-6.853906181715287967e+05,7.868636629570363539e+01,7.899019473861456220e+01,7.137246565480283499e+08,7.163083247696157694e+08,1.000000000000000000e+00
6.158389244319015330e-04,1.459564256409336622e+03,1.459537924065667085e+03,4.889176925214634012e-02,2.035991721253443687e-01,-6.860097649646420032e+05,7.968050701377987366e+01,8.001919853360645618e+01,7.201404600336028337e+08,7.228520151755642891e+08,1.000000000000000000e+00
6.185399723460765749e-04,1.463042289915576021e+03,1.463016765969312928e+03,4.889625388992147742e-02,2.041778624508834294e-01,-6.866408978903733660e+05,8.063562301027573653e+01,8.096007991981838359e+01,7.261763747728540897e+08,7.288441252302533388e+08,1.000000000000000000e+00
6.212410202602516168e-04,1.466478200955905322e+03,1.466455466110284760e+03,4.890082671901276740e-02,2.047506055351740184e-01,-6.872837146456855116e+05,8.154948828893216728e+01,8.186178136770141123e+01,7.318164749162625074e+08,7.343526383250629902e+08,1.000000000000000000e+00
6.239420681744265503e-04,1.469871695225671147e+03,1.469842447575293590e+03,4.890548963751807643e-02,2.053173134579422965e-01,-6.879379006041930988e+05,8.241994238441731113e+01,8.276206262179125872e+01,7.370455628933743238e+08,7.397175360422737598e+08,1.000000000000000000e+00
6.266431160886015922e-04,1.473222512154524111e+03,1.473201441757191333e+03,4.891024431164975317e-02,2.058779032221968175e-01,-6.886031270727342926e+05,8.324488510616774306e+01,8.354642410556574816e+01,7.418490431585510969e+08,7.443726509396719933e+08,1.000000000000000000e+00
6.293441640027766341e-04,1.476530408917607929e+03,1.476505610417949583e+03,4.891509221010641867e-02,2.064322941528161925e-01,-6.892790538289141841e+05,8.402230111612853136e+01,8.432128853661674839e+01,7.462132049515242577e+08,7.485762207589324713e+08,1.000000000000000000e+00
6.320452119169515676e-04,1.479795177858932902e+03,1.479765363510959560e+03,4.892003455529261857e-02,2.069804108505977625e-01,-6.899653279000370530e+05,8.475025611124290492e+01,8.505042532119830412e+01,7.501251011361761093e+08,7.524538329531904459e+08,1.000000000000000000e+00
6.347462598311266095e-04,1.483016630539928428e+03,1.482994551215017736e+03,4.892507235990938008e-02,2.075221805536999475e-01,-6.906615857248591492e+05,8.542691960552076580e+01,8.570337922738897873e+01,7.535728205676761866e+08,7.558261287253525257e+08,1.000000000000000000e+00
6.374473077453016515e-04,1.486194614881612551e+03,1.486168180529074789e+03,4.893020637930847738e-02,2.080575360942318319e-01,-6.913674524496317608e+05,8.605056218806387847e+01,8.633756846257134043e+01,7.565453704407730103e+08,7.587482021244223118e+08,1.000000000000000000e+00
6.401483556594765850e-04,1.489328999294034247e+03,1.489306678687343947e+03,4.893543714994847554e-02,2.085864132308258290e-01,-6.920825437043133425e+05,8.661957629269969061e+01,8.690771358421761761e+01,7.590329346931616068e+08,7.614251994868222475e+08,1.000000000000000000e+00
6.428494035736516269e-04,1.492419689461826692e+03,1.492398330510218102e+03,4.894076494347120859e-02,2.091087535934190722e-01,-6.928064654043266783e+05,8.713247412881982257e+01,8.739299761899998487e+01,7.610267580660386086e+08,7.630668064749532938e+08,1.000000000000000000e+00
6.455504514878266688e-04,1.495466612597704852e+03,1.495438872434903487e+03,4.894618980664729863e-02,2.096245019954704469e-01,-6.935388151344450889e+05,8.758790624394796964e+01,8.786207362068928717e+01,7.625193870410614014e+08,7.645595754950891733e+08,1.000000000000000000e+00
6.482514994020016023e-04,1.498469733799950291e+03,1.498449998482551109e+03,4.895171151772197138e-02,2.101336093528589910e-01,-6.942791824393569259e+05,8.798465970165534600e+01,8.825573779642940053e+01,7.635045536985865831e+08,7.657226018386576176e+08,1.000000000000000000e+00
6.509525473161766442e-04,1.501429040472571160e+03,1.501406936337547677e+03,4.895732962745719813e-02,2.106360299844345918e-01,-6.950271498114715796e+05,8.832167427384335667e+01,8.855365885815527349e+01,7.639773959107177258e+08,7.657409646280636787e+08,1.000000000000000000e+00
6.536535952303516861e-04,1.504344558188590327e+03,1.504314542453756530e+03,4.896304341824228579e-02,2.111317244914779345e-01,-6.957822934481133707e+05,8.859804043580246002e+01,8.883689549438464894e+01,7.639343390801559687e+08,7.656810652358469963e+08,1.000000000000000000e+00
6.563546431445266196e-04,1.507216335318728397e+03,1.507195747633875044e+03,4.896885194582910328e-02,2.116206570553854638e-01,-6.965441838428275660e+05,8.881301306585142186e+01,8.904663156159273285e+01,7.633732927013137341e+08,7.652607371393554211e+08,1.000000000000000000e+00
6.590556910587016615e-04,1.510044458340965775e+03,1.510022434487181499e+03,4.897475400164078008e-02,2.121027982648906463e-01,-6.973123869823369896e+05,8.896600884334240789e+01,8.916757076032151019e+01,7.622935281873682737e+08,7.637747825365629196e+08,1.000000000000000000e+00
6.617567389728767034e-04,1.512829036718687803e+03,1.512803737529213095e+03,4.898074815479125377e-02,2.125781224197289820e-01,-6.980864645443026675e+05,8.905661738324087651e+01,8.926245080582972946e+01,7.606958494604307413e+08,7.621373001077846289e+08,1.000000000000000000e+00
6.644577868870516369e-04,1.515570217604708887e+03,1.515552398774935909e+03,4.898683271795500893e-02,2.130466102937932371e-01,-6.988659755032465328e+05,8.908459765860401092e+01,8.929635427612257104e+01,7.585824653286956549e+08,7.602345372045618296e+08,1.000000000000000000e+00
6.671588348012266788e-04,1.518268171008719946e+03,1.518247243169011654e+03,4.899300578926175931e-02,2.135082464536010860e-01,-6.996504759410917759e+05,8.904988655555587229e+01,8.922072542796068717e+01,7.559571324580738544e+08,7.571572415179412365e+08,1.000000000000000000e+00
6.698598827154017207e-04,1.520923103852613394e+03,1.520899457080872253e+03,4.899926522201265150e-02,2.139630219467253958e-01,-7.004395210280569736e+05,8.895259399628929486e+01,8.912002164347343580e+01,7.528250211364548206e+08,7.539463441129453182e+08,1.000000000000000000e+00
6.725609306295766542e-04,1.523535245465768185e+03,1.523517936772336725e+03,4.900560866604562055e-02,2.144109316437908808e-01,-7.012326644556898391e+05,8.879300896396543408e+01,8.897538128397739854e+01,7.491928297828191519e+08,7.505956297017674446e+08,1.000000000000000000e+00
6.752619785437516961e-04,1.526104860957866094e+03,1.526085112002407413e+03,4.901203354150099334e-02,2.148519768428502896e-01,-7.020294607563794125e+05,8.857159307335604126e+01,8.870642457343903686e+01,7.450686434096165895e+08,7.459700842056005001e+08,1.000000000000000000e+00
6.779630264579267380e-04,1.528632237079014430e+03,1.528610061505083422e+03,4.901853707926211862e-02,2.152861626434679487e-01,-7.028294643718264997e+05,8.828898418359500511e+01,8.842176437724273796e+01,7.404620196966593266e+08,7.412882283735779524e+08,1.000000000000000000e+00
6.806640743721016715e-04,1.531117694886017944e+03,1.531101944429698960e+03,4.902511629888858802e-02,2.157135004591638483e-01,-7.036322322733124020e+05,8.794598824895072653e+01,8.810814446774121222e+01,7.353838399973145723e+08,7.366177367656549215e+08,1.000000000000000000e+00
6.833651222862767135e-04,1.533561576002552101e+03,1.533543900055918812e+03,4.903176804775027930e-02,2.161340054318972304e-01,-7.044373226816294482e+05,8.754358070989817975e+01,8.764337339859895337e+01,7.298463678794535398e+08,7.304689755573889017e+08,1.000000000000000000e+00
6.860661702004517554e-04,1.535964254564764587e+03,1.535940615541931720e+03,4.903848898316201521e-02,2.165476988462315955e-01,-7.052442979495405452e+05,8.708289655744607671e+01,8.717772118954054861e+01,7.238630930534671545e+08,7.243728256493957043e+08,1.000000000000000000e+00
6.887672181146266889e-04,1.538326123914625441e+03,1.538310941340298996e+03,4.904527560984778267e-02,2.169546055922041417e-01,-7.060527229519933462e+05,8.656522977729721902e+01,8.671697747004763812e+01,7.174487640795681477e+08,7.186113576676789522e+08,1.000000000000000000e+00
6.914682660288017308e-04,1.540647607820515532e+03,1.540633339254800831e+03,4.905212426623006827e-02,2.173547564764262141e-01,-7.068621681922636926e+05,8.599202169004612983e+01,8.606324731536429340e+01,7.106192261273952723e+08,7.110307656722764969e+08,1.000000000000000000e+00
6.943857272135537523e-04,1.543110225326845921e+03,1.543087251094029170e+03,4.905958706507840966e-02,2.177794172143442397e-01,-7.077371290496557485e+05,8.531232055012245041e+01,8.536792127590443613e+01,7.027954153114743233e+08,7.029808264399936199e+08,1.000000000000000000e+00
6.973031883983058822e-04,1.545526841087214507e+03,1.545513636057915392e+03,4.906711284423640601e-02,2.181962877875665840e-01,-7.086122560415223707e+05,8.457183647710058949e+01,8.471373940531567825e+01,6.945295165031789541e+08,6.956143730363868475e+08,1.000000000000000000e+00
7.002206495830580121e-04,1.547898069794598769e+03,1.547885962582288357e+03,4.907469649628957986e-02,2.186054232113035789e-01,-7.094870287002265686e+05,8.377291004016825582e+01,8.381101339220536772e+01,6.858453682658782005e+08,6.860075076336365938e+08,1.000000000000000000e+00
7.031381107678101421e-04,1.550224559553516428e+03,1.550203212579100409e+03,4.908233276428074915e-02,2.190068854879647087e-01,-7.103609376082716044e+05,8.291803487279391049e+01,8.292461685753831091e+01,6.767678358151453733e+08,6.765835812275168896e+08,1.000000000000000000e+00
7.060555719525622720e-04,1.552506977772232631e+03,1.552492140713147592e+03,4.909001628101210268e-02,2.194007408295244876e-01,-7.112334816597797908e+05,8.200984832967463944e+01,8.214639882119193715e+01,6.673227497056992054e+08,6.683791591722719669e+08,1.000000000000000000e+00
7.089730331373142935e-04,1.554746021303049247e+03,1.554736889069196650e+03,4.909774157092779145e-02,2.197870619100656397e-01,-7.121041723667399492e+05,8.105110954975175730e+01,8.106857887678879138e+01,6.575366799042241573e+08,6.575684646588311195e+08,1.000000000000000000e+00
7.118904943220663150e-04,1.556942402993126734e+03,1.556928310604490889e+03,4.910550308585387436e-02,2.201659251789780114e-01,-7.129725308088852325e+05,8.004468946414311858e+01,8.001190998406971744e+01,6.474368582752994299e+08,6.469764182252001762e+08,1.000000000000000000e+00
7.148079555068184449e-04,1.559096860986439424e+03,1.559086804568984235e+03,4.911329521095021688e-02,2.205374129741935474e-01,-7.138380920163445408e+05,7.899354771876747350e+01,7.904878527617951534e+01,6.370509569716995955e+08,6.373740526471045017e+08,1.000000000000000000e+00
7.177254166915705749e-04,1.561210145964110097e+03,1.561205375509365012e+03,4.912111229650717448e-02,2.209016109344087708e-01,-7.147004016448342009e+05,7.790072254086479120e+01,7.792173646088876637e+01,6.264070013031752110e+08,6.265069790765088797e+08,1.000000000000000000e+00
7.206428778763227048e-04,1.563283029662518629e+03,1.563276812218344730e+03,4.912894866739861421e-02,2.212586099774698223e-01,-7.155590203958530910e+05,7.676930700493743132e+01,7.671112850137771488e+01,6.155331570073522329e+08,6.149358561440705061e+08,1.000000000000000000e+00
7.235603390610748347e-04,1.565316292827798407e+03,1.565304637468165993e+03,4.913679865062624968e-02,2.216085038186898504e-01,-7.164135204547606409e+05,7.560243934991490278e+01,7.552843074403351409e+01,6.044576404789917469e+08,6.036666292345280647e+08,1.000000000000000000e+00
7.264778002458268562e-04,1.567310733009811429e+03,1.567306599128972039e+03,4.914465658768350093e-02,2.219513908201908303e-01,-7.172634899142666254e+05,7.440327915242073686e+01,7.445850897181036032e+01,5.932085191985883713e+08,5.936146674362874031e+08,1.000000000000000000e+00
7.293952614305788777e-04,1.569267153248556724e+03,1.569267176463273245e+03,4.915251685761486827e-02,2.222873716211832829e-01,-7.181085290130213834e+05,7.317499866499244376e+01,7.311846590826648651e+01,5.818136256973850727e+08,5.813067446157596111e+08,1.000000000000000000e+00
7.323127226153310076e-04,1.571186369206622203e+03,1.571179677082623357e+03,4.916037389169927718e-02,2.226165508651015701e-01,-7.189482545328595443e+05,7.192075945382896407e+01,7.180743065269086856e+01,5.703003748313549757e+08,5.692684140388633013e+08,1.000000000000000000e+00
7.352301838000831376e-04,1.573069198597899458e+03,1.573067585075285479e+03,4.916822219187338971e-02,2.229390349464355769e-01,-7.197822958748840028e+05,7.064370525233653098e+01,7.058929068125307538e+01,5.586956869766044617e+08,5.581720112391730547e+08,1.000000000000000000e+00
7.381476449848352675e-04,1.574916467721852996e+03,1.574917737166316329e+03,4.917605634716257917e-02,2.232549336231974269e-01,-7.206102994055025047e+05,6.934693956773658385e+01,6.933279737617546346e+01,5.470258250589874983e+08,5.469101962165709734e+08,1.000000000000000000e+00
7.410651061695873974e-04,1.576729001637348347e+03,1.576732179415156907e+03,4.918387104740155197e-02,2.235643578835686540e-01,-7.214319244057079777e+05,6.803352044083294459e+01,6.792541677673128220e+01,5.353163313848403096e+08,5.344395384864273667e+08,1.000000000000000000e+00
7.439825673543395274e-04,1.578507630160894223e+03,1.578501942589246937e+03,4.919166110087848376e-02,2.238674214516283845e-01,-7.222468473452931503e+05,6.670643944516305623e+01,6.654928080916491240e+01,5.235918864298422337e+08,5.222478315322949290e+08,1.000000000000000000e+00
7.469000285390916573e-04,1.580253178780801818e+03,1.580254436858767804e+03,4.919942144337120099e-02,2.241642387757365462e-01,-7.230547577392145758e+05,6.536861862688959945e+01,6.533105211737037621e+01,5.118762624976220131e+08,5.115518687107673883e+08,1.000000000000000000e+00
7.498174897238436788e-04,1.581966474178776252e+03,1.581973264197115896e+03,4.920714715652170501e-02,2.244549264355671092e-01,-7.238553623333487194e+05,6.402289122276025068e+01,6.397587583194876260e+01,5.001922053092375398e+08,4.998633790796784759e+08,1.000000000000000000e+00
7.527349509085957003e-04,1.583648335872291227e+03,1.583657756157061613e+03,4.921483347228855498e-02,2.247396012528261322e-01,-7.246483808995630825e+05,6.267200093311343778e+01,6.253843460022449108e+01,4.885614064384189844e+08,4.875527845116348863e+08,1.000000000000000000e+00
7.556524120933478302e-04,1.585299581314865236e+03,1.585301022290367655e+03,4.922247579163079728e-02,2.250183816075078946e-01,-7.254335503200292587e+05,6.131858458010796653e+01,6.113325057356976089e+01,4.770044077982148528e+08,4.755197563054544926e+08,1.000000000000000000e+00
7.585698732780999601e-04,1.586921018247681104e+03,1.586931491853637453e+03,4.923006968455431731e-02,2.252913856702810080e-01,-7.262106203500349075e+05,5.996517375005419836e+01,5.985792827583175324e+01,4.655405936098941565e+08,4.647282523041480184e+08,1.000000000000000000e+00
7.614873344628520901e-04,1.588513449428967306e+03,1.588525347817594820e+03,4.923761090875192897e-02,2.255587326355660005e-01,-7.269793575910521904e+05,5.861417950933972065e+01,5.856758590452282220e+01,4.541881170193265080e+08,4.539105737609427571e+08,1.000000000000000000e+00
7.644047956476042200e-04,1.590077665669705084e+03,1.590095570172625003e+03,4.924509540549065756e-02,2.258205410737442187e-01,-7.277395412475601770e+05,5.726789634634127424e+01,5.713675877428644867e+01,4.429639112856871486e+08,4.420642163266112804e+08,1.000000000000000000e+00
7.673222568323563499e-04,1.591614450237080518e+03,1.591627983282652622e+03,4.925251931792468119e-02,2.260769300881919908e-01,-7.284909669818867696e+05,5.592848896597789121e+01,5.573798239448484537e+01,4.318836370257157683e+08,4.304839581187546849e+08,1.000000000000000000e+00
7.702397180171084799e-04,1.593124572543774548e+03,1.593137393741619690e+03,4.925987898312946672e-02,2.263280177844033680e-01,-7.292334426884150598e+05,5.459799837135258826e+01,5.439816309429765084e+01,4.209617114082958698e+08,4.194694040304805636e+08,1.000000000000000000e+00
7.731571792018605014e-04,1.594608792264782551e+03,1.594622940525734066e+03,4.926717094987256851e-02,2.265739223575526096e-01,-7.299667922256076708e+05,5.327833067412885981e+01,5.326303480907218812e+01,4.102112739520376325e+08,4.101900721614761949e+08,1.000000000000000000e+00
7.760746403866125229e-04,1.596067853645374498e+03,1.596093528293908776e+03,4.927439196714819558e-02,2.268147606746929168e-01,-7.306908512281186413e+05,5.197126508499048470e+01,5.187302062411349368e+01,3.996442318120958805e+08,3.990749566837661266e+08,1.000000000000000000e+00
7.789921015713646528e-04,1.597502489364971552e+03,1.597529616755356074e+03,4.928153900125484960e-02,2.270506492988006164e-01,-7.314054707134468481e+05,5.067844460941817886e+01,5.051374702033263731e+01,3.892712416604042649e+08,3.882060024085109830e+08,1.000000000000000000e+00
7.819095627561167827e-04,1.598913415425454104e+03,1.598932278012202687e+03,4.928860922121897775e-02,2.272817031794321097e-01,-7.321105129496481968e+05,4.940138566556174737e+01,4.918436705231373907e+01,3.791017686625801921e+08,3.775764040649120212e+08,1.000000000000000000e+00
7.848270239408689126e-04,1.600301334790460714e+03,1.600335689652876226e+03,4.929560001508559441e-02,2.275080366185657232e-01,-7.328058549357627053e+05,4.814147048509744309e+01,4.796419787490867748e+01,3.691440817499214411e+08,3.680156981989719272e+08,1.000000000000000000e+00
7.877444851256210426e-04,1.601666932813331186e+03,1.601692229986793336e+03,4.930250897264233656e-02,2.277297620644745668e-01,-7.334913843401629711e+05,4.689995804703208648e+01,4.685605860088521979e+01,3.594053236008874178e+08,3.592496186055752039e+08,1.000000000000000000e+00
7.906619463103731725e-04,1.603010880675299404e+03,1.603046296707430201e+03,4.930933390087838264e-02,2.279469910240562724e-01,-7.341670028552984586e+05,4.567797797128208970e+01,4.556872165130991448e+01,3.498915165568297505e+08,3.493298621567429900e+08,1.000000000000000000e+00
7.935794074951253024e-04,1.604333831310957521e+03,1.604370004695342914e+03,4.931607280443055935e-02,2.281598329542111614e-01,-7.348326222192174755e+05,4.447654244591807071e+01,4.430901662006438357e+01,3.406076408258838058e+08,3.396231143073768020e+08,1.000000000000000000e+00
7.964968686798773239e-04,1.605636422664475731e+03,1.605664349723203259e+03,4.932272390020611685e-02,2.283683961247594263e-01,-7.354881674462514929e+05,4.329654138588074375e+01,4.307613685277618032e+01,3.315576483785425425e+08,3.301231460697706342e+08,1.000000000000000000e+00
7.994143298646293454e-04,1.606919274069976609e+03,1.606957760853967784e+03,4.932928559597156426e-02,2.285727866012963183e-01,-7.361335729420054704e+05,4.213875503721548910e+01,4.194489223603962103e+01,3.227445466557657719e+08,3.215698446470038891e+08,1.000000000000000000e+00
8.023317910493814754e-04,1.608182989341181155e+03,1.608213368692647691e+03,4.933575650416617553e-02,2.287731090622550367e-01,-7.367687856124707032e+05,4.100385017354754780e+01,4.096299067917551184e+01,3.141704179806802273e+08,3.140673155603793263e+08,1.000000000000000000e+00
8.052492522341336053e-04,1.609428153564417016e+03,1.609471308825732649e+03,4.934213541904327455e-02,2.289694658670333727e-01,-7.373937610806792509e+05,3.989239308220747660e+01,3.980254311793223820e+01,3.058365062486365438e+08,3.054808864126483798e+08,1.000000000000000000e+00
8.081667134188857352e-04,1.610655336033956019e+03,1.610702639079855771e+03,4.934842132972407092e-02,2.291619578302806493e-01,-7.380084666774080833e+05,3.880484658640715168e+01,3.866598663623340570e+01,2.977432396841872334e+08,2.970711971054906249e+08,1.000000000000000000e+00
8.110841746036378652e-04,1.611865087416417964e+03,1.611908257652695738e+03,4.935461339628181149e-02,2.293506833690355795e-01,-7.386128777658229228e+05,3.774158315593443547e+01,3.755260494168395979e+01,2.898903182966523170e+08,2.888329476032382846e+08,1.000000000000000000e+00
8.140016357883899951e-04,1.613057942541526472e+03,1.613089038493534872e+03,4.936071096210067899e-02,2.295357392368955196e-01,-7.392069806173635880e+05,3.670288257835364476e+01,3.646169930217788391e+01,2.822767381870622039e+08,2.807609676131595373e+08,1.000000000000000000e+00
8.169190969731421250e-04,1.614234417898263473e+03,1.614283702068792991e+03,4.936671352926737949e-02,2.297172197439561470e-01,-7.397907688490196597e+05,3.568894500213209398e+01,3.556678903305524386e+01,2.749008779712731242e+08,2.743537348744571209e+08,1.000000000000000000e+00
8.198365581578941465e-04,1.615395014288755192e+03,1.615438837742072337e+03,4.937262077030894064e-02,2.298952174531543879e-01,-7.403642461882168427e+05,3.469988915781411976e+01,3.463891969220047429e+01,2.677605233431445360e+08,2.676086968378000259e+08,1.000000000000000000e+00
8.227540193426461680e-04,1.616540214618546315e+03,1.616594741205931314e+03,4.937843250322680039e-02,2.300698224669189829e-01,-7.409274230257465970e+05,3.373576527395577784e+01,3.364205365064864139e+01,2.608529513486354947e+08,2.605557708309651315e+08,1.000000000000000000e+00
8.256714805273982979e-04,1.617670486419710642e+03,1.617728152044993521e+03,4.938414870269280249e-02,2.302411230876342807e-01,-7.414803190733056981e+05,3.279655392742195374e+01,3.266448221381587302e+01,2.541749551278454363e+08,2.536393078358753026e+08,1.000000000000000000e+00
8.285889417121504279e-04,1.618786279899787587e+03,1.618839840193203599e+03,4.938976947503177090e-02,2.304092051650354911e-01,-7.420229600332980044e+05,3.188217899304850533e+01,3.170562238841961289e+01,2.477229284991036952e+08,2.468551902538434863e+08,1.000000000000000000e+00
8.315064028969025578e-04,1.619888030338559929e+03,1.619930551217946686e+03,4.939529506896131461e-02,2.305741527223408027e-01,-7.425553801516622771e+05,3.099250704802721401e+01,3.076490820983347163e+01,2.414929057125451267e+08,2.401994203916333318e+08,1.000000000000000000e+00
8.373413252664068177e-04,1.622050682235776776e+03,1.622102971032670894e+03,4.940606168548338645e-02,2.308948857480404848e-01,-7.435896068018191727e+05,2.928784389580347991e+01,2.923548914440979019e+01,2.296935574767931700e+08,2.296244496322667301e+08,1.000000000000000000e+00
8.431762476359109691e-04,1.624162109030344254e+03,1.624235841957326329e+03,4.941645490342862213e-02,2.312040652238797067e-01,-7.445836555575401289e+05,2.767877700887035886e+01,2.759560046401110611e+01,2.187238331109817922e+08,2.185894883098818064e+08,1.000000000000000000e+00
8.490111700054151205e-04,1.626225237118197356e+03,1.626295192458052952e+03,4.942648077311431049e-02,2.315022846117309463e-01,-7.455380139781358885e+05,2.616257928768186503e+01,2.601357831006170684e+01,2.085421450195624530e+08,2.079440301647708118e+08,1.000000000000000000e+00
8.548460923749193804e-04,1.628242775755923958e+03,1.628324979980422995e+03,4.943614682543059219e-02,2.317901061392495521e-01,-7.464532558620775817e+05,2.473606573056179414e+01,2.467675399390865110e+01,1.991048831566104591e+08,1.991303490209961832e+08,1.000000000000000000e+00
8.606810147444236402e-04,1.630217223357004968e+03,1.630302434733554264e+03,4.944546179606543884e-02,2.320680598635258551e-01,-7.473300214989345986e+05,2.339570583507221002e+01,2.336513820223651194e+01,1.903672961357822716e+08,1.905745317128976882e+08,1.000000000000000000e+00
8.665159371139277917e-04,1.632150886324262274e+03,1.632242498115216677e+03,4.945443548507988396e-02,2.323366466263972197e-01,-7.481690181073915446e+05,2.213770970153478501e+01,2.206663058204264161e+01,1.822842792805599272e+08,1.822774135331142545e+08,1.000000000000000000e+00
8.723508594834319431e-04,1.634045886481007756e+03,1.634124060480171920e+03,4.946307850889589131e-02,2.325963376009771155e-01,-7.489710018892217195e+05,2.095812746050134479e+01,2.080974473884393916e+01,1.748110719705409110e+08,1.742468702049978971e+08,1.000000000000000000e+00
8.781857818529362029e-04,1.635904178972055661e+03,1.635989082679909416e+03,4.947140218123503852e-02,2.328475771911927006e-01,-7.497367788015337428e+05,1.985291451488109260e+01,1.983460949202358492e+01,1.679037985780976415e+08,1.680997864529866874e+08,1.000000000000000000e+00
8.840207042224404628e-04,1.637727559943370125e+03,1.637830477140478251e+03,4.947941829790276219e-02,2.330907828971138795e-01,-7.504671884536690777e+05,1.881800709611152200e+01,1.880346922578846858e+01,1.615199376295848191e+08,1.618213905648675859e+08,1.000000000000000000e+00
8.898556265919446142e-04,1.639517683064944094e+03,1.639624652608732958e+03,4.948713904175451594e-02,2.333263480795207956e-01,-7.511631052937437780e+05,1.784936588685327052e+01,1.780143645138531738e+01,1.556186474070462286e+08,1.557412790419631898e+08,1.000000000000000000e+00
8.956905489614487657e-04,1.641276066855142517e+03,1.641371400432773726e+03,4.949457680177780927e-02,2.335546420169979931e-01,-7.518254242971546482e+05,1.694303137209163168e+01,1.682869884633800339e+01,1.501610541966274977e+08,1.498400474233476222e+08,1.000000000000000000e+00
9.015254713309530255e-04,1.643004109578901989e+03,1.643112480023782837e+03,4.950174410212515586e-02,2.337760124820601748e-01,-7.524550625750258332e+05,1.609515418587973201e+01,1.607224249971201857e+01,1.451104418631200492e+08,1.453042028377426863e+08,1.000000000000000000e+00
9.131953160699614368e-04,1.646373105536664525e+03,1.646500461528805090e+03,4.951530479436813681e-02,2.341989572484226567e-01,-7.536189327979055233e+05,1.456605280344601816e+01,1.455953159073805026e+01,1.361373864625690579e+08,1.364155251714624763e+08,1.000000000000000000e+00
9.248651608089698481e-04,1.649635352782494010e+03,1.649766831857259831e+03,4.952793961180054078e-02,2.345980246725046792e-01,-7.546641913511967286e+05,1.322719732239418455e+01,1.318390927721687866e+01,1.283992872863805443e+08,1.284354467102985978e+08,1.000000000000000000e+00
9.365350055479782594e-04,1.652798515457199301e+03,1.652944004012360665e+03,4.953974360103757801e-02,2.349753087094395565e-01,-7.555983022963700350e+05,1.205366769049909337e+01,1.207990547237238488e+01,1.216841144139838666e+08,1.220146758727217317e+08,1.000000000000000000e+00
9.482048502869866707e-04,1.655869153674234440e+03,1.656016305052584357e+03,4.955080674482747333e-02,2.353326675471585361e-01,-7.564286321142284432e+05,1.102335088733980051e+01,1.100316480453409973e+01,1.158129970084636062e+08,1.158944929755042195e+08,1.000000000000000000e+00
9.598746950259949735e-04,1.658852910442151824e+03,1.659000842389780928e+03,4.956121282176752935e-02,2.356717507673314338e-01,-7.571623467923720600e+05,1.011685380877070450e+01,1.012359761502800559e+01,1.106367756341642439e+08,1.107554272789196074e+08,1.000000000000000000e+00
9.715445397650033848e-04,1.661754686294009616e+03,1.661919773834896887e+03,4.957103892840777210e-02,2.359940289880775866e-01,-7.578063716380283004e+05,9.317302236793926440e+00,9.323868295509109672e+00,1.060322831289582849e+08,1.061217950440211296e+08,1.000000000000000000e+00
9.832143845040117961e-04,1.664578765608393951e+03,1.664735542601308680e+03,4.958035515506154650e-02,2.363008145471126586e-01,-7.583673298360478366e+05,8.610124350592920806e+00,8.562962718019385022e+00,1.018986821539124846e+08,1.017246737661657184e+08,1.000000000000000000e+00
9.948842292430200990e-04,1.667328935978715890e+03,1.667495083158263242e+03,4.958922468545627626e-02,2.365932840425130079e-01,-7.588515307126328116e+05,7.982782861771264393e+00,7.976361976197025250e+00,9.815395014292679727e+07,9.809528610258880258e+07,1.000000000000000000e+00
1.006554073982028619e-03,1.670008570110222308e+03,1.670196353248778223e+03,4.959770393969761826e-02,2.368724935901692918e-01,-7.592649373989985324e+05,7.424535535875223857e+00,7.426158991306762047e+00,9.473174670936366916e+07,9.464673693602760136e+07,1.000000000000000000e+00
1.018223918721036922e-03,1.672620705936522427e+03,1.672807425168592545e+03,4.960584296861068887e-02,2.371393957295550026e-01,-7.596131733348014532e+05,6.926185248213176493e+00,6.899427189014756934e+00,9.157861072013260424e+07,9.135118905491513014e+07,1.000000000000000000e+00
1.029893763460045224e-03,1.675168097937113771e+03,1.675369530456094481e+03,4.961368582380021319e-02,2.373948505038165069e-01,-7.599015091024531284e+05,6.479871301046369325e+00,6.479473881165199067e+00,8.865159464303237200e+07,8.850156733272506297e+07,1.000000000000000000e+00
1.041563608199053744e-03,1.677653270648520447e+03,1.677864002858437516e+03,4.962127106483489591e-02,2.376396381166052951e-01,-7.601348794651447097e+05,6.078866748736271752e+00,6.080553053224362792e+00,8.591623130916815996e+07,8.571414957982358336e+07,1.000000000000000000e+00
1.053233452938062264e-03,1.680078549854529911e+03,1.680293919413991944e+03,4.962863220767706196e-02,2.378744669438250803e-01,-7.603178820625717053e+05,5.717414108900936043e+00,5.704563796209795257e+00,8.334487179103733599e+07,8.304804148853714764e+07,1.000000000000000000e+00
1.064903297677070567e-03,1.682446098626828416e+03,1.682659268155694690e+03,4.963579823953770398e-02,2.380999830719074672e-01,-7.604547996294973418e+05,5.390570978169070493e+00,5.356285477621541169e+00,8.091529055251440406e+07,8.053078808527739346e+07,1.000000000000000000e+00
1.082434848062157132e-03,1.685898201493753731e+03,1.686129783656585005e+03,4.964624373226336762e-02,2.384223775491945974e-01,-7.605812719447567360e+05,4.956990964345074246e+00,4.951698208182800265e+00,7.749960342337593436e+07,7.719584758945403993e+07,1.000000000000000000e+00
1.099966398447243480e-03,1.689231374548481426e+03,1.689469572598415880e+03,4.965637667207764561e-02,2.387269846498977222e-01,-7.606256590557828313e+05,4.580040367120266076e+00,4.561633497985317476e+00,7.431736621351668239e+07,7.391150598547919095e+07,1.000000000000000000e+00
1.117497948832330045e-03,1.692451417552911380e+03,1.692707153294352111e+03,4.966625055837533415e-02,2.390153710592592406e-01,-7.605987890126163838e+05,4.250283528750171236e+00,4.242467316831146640e+00,7.133515035932914913e+07,7.098966101198735833e+07,1.000000000000000000e+00
1.135029499217416610e-03,1.695563707811145150e+03,1.695825905058735771e+03,4.967590646084184963e-02,2.392889229535549445e-01,-7.605102820108927554e+05,3.960096774767093653e+00,3.949002606868242893e+00,6.852800371690711379e+07,6.812226128972497582e+07,1.000000000000000000e+00
1.152561049602503175e-03,1.698573249845953114e+03,1.698841421122004249e+03,4.968537535827958346e-02,2.395488699970040325e-01,-7.603686581061533652e+05,3.703288120480057621e+00,3.677348708184214221e+00,6.587691084117363393e+07,6.535374681825379282e+07,1.000000000000000000e+00
1.170092599987589740e-03,1.701484730010072326e+03,1.701773211240991941e+03,4.969468016658444565e-02,2.397963084399369060e-01,-7.601814614280940732e+05,3.474797826258113176e+00,3.458183690063242555e+00,6.336701479384048283e+07,6.291227008278837055e+07,1.000000000000000000e+00
1.187624150372676088e-03,1.704302542583259992e+03,1.704591865725711159e+03,4.970383739830257913e-02,2.400322174917063900e-01,-7.599553554905903293e+05,3.270467240437065826e+00,3.254297228431974887e+00,6.098638428973094374e+07,6.052274268183257431e+07,1.000000000000000000e+00
1.205155700757762653e-03,1.707030825822830820e+03,1.707324180794996892e+03,4.971285856850838486e-02,2.402574756943288148e-01,-7.596962272501679836e+05,3.086859636149927866e+00,3.065903407931036551e+00,5.872517095106249303e+07,5.820331112845718116e+07,1.000000000000000000e+00
1.222687251142849218e-03,1.709673476760751100e+03,1.709975197116245681e+03,4.972175131866801018e-02,2.404728723998237339e-01,-7.594092665424825391e+05,2.921117871655445786e+00,2.900112786349045457e+00,5.657501898575408757e+07,5.606730735082416236e+07,1.000000000000000000e+00
1.240218801527935566e-03,1.712234177480440167e+03,1.712532583376259254e+03,4.973052035567009088e-02,2.406791196859255910e-01,-7.590990502781994874e+05,2.770856023027203907e+00,2.758742135889933778e+00,5.452867570749533176e+07,5.413772373758278787e+07,1.000000000000000000e+00
1.257750351913022131e-03,1.714716404391305787e+03,1.715026515193983641e+03,4.973916818425678371e-02,2.408768605923282125e-01,-7.587696066205503885e+05,2.634069334188603229e+00,2.621278038753953599e+00,5.257970655955701321e+07,5.213043762319274247e+07,1.000000000000000000e+00
1.275281902298108696e-03,1.717123448950754437e+03,1.717432835708809762e+03,4.974769571510333915e-02,2.410666779883814670e-01,-7.584244818517446984e+05,2.509067694350616051e+00,2.489948481820566606e+00,5.072231929182530195e+07,5.021429935376396030e+07,1.000000000000000000e+00
1.292813452683195261e-03,1.719458424100566162e+03,1.719786672435829587e+03,4.975610272422623798e-02,2.412491005997210447e-01,-7.580667913962375605e+05,2.394416829600127805e+00,2.385859825432830039e+00,4.895122065988541394e+07,4.855466744401797652e+07,1.000000000000000000e+00
1.310345003068281826e-03,1.721724281490266321e+03,1.722039956589680060e+03,4.976438823505308084e-02,2.414246097333212493e-01,-7.576992724232577020e+05,2.288896888010721220e+00,2.278797104490553505e+00,4.726153896373500675e+07,4.689142387884942442e+07,1.000000000000000000e+00
1.327876553453368174e-03,1.723923816324044310e+03,1.724248467846219228e+03,4.977255079345942190e-02,2.415936437587898611e-01,-7.573243241130616516e+05,2.191462681483669073e+00,2.179283827815896579e+00,4.564874502448914200e+07,4.522578269451197237e+07,1.000000000000000000e+00
1.345408103838454739e-03,1.726059682133932029e+03,1.726384832732365339e+03,4.978058869967370154e-02,2.417566032919002406e-01,-7.569440488771782257e+05,2.101217534622469962e+00,2.083773633429987449e+00,4.410861847108064592e+07,4.362789328709552437e+07,1.000000000000000000e+00
1.360552689562696121e-03,1.727855507264106109e+03,1.728184727315084501e+03,4.978743045021562924e-02,2.418927802383896153e-01,-7.566127464433817659e+05,2.028466289580729942e+00,2.011086935633240369e+00,4.283373930855710059e+07,4.236863093738044798e+07,1.000000000000000000e+00
1.375697275286937287e-03,1.729607173692061906e+03,1.729924505974661088e+03,4.979417645608556764e-02,2.420249057305882134e-01,-7.562798597695620265e+05,1.960073333493763670e+00,1.948204354599408106e+00,4.160779903057109565e+07,4.127935739488596469e+07,1.000000000000000000e+00
1.390841861011178453e-03,1.731316160095226678e+03,1.731643416530850118e+03,4.980082564653035004e-02,2.421531821146973851e-01,-7.559463171795532107e+05,1.895655287121856603e+00,1.883403566473871082e+00,4.042853713295330107e+07,4.006831393951494992e+07,1.000000000000000000e+00
1.405986446735419618e-03,1.732983882791433871e+03,1.733316512808999960e+03,4.980737705472418342e-02,2.422777976485593898e-01,-7.556129413222384173e+05,1.834872918359061744e+00,1.820664258056206242e+00,3.929381597278097272e+07,3.889603856686615944e+07,1.000000000000000000e+00
1.421131032459660784e-03,1.734611695889419707e+03,1.734945660693629407e+03,4.981382983172605999e-02,2.423989273671527667e-01,-7.552804586099068401e+05,1.777423618088858515e+00,1.759875775714464963e+00,3.820160591066527367e+07,3.776043382680496573e+07,1.000000000000000000e+00
1.436275618183901950e-03,1.736200897294673041e+03,1.736532622514925606e+03,4.982018327126267604e-02,2.425167344926482949e-01,-7.549495096177685773e+05,1.723039306344820165e+00,1.700935024239680793e+00,3.714999011069458723e+07,3.665954629480984807e+07,1.000000000000000000e+00
1.451420203908143115e-03,1.737752728738523047e+03,1.738088075756223134e+03,4.982643681039321260e-02,2.426313711124693795e-01,-7.546206567538555246e+05,1.671480664553524509e+00,1.658755571711661991e+00,3.613715272134745121e+07,3.580894984193963557e+07,1.000000000000000000e+00
1.466564789632384498e-03,1.739268381189155207e+03,1.739592233685106066e+03,4.983259004387011193e-02,2.427429793493929566e-01,-7.542943926181700081e+05,1.622536578715334299e+00,1.609066907057568052e+00,3.516138641336847097e+07,3.484934627416396886e+07,1.000000000000000000e+00
1.481709375356625880e-03,1.740748994754691694e+03,1.741079316056243897e+03,4.983864271700735177e-02,2.428516918873311892e-01,-7.539711461954069091e+05,1.576020235824213245e+00,1.561458300618846495e+00,3.422108534644246101e+07,3.388270666953430325e+07,1.000000000000000000e+00
1.496853961080867046e-03,1.742195663531048694e+03,1.742529878003462272e+03,4.984459473429651150e-02,2.429576329399853185e-01,-7.536512894996743416e+05,1.531770457466642199e+00,1.515175990869946920e+00,3.331475862744266540e+07,3.294308748549536616e+07,1.000000000000000000e+00
1.527143132529349377e-03,1.744990371433760174e+03,1.745325545675075091e+03,4.985619688114560633e-02,2.431615491355147984e-01,-7.530226600828196388e+05,1.448959680348814949e+00,1.426397729050234320e+00,3.159612167750271037e+07,3.114096563677384704e+07,1.000000000000000000e+00
1.557432303977831708e-03,1.747662635535229583e+03,1.747982968283710079e+03,4.986740504978376398e-02,2.433558261098066056e-01,-7.524109144477592781e+05,1.373363897821472168e+00,1.351985659984040744e+00,2.999541756031558290e+07,2.968503151351687312e+07,1.000000000000000000e+00
1.587721475426314257e-03,1.750219708492802511e+03,1.750548309893529449e+03,4.987822339708031238e-02,2.435412063112887271e-01,-7.518174679906967795e+05,1.304013671894018955e+00,1.278137313142009290e+00,2.850247916217526048e+07,2.814090688818933442e+07,1.000000000000000000e+00
1.616182557140168497e-03,1.752523575037899036e+03,1.752855889866731559e+03,4.988803883160614766e-02,2.437078908405461708e-01,-7.512773881421152037e+05,1.243900594155072925e+00,1.211915313188116627e+00,2.718998554465358704e+07,2.675631548323031142e+07,1.000000000000000000e+00
1.644643638854022521e-03,1.754736693112753755e+03,1.755064775165201127e+03,4.989752046106899624e-02,2.438677798835150456e-01,-7.507548116290104808e+05,1.188083622974459352e+00,1.160503755447349850e+00,2.595795690530467778e+07,2.564032396415654942e+07,1.000000000000000000e+00
1.673104720567876545e-03,1.756863858671749995e+03,1.757180251109538176e+03,4.990667505927082886e-02,2.440213138033521800e-01,-7.502499983960924437e+05,1.136113003037877878e+00,1.108443487786084702e+00,2.480027588131738082e+07,2.448788335269162431e+07,1.000000000000000000e+00
1.701565802281730568e-03,1.758909542213043096e+03,1.759230239313608763e+03,4.991551012250131786e-02,2.441688905659526454e-01,-7.497630199155290611e+05,1.087603746454953058e+00,1.059811729201443065e+00,2.371137894578278437e+07,2.337524789433625340e+07,1.000000000000000000e+00
1.730026883995584592e-03,1.760877910537089974e+03,1.761201703507128968e+03,4.992403368320690732e-02,2.443108705178637652e-01,-7.492937971066115424e+05,1.042218718307414527e+00,1.013066831105861487e+00,2.268617615587361902e+07,2.230579370216501504e+07,1.000000000000000000e+00
1.758487965709438616e-03,1.762772856038762711e+03,1.763089029348800523e+03,4.993225419428556910e-02,2.444475812564988471e-01,-7.488421312862546183e+05,9.996682759237202065e-01,9.763672126847152688e-01,2.172003784012576193e+07,2.144408678732962534e+07,1.000000000000000000e+00
1.786949047423292639e-03,1.764598014184308568e+03,1.764903012960861361e+03,4.994018038092132988e-02,2.445793211020187152e-01,-7.484077301832037047e+05,9.596971410646730760e-01,9.381085391474403012e-01,2.080872582626322284e+07,2.055856229344616085e+07,1.000000000000000000e+00
1.815410129137146663e-03,1.766356787810354717e+03,1.766664836016764866e+03,4.994782115890071539e-02,2.447063627464019508e-01,-7.479902286898801103e+05,9.220864635979679758e-01,9.025287122923193461e-01,1.994838819565257430e+07,1.969287738319684938e+07,1.000000000000000000e+00
1.843996845244914515e-03,1.768059705867224466e+03,1.768370929748957678e+03,4.995521741841312674e-02,2.448294870635505660e-01,-7.475874725601698738e+05,8.864901345131184218e-01,8.680346047545809407e-01,1.913200866633444652e+07,1.885360973917013034e+07,1.000000000000000000e+00
1.872583561352682367e-03,1.769701894373336927e+03,1.770016593527806435e+03,4.996234399672804666e-02,2.449483560494022938e-01,-7.472008715961005073e+05,8.529229463498635422e-01,8.347135628874247093e-01,1.836029796796976775e+07,1.804288360976197198e+07,1.000000000000000000e+00
1.901170277460450218e-03,1.771286187211803963e+03,1.771581032363014856e+03,4.996920999072489156e-02,2.450631829497034175e-01,-7.468299257385185920e+05,8.212627173689404092e-01,8.076694552685833584e-01,1.763040896088662371e+07,1.744676151800920442e+07,1.000000000000000000e+00
1.929756993568218070e-03,1.772815243483390304e+03,1.773109209190503634e+03,4.997582443679852993e-02,2.451741639469876555e-01,-7.464741101592893247e+05,7.914506156487897126e-01,7.716788026658070176e-01,1.693996488716879487e+07,1.672250669783636928e+07,1.000000000000000000e+00
1.986930425783753774e-03,1.775715216074394220e+03,1.776014045715928887e+03,4.998832561990954049e-02,2.453851301785813788e-01,-7.458061877963051666e+05,7.354910280845061710e-01,7.015454618046589319e-01,1.566194517000675015e+07,1.534015786948264204e+07,1.000000000000000000e+00
2.044103857999289477e-03,1.778426097990203971e+03,1.778709471742090273e+03,4.999995132016218230e-02,2.455830436202954548e-01,-7.451912680364851840e+05,6.852285990407490646e-01,6.492464073221533294e-01,1.451098640087067522e+07,1.424646089017802663e+07,1.000000000000000000e+00
2.105557163299196302e-03,1.781147049395320437e+03,1.781431360339423918e+03,5.001154378421451135e-02,2.457824726942787197e-01,-7.445847966817377601e+05,6.363379241305000544e-01,6.094531437388071016e-01,1.339651545135661587e+07,1.315654319262756407e+07,1.000000000000000000e+00
2.167010468599103127e-03,1.783686459993628887e+03,1.783978242549331071e+03,5.002227939420553909e-02,2.459693840108138629e-01,-7.440297257862372790e+05,5.921935307512387059e-01,5.732257773954730906e-01,1.239368609052628465e+07,1.214160681386480480e+07,1.000000000000000000e+00
2.228463773899009952e-03,1.786060083954686206e+03,1.786333440104601323e+03,5.003222789729422360e-02,2.461448426300156811e-01,-7.435214841061623301e+05,5.521654676979061982e-01,5.349907041215336001e-01,1.148864955683779903e+07,1.131927468682964519e+07,1.000000000000000000e+00
2.289917079198916777e-03,1.788281939628556984e+03,1.788557259238871893e+03,5.004145342999508778e-02,2.463097853378256874e-01,-7.430558347917238716e+05,5.158186970976043062e-01,4.868816183066839720e-01,1.066999659244938008e+07,1.043050828950162791e+07,1.000000000000000000e+00
2.362091248299030832e-03,1.790713596185339156e+03,1.790989483622985972e+03,5.005144040650585241e-02,2.464911310979252534e-01,-7.425583336513009854e+05,4.769298223941725867e-01,4.362990977983381979e-01,9.804097921166596934e+06,9.495741358964633197e+06,1.000000000000000000e+00
2.434265417399144454e-03,1.792972334330245985e+03,1.793236432000115883e+03,5.006060648319175799e-02,2.466604000586224699e-01,-7.421081366945877671e+05,4.419410208101363091e-01,4.084120572075866096e-01,9.029295039000267163e+06,8.795747778528081253e+06,1.000000000000000000e+00
2.506439586499258510e-03,1.795073960968285292e+03,1.795342624149629501e+03,5.006902875791415658e-02,2.468186345231238310e-01,-7.417002031030321959e+05,4.103292313602209251e-01,3.835799139412813252e-01,8.333765808328808285e+06,8.107465254661186598e+06,1.000000000000000000e+00
2.578613755599372566e-03,1.797032449558756753e+03,1.797290537308627563e+03,5.007677628420137417e-02,2.469667534580078927e-01,-7.413300317666064948e+05,3.818123848878766102e-01,3.633631566603385821e-01,7.708207051420502365e+06,7.562376810912019573e+06,1.000000000000000000e+00
2.677453224115658968e-03,1.799502392795491915e+03,1.799761209066994752e+03,5.008639234280974628e-02,2.471544960689109061e-01,-7.408777603211032692e+05,3.464609533870153246e-01,3.267589894088684943e-01,6.947383436731214635e+06,6.779087060118143447e+06,1.000000000000000000e+00
2.776292692631945370e-03,1.801758577569546105e+03,1.802024788990509705e+03,5.009502609393065575e-02,2.473269419822384796e-01,-7.404788224060703069e+05,3.154008427683154814e-01,2.973350315432742308e-01,6.282778790803403594e+06,6.085872505149603821e+06,1.000000000000000000e+00
2.875132161148231773e-03,1.803824756564242080e+03,1.804076718009196384e+03,5.010279680996103380e-02,2.474856822393935452e-01,-7.401258466272351798e+05,2.878851111801274953e-01,2.717763322429642137e-01,5.699205411536734551e+06,5.560172141413521022e+06,1.000000000000000000e+00
2.973971629664517741e-03,1.805721430007310119e+03,1.805976556304661926e+03,5.010980703005052384e-02,2.476321000900109093e-01,-7.398125944703989662e+05,2.634138629792975861e-01,2.397024615450726037e-01,5.184669068589161150e+06,4.994632750955090858e+06,1.000000000000000000e+00
3.072770003919425390e-03,1.807465672054387369e+03,1.807711488495809363e+03,5.011614256341238860e-02,2.477673508027497529e-01,-7.395338956669706386e+05,2.415800008580895053e-01,2.123543480303854425e-01,4.729431272804986686e+06,4.545211745477481745e+06,1.000000000000000000e+00
3.171568378174332604e-03,1.809073749762255829e+03,1.809320687096983193e+03,5.012188262112301368e-02,2.478925579616768071e-01,-7.392851413275208324e+05,2.220349237043922619e-01,1.987827524612211794e-01,4.325069535555675626e+06,4.159759409849675372e+06,1.000000000000000000e+00
3.270366752429240253e-03,1.810559160316773159e+03,1.810810015336846845e+03,5.012709312593757044e-02,2.480086563347805861e-01,-7.390625310387616046e+05,2.044851909661243861e-01,1.859850784713455718e-01,3.964691656468135770e+06,3.805957444821275771e+06,1.000000000000000000e+00
3.369165126684147901e-03,1.811933739734383607e+03,1.812176667918295152e+03,5.013183128312699577e-02,2.481164725971609641e-01,-7.388628258741958998e+05,1.886886437143181494e-01,1.763025569731332953e-01,3.642529419992782176e+06,3.537731847258674446e+06,1.000000000000000000e+00
3.467963500939055550e-03,1.813207894795587890e+03,1.813451118629822076e+03,5.013614680424363645e-02,2.482167395031627533e-01,-7.386832595981892664e+05,1.744320258788376599e-01,1.602540657577669336e-01,3.353679366935408209e+06,3.235423263657283038e+06,1.000000000000000000e+00
3.566761875193963198e-03,1.814390805002592515e+03,1.814636298396550728e+03,5.014008299718240858e-02,2.483101082281854444e-01,-7.385214620106031653e+05,1.615380883490090125e-01,1.457939036345871908e-01,3.094000490984584205e+06,2.960211424422573298e+06,1.000000000000000000e+00
3.665560249448870846e-03,1.815490582869061427e+03,1.815739980500194861e+03,5.014367763554546109e-02,2.483971581149194696e-01,-7.383753966297640000e+05,1.498517743101635546e-01,1.322466890966039477e-01,2.859952357574197929e+06,2.702376105967892334e+06,1.000000000000000000e+00
3.764358623703778495e-03,1.816514414898643963e+03,1.816753880624539306e+03,5.014696376147851492e-02,2.484784050696366708e-01,-7.382433041899341624e+05,1.392601612437033842e-01,1.257138649915305328e-01,2.648599167274389416e+06,2.538545479390195105e+06,1.000000000000000000e+00
3.880377479379528219e-03,1.817627877474872321e+03,1.817868634805580541e+03,5.015046587048451604e-02,2.485669892412971094e-01,-7.381040577398650348e+05,1.279780060075343395e-01,1.144722333305379369e-01,2.425564036113837734e+06,2.312614038684519939e+06,1.000000000000000000e+00
3.996396335055277943e-03,1.818655441198927292e+03,1.818899011485057599e+03,5.015362953901718324e-02,2.486489497553323602e-01,-7.379796725374283269e+05,1.178684155599227235e-01,1.040161777797422860e-01,2.226457821179082617e+06,2.102473314798508771e+06,1.000000000000000000e+00
4.112415190731027667e-03,1.819605064991291783e+03,1.819842129054771021e+03,5.015648982981205095e-02,2.487248682636811481e-01,-7.378683659925893880e+05,1.087816740937378457e-01,9.566316677711508842e-02,2.048215288031583652e+06,1.946689516030732775e+06,1.000000000000000000e+00
4.228434046406776524e-03,1.820483707617226401e+03,1.820720980826130244e+03,5.015907705589692928e-02,2.487952526690542232e-01,-7.377685938762975857e+05,1.006924217362501761e-01,8.643516284242108716e-02,1.888697834543831181e+06,1.779905960058992030e+06,1.000000000000000000e+00
4.460471757758275105e-03,1.822046210346848966e+03,1.822287006142512837e+03,5.016351328386475794e-02,2.489207097566846771e-01,-7.375992971819159575e+05,8.646617672843801006e-02,6.893305027285792641e-02,1.615110159007156966e+06,1.481570486573423026e+06,1.000000000000000000e+00
4.692509469109774553e-03,1.823404928828007087e+03,1.823640127752682247e+03,5.016723424948726223e-02,2.490301752011839231e-01,-7.374593893447467126e+05,7.478546384972434291e-02,5.664713254475709642e-02,1.390664450419650879e+06,1.269075109375870321e+06,1.000000000000000000e+00
4.924547180461273134e-03,1.824592443733603886e+03,1.824830344188698746e+03,5.017037447274085016e-02,2.491261181369340272e-01,-7.373427368325707503e+05,6.504190391862982312e-02,5.110349451737811188e-02,1.204685735612077173e+06,1.097468532245975453e+06,1.000000000000000000e+00
5.156584891812771715e-03,1.825634993717658062e+03,1.825871473218728624e+03,5.017303771867344386e-02,2.492105476461033142e-01,-7.372447460832826328e+05,5.685778983591058267e-02,4.731643017702463067e-02,1.049400345050430158e+06,9.658654818040075479e+05,1.000000000000000000e+00
5.388622603164271163e-03,1.826553840628539774e+03,1.826789506983802994e+03,5.017530474761340564e-02,2.492851060126856644e-01,-7.371619453226614278e+05,4.993811889075022714e-02,4.072861111193034483e-02,9.188301279452339513e+05,8.400853030736790970e+05,1.000000000000000000e+00
5.620660314515769744e-03,1.827366290670536046e+03,1.827604034017274671e+03,5.017723867375906144e-02,2.493511385080300902e-01,-7.370916886582828593e+05,4.406126054620906202e-02,3.346851531474141772e-02,8.083851161452449160e+05,7.196556243449414615e+05,1.000000000000000000e+00
5.874605226283687726e-03,1.828149654678275738e+03,1.828384508509745274e+03,5.017903018698986750e-02,2.494148904130733535e-01,-7.370268181176569778e+05,3.859512351144065573e-02,2.838151037119226311e-02,7.062942612322580535e+05,6.261432260716775199e+05,1.000000000000000000e+00
6.128550138051606574e-03,1.828838641129579173e+03,1.829073851771276395e+03,5.018053917628322730e-02,2.494710251738840034e-01,-7.369722965372717008e+05,3.401296767882787397e-02,2.487406599737567933e-02,6.204066019477928057e+05,5.455766712756457273e+05,1.000000000000000000e+00
6.636439961587444272e-03,1.829969021529406746e+03,1.830206690643521142e+03,5.018283314136214729e-02,2.495631444068811267e-01,-7.368889350957537536e+05,2.671984328040478973e-02,1.951168092722049829e-02,4.860747111625867547e+05,4.141005799397943192e+05,1.000000000000000000e+00
7.144329785123281970e-03,1.830874470262522436e+03,1.831108519043709521e+03,5.018456428032445904e-02,2.496370565461455693e-01,-7.368258067067773081e+05,2.128561111720391613e-02,1.474450693245683494e-02,3.860264346443660907e+05,3.262942220522568095e+05,1.000000000000000000e+00
7.652219608659118801e-03,1.831606557099320071e+03,1.831842486030533792e+03,5.018588818322602951e-02,2.496968790049622910e-01,-7.367770720929319505e+05,1.714037999109191412e-02,9.457696420036559165e-03,3.100733958782679983e+05,2.421831268184704240e+05,1.000000000000000000e+00
8.160123708451996749e-03,1.832202675537886080e+03,1.832436378377989286e+03,5.018690763003735150e-02,2.497456215736791885e-01,-7.367390399407716468e+05,1.393211279672881484e-02,7.108096618073636921e-03,2.515225199742413533e+05,1.936118686436331773e+05,1.000000000000000000e+00
8.668027808244873830e-03,1.832690045956022686e+03,1.832925223654258389e+03,5.018769029407810917e-02,2.497854855413553510e-01,-7.367093988698141184e+05,1.143088144727773953e-02,6.567207848281883358e-03,2.058968236088845297e+05,1.556029402156794094e+05,1.000000000000000000e+00
9.683836007830627993e-03,1.833396698637597410e+03,1.833630573429263904e+03,5.018868668027889196e-02,2.498432180041712525e-01,-7.366706538994254079e+05,7.929329393765522510e-03,5.162689551942077799e-03,1.426404486678924004e+05,1.044769191523676127e+05,1.000000000000000000e+00
1.069964420743912958e-02,1.833897208650522089e+03,1.834132075808501668e+03,5.018934122232705103e-02,2.498841293053686297e-01,-7.366444724664583337e+05,5.601254718597408096e-03,2.626205481249175005e-03,1.005891144011980505e+05,6.060950318343453546e+04,1.000000000000000000e+00
1.171545240704763118e-02,1.834255310856351571e+03,1.834489466295538477e+03,5.018977426003001091e-02,2.499134005123632707e-01,-7.366265970524456352e+05,4.008551285227614919e-03,1.458639183114610136e-03,7.187576268047744816e+04,3.582941417122175335e+04,1.000000000000000000e+00
1.374706880626443140e-02,1.834668233468623157e+03,1.834901860159814987e+03,5.019018948214876152e-02,2.499471142332053419e-01,-7.366089528779769316e+05,2.219493961792623309e-03,3.595360211984825120e-04,3.977619507209827862e+04,6.970166445428025327e+03,1.000000000000000000e+00
1.577868520548088641e-02,1.834901095887393467e+03,nan,5.019041231231764766e-02,2.499661384334134206e-01,-7.365992216164469719e+05,1.250885247954191875e-03,nan,2.239474041791945274e+04,nan,0.000000000000000000e+00
1.781030160469790347e-02,1.835033587583118788e+03,nan,5.019053560785909085e-02,2.499769698031887033e-01,-7.365937311503023375e+05,7.116257747099647086e-04,nan,1.273010054186815796e+04,nan,0.000000000000000000e+00
1.984191800391492053e-02,1.835109332033428473e+03,nan,5.019060507372165303e-02,2.499831689867458850e-01,-7.365905991236430127e+05,4.069486507925324068e-04,nan,7.273558705390278192e+03,nan,0.000000000000000000e+00
2.187353440313193759e-02,1.835152742229082605e+03,nan,5.019064486039245820e-02,2.499867290148718169e-01,-7.365887920111550484e+05,2.333948028421311226e-04,nan,4.166546585156962465e+03,nan,0.000000000000000000e+00
2.390515080234894771e-02,1.835177659132458757e+03,nan,5.019066851911782590e-02,2.499887797595638506e-01,-7.365877115526127163e+05,1.342152520171822710e-04,nan,2.391307978597146302e+03,nan,0.000000000000000000e+00
2.593676720156596824e-02,1.835191941012684083e+03,nan,5.019068439083099187e-02,2.499899623778685520e-01,-7.365869784953440540e+05,7.808495028217412389e-05,nan,1.386334305037379636e+03,nan,0.000000000000000000e+00
2.796838360078298183e-02,1.835199599426208351e+03,nan,5.019069714286770317e-02,2.499906027781600704e-01,-7.365863789809348527e+05,4.940613552971403940e-05,nan,8.713457144698732009e+02,nan,0.000000000000000000e+00
2.999999999999999889e-02,1.835199599426208351e+03,nan,5.019069714286770317e-02,2.499906027781600704e-01,-7.365863789809350856e+05,4.940613553544101889e-05,nan,8.713457144948133646e+02,nan,0.000000000000000000e+00
