z,T,fgm_T,Z,C,h,omega_C,fgm_omega_C,qdot,fgm_qdot,covered
0.000000000000000000e+00,3.000000000000000000e+02,nan,4.558786387687835395e-02,2.038301049800702106e-02,-4.164060975576608325e+05,1.045931466885495313e-02,nan,4.310758731488977792e+05,nan,0.000000000000000000e+00
2.701047914175006761e-06,3.042262718322758701e+02,3.041161594619302946e+02,4.557253610669915328e-02,2.084831810999471582e-02,-4.164412880115759326e+05,1.066115421129750288e-02,1.039243838151062554e-02,4.289036637018825277e+05,4.139408819997736719e+05,1.000000000000000000e+00
5.402095828350013522e-06,3.084952874785298036e+02,3.083872898438238508e+02,4.555730708219488806e-02,2.131845434314633136e-02,-4.164689484986621537e+05,1.096976440949389703e-02,1.064172012023171209e-02,4.289488270034240559e+05,4.132612406079069478e+05,1.000000000000000000e+00
8.103143742525020706e-06,3.128065492218083818e+02,3.127020465526366593e+02,4.554218050146335156e-02,2.179338894668989349e-02,-4.164890225348115200e+05,1.133864078762911697e-02,1.095577306226141329e-02,4.307385174858944374e+05,4.140273766323945601e+05,1.000000000000000000e+00
1.080419165670002704e-05,3.171595606729470092e+02,3.170597763655345034e+02,4.552715995003452781e-02,2.227309269538909481e-02,-4.165014636800366570e+05,1.176915488611074770e-02,1.138039451344882019e-02,4.341480599161587888e+05,4.178286301125574391e+05,1.000000000000000000e+00
1.350523957087503338e-05,3.215538275613594124e+02,3.214559165107869489e+02,4.551224890464235229e-02,2.275753738790421005e-02,-4.165062347623000969e+05,1.226473425163698491e-02,1.182201342096057123e-02,4.391181844032370136e+05,4.216676199637629907e+05,1.000000000000000000e+00
1.620628748505004141e-05,3.259888584483308591e+02,3.258928452203567190e+02,4.549745073684561408e-02,2.324669584091176161e-02,-4.165033071325474884e+05,1.282902048264450770e-02,1.236513712261221032e-02,4.456226828353898018e+05,4.277660282173969317e+05,1.000000000000000000e+00
1.890733539922504944e-05,3.304641653790323517e+02,3.303717610871445345e+02,4.548276871649534897e-02,2.374054188067094284e-02,-4.164926599501213059e+05,1.346582637062451043e-02,1.298959170625883786e-02,4.536569018490054295e+05,4.357557834956615698e+05,1.000000000000000000e+00
2.160838331340005409e-05,3.349792644726057915e+02,3.348871201149287344e+02,4.546820601508885784e-02,2.423905033166115150e-02,-4.164742794966741931e+05,1.417916859203375776e-02,1.371937158138548420e-02,4.632321876858645119e+05,4.459633601523897378e+05,1.000000000000000000e+00
2.430943122757505873e-05,3.395336764591998531e+02,3.394449063258187493e+02,4.545376570900105939e-02,2.474219700327303512e-02,-4.164481585200991831e+05,1.497330138558775579e-02,1.448344145387878146e-02,4.743730671092617558e+05,4.567477368988048402e+05,1.000000000000000000e+00
2.701047914175006676e-05,3.441269271618168659e+02,3.440422563607002076e+02,4.543945078261224513e-02,2.524995867418700426e-02,-4.164142956079027499e+05,1.585274822734573930e-02,1.532516168136083094e-02,4.871158203893761965e+05,4.689918158781570964e+05,1.000000000000000000e+00
2.971152705592507479e-05,3.487585479304761975e+02,3.486768303109963654e+02,4.542526413131665886e-02,2.576231307530331763e-02,-4.163726945914615644e+05,1.682233470582832763e-02,1.625311514461126941e-02,5.015078272057935246e+05,4.828773648391769384e+05,1.000000000000000000e+00
3.241257497010008282e-05,3.534280760266910306e+02,3.533503608021447917e+02,4.541120856442502907e-02,2.627923887089153587e-02,-4.163233639805660932e+05,1.788726951615608046e-02,1.724321005688762148e-02,5.176076156174097559e+05,4.978706160239884048e+05,1.000000000000000000e+00
3.781467079845009889e-05,3.628782562883516789e+02,3.628097679102460233e+02,4.538349710407211385e-02,2.732666675693062527e-02,-4.162019394132829038e+05,2.032170179955689743e-02,1.975755420863117839e-02,5.550904165318539599e+05,5.379637728510383749e+05,1.000000000000000000e+00
4.321676662680010817e-05,3.724733319028451319e+02,3.724042745811021859e+02,4.535632942646684873e-02,2.839195556366428883e-02,-4.160496232367192861e+05,2.320592025819822810e-02,2.262386573012651822e-02,6.002803696663887240e+05,5.828846190247732447e+05,1.000000000000000000e+00
4.861886245515011746e-05,3.822099074673643599e+02,3.821537832500718537e+02,4.532972472872458941e-02,2.947497019658799206e-02,-4.158665924725224031e+05,2.659572430766859660e-02,2.599307003553998074e-02,6.540179740289339097e+05,6.377144696745458059e+05,1.000000000000000000e+00
5.402095828350013352e-05,3.920847032133094103e+02,3.920274202502447451e+02,4.530370110863913419e-02,3.057558803923834945e-02,-4.156530532220652094e+05,3.055515621125436121e-02,2.991167182875625191e-02,7.173481806035878835e+05,7.003505460123823723e+05,1.000000000000000000e+00
5.942305411185014959e-05,4.020945582752074756e+02,4.020387232977669782e+02,4.527827562679190981e-02,3.169369819962029877e-02,-4.154092300237837480e+05,3.515748594951491335e-02,3.481846753877335804e-02,7.915418225844055414e+05,7.812649454805045389e+05,1.000000000000000000e+00
6.212410202602515084e-05,4.071495144109524631e+02,4.070957952630660088e+02,4.526579425460487693e-02,3.225930348735761566e-02,-4.152758420099500217e+05,3.772946630367454701e-02,3.725741497932490154e-02,8.333381408172433730e+05,8.209997858906175243e+05,1.000000000000000000e+00
6.482514994020016565e-05,4.122373844830884764e+02,4.121946709125098778e+02,4.525347127891935634e-02,3.282928782084505726e-02,-4.151350205515835551e+05,4.049563491637830220e-02,3.973217254102412443e-02,8.784743727765311487e+05,8.616217889680358348e+05,1.000000000000000000e+00
6.752619785437518046e-05,4.173578007435197605e+02,4.173092416732011998e+02,4.524130860538073257e-02,3.340363992680438210e-02,-4.149867965662082424e+05,4.346852413944751747e-02,4.323003515767362415e-02,9.271968947838713648e+05,9.201002386729452992e+05,1.000000000000000000e+00
7.022724576855018171e-05,4.225104030469756822e+02,4.224638831500028004e+02,4.522930808198843966e-02,3.398234913759880932e-02,-4.148312007442439208e+05,4.666145666637908085e-02,4.623328609131821532e-02,9.797715764456534525e+05,9.697967132777710212e+05,1.000000000000000000e+00
7.292829368272518297e-05,4.276948387907269193e+02,4.276606802947390520e+02,4.521747150025685891e-02,3.456540536770779520e-02,-4.146682633812176646e+05,5.008866417735946541e-02,4.943761435326016890e-02,1.036485793320110650e+06,1.023271390773713123e+06,1.000000000000000000e+00
7.562934159690019777e-05,4.329107628378924346e+02,4.328636418509832424e+02,4.520580059626964908e-02,3.515279909042897527e-02,-4.144980142294246471e+05,5.376535275451774232e-02,5.391699517468649672e-02,1.097649975380455609e+06,1.099777465448997915e+06,1.000000000000000000e+00
7.833038951107519903e-05,4.381578374264396984e+02,4.381216346453217625e+02,4.519429705162450461e-02,3.574452131492747431e-02,-4.143204823681760463e+05,5.770776693296841842e-02,5.719485316083738891e-02,1.163599014523075428e+06,1.154404367287324509e+06,1.000000000000000000e+00
8.103143742525020028e-05,4.434357320641633464e+02,4.434045697206200884e+02,4.518296249427354583e-02,3.634056356357915490e-02,-4.141356960918973200e+05,6.193325660001149785e-02,6.179747334618192200e-02,1.234693578971432988e+06,1.233802502944618696e+06,1.000000000000000000e+00
8.373248533942521509e-05,4.487441234113315431e+02,4.487052374176718104e+02,4.517179849925724577e-02,3.694091784967826891e-02,-4.139436828151769587e+05,6.646034707477578574e-02,6.667892238726944032e-02,1.311321347303997958e+06,1.317618535936122993e+06,1.000000000000000000e+00
8.643353325360021635e-05,4.540826951514725351e+02,4.540562891150608493e+02,4.516080658933714631e-02,3.754557665548505230e-02,-4.137444689940940589e+05,7.130881228973889874e-02,7.072469935264850960e-02,1.393898164153873222e+06,1.386109937588324538e+06,1.000000000000000000e+00
8.913458116777521760e-05,4.594511378515928186e+02,4.594153798552559351e+02,4.514998823552626717e-02,3.815453291063772290e-02,-4.135380800629203441e+05,7.649975089092991842e-02,7.716992256597728084e-02,1.482869114032451063e+06,1.499665295539100189e+06,1.000000000000000000e+00
9.183562908195023241e-05,4.648491488124673765e+02,4.648211608469906650e+02,4.513934485752285619e-02,3.876777997093235756e-02,-4.133245403855993063e+05,8.205566500225447424e-02,8.204036102791058271e-02,1.578709506714103278e+06,1.583399558935315115e+06,1.000000000000000000e+00
9.453667699612523366e-05,4.702764319099294994e+02,4.702540082911700097e+02,4.512887782404700204e-02,3.938531159745337074e-02,-4.131038732210922171e+05,8.800054132749821068e-02,8.841117358883340827e-02,1.681925765644080704e+06,1.695800577032295289e+06,1.000000000000000000e+00
9.723772491030023492e-05,4.757326974279603746e+02,4.757018518912279319e+02,4.511858845308625021e-02,4.000712193608545880e-02,-4.128761007020795951e+05,9.435993419364836765e-02,9.532001824537517098e-02,1.793056209968882613e+06,1.819095535307137994e+06,1.000000000000000000e+00
9.993877282447524973e-05,4.812176618841771756e+02,4.811996587351616768e+02,4.510847801205011831e-02,4.063320549735180420e-02,-4.126412438261026982e+05,1.011610500621312053e-01,1.012454941893835142e-01,1.912671719968042569e+06,1.922994887737023877e+06,1.000000000000000000e+00
1.026398207386502510e-04,4.867310478486759848e+02,4.866973146525438096e+02,4.509854771784046340e-02,4.126355713663602820e-02,-4.123993224587031291e+05,1.084328329627381737e-01,1.105590432674927043e-01,2.041376275561664253e+06,2.093631866505496902e+06,1.000000000000000000e+00
1.053408686528252522e-04,4.922725837565351412e+02,4.922547774520260759e+02,4.508879873683843686e-02,4.189817203469865803e-02,-4.121503553476473899e+05,1.162060502248506849e-01,1.166221612938708879e-01,2.179807357029823586e+06,2.199635332717064302e+06,1.000000000000000000e+00
1.080419165670002670e-04,4.978420037150851272e+02,4.978182670202423310e+02,4.507923218481504207e-02,4.253704567857133356e-02,-4.118943601478556520e+05,1.245133778114616702e-01,1.266638039266862747e-01,2.328636197239580564e+06,2.384573051500773989e+06,1.000000000000000000e+00
1.107429644811752819e-04,5.034390473059940518e+02,5.034186565795370711e+02,4.506984912676695321e-02,4.318017384270862735e-02,-4.116313534561119741e+05,1.333894844831509940e-01,1.350429816526042548e-01,2.488567874114685226e+06,2.536068457445241045e+06,1.000000000000000000e+00
1.134440123953502831e-04,5.090634593834188308e+02,5.090492896728184746e+02,4.506065057668572071e-02,4.382755257050623132e-02,-4.113613508552320418e+05,1.428711139593103752e-01,1.450144321155929505e-01,2.660341232409187127e+06,2.719063178058576304e+06,1.000000000000000000e+00
1.161450603095252844e-04,5.147149898680463593e+02,5.146920681321353186e+02,4.505163749726187605e-02,4.447917815603721903e-02,-4.110843669667609502e+05,1.529971641739085175e-01,1.560776924517489894e-01,2.844728623245331459e+06,2.923871111591222230e+06,1.000000000000000000e+00
1.188461082237002992e-04,5.203933935384147844e+02,5.203834538018194280e+02,4.504281079953367101e-02,4.513504712613993636e-02,-4.108004155119031202e+05,1.638087626806236097e-01,1.657426585799148255e-01,3.042535450498513877e+06,3.099951479244076647e+06,1.000000000000000000e+00
1.215471561378753004e-04,5.260984298191426660e+02,5.260733681421459096e+02,4.503417134248201281e-02,4.579515622268408304e-02,-4.105095093797523878e+05,1.753493372084638235e-01,1.800325645497090343e-01,3.254599512633693870e+06,3.368665459549075924e+06,1.000000000000000000e+00
1.242482040520503017e-04,5.318298625675932954e+02,5.318240669091688915e+02,4.502571993258244754e-02,4.645950238517278230e-02,-4.102116607025684207e+05,1.876646803536805574e-01,1.892468106149583496e-01,3.481790129800901748e+06,3.534754735869127326e+06,1.000000000000000000e+00
1.269492519662253165e-04,5.375874598584288151e+02,5.375649814866329734e+02,4.501745732331628724e-02,4.712808273348433746e-02,-4.099068809371169191e+05,2.008030073656835168e-01,2.065712325840858565e-01,3.725007045925127342e+06,3.863035624163263477e+06,1.000000000000000000e+00
1.296502998804003313e-04,5.433709937677159587e+02,5.433633982639165652e+02,4.500938421465297545e-02,4.780089455093503720e-02,-4.095951809518723749e+05,2.148150060076661205e-01,2.179345686759338874e-01,3.985179097695993260e+06,4.071155193267114926e+06,1.000000000000000000e+00
1.323513477945753461e-04,5.491802401558868496e+02,5.491641671081397362e+02,4.500150125250549499e-02,4.847793526744659243e-02,-4.092765711190736620e+05,2.297538774805098771e-01,2.360343046090405406e-01,4.263262643047001213e+06,4.413881754007245414e+06,1.000000000000000000e+00
1.350523957087503609e-04,5.550149784513423583e+02,5.550050465329636609e+02,4.499380902817251560e-02,4.915920244302200703e-02,-4.089510614114353666e+05,2.456753674720045799e-01,2.507023240377754258e-01,4.560239745278813876e+06,4.687399513071980327e+06,1.000000000000000000e+00
1.377534436229253486e-04,5.608749914338742428e+02,5.608641140336964099e+02,4.498630807776926588e-02,4.984469375129566004e-02,-4.086186615025006467e+05,2.626377864481113100e-01,2.696494847197650202e-01,4.877116110777297057e+06,5.046083380235372111e+06,1.000000000000000000e+00
1.404544915371003634e-04,5.667600650198037329e+02,5.667473851223292058e+02,4.497899888166144444e-02,5.053440696338292598e-02,-4.082793808704549447e+05,2.807020184391350592e-01,2.880217861644162602e-01,5.214918783630169928e+06,5.391782695177219808e+06,1.000000000000000000e+00
1.431555394512753782e-04,5.726699880479033027e+02,5.726638269668151224e+02,4.497188186390436992e-02,5.122833993177915851e-02,-4.079332289043594501e+05,2.999315176854669973e-01,3.077341722827653947e-01,5.574693603631064296e+06,5.763017763162977062e+06,1.000000000000000000e+00
1.458565873654503659e-04,5.786045520680959271e+02,5.785893131974786456e+02,4.496495739170226769e-02,5.192649057455418771e-02,-4.075802150126779452e+05,3.203922927174626123e-01,3.302791301775185318e-01,5.957502441575208679e+06,6.188825354057881050e+06,1.000000000000000000e+00
1.485576352796253807e-04,5.845635511318962472e+02,5.845601401683595668e+02,4.495822577488965688e-02,5.262885685957745252e-02,-4.072203487330169883e+05,3.421528776210573941e-01,3.504304333894425194e-01,6.364420230430155061e+06,6.565683545057086274e+06,1.000000000000000000e+00
1.512586831938003955e-04,5.905467815866645651e+02,5.905291251812197970e+02,4.495168726545023530e-02,5.333543678903952812e-02,-4.068536398430317058e+05,3.652842905322164491e-01,3.780237619579884245e-01,6.796531820490055718e+06,7.087010251349691302e+06,1.000000000000000000e+00
1.539597311079753832e-04,5.965540418725393010e+02,5.965535930470942958e+02,4.494534205707399754e-02,5.404622838399227025e-02,-4.064800984714193619e+05,3.898599796495036962e-01,3.985985356376456901e-01,7.254928692631206475e+06,7.468710695183696225e+06,1.000000000000000000e+00
1.566607790221503981e-04,6.025851323241689670e+02,6.025651608821846139e+02,4.493919028476846961e-02,5.476122966919080848e-02,-4.060997352090266650e+05,4.159557574296344207e-01,4.318412805718128133e-01,7.740705575149434619e+06,8.094926460900205187e+06,1.000000000000000000e+00
1.593618269363254129e-04,6.086398549760011747e+02,6.086425147049952784e+02,4.493323202452322029e-02,5.548043865794826529e-02,-4.057125612190475222e+05,4.436497239429716410e-01,4.528289120141082980e-01,8.254957016467007808e+06,8.480791954967573285e+06,1.000000000000000000e+00
1.620628748505004006e-04,6.147180133732704235e+02,6.146965173348800135e+02,4.492746729304276238e-02,5.620385333730165689e-02,-4.053185883464516955e+05,4.730221808198554201e-01,4.921236938190594601e-01,8.798773978523476049e+06,9.216771426858728752e+06,1.000000000000000000e+00
1.647639227646754154e-04,6.208194123873190620e+02,6.208219785033271592e+02,4.492189604754523446e-02,5.693147165318953457e-02,-4.049178292256991845e+05,5.041555375840021114e-01,5.152934912208521068e-01,9.373240522321417928e+06,9.639986988715674728e+06,1.000000000000000000e+00
1.674649706788504302e-04,6.269438580373708874e+02,6.269250571625929069e+02,4.491651818564043608e-02,5.766329149595253445e-02,-4.045102973870617570e+05,5.371342126846594400e-01,5.582737388020937441e-01,9.979430669674800709e+06,1.043744208761816844e+07,1.000000000000000000e+00
1.701660185930254179e-04,6.330911573172484168e+02,6.330917885397260534e+02,4.491133354528228233e-02,5.839931068584730545e-02,-4.040960073607272934e+05,5.720445319332803091e-01,5.862341460562853213e-01,1.061840553034582734e+07,1.094592986434760131e+07,1.000000000000000000e+00
1.728670665072004327e-04,6.392611180290864468e+02,6.392447058762440975e+02,4.490634190480673194e-02,5.913952695889559963e-02,-4.036749747792301932e+05,6.089746275977954149e-01,6.322889060748417833e-01,1.129121079487614706e+07,1.179120279654484242e+07,1.000000000000000000e+00
1.755681144213754475e-04,6.454535486223599037e+02,6.454522872505358464e+02,4.490154298304695202e-02,5.988393795274837145e-02,-4.032472164775819401e+05,6.480143417926813587e-01,6.655041563928175696e-01,1.199887469534434751e+07,1.239067834179084748e+07,1.000000000000000000e+00
1.782691623355504352e-04,6.516682580401625273e+02,6.516539490943109740e+02,4.489693643953436564e-02,6.063254119289417099e-02,-4.028127505919022951e+05,6.892551383395504327e-01,7.148777152538060564e-01,1.274240654418869875e+07,1.328632268988914602e+07,1.000000000000000000e+00
1.809702102497254500e-04,6.579050555708568027e+02,6.579019238396364244e+02,4.489252187477281442e-02,6.138533407888090848e-02,-4.023715966561782989e+05,7.327900275989733814e-01,7.538243661467552981e-01,1.352279595812726207e+07,1.398220392539757304e+07,1.000000000000000000e+00
1.836712581639004648e-04,6.641637507068622881e+02,6.641512822203725364e+02,4.488829883059136661e-02,6.214231387088464675e-02,-4.019237756982546998e+05,7.787135092462789121e-01,8.067733499376981143e-01,1.434101287715998478e+07,1.493076672135342658e+07,1.000000000000000000e+00
1.863723060780754525e-04,6.704441530084785654e+02,6.704391556523132749e+02,4.488426679055849966e-02,6.290347767628262643e-02,-4.014693103349801386e+05,8.271215381720891102e-01,8.519396036702439057e-01,1.519800847886792757e+07,1.572818932592202350e+07,1.000000000000000000e+00
1.890733539922504673e-04,6.767460719743062327e+02,6.767352053855777285e+02,4.488042518045948920e-02,6.366882243656479812e-02,-4.010082248679411132e+05,8.781115190359520817e-01,9.087318061506380884e-01,1.609471708484805748e+07,1.673218654684991017e+07,1.000000000000000000e+00
1.917744019064254821e-04,6.830693169159102354e+02,6.830624432250700693e+02,4.487677336881520235e-02,6.443834491422906208e-02,-4.005405453800272662e+05,9.317823350306772001e-01,9.606183811873656442e-01,1.703205913865422830e+07,1.763606509206436574e+07,1.000000000000000000e+00
1.944754498206004698e-04,6.894136968380612416e+02,6.894042188672452767e+02,4.487331066744000563e-02,6.521204167999082590e-02,-4.000662998345873784e+05,9.882344165805692082e-01,1.021531494289836139e+00,1.801094532432121783e+07,1.869796669251209497e+07,1.000000000000000000e+00
1.971764977347754846e-04,6.957790203219454952e+02,6.957698049875697279e+02,4.487003633201338409e-02,6.598990909993950049e-02,-3.995855181777259568e+05,1.047569855493428292e+00,1.080959736707093555e+00,1.903228186933911964e+07,1.972068399563373625e+07,1.000000000000000000e+00
1.998775456489504995e-04,7.021650954124319242e+02,7.021559729120348265e+02,4.486694956265920020e-02,6.677194332296509938e-02,-3.990982324458100484e+05,1.109892570025148295e+00,1.146564612956037843e+00,2.009697705931430683e+07,2.085001750468639657e+07,1.000000000000000000e+00
2.025785935631254872e-04,7.085717295065562666e+02,7.085596589005618853e+02,4.486404950450360168e-02,6.755814026807441253e-02,-3.986044768789894879e+05,1.175308525844671381e+00,1.213870978622995755e+00,2.120594895987811685e+07,2.199105045982716605e+07,1.000000000000000000e+00
2.052796414773005020e-04,7.149987292440715692e+02,7.149898538825329979e+02,4.486133524820332119e-02,6.834849561190931011e-02,-3.981042880430307705e+05,1.243926017578782739e+00,1.284062076788912599e+00,2.236013432041182369e+07,2.318082665491322801e+07,1.000000000000000000e+00
2.079806893914755168e-04,7.214459003970296180e+02,7.214309102318004534e+02,4.485880583041332303e-02,6.914300477607308870e-02,-3.975977049604459316e+05,1.315856014871264357e+00,1.359955681345799361e+00,2.356049859870959818e+07,2.444785645435151085e+07,1.000000000000000000e+00
2.106817373056505045e-04,7.279130477590425699e+02,7.279047174201825783e+02,4.485646023418388834e-02,6.994166291456399565e-02,-3.970847692533478839e+05,1.391212576348281438e+00,1.434329675380924929e+00,2.480804702368310839e+07,2.568781872559545934e+07,1.000000000000000000e+00
2.133827852198255193e-04,7.343999750310550780e+02,7.343819871676919320e+02,4.485429738925582333e-02,7.074446490090878503e-02,-3.965655252990505542e+05,1.470113333893802832e+00,1.520146344852816522e+00,2.610383657791088521e+07,2.709950575133458152e+07,1.000000000000000000e+00
2.160838331340005341e-04,7.409064847041289568e+02,7.408986642565562306e+02,4.485231617224469391e-02,7.155140531527987013e-02,-3.960400204008565051e+05,1.552680048912475019e+00,1.598902553601722953e+00,2.744898876308991015e+07,2.839074482234818488e+07,1.000000000000000000e+00
2.187848810481755489e-04,7.474323779360211120e+02,7.474112224516114793e+02,4.485051540668381215e-02,7.236247843117700473e-02,-3.955083049749477650e+05,1.639039241095291866e+00,1.695496932559305669e+00,2.884470298087277263e+07,2.995655454221434146e+07,1.000000000000000000e+00
2.214859289623505637e-04,7.539774544219879999e+02,7.539700704334925376e+02,4.484889386291933400e-02,7.317767820194012729e-02,-3.949704327556491480e+05,1.729322889380199513e+00,1.778820408708364997e+00,3.029227035064286739e+07,3.129993478719860688e+07,1.000000000000000000e+00
2.241869768765255514e-04,7.605415122566362243e+02,7.605169453867208631e+02,4.484745025783094807e-02,7.399699824666480796e-02,-3.944264610197591828e+05,1.823669203563814012e+00,1.887156120697562667e+00,3.179308776428695023e+07,3.303098825893796608e+07,1.000000000000000000e+00
2.268880247907005662e-04,7.671243477872725407e+02,7.671174892023304892e+02,4.484618325437537967e-02,7.482043183576916889e-02,-3.938764508318822482e+05,1.922223464213535848e+00,1.975076210265310550e+00,3.334867197873679549e+07,3.442419139319944382e+07,1.000000000000000000e+00
2.295890727048755810e-04,7.737257554557082813e+02,7.736976597579616737e+02,4.484509146093153958e-02,7.564797187577729232e-02,-3.933204673110881122e+05,2.025138927337178707e+00,2.096252044346693211e+00,3.496067353776881099e+07,3.633366690102880448e+07,1.000000000000000000e+00
2.322901206190505687e-04,7.803455276290740130e+02,7.803393138548007073e+02,4.484417343045035004e-02,7.647961089355076458e-02,-3.927585799203789793e+05,2.132577789598018914e+00,2.188852404620862391e+00,3.663089032902185619e+07,3.777594448687452823e+07,1.000000000000000000e+00
2.349911685332255835e-04,7.869834544168265893e+02,7.869517014140909623e+02,4.484342765939477310e-02,7.731534101953072002e-02,-3.921908627788221347e+05,2.244712208829950040e+00,2.324138032421501965e+00,3.836128058612770587e+07,3.987957391244814545e+07,1.000000000000000000e+00
2.376922164474005983e-04,7.936393234746732332e+02,7.936339085499787416e+02,4.484285258647956185e-02,7.815515397020583732e-02,-3.916173949972906266e+05,2.361725374184703075e+00,2.421465832711087618e+00,4.015397517375605553e+07,4.136978849898467958e+07,1.000000000000000000e+00
2.403932643615755860e-04,8.003129197928932399e+02,8.002773709712206482e+02,4.484244659120386473e-02,7.899904102936994299e-02,-3.910382610371538321e+05,2.483812619459976556e+00,2.572340171576370071e+00,4.201128900891011953e+07,4.368632161942800134e+07,1.000000000000000000e+00
2.430943122757506009e-04,8.070040254699994193e+02,8.069996020350433810e+02,4.484220799219312825e-02,7.984699302837100499e-02,-3.904535510922927642e+05,2.611182573056211265e+00,2.674395867368889679e+00,4.393573151016516238e+07,4.522281308978651464e+07,1.000000000000000000e+00
2.457953601899256157e-04,8.137124194695563801e+02,8.136729272870151135e+02,4.484213504535113082e-02,8.069900032491984787e-02,-3.898633614933020435e+05,2.744058337526384950e+00,2.842589767305645054e+00,4.593001598954097927e+07,4.777447002127812058e+07,1.000000000000000000e+00
2.484964081041006034e-04,8.204378773613327667e+02,8.204331514528349771e+02,4.484222594184490707e-02,8.155505278064946462e-02,-3.892677951337186387e+05,2.882678691930363968e+00,2.950907623089978671e+00,4.799706794529098272e+07,4.937942389918798953e+07,1.000000000000000000e+00
2.511974560182756453e-04,8.271801710449515213e+02,8.271391569324630382e+02,4.484247880593049407e-02,8.241513973700241580e-02,-3.886669619167239289e+05,3.027299310019337497e+00,3.134500386845539222e+00,5.014003223846311122e+07,5.213107201142243296e+07,1.000000000000000000e+00
2.538985039324506330e-04,8.339390684574348143e+02,8.339304529260371055e+02,4.484289169264787933e-02,8.327924998962682457e-02,-3.880609792217601789e+05,3.178193987844367463e+00,3.255722298275232074e+00,5.236227917852038890e+07,5.390507488283734769e+07,1.000000000000000000e+00
2.565995518466256207e-04,8.407143332631312660e+02,8.406725366523911589e+02,4.484346258539854968e-02,8.414737176087322412e-02,-3.874499723892029724e+05,3.335655874440586643e+00,3.451505390210776625e+00,5.466740956309187412e+07,5.680296575757872313e+07,1.000000000000000000e+00
2.593005997608006626e-04,8.475057245276017284e+02,8.474929041204217128e+02,4.484418939343863542e-02,8.501949267056346793e-02,-3.868340752222614246e+05,3.499998700054082423e+00,3.588003643374307217e+00,5.705925875204624236e+07,5.877854455874006450e+07,1.000000000000000000e+00
2.620016476749757045e-04,8.543129963742266000e+02,8.542703812063800797e+02,4.484506994930485824e-02,8.589559970464122340e-02,-3.862134305041302578e+05,3.671557996583735939e+00,3.796746524624643460e+00,5.954189986569257826e+07,6.183043299330383539e+07,1.000000000000000000e+00
2.647026955891506922e-04,8.611358976252303137e+02,8.611186340288589918e+02,4.484610200620908760e-02,8.677567918186843143e-02,-3.855881905294451863e+05,3.850692305866296294e+00,3.950439884077715735e+00,6.211964622021853179e+07,6.403167263701315224e+07,1.000000000000000000e+00
2.674037435033256799e-04,8.679741714261035668e+02,8.679306466004627509e+02,4.484728323542132300e-02,8.765971671819661193e-02,-3.849585176480903756e+05,4.037784371668219130e+00,4.173288460268823385e+00,6.479705310976720601e+07,6.725133491312533617e+07,1.000000000000000000e+00
2.701047914175007218e-04,8.748275548551655447e+02,8.748051945863027186e+02,4.484861122367789221e-02,8.854769718897012587e-02,-3.843245848204414942e+05,4.233242312223952197e+00,4.347043593105690995e+00,6.757891905417665839e+07,6.971672207015843689e+07,1.000000000000000000e+00
2.728058393316757095e-04,8.816957785174041646e+02,8.816504991938795683e+02,4.485008347063626499e-02,8.943960468861297808e-02,-3.836865761822605273e+05,4.437500770307249098e+00,4.586189555030469656e+00,7.047028661410905421e+07,7.313451713409112394e+07,1.000000000000000000e+00
2.755068872458506972e-04,8.885785661243241975e+02,8.885500598519618052e+02,4.485169738641274495e-02,9.033542248794868001e-02,-3.830446876184445573e+05,4.651022038705949768e+00,4.782503461035652492e+00,7.347644287230436504e+07,7.589273033116935194e+07,1.000000000000000000e+00
2.782079351600257391e-04,8.954756340590432728e+02,8.954287272666466606e+02,4.485345028922502891e-02,9.123513298882753031e-02,-3.823991273440936930e+05,4.874297158928735385e+00,5.037284616311895391e+00,7.660291965134350955e+07,7.948788637440378964e+07,1.000000000000000000e+00
2.809089830742007268e-04,9.023866909283017321e+02,9.023517491128442316e+02,4.485533940317489032e-02,9.213871767620379627e-02,-3.817501164922620519e+05,5.107846991674304782e+00,5.259463511466255348e+00,7.985549352621966600e+07,8.257856294883422554e+07,1.000000000000000000e+00
2.836100309883757145e-04,9.093114371007010277e+02,9.092630647642622534e+02,4.485736185619280253e-02,9.304615706736085734e-02,-3.810978897071369574e+05,5.352223257294888903e+00,5.530589629225963755e+00,8.324018565520165861e+07,8.635516644040770829e+07,1.000000000000000000e+00
2.863110789025507565e-04,9.162495642327440919e+02,9.162078921367062776e+02,4.485951467817858584e-02,9.395743065841795361e-02,-3.804426957421360421e+05,5.608009544948343361e+00,5.782476526488561142e+00,8.676326143620766699e+07,8.982306778790782392e+07,1.000000000000000000e+00
2.890121268167257442e-04,9.232007547820512627e+02,9.231511161523393412e+02,4.486179479935960279e-02,9.487251686784142768e-02,-3.797847980618915171e+05,5.875822288546272532e+00,6.070560915531422630e+00,9.043122996004280448e+07,9.378336401998816431e+07,1.000000000000000000e+00
2.917131747309007319e-04,9.301646815092332190e+02,9.301159816535621303e+02,4.486419904889943355e-02,9.579139297708481882e-02,-3.791244754476886592e+05,6.156311707805169675e+00,6.356589501679960286e+00,9.425084321649150550e+07,9.767856586225840449e+07,1.000000000000000000e+00
2.944142226450757738e-04,9.371410069678618129e+02,9.370911820150259928e+02,4.486672415377898626e-02,9.671403506810531681e-02,-3.784620226054337109e+05,6.450162711836398444e+00,6.660474928689581908e+00,9.822909497729805112e+07,1.018000309502652287e+08,1.000000000000000000e+00
2.971152705592507615e-04,9.441293829839418095e+02,9.440733578760996352e+02,4.486936673798198189e-02,9.764041795787092859e-02,-3.777977507756692939e+05,6.758095762650691896e+00,6.987360477569967365e+00,1.023732192696709931e+08,1.062006662368391305e+08,1.000000000000000000e+00
2.998163184734257492e-04,9.511294501244249204e+02,9.510822171370978140e+02,4.487212332200783693e-02,9.857051512963252438e-02,-3.771319883446851745e+05,7.080867694831440851e+00,7.302064491060680673e+00,1.066906883294859231e+08,1.104098598727630675e+08,1.000000000000000000e+00
3.025173663876007911e-04,9.581408371561142303e+02,9.580771922653472075e+02,4.487499032274370331e-02,9.950429866106341725e-02,-3.764650814560665167e+05,7.419272487331363131e+00,7.680869818878790944e+00,1.111892099202033430e+08,1.154480349459648132e+08,1.000000000000000000e+00
3.052184143017757788e-04,9.651631604946398966e+02,9.651193168118808217e+02,4.487796405372006248e-02,1.004417391490692035e-01,-3.757973946215402684e+05,7.774141982026268494e+00,8.004725167953477438e+00,1.158767238882302195e+08,1.197194085479633957e+08,1.000000000000000000e+00
3.079194622159507665e-04,9.721960236448408068e+02,9.721244705505004049e+02,4.488104072578257692e-02,1.013828056313596376e-01,-3.751293113301220583e+05,8.146346543145174479e+00,8.443725077381106559e+00,1.207613978298345506e+08,1.254821080017863810e+08,1.000000000000000000e+00
3.106205101301258084e-04,9.792390166324109941e+02,9.791994344132849619e+02,4.488421644820598383e-02,1.023274655046151616e-01,-3.744612346541358274e+05,8.536795650222892107e+00,8.774487923754726637e+00,1.258516217383382469e+08,1.297840535200717002e+08,1.000000000000000000e+00
3.133215580443007961e-04,9.862917154281626608e+02,9.862119448899103418e+02,4.488748723028405940e-02,1.032756844393302453e-01,-3.737935878506128793e+05,8.946438416478645905e+00,9.283079062498140743e+00,1.311560015104657412e+08,1.363669924604218006e+08,1.000000000000000000e+00
3.160226059584757838e-04,9.933536813649916439e+02,9.933154465258636492e+02,4.489084898342374924e-02,1.042274262911993127e-01,-3.731268149562180624e+05,9.376264022827966116e+00,9.627101596003265982e+00,1.366833511890412271e+08,1.407789258786330223e+08,1.000000000000000000e+00
3.187236538726508257e-04,1.000424460548937873e+03,1.000342500219875888e+03,4.489429752377801369e-02,1.051826530091196921e-01,-3.724615208151368424e+05,9.827302027031119991e+00,1.019210379757891616e+01,1.424426645231137872e+08,1.479809437034921050e+08,1.000000000000000000e+00
3.214247017868258134e-04,1.007503583026001252e+03,1.007456490745314568e+03,4.489782857550199402e-02,1.061413245398012684e-01,-3.717982211224738858e+05,1.030062271843461730e+01,1.059105775788565040e+01,1.484431475540092289e+08,1.530262680909062028e+08,1.000000000000000000e+00
3.241257497010008011e-04,1.014590556382829618e+03,1.014507547354951043e+03,4.490143777446130302e-02,1.071033987310044400e-01,-3.711377033050840255e+05,1.079733707577870483e+01,1.119308667204211893e+01,1.546941250671887100e+08,1.605879410413660705e+08,1.000000000000000000e+00
3.268267976151758430e-04,1.021684870004531263e+03,1.021627219558286015e+03,4.490512067272877522e-02,1.080688312315684907e-01,-3.704803371792902471e+05,1.131859685707008722e+01,1.166110403422829300e+01,1.612051225664375126e+08,1.664188839586549997e+08,1.000000000000000000e+00
3.295278455293508308e-04,1.028785996442873284e+03,1.028702209951391524e+03,4.490887274369316506e-02,1.090375753857342617e-01,-3.698265024169904063e+05,1.186559440232947438e+01,1.229434438216903835e+01,1.679858095666016936e+08,1.742481363084786534e+08,1.000000000000000000e+00
3.322288934435258185e-04,1.035893390838786218e+03,1.035824624458328799e+03,4.491268938786595333e-02,1.100095821234002014e-01,-3.691765887062923284e+05,1.243956230428183929e+01,1.284169692184709533e+01,1.750459819868992567e+08,1.809579610757004917e+08,1.000000000000000000e+00
3.349299413577008604e-04,1.043006490345320117e+03,1.042922487977297351e+03,4.491656593942038728e-02,1.109847998470302188e-01,-3.685309958978210925e+05,1.304177289548183971e+01,1.350313109374873655e+01,1.823955427398906946e+08,1.890071877962915599e+08,1.000000000000000000e+00
3.376309892718758481e-04,1.050124713552285129e+03,1.050044539661980252e+03,4.492049767349030887e-02,1.119631743152558340e-01,-3.678901341347669368e+05,1.367353753336183608e+01,1.414140498840511206e+01,1.900444804886646271e+08,1.966980073839682937e+08,1.000000000000000000e+00
3.403320371860508358e-04,1.057247459914308365e+03,1.057165907542784453e+03,4.492447981425741477e-02,1.129446485232570574e-01,-3.672544239643464098e+05,1.433620566307311783e+01,1.482208696923892788e+01,1.980028465507639945e+08,2.048553344844664931e+08,1.000000000000000000e+00
3.430330851002258777e-04,1.064374109183837618e+03,1.064282149405535392e+03,4.492850754384944412e-02,1.139291625800247509e-01,-3.666242964284954360e+05,1.503116363715374781e+01,1.557121570850520875e+01,2.062807299392087162e+08,2.137197238648738861e+08,1.000000000000000000e+00
3.457341330144008654e-04,1.071504020850879442e+03,1.071430404444284932e+03,4.493257601207099883e-02,1.149166535826060681e-01,-3.660001931311721564e+05,1.575983326953909902e+01,1.625031764226872966e+01,2.148882305294747055e+08,2.217438504390771687e+08,1.000000000000000000e+00
3.484351809285758531e-04,1.078636533591296256e+03,1.078532629717139116e+03,4.493668034698226205e-02,1.159070554875040043e-01,-3.653825662798713311e+05,1.652367010113107071e+01,1.714107085617318660e+01,2.238354303536629975e+08,2.320841106525533497e+08,1.000000000000000000e+00
3.511362288427508950e-04,1.085770964725483054e+03,1.085706666623115325e+03,4.494081566633761904e-02,1.169002989793572339e-01,-3.647718786985088373e+05,1.732416135255391154e+01,1.780988725298793085e+01,2.331323630152778625e+08,2.398853830989064872e+08,1.000000000000000000e+00
3.538372767569258827e-04,1.092906609689530796e+03,1.092794158159646258e+03,4.494497708988950957e-02,1.178963113371471610e-01,-3.641686038091335213e+05,1.816282354000901478e+01,1.884889237945759533e+01,2.427889812314147651e+08,2.517142116102458835e+08,1.000000000000000000e+00
3.565383246711008704e-04,1.100042741520727759e+03,1.099970935947857924e+03,4.494915975255703300e-02,1.188950162980922653e-01,-3.635732255794499652e+05,1.904119972847099973e+01,1.958490460002483147e+01,2.528151224948702455e+08,2.601428593131691217e+08,1.000000000000000000e+00
3.592393725852759123e-04,1.107178610359761478e+03,1.107067989721943604e+03,4.495335881845215209e-02,1.198963339195607686e-01,-3.629862384335579118e+05,1.996085639747281704e+01,2.067684704582459787e+01,2.632204728640138507e+08,2.723697833876915574e+08,1.000000000000000000e+00
3.619404204994509000e-04,1.114313442971496897e+03,1.114228233106094422e+03,4.495756949574815364e-02,1.209001804392034057e-01,-3.624081471227650763e+05,2.092337989300084189e+01,2.155569454136217189e+01,2.740145288677225709e+08,2.822187543245127201e+08,1.000000000000000000e+00
3.646414684136258877e-04,1.121446442286948468e+03,1.121336344983700656e+03,4.496178705236779372e-02,1.219064681337310857e-01,-3.618394665539048146e+05,2.193037244091568283e+01,2.269207871498013773e+01,2.852065575311020613e+08,2.947540407852266431e+08,1.000000000000000000e+00
3.673425163278009296e-04,1.128576786968329088e+03,1.128476161286011120e+03,4.496600683245926405e-02,1.229151051765897257e-01,-3.612807215719872620e+05,2.298344769557131073e+01,2.373023410271529698e+01,2.968055545013866425e+08,3.061329018640668988e+08,1.000000000000000000e+00
3.700435642419759173e-04,1.135703631000040559e+03,1.135595334995533449e+03,4.497022427361974800e-02,1.239259954950576448e-01,-3.607324466946811881e+05,2.408422580027558269e+01,2.488798280504892091e+01,3.088202002762162089e+08,3.187162943983322978e+08,1.000000000000000000e+00
3.727446121561509050e-04,1.142826103307502763e+03,1.142709826803334636e+03,4.497443492481584260e-02,1.249390386270781417e-01,-3.601951857955322484e+05,2.523432793452305134e+01,2.610523583280739146e+01,3.212588145048823953e+08,3.317592651244726181e+08,1.000000000000000000e+00
3.754456600703259470e-04,1.149943307406923395e+03,1.149846994817952236e+03,4.497863446494192174e-02,1.259541295784604442e-01,-3.596694917335635400e+05,2.643537032717922486e+01,2.722799318586669415e+01,3.341293083617250323e+08,3.438171085948007107e+08,1.000000000000000000e+00
3.781467079845009347e-04,1.157054321087922062e+03,1.156922486509590271e+03,4.498281872194563602e-02,1.269711586808291992e-01,-3.591559259263089625e+05,2.768895771316507748e+01,2.868910371087006084e+01,3.474391349546064734e+08,3.591102064510158300e+08,1.000000000000000000e+00
3.808477558986759224e-04,1.164158196132351350e+03,1.164071502683355902e+03,4.498698369244137629e-02,1.279900114510700848e-01,-3.586550578641896718e+05,2.899667621692381658e+01,2.978186319244643343e+01,3.611952377671183944e+08,3.707152760730167031e+08,1.000000000000000000e+00
3.835488038128509643e-04,1.171253958071249372e+03,1.171117630872101245e+03,4.499112556172087801e-02,1.290105684527262653e-01,-3.581674645635207416e+05,3.036008564445471336e+01,3.143628710465551634e+01,3.754039970930306315e+08,3.876764081683729291e+08,1.000000000000000000e+00
3.862498517270259520e-04,1.178340605983508112e+03,1.178237773311017691e+03,4.499524072406107383e-02,1.300327051602107042e-01,-3.576937299563960987e+05,3.178071117311900906e+01,3.269643127149375772e+01,3.900711744656993747e+08,4.007326060760365129e+08,1.000000000000000000e+00
3.889508996412009397e-04,1.185417112338225934e+03,1.185283916519621471e+03,4.499932580321833880e-02,1.310562918263703525e-01,-3.572344442151248222e+05,3.326003442710231894e+01,3.436805560743810162e+01,4.052018550419731140e+08,4.176302303434345722e+08,1.000000000000000000e+00
3.916519475553759816e-04,1.192482422884572998e+03,1.192363551731466259e+03,4.500337767298992486e-02,1.320811933543848959e-01,-3.567902030098912073e+05,3.479948393571086740e+01,3.584717441338817423e+01,4.208003879541812539e+08,4.325639569725185037e+08,1.000000000000000000e+00
3.943529954695509693e-04,1.199535456591180036e+03,1.199406319117842713e+03,4.500739347771225141e-02,1.331072691746204018e-01,-3.563616066977989394e+05,3.640042497056244741e+01,3.752845521222985070e+01,4.368703245985739231e+08,4.493428276752213240e+08,1.000000000000000000e+00
3.970540433837259570e-04,1.206575105639127287e+03,1.206438940465175165e+03,4.501137065255961245e-02,1.341343731275368434e-01,-3.559492594425534480e+05,3.806414876905536460e+01,3.927125393770756290e+01,4.534143548939335346e+08,4.665005981870552897e+08,1.000000000000000000e+00
3.997550912979009989e-04,1.213600235470601774e+03,1.213486684744237891e+03,4.501530694349573786e-02,1.351623533533540256e-01,-3.555537682635234669e+05,3.979186115058455186e+01,4.087854735314149224e+01,4.704342414979779124e+08,4.824009767896997929e+08,1.000000000000000000e+00
4.024561392120759866e-04,1.220609684897533043e+03,1.220455982205784949e+03,4.501920042672712119e-02,1.361910521896849691e-01,-3.551757420141492621e+05,4.158467054544627217e+01,4.296541500989205531e+01,4.879307520474329591e+08,5.024169639274095893e+08,1.000000000000000000e+00
4.051571871262509743e-04,1.227602266272356019e+03,1.227493506168255635e+03,4.502304952749716649e-02,1.372203060779214612e-01,-3.548157902891619015e+05,4.344357545562870371e+01,4.454998218469211224e+01,5.059035894420690536e+08,5.179130345619094968e+08,1.000000000000000000e+00
4.078582350404260162e-04,1.234576765725427549e+03,1.234423016107377862e+03,4.502685303805898515e-02,1.382499454796816685e-01,-3.544745222614038503e+05,4.536945138238717590e+01,4.681299516316255449e+01,5.243513202859247923e+08,5.392204580340634584e+08,1.000000000000000000e+00
4.105592829546010039e-04,1.241531943471322393e+03,1.241405047634204038e+03,4.503061013465718687e-02,1.392797948041744338e-01,-3.541525454485743539e+05,4.736303725489042904e+01,4.864507082867421417e+01,5.432713015555771589e+08,5.566493837785645723e+08,1.000000000000000000e+00
4.132603308687759916e-04,1.248466534188740070e+03,1.248317102517937883e+03,4.503432039335064641e-02,1.403096723478761132e-01,-3.538504644116420532e+05,4.942492141224687430e+01,5.089074958386601821e+01,5.626596056748932600e+08,5.775553736541287899e+08,1.000000000000000000e+00
4.159613787829510335e-04,1.255379247476315186e+03,1.255234730394113058e+03,4.503798380450323158e-02,1.413393902474324726e-01,-3.535688793862214079e+05,5.155552719082210444e+01,5.300425323021762836e+01,5.825109441367568970e+08,5.971206011933673620e+08,1.000000000000000000e+00
4.186624266971260212e-04,1.262268768389219758e+03,1.262131820128102845e+03,4.504160078577492538e-02,1.423687544472422017e-01,-3.533083848497244180e+05,5.375509818944563278e+01,5.516324484776483672e+01,6.028185899409419298e+08,6.170577328026416302e+08,1.000000000000000000e+00
4.213634746113010089e-04,1.269133758058908143e+03,1.268972060777608021e+03,4.504517219344351953e-02,1.433975646826756711e-01,-3.530695680266679265e+05,5.602368328563456146e+01,5.762487205869476270e+01,6.235742990859094858e+08,6.392431432111421824e+08,1.000000000000000000e+00
4.240645225254760509e-04,1.275972854400979259e+03,1.275855343467900411e+03,4.504869933189675768e-02,1.444256144804170749e-01,-3.528530073361009709e+05,5.836112150092864681e+01,5.963510573314764684e+01,6.447682315031143427e+08,6.577373063611651659e+08,1.000000000000000000e+00
4.267655704396510386e-04,1.282784672913524446e+03,1.282615238966786137e+03,4.505218396113565976e-02,1.454526911768966868e-01,-3.526592707847101847e+05,6.076702681825974395e+01,6.249455817101945598e+01,6.663888718006887436e+08,6.829228983149850368e+08,1.000000000000000000e+00
4.294666183538260263e-04,1.289567807570932018e+03,1.289430865784692287e+03,4.505562830214417808e-02,1.464785759562961809e-01,-3.524889143107858836e+05,6.324077309061012642e+01,6.473192735948808263e+01,6.884229503503375053e+08,7.029920289934571981e+08,1.000000000000000000e+00
4.321676662680010682e-04,1.296320831815459542e+03,1.296155956726886188e+03,4.505903503998467952e-02,1.475030439090694589e-01,-3.523424800838173251e+05,6.578147920427230133e+01,6.752112235469466839e+01,7.108553652040262222e+08,7.273243854864645004e+08,1.000000000000000000e+00
4.348687141821761101e-04,1.303042299650253881e+03,1.302887186952885486e+03,4.506240732449667136e-02,1.485258641122489121e-01,-3.522204947663471685e+05,6.838799473920560956e+01,7.006223579169929394e+01,7.336691053713121414e+08,7.494816296055253744e+08,1.000000000000000000e+00
4.375697620963510978e-04,1.309730746841909877e+03,1.309575467843621254e+03,4.506574876849973876e-02,1.495467997331671461e-01,-3.521234677428764408e+05,7.105888648581930056e+01,7.275854303743693663e+01,7.568451754790148735e+08,7.728457977467911243e+08,1.000000000000000000e+00
4.402708100105260855e-04,1.316384692225096387e+03,1.316211432334482879e+03,4.506906344339608322e-02,1.505656081562602444e-01,-3.520518893254284048e+05,7.379242645121482269e+01,7.566589318632223637e+01,7.803625201488330364e+08,7.975113830574357510e+08,1.000000000000000000e+00
4.429718579247011274e-04,1.323002639123992367e+03,1.322866466706931533e+03,4.507235587214621780e-02,1.515820411352357122e-01,-3.520062289402403403e+05,7.658658257696959026e+01,7.816013860200224883e+01,8.041979399054325819e+08,8.190749134386771917e+08,1.000000000000000000e+00
4.443223818817885942e-04,1.326297515259436977e+03,1.326136521694283147e+03,4.507399559036075198e-02,1.520892703500906773e-01,-3.519933061533502187e+05,7.800587743268002328e+01,7.980785846381462534e+01,8.162281962419131994e+08,8.327134009195479155e+08,1.000000000000000000e+00
4.456729058388761151e-04,1.329582806021002625e+03,1.329399516674820461e+03,4.507563157690167022e-02,1.525958091927117344e-01,-3.519870491748845088e+05,7.943945998088662463e+01,8.143900869747717763e+01,8.283285275757730007e+08,8.462357698487411737e+08,1.000000000000000000e+00
4.470234297959636361e-04,1.332858320324014585e+03,1.332694984105241247e+03,4.507726452156601837e-02,1.531016250711248472e-01,-3.519875101137202000e+05,8.088697794932761553e+01,8.271751222350643218e+01,8.404953960315511227e+08,8.571800166357485056e+08,1.000000000000000000e+00
4.483739537530511028e-04,1.336123866419010938e+03,1.335975376433016891e+03,4.507889514017053567e-02,1.536066850782792648e-01,-3.519947394268139615e+05,8.234805890022278163e+01,8.404351063905814101e+01,8.527251224056273699e+08,8.683074804060806036e+08,1.000000000000000000e+00
4.497244777101386238e-04,1.339379251950264006e+03,1.339201000300125543e+03,4.508052417399409373e-02,1.541109560001034939e-01,-3.520087858632651623e+05,8.382230954681674007e+01,8.578187904264032682e+01,8.650138837318351269e+08,8.824384327079334259e+08,1.000000000000000000e+00
4.510750016672261447e-04,1.342624284016297224e+03,1.342445614788733565e+03,4.508215238917877982e-02,1.546144043239907062e-01,-3.520296964085372747e+05,8.530931522732726080e+01,8.728958249459921603e+01,8.773577116219708920e+08,8.949592105861853361e+08,1.000000000000000000e+00
4.524255256243136115e-04,1.345858769232201439e+03,1.345714269022018016e+03,4.508378057608922879e-02,1.551169962477131348e-01,-3.520575162291884772e+05,8.680863949102138122e+01,8.848242487283076230e+01,8.897524908950843811e+08,9.051070817303719521e+08,1.000000000000000000e+00
4.537760495814011324e-04,1.349082513793987346e+03,1.348916408054848489e+03,4.508540954862941957e-02,1.556186976887890538e-01,-3.520922886179781053e+05,8.831982376648667810e+01,9.020027500577870683e+01,9.021939583742433786e+08,9.189288800748834610e+08,1.000000000000000000e+00
4.551265735384886534e-04,1.352295323544750090e+03,1.352105761545409450e+03,4.508704014351740119e-02,1.561194742942920988e-01,-3.521340549396963324e+05,8.984238709681579849e+01,9.194038388086504199e+01,9.146777018611509800e+08,9.329188356025804281e+08,1.000000000000000000e+00
4.564770974955761201e-04,1.355497004042897743e+03,1.355325274920321817e+03,4.508867321951789270e-02,1.566192914511267131e-01,-3.521828545775545062e+05,9.137582592909765822e+01,9.333625430230260633e+01,9.271991592910683155e+08,9.445317454657336473e+08,1.000000000000000000e+00
4.578276214526636411e-04,1.358687360632197624e+03,1.358533214035865512e+03,4.509030965663362450e-02,1.571181142967533195e-01,-3.522387248804845731e+05,9.291961395349966324e+01,9.471339016463296900e+01,9.397536180984054804e+08,9.557895887294467688e+08,1.000000000000000000e+00
4.591781454097511620e-04,1.361866198513900372e+03,1.361683142485285316e+03,4.509195035525547651e-02,1.576159077303871392e-01,-3.523017011111916509e+05,9.447320198597103058e+01,9.653038796255721365e+01,9.523362147915024757e+08,9.701242737454020977e+08,1.000000000000000000e+00
4.605286693668386288e-04,1.365033322820674812e+03,1.364847793003969400e+03,4.509359623527275235e-02,1.581126364246489835e-01,-3.523718163952901377e+05,9.603601789415586154e+01,9.813049577602924955e+01,9.649419347610415220e+08,9.830215831574525833e+08,1.000000000000000000e+00
4.618791933239261497e-04,1.368188538692626935e+03,1.368034772270956410e+03,4.509524823514390879e-02,1.586082648376934690e-01,-3.524491016713709105e+05,9.760746656336979754e+01,9.941155809600080318e+01,9.775656123168849945e+08,9.936102003096097708e+08,1.000000000000000000e+00
4.632297172810136707e-04,1.371331651355107169e+03,1.371160780613954330e+03,4.509690731092917682e-02,1.591027572257873168e-01,-3.525335856423316291e+05,9.918692990410480093e+01,1.011421312533753820e+02,9.902019309762750864e+08,1.007161127628471494e+09,1.000000000000000000e+00
4.645802412381011375e-04,1.374462466198589709e+03,1.374266453506797006e+03,4.509857443528558774e-02,1.595960776563652150e-01,-3.526252947278237552e+05,1.007737668991759961e+02,1.029469000295636221e+02,1.002845423997964144e+09,1.021222616472730279e+09,1.000000000000000000e+00
4.659307651951886584e-04,1.377580788860311259e+03,1.377399889590848261e+03,4.510025059642613909e-02,1.600881900215309905e-01,-3.527242530181275215e+05,1.023673136928091196e+02,1.044268320594699873e+02,1.015490475185633421e+09,1.033198367499492407e+09,1.000000000000000000e+00
4.672812891522761794e-04,1.380686425307953414e+03,1.380527450316202930e+03,4.510193679704370406e-02,1.605790580520323196e-01,-3.528304822293315083e+05,1.039668837203397942e+02,1.058151182682212266e+02,1.028131319955819130e+09,1.044278173122259855e+09,1.000000000000000000e+00
4.686318131093636461e-04,1.383779181925037847e+03,1.383592413499635086e+03,4.510363405320164804e-02,1.610686453316723110e-01,-3.529440016601067618e+05,1.055717678811655560e+02,1.076753393993754884e+02,1.040762046694213629e+09,1.058513933777489662e+09,1.000000000000000000e+00
4.699823370664511671e-04,1.386858865598325565e+03,1.386666437553667720e+03,4.510534339319179770e-02,1.615569153121883539e-01,-3.530648281499709701e+05,1.071812347538576091e+02,1.093507035106385956e+02,1.053376598396147132e+09,1.071600842291745067e+09,1.000000000000000000e+00
4.713328610235386880e-04,1.389925283806864627e+03,1.389761051998886614e+03,4.510706585636212879e-02,1.620438313285548215e-01,-3.531929760392989847e+05,1.087945308561622966e+02,1.107112095742597262e+02,1.065968774615164876e+09,1.082525135182922363e+09,1.000000000000000000e+00
4.726833849806261548e-04,1.392978244712986452e+03,1.392803730649623731e+03,4.510880249191466518e-02,1.625293566147437696e-01,-3.533284571310025058e+05,1.104108809488588747e+02,1.124131461460905683e+02,1.078532233715676546e+09,1.095507436141648054e+09,1.000000000000000000e+00
4.740339089377136757e-04,1.396017557254871235e+03,1.395815738734292381e+03,4.511055435767637178e-02,1.630134543198932806e-01,-3.534712806541473838e+05,1.120294883861747053e+02,1.142648010205016504e+02,1.091060495453401089e+09,1.109453047950131416e+09,1.000000000000000000e+00
4.753844328948011967e-04,1.399043031240989194e+03,1.398853525769364069e+03,4.511232251884349231e-02,1.634960875249198975e-01,-3.536214532293716911e+05,1.136495355116795025e+02,1.158066510123874622e+02,1.103546943879192352e+09,1.121580179810786486e+09,1.000000000000000000e+00
4.767349568518886634e-04,1.402054477446012697e+03,1.401891822990368382e+03,4.511410804670235725e-02,1.639772192595199685e-01,-3.537789788364094566e+05,1.152701841022447837e+02,1.171694953276172697e+02,1.115984830589370728e+09,1.132231703509773731e+09,1.000000000000000000e+00
4.780854808089761844e-04,1.405051707708514186e+03,1.404862534989211326e+03,4.511591201732713385e-02,1.644568125195972064e-01,-3.539438587835907238e+05,1.168905758589041568e+02,1.190103999531326195e+02,1.128367278317553997e+09,1.145872561797399521e+09,1.000000000000000000e+00
4.794360047660637053e-04,1.408034535030020379e+03,1.407834872059375357e+03,4.511773551025777262e-02,1.649348302850565662e-01,-3.541160916795805097e+05,1.185098329470197598e+02,1.207231807640057752e+02,1.140687284890071630e+09,1.158788770819028854e+09,1.000000000000000000e+00
4.807865287231511721e-04,1.411002773675741082e+03,1.410826119851559042e+03,4.511957960715869131e-02,1.654112355380030208e-01,-3.542956734072471736e+05,1.201270585844647769e+02,1.221490373696613005e+02,1.152937727539082766e+09,1.169901203580801487e+09,1.000000000000000000e+00
4.821370526802386930e-04,1.413956239276521956e+03,1.413779401954419882e+03,4.512144539046154118e-02,1.658859912812800375e-01,-3.544825970999203273e+05,1.217413376800108580e+02,1.237489510597208096e+02,1.165111367594061136e+09,1.181815733523272514e+09,1.000000000000000000e+00
4.834875766373262140e-04,1.416894748932341145e+03,1.416691972046213323e+03,4.512333394199254111e-02,1.663590605573879166e-01,-3.546768531199099380e+05,1.233517375204769451e+02,1.255673431007354139e+02,1.177200855544694662e+09,1.195049385276108027e+09,1.000000000000000000e+00
4.848381005944136807e-04,1.419818121316875477e+03,1.419620692212084123e+03,4.512524634158820991e-02,1.668304064677118836e-01,-3.548784290395450080e+05,1.249573085085712592e+02,1.271502833593529402e+02,1.189198736494071722e+09,1.207048682114600658e+09,1.000000000000000000e+00
4.861886245515012017e-04,1.422726176783463643e+03,1.422561147358185735e+03,4.512718366569968415e-02,1.672999921921012323e-01,-3.550873096246107016e+05,1.265570849498074892e+02,1.284620025491231274e+02,1.201097455993832350e+09,1.217140996600579023e+09,1.000000000000000000e+00
4.875391485085887227e-04,1.425618737471963186e+03,1.425428939300505135e+03,4.512914698598956970e-02,1.677677810087236376e-01,-3.553034768204087741e+05,1.281500858901428046e+02,1.302471323690830900e+02,1.212889366278091192e+09,1.229887462692324877e+09,1.000000000000000000e+00
4.888896724656761894e-04,1.428495627416833713e+03,1.428288593032455765e+03,4.513113736792182668e-02,1.682337363142384912e-01,-3.555269097403312335e+05,1.297353160025200225e+02,1.319658718934277033e+02,1.224566732886165380e+09,1.242290734450062513e+09,1.000000000000000000e+00
4.902401964227637646e-04,1.431356672655921557e+03,1.431165202622658853e+03,4.513315586934834450e-02,1.686978216442082124e-01,-3.557575846571765724e+05,1.313117665236568996e+02,1.334362692672527544e+02,1.236121741688607693e+09,1.253391964765628338e+09,1.000000000000000000e+00
4.915907203798512313e-04,1.434201701340276486e+03,1.434024260003806148e+03,4.513520353909299121e-02,1.691600006937909462e-01,-3.559954749970510602e+05,1.328784162390383869e+02,1.348627616330869046e+02,1.247546506304522038e+09,1.263813745344889641e+09,1.000000000000000000e+00
4.929412443369386981e-04,1.437030543844459316e+03,1.436828783266221535e+03,4.513728141553682849e-02,1.696202373386312412e-01,-3.562405513361188932e+05,1.344342325171239452e+02,1.365840003649034600e+02,1.258833075922156572e+09,1.275839967545566082e+09,1.000000000000000000e+00
4.942917682940262732e-04,1.439843032877665109e+03,1.439637318701053118e+03,4.513939052520512391e-02,1.700784956559919792e-01,-3.564927814000139479e+05,1.359781723905029480e+02,1.381659751848670794e+02,1.269973443508547068e+09,1.287272571372403145e+09,1.000000000000000000e+00
4.956422922511137400e-04,1.442639003595103759e+03,1.442458337363485725e+03,4.514153188135992117e-02,1.705347399460386548e-01,-3.567521300661490532e+05,1.375091836846376623e+02,1.395057706643717381e+02,1.280959554417200804e+09,1.297252319439759254e+09,1.000000000000000000e+00
4.969928162082012067e-04,1.445418293709964928e+03,1.445229389173292248e+03,4.514370648259902197e-02,1.709889347533228299e-01,-3.570185593687782530e+05,1.390262061916909033e+02,1.410496888626614975e+02,1.291783315377294779e+09,1.307970140180305004e+09,1.000000000000000000e+00
4.983433401652887819e-04,1.448180743605383213e+03,1.447967898184026808e+03,4.514591531146493197e-02,1.714410448883691429e-01,-3.572920285069890087e+05,1.405281728897042512e+02,1.426914323532260482e+02,1.302436603870175600e+09,1.319157868313509703e+09,1.000000000000000000e+00
4.996938641223762486e-04,1.450926196446732774e+03,1.450720777453987012e+03,4.514815933306447204e-02,1.718910354494143367e-01,-3.575724938554913970e+05,1.420140112043616796e+02,1.441570344005521349e+02,1.312911277873937845e+09,1.329784800202579260e+09,1.000000000000000000e+00
5.010443880794637154e-04,1.453654498293654342e+03,1.453477672927135245e+03,4.515043949370313447e-02,1.723388718441997147e-01,-3.578599089783571544e+05,1.434826443132121199e+02,1.454061571313007164e+02,1.323199185978525877e+09,1.338849708894520760e+09,1.000000000000000000e+00
5.023949120365512905e-04,1.456365498212132024e+03,1.456166605510458794e+03,4.515275671953419834e-02,1.727845198118652670e-01,-3.581542246455941931e+05,1.449329924893312977e+02,1.469744667835468590e+02,1.333292177849366665e+09,1.349230181041159630e+09,1.000000000000000000e+00
5.037454359936387573e-04,1.459059048386012819e+03,1.458844767920759523e+03,4.515511191522705858e-02,1.732279454448429901e-01,-3.584553888526700321e+05,1.463639744838856700e+02,1.484945786677387787e+02,1.343182115038255453e+09,1.359460726276099682e+09,1.000000000000000000e+00
5.050959599507262240e-04,1.461735004228287380e+03,1.461533598964325847e+03,4.515750596265474814e-02,1.736691152107993630e-01,-3.587633468428576016e+05,1.477745089443113216e+02,1.498523125579123132e+02,1.352860882116661787e+09,1.369167447899514914e+09,1.000000000000000000e+00
5.064464839078137992e-04,1.464393224491502451e+03,1.464207364499197411e+03,4.515993971960485104e-02,1.741079959745208683e-01,-3.590780411325384048e+05,1.491635158671650174e+02,1.511091094848838168e+02,1.362320398126340628e+09,1.377764364494836569e+09,1.000000000000000000e+00
5.077970078649012660e-04,1.467033571377624867e+03,1.466826215560802666e+03,4.516241401851388282e-02,1.745445550197926299e-01,-3.593994115392924286e+05,1.505299180820913705e+02,1.525640501608979491e+02,1.371552628319407940e+09,1.387048041416649818e+09,1.000000000000000000e+00
5.091475318219887327e-04,1.469655910646717530e+03,1.469441802624372940e+03,4.516492966522922536e-02,1.749787600711618929e-01,-3.597273952128897072e+05,1.518726427655507791e+02,1.539501483462699412e+02,1.380549596178865671e+09,1.396292894277659178e+09,1.000000000000000000e+00
5.104980557790763079e-04,1.472260111724742956e+03,1.472065138953563974e+03,4.516748743779865072e-02,1.754105793156373605e-01,-3.600619266690633376e+05,1.531906229804891950e+02,1.551777075504313359e+02,1.389303395688669443e+09,1.404875635775720835e+09,1.000000000000000000e+00
5.118485797361637746e-04,1.474846047809839774e+03,1.474652378140245901e+03,4.517008808529140301e-02,1.758399814242120329e-01,-3.604029378260900266e+05,1.544827992401885126e+02,1.564159181380745167e+02,1.397806203840391636e+09,1.412796560214879990e+09,1.000000000000000000e+00
5.131991036932512414e-04,1.477413595977395289e+03,1.477198995333966650e+03,4.517273232665096339e-02,1.762669355732631726e-01,-3.607503580440950464e+05,1.557481210922300647e+02,1.577399978240594010e+02,1.406050293342482090e+09,1.420853806448239803e+09,1.000000000000000000e+00
5.145496276503388165e-04,1.479962637283243112e+03,1.479747775320244045e+03,4.517542084958300896e-02,1.766914114657143764e-01,-3.611041141670825891e+05,1.569855487203980715e+02,1.590014031082290273e+02,1.414028045515277863e+09,1.429167928528034449e+09,1.000000000000000000e+00
5.159001516074262833e-04,1.482493056865308972e+03,1.482302203805182671e+03,4.517815430947898225e-02,1.771133793520129340e-01,-3.614641305675846525e+05,1.581940545602475368e+02,1.601048925477556111e+02,1.421731963334844589e+09,1.436672854181146383e+09,1.000000000000000000e+00
5.172506755645137500e-04,1.485004744043031678e+03,1.484804468098721827e+03,4.518093332837858772e-02,1.775328100508072326e-01,-3.618303291939707124e+05,1.593726249257440486e+02,1.612619341761784710e+02,1.429154684604940176e+09,1.443476320512625456e+09,1.000000000000000000e+00
5.186011995216013252e-04,1.487497592414877317e+03,1.487277009288599857e+03,4.518375849397131966e-02,1.779496749693781910e-01,-3.622026296202296508e+05,1.605202616425032147e+02,1.624384252696557382e+02,1.436288995217266321e+09,1.450183493511320353e+09,1.000000000000000000e+00
5.199517234786889004e-04,1.489971499953270722e+03,1.489755041663088605e+03,4.518663035864053934e-02,1.783639461237071511e-01,-3.625809490982577554e+05,1.616359836847085774e+02,1.635812662156246233e+02,1.443127842475812435e+09,1.457584468987038136e+09,1.000000000000000000e+00
5.213022474357763671e-04,1.492426369097263205e+03,1.492237285121649393e+03,4.518954943854981005e-02,1.787755961582357389e-01,-3.629652026125430129e+05,1.627188288109777261e+02,1.645660806603456763e+02,1.449664348442733288e+09,1.464049929578518629e+09,1.000000000000000000e+00
5.226527713928638338e-04,1.494862106842261710e+03,1.494656482252437172e+03,4.519251621277509123e-02,1.791845983651998986e-01,-3.633553029371739249e+05,1.637678551959849642e+02,1.655874114251451488e+02,1.455891823278273821e+09,1.469376520091003418e+09,1.000000000000000000e+00
5.240032953499514090e-04,1.497278624827135218e+03,1.497054429399681112e+03,4.519553112248232696e-02,1.795909267035940005e-01,-3.637511606950972346e+05,1.647821430529143072e+02,1.666007127523859594e+02,1.461803778529732943e+09,1.474659735524202108e+09,1.000000000000000000e+00
5.253538193070388758e-04,1.499675839418026271e+03,1.499457105360377000e+03,4.519859457015379389e-02,1.799945558176463678e-01,-3.641526844195335289e+05,1.657607962432612396e+02,1.676249512580438932e+02,1.467393940338971376e+09,1.481065205836341619e+09,1.000000000000000000e+00
5.267043432641263425e-04,1.502053671789189821e+03,1.501860773738673288e+03,4.520170691886272324e-02,1.803954610548650361e-01,-3.645597806174557772e+05,1.667029438689292533e+02,1.684950597413019011e+02,1.472656262521466255e+09,1.486407706846496820e+09,1.000000000000000000e+00
5.280548672212139177e-04,1.504412048000189088e+03,1.504202385055432387e+03,4.520486849159942311e-02,1.807936184835333970e-01,-3.649723538350607851e+05,1.676077418428674264e+02,1.693376322225214494e+02,1.477584939483677864e+09,1.490117186803906679e+09,1.000000000000000000e+00
5.294053911783013844e-04,1.506750899069769275e+03,1.506525085284607258e+03,4.520807957064819360e-02,1.811890049097170385e-01,-3.653903067251024186e+05,1.684743744330692152e+02,1.701773442811707184e+02,1.482174418929991722e+09,1.493935768132004261e+09,1.000000000000000000e+00
5.307559151353888512e-04,1.509070161045758368e+03,1.508848686893654758e+03,4.521134039701814322e-02,1.815815978936618780e-01,-3.658135401160045294e+05,1.693020557759704730e+02,1.710711962646907125e+02,1.486419414323722839e+09,1.499168511629570484e+09,1.000000000000000000e+00
5.321064390924764263e-04,1.511369775071310869e+03,1.511172925157143254e+03,4.521465116992709476e-02,1.819713757656457043e-01,-3.662419530826525297e+05,1.700900313539548847e+02,1.718188429784559048e+02,1.490314917052061319e+09,1.503377703309496880e+09,1.000000000000000000e+00
5.334569630495638931e-04,1.513649687446855296e+03,1.513437313621696831e+03,4.521801204634148807e-02,1.823583176411656126e-01,-3.666754430187331163e+05,1.708375794327774884e+02,1.724648705443468657e+02,1.493856208257191658e+09,1.505382175783983707e+09,1.000000000000000000e+00
5.348074870066513598e-04,1.515909849688074928e+03,1.515682104995270265e+03,4.522142314057121804e-02,1.827424034355240035e-01,-3.671139057105436805e+05,1.715440124535230666e+02,1.731139494919452204e+02,1.497038870282203913e+09,1.507541538111538887e+09,1.000000000000000000e+00
5.361580109637389350e-04,1.518150218579291277e+03,1.517925790397874607e+03,4.522488452392234987e-02,1.831236138776979883e-01,-3.675572354121095268e+05,1.722086783746797494e+02,1.738641099341573408e+02,1.499858797691736221e+09,1.511504608446669817e+09,1.000000000000000000e+00
5.375085349208264017e-04,1.520370756222584532e+03,1.520171109608594861e+03,4.522839622440629620e-02,1.835019305235563447e-01,-3.680053249215589603e+05,1.728309619588135604e+02,1.744967223123376812e+02,1.502312207813885927e+09,1.514741816084676027e+09,1.000000000000000000e+00
5.388590588779138685e-04,1.522571430082048209e+03,1.522357765025253229e+03,4.523195822650821762e-02,1.838773357683117504e-01,-3.684580656585649122e+05,1.734102859991557750e+02,1.749319074157505725e+02,1.504395650759407997e+09,1.514944642464204311e+09,1.000000000000000000e+00
5.402095828350014436e-04,1.524752213023512695e+03,1.524522605030140312e+03,4.523557047101326584e-02,1.842498128582732986e-01,-3.689153477428047918e+05,1.739461124804097949e+02,1.753626223372425272e+02,1.506106018859135389e+09,1.515156732529206276e+09,1.000000000000000000e+00
5.415601067920889104e-04,1.526913083349158796e+03,1.526685908796864851e+03,4.523923285489297313e-02,1.846193459017910210e-01,-3.693770600732536404e+05,1.744379436688017222e+02,1.759566168407668272e+02,1.507440555463826895e+09,1.517761349640959740e+09,1.000000000000000000e+00
5.429106307491763771e-04,1.529054024827371904e+03,1.528849916543119662e+03,4.524294523125039352e-02,1.849859198794595871e-01,-3.698430904082559282e+05,1.748853231255698688e+02,1.764800046680358321e+02,1.508396863024123192e+09,1.520074341786391973e+09,1.000000000000000000e+00
5.442611547062639523e-04,1.531175026717279025e+03,1.530961424897393272e+03,4.524670740932607710e-02,1.853495206534756523e-01,-3.703133254461925244e+05,1.752878366389763301e+02,1.767117413947784712e+02,1.508972910342937231e+09,1.518669078710568190e+09,1.000000000000000000e+00
5.456116786633514191e-04,1.533276083788334290e+03,1.533047849338127662e+03,4.525051915456330953e-02,1.857101349762186604e-01,-3.707876509066820145e+05,1.756451130699632301e+02,1.769180074491454775e+02,1.509167038801767349e+09,1.516979252696729660e+09,1.000000000000000000e+00
5.469622026204388858e-04,1.535357196334436139e+03,1.535127794613370270e+03,4.525438018873450402e-02,1.860677504979544872e-01,-3.712659516121516353e+05,1.759568251094683831e+02,1.773096734337472071e+02,1.508977967183230400e+09,1.517704400860172987e+09,1.000000000000000000e+00
5.483127265775264610e-04,1.537418370182962917e+03,1.537205371461675213e+03,4.525829019012736487e-02,1.864223557737342274e-01,-3.717481115697175846e+05,1.762226899507386975e+02,1.776991390568649081e+02,1.508404794258682728e+09,1.518794976239454269e+09,1.000000000000000000e+00
5.496632505346139277e-04,1.539459616698278069e+03,1.539246805037096010e+03,4.526224879379231458e-02,1.867739402693909534e-01,-3.722340140532153891e+05,1.764424698956252371e+02,1.777876682368706156e+02,1.507446997264871359e+09,1.516516987852474928e+09,1.000000000000000000e+00
5.510137744917013945e-04,1.541480952780182406e+03,1.541255531752405204e+03,4.526625559185066400e-02,1.871224943667110785e-01,-3.727235416853709030e+05,1.766159729506048564e+02,1.777618365588841129e+02,1.506104421876644611e+09,1.512903667722424507e+09,1.000000000000000000e+00
5.537148224058764364e-04,1.545464027604231433e+03,1.545241150224462899e+03,4.527441235617459675e-02,1.878104869578270386e-01,-3.737130419976501144e+05,1.768236774616271703e+02,1.781370221967770249e+02,1.502263293614299774e+09,1.510923990561671972e+09,1.000000000000000000e+00
5.564158703200514783e-04,1.549367930943816873e+03,1.549147053746817846e+03,4.528275577046559502e-02,1.884862854509511410e-01,-3.747155878467170405e+05,1.768450702810375219e+02,1.779007057599125972e+02,1.496891126430355787e+09,1.503048120733963013e+09,1.000000000000000000e+00
5.591169182342264118e-04,1.553192995713008258e+03,1.552960595235409301e+03,4.529128107766994954e-02,1.891498463544956099e-01,-3.757302273800466792e+05,1.766803219471440514e+02,1.777619757581757085e+02,1.490001708119812727e+09,1.496363163937433004e+09,1.000000000000000000e+00
5.618179661484014537e-04,1.556939641242725202e+03,1.556722701091440513e+03,4.529998288205236423e-02,1.898011410005470689e-01,-3.767560059911537683e+05,1.763303726284109700e+02,1.773446723151791105e+02,1.481615209812845945e+09,1.487607543260251284e+09,1.000000000000000000e+00
5.645190140625764956e-04,1.560608371876985075e+03,1.560376408264698739e+03,4.530885517219440661e-02,1.904401554894171178e-01,-3.777919688026324729e+05,1.757969238333697604e+02,1.765951076483748921e+02,1.471758165459866047e+09,1.475498726192185163e+09,1.000000000000000000e+00
5.672200619767514291e-04,1.564199775220369247e+03,1.563985154793708261e+03,4.531789134738604952e-02,1.910668905754545066e-01,-3.788371630816826946e+05,1.750824261304207994e+02,1.761323645241434974e+02,1.460463353373430252e+09,1.466988952824995995e+09,1.000000000000000000e+00
5.699211098909264710e-04,1.567714520045790096e+03,1.567483730321421035e+03,4.532708424719960466e-02,1.916813614952963818e-01,-3.798906405767012620e+05,1.741900616321916004e+02,1.746608893040916826e+02,1.447769611282601833e+09,1.448553959936654329e+09,1.000000000000000000e+00
5.726221578051015129e-04,1.571153353867680153e+03,1.570930605332394634e+03,4.533642618399140456e-02,1.922835977390009998e-01,-3.809514597641837900e+05,1.731237208631789599e+02,1.740653500119249770e+02,1.433721593549777031e+09,1.439241332195218801e+09,1.000000000000000000e+00
5.753232057192764464e-04,1.574517100206595615e+03,1.574293648567300352e+03,4.534590897814632510e-02,1.928736427674446752e-01,-3.820186879963485408e+05,1.718879740054426861e+02,1.723392632197006549e+02,1.418369474868918180e+09,1.419303098931188822e+09,1.000000000000000000e+00
5.780242536334514883e-04,1.577806655556614942e+03,1.577569195305149833e+03,4.535552399577343075e-02,1.934515536773153688e-01,-3.830914035411418299e+05,1.704880367270625356e+02,1.709784933754479823e+02,1.401768604410170317e+09,1.403035284700082064e+09,1.000000000000000000e+00
5.807253015476265302e-04,1.581022986069186345e+03,1.580803276768761634e+03,4.536526218854567555e-02,1.940174008152827645e-01,-3.841686975068622269e+05,1.689297309316208953e+02,1.695191116113907697e+02,1.383979114864050865e+09,1.386438419942371368e+09,1.000000000000000000e+00
5.834263494618014637e-04,1.584167123987306240e+03,1.583937403828824017e+03,4.537511413543836997e-02,1.945712673459681352e-01,-3.852496756458822638e+05,1.672194408480100378e+02,1.672712252570975409e+02,1.365065491329422235e+09,1.362496484503876209e+09,1.000000000000000000e+00
5.861273973759765056e-04,1.587240163848452312e+03,1.587015277473657761e+03,4.538507008602417347e-02,1.951132487760980083e-01,-3.863334600326061482e+05,1.653640649411631784e+02,1.659978462414683804e+02,1.345096105286108017e+09,1.348009783833245277e+09,1.000000000000000000e+00
5.888284452901515476e-04,1.590243258483949148e+03,1.590023192852466309e+03,4.539512000500223188e-02,1.956434524386301832e-01,-3.874191906124143861e+05,1.633709641682998495e+02,1.634343728373824547e+02,1.324142717088951111e+09,1.321996766375248432e+09,1.000000000000000000e+00
5.915294932043264810e-04,1.593177614842874391e+03,1.592944653608054296e+03,4.540525361762122458e-02,1.961619969407434050e-01,-3.885060266197550809e+05,1.612479072742942776e+02,1.612488712475550301e+02,1.302279938790248156e+09,1.299520462321220875e+09,1.000000000000000000e+00
5.928800171614140562e-04,1.594619470848560695e+03,1.594390779182172309e+03,4.541034795361165166e-02,1.964169463100512159e-01,-3.890495834949697019e+05,1.601402637860997515e+02,1.604792618322162809e+02,1.291033030350131035e+09,1.291381745533493042e+09,1.000000000000000000e+00
5.942305411185015230e-04,1.596044590204805445e+03,1.595826804595603562e+03,4.541545924998660611e-02,1.966690253806680222e-01,-3.895931108448058367e+05,1.590032399301601345e+02,1.594155389071237607e+02,1.279588216634832621e+09,1.280732117511869192e+09,1.000000000000000000e+00
5.955810650755889897e-04,1.597453133830478009e+03,1.597237407623446870e+03,4.542058615623061069e-02,1.969182513881219121e-01,-3.901365089836364496e+05,1.578379086029277687e+02,1.578325436473189711e+02,1.267955496557550907e+09,1.265444339567259550e+09,1.000000000000000000e+00
5.969315890326765649e-04,1.598845271867484371e+03,1.598628024387667665e+03,4.542572734826686581e-02,1.971646431376646025e-01,-3.906796801240817877e+05,1.566453512158738590e+02,1.562689556486477329e+02,1.256144879624138355e+09,1.250347013493018389e+09,1.000000000000000000e+00
5.982821129897640316e-04,1.600221173582708161e+03,1.599995447079084897e+03,4.543088148110310809e-02,1.974082195272101048e-01,-3.912225277333000558e+05,1.554266631321887076e+02,1.550986707598315206e+02,1.244166450409446716e+09,1.238764204516158342e+09,1.000000000000000000e+00
5.996326369468514984e-04,1.601581010501784249e+03,1.601343365093400735e+03,4.543604720645114114e-02,1.976490000035183714e-01,-3.917649567621785100e+05,1.541829498992184995e+02,1.541029850705847650e+02,1.232030333976934671e+09,1.228762077490335941e+09,1.000000000000000000e+00
6.009831609039390735e-04,1.602924956264207367e+03,1.602700202452968142e+03,4.544122317415937029e-02,1.978870045411828260e-01,-3.923068736696341075e+05,1.529153256563664058e+02,1.532799653943007456e+02,1.219746684118979216e+09,1.220528516172848940e+09,1.000000000000000000e+00
6.023336848610265403e-04,1.604253186478334328e+03,1.604035580844813921e+03,4.544640803363084181e-02,1.981222536214562735e-01,-3.928481864450264839e+05,1.516249114510012248e+02,1.516668600650612291e+02,1.207325674959479094e+09,1.205415951455722570e+09,1.000000000000000000e+00
6.050347327752015822e-04,1.606863065494495686e+03,1.606647725214736511e+03,4.545680026431074550e-02,1.985845471063111822e-01,-3.939286689821237815e+05,1.489800554486698161e+02,1.482823177815103861e+02,1.182110118995265484e+09,1.173853580502298594e+09,1.000000000000000000e+00
6.077357806893765157e-04,1.609412331323257376e+03,1.609179475209861266e+03,4.546721210256818302e-02,1.990360946597519998e-01,-3.950056793445194489e+05,1.462573569862541945e+02,1.460716575653176506e+02,1.156464173079146624e+09,1.152552429351358175e+09,1.000000000000000000e+00
6.104368286035515576e-04,1.611902443435783653e+03,1.611690222112561969e+03,4.547763289072625364e-02,1.994770760901674600e-01,-3.960785406143019791e+05,1.434657772633443358e+02,1.432729084279218910e+02,1.130467210874910355e+09,1.126801543352747440e+09,1.000000000000000000e+00
6.131378765177265995e-04,1.614334879209426617e+03,1.614129176803546898e+03,4.548805209021319906e-02,1.999076772639072908e-01,-3.971466018297618721e+05,1.406142393159214805e+02,1.397161349193616218e+02,1.104197379016132832e+09,1.094674556053823709e+09,1.000000000000000000e+00
6.158389244319015330e-04,1.616711129515113953e+03,1.616481392114696746e+03,4.549845932073792731e-02,2.003280894241993015e-01,-3.982092383047784679e+05,1.377115707644681493e+02,1.372913249488883594e+02,1.077731084211633921e+09,1.072083872702923298e+09,1.000000000000000000e+00
6.185399723460765749e-04,1.619032694412807587e+03,1.618823920456251471e+03,4.550884439745765675e-02,2.007385085157994131e-01,-3.992658518423003261e+05,1.347664519044556641e+02,1.344835182649293586e+02,1.051142564681767821e+09,1.046974615837960005e+09,1.000000000000000000e+00
6.212410202602516168e-04,1.621301078978488249e+03,1.621106882263734178e+03,4.551919736591987509e-02,2.011391345194379343e-01,-4.003158708500912180e+05,1.317873688505943051e+02,1.307839792887140788e+02,1.024503511210141540e+09,1.014596767257275462e+09,1.000000000000000000e+00
6.239420681744265503e-04,1.623517789283235288e+03,1.623295663786246678e+03,4.552950853459674513e-02,2.015301707997065317e-01,-4.013587503660219954e+05,1.287825714166366993e+02,1.280350438460337728e+02,9.978827316399830580e+08,9.898633865357850790e+08,1.000000000000000000e+00
6.266431160886015922e-04,1.625684328542500907e+03,1.625472674607302224e+03,4.553976850486521344e-02,2.019118234696578584e-01,-4.023939719998025685e+05,1.257600355675008785e+02,1.255359696456257268e+02,9.713458582398117781e+08,9.678226575402427912e+08,1.000000000000000000e+00
6.293441640027766341e-04,1.627802193451257835e+03,1.627614799615114862e+03,4.554996819831878124e-02,2.022843007750373956e-01,-4.034210437977847178e+05,1.227274303771949917e+02,1.218049341803504007e+02,9.449550981427696943e+08,9.361556124887439013e+08,1.000000000000000000e+00
6.320452119169515676e-04,1.629872870718291779e+03,1.629673881721783573e+03,4.556009888132795532e-02,2.026478125007274700e-01,-4.044395000372099457e+05,1.196920894591570743e+02,1.186343124351559339e+02,9.187690268161538839e+08,9.088164836441766024e+08,1.000000000000000000e+00
6.347462598311266095e-04,1.631897833810504380e+03,1.631680766210372667e+03,4.557015218679625473e-02,2.030025694016471260e-01,-4.054489009561095736e+05,1.166609868287830380e+02,1.161895274796871433e+02,8.928424240534797907e+08,8.874420186729297638e+08,1.000000000000000000e+00
6.374473077453016515e-04,1.633878539915719557e+03,1.633689427397352119e+03,4.558012013308713334e-02,2.033487826600168247e-01,-4.064488324248195277e+05,1.136407171301605956e+02,1.129499326823475940e+02,8.672261514910744429e+08,8.605619438267353773e+08,1.000000000000000000e+00
6.401483556594765850e-04,1.635816427130452666e+03,1.635651189969720235e+03,4.558999514012586352e-02,2.036866633706068686e-01,-4.074389055648444919e+05,1.106374801215625325e+02,1.093747705935724497e+02,8.419670701833784580e+08,8.312038664045602083e+08,1.000000000000000000e+00
6.428494035736516269e-04,1.637712911875325972e+03,1.637513215317454296e+03,4.559977004269544221e-02,2.040164220550604313e-01,-4.084187563204608159e+05,1.076570692769001738e+02,1.066184320494483728e+02,8.171079963704947233e+08,8.077382856817972660e+08,1.000000000000000000e+00
6.455504514878266688e-04,1.639569386542489610e+03,1.639362722985413711e+03,4.560943810099461759e-02,2.043382682065711387e-01,-4.093880449884053087e+05,1.047048643177144385e+02,1.043564700760207415e+02,7.926876931695215702e+08,7.886521835302428007e+08,1.000000000000000000e+00
6.482514994020016023e-04,1.641387217372615396e+03,1.641220670791728935e+03,4.561899300851473410e-02,2.046524098652774959e-01,-4.103464557104979758e+05,1.017858274626166661e+02,1.009106168703333566e+02,7.687408956746401787e+08,7.613221995744627714e+08,1.000000000000000000e+00
6.509525473161766442e-04,1.643167742560358192e+03,1.643022477680158090e+03,4.562842889733363660e-02,2.049590532248328212e-01,-4.112936959337086882e+05,9.890450314823397093e+01,9.759715865090748821e+01,7.452983666819678545e+08,7.349785697986793518e+08,1.000000000000000000e+00
6.536535952303516861e-04,1.644912270584877888e+03,1.644723206751378029e+03,4.563774034093645571e-02,2.052584022703229372e-01,-4.122294958422418567e+05,9.606502095353735626e+01,9.498034197066667161e+01,7.223869800918889046e+08,7.132369514044188261e+08,1.000000000000000000e+00
6.563546431445266196e-04,1.646622078759798796e+03,1.646424037720056958e+03,4.564692235468419818e-02,2.055506584472990284e-01,-4.131536077654414694e+05,9.327110144316745277e+01,9.282176765729326462e+01,7.000298289399839640e+08,6.955947284898442030e+08,1.000000000000000000e+00
6.590556910587016615e-04,1.648298411996545610e+03,1.648145917345996168e+03,4.565597039406850410e-02,2.058360203616543538e-01,-4.140658055655256612e+05,9.052606463283609628e+01,8.967660784878513880e+01,6.782463549477621317e+08,6.716069351208937168e+08,1.000000000000000000e+00
6.617567389728767034e-04,1.649942481772974133e+03,1.649821134102092628e+03,4.566488035089566466e-02,2.061146835096966667e-01,-4.149658840084234253e+05,8.783284077523275357e+01,8.660441816831306028e+01,6.570524964966437817e+08,6.481824115973311663e+08,1.000000000000000000e+00
6.644577868870516369e-04,1.651555465299014259e+03,1.651396409065535408e+03,4.567364854755563003e-02,2.063868400377515400e-01,-4.158536581211762386e+05,8.519398316310309838e+01,8.406219577865263659e+01,6.364608519714515209e+08,6.278253113253046274e+08,1.000000000000000000e+00
6.671588348012266788e-04,1.653138504869472399e+03,1.652955786407484538e+03,4.568227172953238935e-02,2.066526785303204883e-01,-4.167289625386695261e+05,8.261168265122495313e+01,8.190162932979283994e+01,6.164808555215016603e+08,6.106235276953624487e+08,1.000000000000000000e+00
6.698598827154017207e-04,1.654692707394166291e+03,1.654541631898840933e+03,4.569074705631968186e-02,2.069123838258259407e-01,-4.175916508426620858e+05,8.008778360617880310e+01,7.940163238126703504e+01,5.971189624095946550e+08,5.920109250425534248e+08,1.000000000000000000e+00
6.725609306295766542e-04,1.656219144094419107e+03,1.656109668692417472e+03,4.569907209090323663e-02,2.071661368587278396e-01,-4.184415948954442283e+05,7.762380100570342734e+01,7.666509731653243875e+01,5.783788412869830132e+08,5.720657729492422342e+08,1.000000000000000000e+00
6.752619785437516961e-04,1.657718850355179256e+03,1.657612443854940238e+03,4.570724478797439511e-02,2.074141145268275643e-01,-4.192786841706405394e+05,7.522093842345748271e+01,7.412262820939183428e+01,5.602615709095505476e+08,5.530984853780416250e+08,1.000000000000000000e+00
6.779630264579267380e-04,1.659192825721252348e+03,1.659035497345540080e+03,4.571526348103348292e-02,2.076564895823870271e-01,-4.201028250830792240e+05,7.288010665408700106e+01,7.185466507619737797e+01,5.427658390223566294e+08,5.354146774654352665e+08,1.000000000000000000e+00
6.806640743721016715e-04,1.660642034026557894e+03,1.660472677853684672e+03,4.572312686854222707e-02,2.078934305457435516e-01,-4.209139403198742075e+05,7.060194275322328394e+01,7.005643650043987236e+01,5.258881413544213176e+08,5.217318786296589375e+08,1.000000000000000000e+00
6.833651222862767135e-04,1.662067403644861088e+03,1.661946440790021597e+03,4.573083399927548726e-02,2.081251016399647824e-01,-4.217119681742916000e+05,6.838682929157701551e+01,6.772058491675353764e+01,5.096229789171581864e+08,5.054760378999104500e+08,1.000000000000000000e+00
6.860661702004517554e-04,1.663469827850989986e+03,1.663389312739195475e+03,4.573838425702034249e-02,2.083516627451573178e-01,-4.224968618841710850e+05,6.623491364765411049e+01,6.539694615391600507e+01,4.939630520994970798e+08,4.893803501651076674e+08,1.000000000000000000e+00
6.887672181146266889e-04,1.664850165281342697e+03,1.664768049220300782e+03,4.574577734476099888e-02,2.085732693709481111e-01,-4.232685889761807048e+05,6.414612719010317221e+01,6.321034768976405616e+01,4.788994506017336845e+08,4.737127344005057216e+08,1.000000000000000000e+00
6.914682660288017308e-04,1.666209240483114854e+03,1.666075359332436619e+03,4.575301326848293937e-02,2.087900726457413703e-01,-4.240271306172832265e+05,6.212020420445180235e+01,6.118372010182174847e+01,4.644218398119639158e+08,4.584802740691722631e+08,1.000000000000000000e+00
6.943857272135537523e-04,1.667654211634591093e+03,1.667499898651048397e+03,4.576065270688676329e-02,2.090190151238819904e-01,-4.248316237145959749e+05,6.000217076477915157e+01,5.943856490591540620e+01,4.494302322669190764e+08,4.456835933929283023e+08,1.000000000000000000e+00
6.973031883983058822e-04,1.669076259633140353e+03,1.668969667814492595e+03,4.576810994284963297e-02,2.092427057650975142e-01,-4.256207430776464171e+05,5.795615254563995222e+01,5.739906702015468198e+01,4.350924509396483302e+08,4.322078083420592546e+08,1.000000000000000000e+00
7.002206495830580121e-04,1.670476294688911139e+03,1.670416183802766227e+03,4.577538604172169678e-02,2.094613178614282145e-01,-4.263945135526490631e+05,5.598117879158210997e+01,5.534518101627694620e+01,4.213912003739196658e+08,4.188195040746685863e+08,1.000000000000000000e+00
7.031381107678101421e-04,1.671855184750398166e+03,1.671805700210099303e+03,4.578248238722242014e-02,2.096750188894522804e-01,-4.271529750125011778e+05,5.407610933642093443e+01,5.335673714223196384e+01,4.083081702898174524e+08,4.054544693988100290e+08,1.000000000000000000e+00
7.060555719525622720e-04,1.673213756760805836e+03,1.673110411360955823e+03,4.578940065735341569e-02,2.098839705909301134e-01,-4.278961814859219594e+05,5.223965740847545192e+01,5.145687536165005582e+01,3.958242365317602158e+08,3.917555142372705936e+08,1.000000000000000000e+00
7.089730331373142935e-04,1.674552797964651973e+03,1.674423177082278471e+03,4.579614280070770649e-02,2.100883290670578218e-01,-4.286242003063763841e+05,5.047041177112206611e+01,4.990576802802038259e+01,3.839196533605333567e+08,3.808218512392175198e+08,1.000000000000000000e+00
7.118904943220663150e-04,1.675873057251885257e+03,1.675772441369094167e+03,4.580271101329613098e-02,2.102882448843131080e-01,-4.293371112811872736e+05,4.876685845685388188e+01,4.834670549793938221e+01,3.725742390926100612e+08,3.708352946259316802e+08,1.000000000000000000e+00
7.148079555068184449e-04,1.677175246527472154e+03,1.677125879726363110e+03,4.580910771600228693e-02,2.104838631899376700e-01,-4.300350058805826120e+05,4.712740230664590513e+01,4.672411705718648278e+01,3.617675738045324683e+08,3.609509912012056708e+08,1.000000000000000000e+00
7.206428778763227048e-04,1.679727479268638035e+03,1.679689407746669303e+03,4.582139427112411761e-02,2.108626210221296038e-01,-4.313859384489944787e+05,4.403798941644887321e+01,4.353915600814877251e+01,3.417236932378084660e+08,3.405790403096570373e+08,1.000000000000000000e+00
7.264778002458268562e-04,1.682215355113519081e+03,1.682108572124234342e+03,4.583303267662408587e-02,2.112258727598397834e-01,-4.326785269664232619e+05,4.118291441843886957e+01,4.081032033552809679e+01,3.235769351205433607e+08,3.221090140276494026e+08,1.000000000000000000e+00
7.323127226153310076e-04,1.684643355800788186e+03,1.684620580344741256e+03,4.584404828051998754e-02,2.115745941425737353e-01,-4.339138498938500416e+05,3.854758737356352327e+01,3.832394566990416251e+01,3.071646822363959551e+08,3.077680298098530173e+08,1.000000000000000000e+00
7.381476449848352675e-04,1.687015508144708065e+03,1.687011408747360974e+03,4.585446811279669799e-02,2.119096881662067555e-01,-4.350931023088078946e+05,3.611735025638699881e+01,3.584040506107047719e+01,2.923300524644195437e+08,2.929439023557384014e+08,1.000000000000000000e+00
7.439825673543395274e-04,1.689335425911348239e+03,1.689257715321701198e+03,4.586432037277554663e-02,2.122319898292667761e-01,-4.362175763935020659e+05,3.387771751160013167e+01,3.354477481314736309e+01,2.789235652624730468e+08,2.781315326415453553e+08,1.000000000000000000e+00
7.498174897238436788e-04,1.691606349625733628e+03,1.691579613624104695e+03,4.587363397632370637e-02,2.125422708492460955e-01,-4.372886434960305924e+05,3.181457875559507187e+01,3.167995890782775348e+01,2.668043963727966249e+08,2.676566793719363213e+08,1.000000000000000000e+00
7.556524120933478302e-04,1.693831183996930122e+03,1.693871733535206431e+03,4.588243816139936371e-02,2.128412442761700440e-01,-4.383077377714302856e+05,2.991435501785029061e+01,2.986958653731256419e+01,2.558411858341948688e+08,2.580256995156338513e+08,1.000000000000000000e+00
7.614873344628520901e-04,1.696012532765049627e+03,1.695978690168716639e+03,4.589076214932649722e-02,2.131295689464957621e-01,-4.392763413718071533e+05,2.816411101531557648e+01,2.787498900575355165e+01,2.459124597364132106e+08,2.458167290433733761e+08,1.000000000000000000e+00
7.673222568323563499e-04,1.698152730872722486e+03,1.698095297189608800e+03,4.589863485832511303e-02,2.134078537355741101e-01,-4.401959711327531841e+05,2.655162956165002441e+01,2.639110272596112239e+01,2.369067388238853812e+08,2.370822717903579175e+08,1.000000000000000000e+00
7.731571792018605014e-04,1.700253873945549230e+03,1.700273163954914935e+03,4.590608466524872394e-02,2.136766615804626401e-01,-4.410681666891067871e+05,2.506545507160713626e+01,2.506011598851436517e+01,2.287224051320159733e+08,2.303105081681568027e+08,1.000000000000000000e+00
7.789921015713646528e-04,1.702317845127123064e+03,1.702369369390391284e+03,4.591313921114388574e-02,2.139365132557072835e-01,-4.418944799415536691e+05,2.369491343140776252e+01,2.371412333934386751e+01,2.212673937712633610e+08,2.232362147650897503e+08,1.000000000000000000e+00
7.848270239408689126e-04,1.704346339359536842e+03,1.704323265698468049e+03,4.591982524614787037e-02,2.141878908931567072e-01,-4.426764657848803909e+05,2.243011669149156972e+01,2.220589046245176590e+01,2.144587861400298476e+08,2.144341230995378196e+08,1.000000000000000000e+00
7.964968686798773239e-04,1.708301588570897138e+03,1.708341671704227338e+03,4.593216894397553207e-02,2.146665542195064502e-01,-4.441118749974042876e+05,2.019387213674162496e+01,2.022783950047569590e+01,2.025716701622379124e+08,2.038330416871685982e+08,1.000000000000000000e+00
8.081667134188857352e-04,1.712132345354817744e+03,1.712154879832359939e+03,4.594334904778234197e-02,2.151165757394725708e-01,-4.453904922562220600e+05,1.827817225448902150e+01,1.816271806783079157e+01,1.924615197758180797e+08,1.927540229296458960e+08,1.000000000000000000e+00
8.198365581578941465e-04,1.715847201884289007e+03,1.715883120917907490e+03,4.595353752773448375e-02,2.155406905101454051e-01,-4.465241042629395379e+05,1.663001406238737445e+01,1.661183887139178239e+01,1.837391061455640793e+08,1.841319303081417680e+08,1.000000000000000000e+00
8.315064028969025578e-04,1.719453355071295391e+03,1.719553566550780488e+03,4.596288719897641956e-02,2.159412753017615483e-01,-4.475240059224324068e+05,1.520537900218680427e+01,1.524491758299161681e+01,1.761015910229603350e+08,1.766670742464914918e+08,1.000000000000000000e+00
8.431762476359109691e-04,1.722956921023878522e+03,1.722969012687852228e+03,4.597153222757793117e-02,2.163204061321052918e-01,-4.484009207773384405e+05,1.396787286520828886e+01,1.386584593425463474e+01,1.693153122851795554e+08,1.689849940048537552e+08,1.000000000000000000e+00
8.548460923749193804e-04,1.726363177117099212e+03,1.726489932736887113e+03,4.597958917567038228e-02,2.166799057686296104e-01,-4.491649543670279672e+05,1.288748530566280159e+01,1.293073358019497476e+01,1.632012256777708232e+08,1.631746735900347233e+08,1.000000000000000000e+00
8.665159371139277917e-04,1.729676747048184325e+03,1.729775498171506797e+03,4.598715836580512945e-02,2.170213828545057289e-01,-4.498255729837829131e+05,1.193949297249527675e+01,1.186442570627612270e+01,1.576228615632060766e+08,1.569934836054927707e+08,1.000000000000000000e+00
8.781857818529362029e-04,1.732901741532454707e+03,1.732994228301626663e+03,4.599432540380239687e-02,2.173462641215140323e-01,-4.503916014795344090e+05,1.110351751348991733e+01,1.105863559998354262e+01,1.524765804598028064e+08,1.518510227540715933e+08,1.000000000000000000e+00
8.898556265919446142e-04,1.736041864856027132e+03,1.736235813704423890e+03,4.600116274690548707e-02,2.176558209438372582e-01,-4.508712349207130028e+05,1.036273380901956109e+01,1.040367917088313021e+01,1.476838316010262072e+08,1.469899850299826860e+08,1.000000000000000000e+00
9.015254713309530255e-04,1.739100495378421328e+03,1.739241177233749795e+03,4.600773124086612181e-02,2.179511912834743437e-01,-4.512720599318638560e+05,9.703214577182684764e+00,9.619135356413492488e+00,1.431850933224892616e+08,1.420784786134589016e+08,1.000000000000000000e+00
9.131953160699614368e-04,1.742080746303441401e+03,1.742213645179911737e+03,4.601408157723382852e-02,2.182333978932864960e-01,-4.516010824713234906e+05,9.113393624626173306e+00,9.058658954627199833e+00,1.389351869224368334e+08,1.379583497332327962e+08,1.000000000000000000e+00
9.248651608089698481e-04,1.744985511596036986e+03,1.745217625789636486e+03,4.602025564231913835e-02,2.185033634834323280e-01,-4.518647595387739711e+05,8.583629423709659534e+00,8.592792954090867852e+00,1.348996886909027398e+08,1.337381056977264285e+08,1.000000000000000000e+00
9.365350055479782594e-04,1.747817500771273217e+03,1.748028378030470321e+03,4.602628774362571562e-02,2.187619234217298980e-01,-4.520690329365031212e+05,8.105851872065663599e+00,8.055401456579222241e+00,1.310522056205888987e+08,1.297016112832603753e+08,1.000000000000000000e+00
9.482048502869866707e-04,1.750579265381367577e+03,1.750729853374315326e+03,4.603220570940857320e-02,2.190098364269666142e-01,-4.522193637040161993e+05,7.673277075869423314e+00,7.594893596341060871e+00,1.273723215063335896e+08,1.261927485584355295e+08,1.000000000000000000e+00
9.598746950259949735e-04,1.753273219327182460e+03,1.753517445942917448e+03,4.603803186353870591e-02,2.192477936233637736e-01,-4.523207662395927473e+05,7.280177231347481737e+00,7.252200177361432409e+00,1.238440578721749187e+08,1.224818247505175024e+08,1.000000000000000000e+00
9.715445397650033848e-04,1.755901654586889890e+03,1.756212819124365524e+03,4.604378388195917715e-02,2.194764262513658748e-01,-4.523778414263578597e+05,6.921694849202498112e+00,6.915459494037359711e+00,1.204547267834639400e+08,1.189015431715760380e+08,1.000000000000000000e+00
9.832143845040117961e-04,1.758466753547021654e+03,1.758704246463471691e+03,4.604947553938822102e-02,2.196963122714666872e-01,-4.523948083134579356e+05,6.593692524747873485e+00,6.507235660328544391e+00,1.171940797554982603e+08,1.155870221647413820e+08,1.000000000000000000e+00
9.948842292430200990e-04,1.760970598815683843e+03,1.761189461146296708e+03,4.605511735609896240e-02,2.199079820513250016e-01,-4.523755340762166888e+05,6.292631143155707818e+00,6.228909582360198982e+00,1.140536789654188007e+08,1.127071211780950874e+08,1.000000000000000000e+00
1.006554073982028619e-03,1.763415181167037190e+03,1.763727253100315465e+03,4.606071715496150298e-02,2.201119232894865885e-01,-4.523235621078977128e+05,6.015470820707529143e+00,5.987760542708049805e+00,1.110264344448994994e+08,1.095032128727331609e+08,1.000000000000000000e+00
1.018223918721036922e-03,1.765802406095710467e+03,1.766167412935194079e+03,4.606628053876316020e-02,2.203085852997846983e-01,-4.522421381872543716e+05,5.759590038224567721e+00,5.743504861309190801e+00,1.081062645859368294e+08,1.064467171725858301e+08,1.000000000000000000e+00
1.029893763460045224e-03,1.768134099331894276e+03,1.768430913273754413e+03,4.607181129731971470e-02,2.204983827572346566e-01,-4.521342347312387428e+05,5.522719354960474725e+00,5.450129277635658909e+00,1.052878478301229328e+08,1.036131234855466038e+08,1.000000000000000000e+00
1.041563608199053744e-03,1.770412011574652524e+03,1.770662451622023809e+03,4.607731175320479294e-02,2.206816989877995183e-01,-4.520025731855743797e+05,5.302886832086076474e+00,5.238034586831504136e+00,1.025664414319146574e+08,1.011867820602031201e+08,1.000000000000000000e+00
1.053233452938062264e-03,1.772637822631254494e+03,1.772977494178539700e+03,4.608278305414582193e-02,2.208588888696726704e-01,-4.518496446343440330e+05,5.098372868203306929e+00,5.056666678210467225e+00,9.993774915384145081e+07,9.840268854189188778e+07,1.000000000000000000e+00
1.064903297677070567e-03,1.774813145100566771e+03,1.775227945462337630e+03,4.608822541933557670e-02,2.210302814020207451e-01,-4.516777287257905700e+05,4.907672524349980137e+00,4.881778822445711263e+00,9.739782383940236270e+07,9.571825304968228936e+07,1.000000000000000000e+00
1.082434848062157132e-03,1.777989177785967513e+03,1.778342117093427987e+03,4.609634599033557434e-02,2.212774392931863843e-01,-4.513876384178675944e+05,4.644533562314164143e+00,4.573682514595967419e+00,9.374124259269829094e+07,9.202257450076249242e+07,1.000000000000000000e+00
1.099966398447243480e-03,1.781060461345579370e+03,1.781382492314930232e+03,4.610439763899279453e-02,2.215132695957020004e-01,-4.510663193388570216e+05,4.405680954786505232e+00,4.347278808909289083e+00,9.026465376322500408e+07,8.882400179821497202e+07,1.000000000000000000e+00
1.117497948832330045e-03,1.784031696669869234e+03,1.784455902946765491e+03,4.611237461488792988e-02,2.217386177362924427e-01,-4.507192566414506291e+05,4.187946903496847284e+00,4.155962450295191069e+00,8.695754689687877893e+07,8.542903279169404507e+07,1.000000000000000000e+00
1.135029499217416610e-03,1.786907318288708666e+03,1.787329870564466546e+03,4.612027017130298362e-02,2.219542458871651691e-01,-4.503512478005713783e+05,3.988680726795675202e+00,3.943446134104399814e+00,8.381015911829105020e+07,8.220884020548518002e+07,1.000000000000000000e+00
1.152561049602503175e-03,1.789691511772822878e+03,1.790043392369366529e+03,4.612807712749057709e-02,2.221608427486610471e-01,-4.499664853657822241e+05,3.805650220064991984e+00,3.743313907133391183e+00,8.081337384743532538e+07,7.934400839770743251e+07,1.000000000000000000e+00
1.170092599987589740e-03,1.792388229786262173e+03,1.792782763360956324e+03,4.613578827435323854e-02,2.223590319700999851e-01,-4.495686294608709286e+05,3.636964035365341630e+00,3.597445168936241888e+00,7.795864954355078936e+07,7.661064125866018236e+07,1.000000000000000000e+00
1.187624150372676088e-03,1.795001206964498351e+03,1.795468707087764869e+03,4.614339665963967246e-02,2.225493794341011633e-01,-4.491608713563525816e+05,3.481010301970537846e+00,3.463595261880644927e+00,7.523796889644564688e+07,7.390510671425601840e+07,1.000000000000000000e+00
1.205155700757762653e-03,1.797533973743957404e+03,1.797961810691588425e+03,4.615089578118127672e-02,2.227323995856244077e-01,-4.487459892672173446e+05,3.336407751836257596e+00,3.292628808944155328e+00,7.264380052456998825e+07,7.119276875904445350e+07,1.000000000000000000e+00
1.222687251142849218e-03,1.799989869236080267e+03,1.800360851524393638e+03,4.615827971057658713e-02,2.229085609527896028e-01,-4.483263973758014035e+05,3.201966549772099491e+00,3.151949048079315752e+00,7.016906806140783429e+07,6.885210057402783632e+07,1.000000000000000000e+00
1.240218801527935566e-03,1.802372053220636417e+03,1.802779739580370006e+03,4.616554316484591108e-02,2.230782909798325053e-01,-4.479041889438172802e+05,3.076656724642318430e+00,3.039347335308252518e+00,6.780712363461416960e+07,6.658851813225186616e+07,1.000000000000000000e+00
1.257750351913022131e-03,1.804683517319892871e+03,1.805145339028302487e+03,4.617268153969375510e-02,2.232419802713491719e-01,-4.474811742598669371e+05,2.959582612592525752e+00,2.932274649662002908e+00,6.555172413628704846e+07,6.436090545405443758e+07,1.000000000000000000e+00
1.275281902298108696e-03,1.806927095407890647e+03,1.807372028621647132e+03,4.617969091495739697e-02,2.233999863300424327e-01,-4.470589140651219059e+05,2.849962113114330897e+00,2.809664524774812211e+00,6.339700958454716206e+07,6.211794130008315295e+07,1.000000000000000000e+00
1.292813452683195261e-03,1.809105473302028940e+03,1.809501783812389931e+03,4.618656804042445274e-02,2.235526368563606481e-01,-4.466387490100286086e+05,2.747109867482196321e+00,2.694766827292443878e+00,6.133748351191635430e+07,6.004568032061355561e+07,1.000000000000000000e+00
1.310345003068281826e-03,1.811221197778858368e+03,1.811604019271147990e+03,4.619331030835942264e-02,2.237002326670240460e-01,-4.462218256147253560e+05,2.650423734082736793e+00,2.611199056011998643e+00,5.936799587042878568e+07,5.827715656511778384e+07,1.000000000000000000e+00
1.327876553453368174e-03,1.813276684948382808e+03,1.813697529339967787e+03,4.619991571769224009e-02,2.238430502796576183e-01,-4.458091191337081837e+05,2.559374193503666461e+00,2.534550142064121658e+00,5.748372958874947578e+07,5.650055396542412043e+07,1.000000000000000000e+00
1.345408103838454739e-03,1.815274228012052617e+03,1.815726046599819028e+03,4.620638283384035511e-02,2.239813442020069933e-01,-4.454014536559951957e+05,2.473496625029758533e+00,2.459931194783423258e+00,5.568019287067098916e+07,5.477951502683193982e+07,1.000000000000000000e+00
1.360552689562696121e-03,1.816954901403136319e+03,1.817377998772983801e+03,4.621185738971175794e-02,2.240973562817278053e-01,-4.450539128715505940e+05,2.403224975149186093e+00,2.373999423697004119e+00,5.418428755413550884e+07,5.314203026541320980e+07,1.000000000000000000e+00
1.375697275286937287e-03,1.818595188328985842e+03,1.818987380409062553e+03,4.621722729352611969e-02,2.242102961121771876e-01,-4.447110195637141587e+05,2.336306337930327715e+00,2.296676138926411870e+00,5.274323754085116088e+07,5.163698299033139646e+07,1.000000000000000000e+00
1.405986446735419618e-03,1.821758514000171544e+03,1.822139720429663612e+03,4.622765292141667315e-02,2.244273506421368691e-01,-4.440400563885853044e+05,2.210752424658581461e+00,2.181289687324389881e+00,5.001192220271211118e+07,4.914580868170445412e+07,1.000000000000000000e+00
1.436275618183901950e-03,1.824777526141017461e+03,1.825192060835150414e+03,4.623767415439729300e-02,2.246338415826544810e-01,-4.433907333122610580e+05,2.095970596833473643e+00,2.072608206657263974e+00,4.746965547839788347e+07,4.673661848735257983e+07,1.000000000000000000e+00
1.466564789632384498e-03,1.827661050591948879e+03,1.828040054109637367e+03,4.624729652842320821e-02,2.248306004541075209e-01,-4.427642677617038134e+05,1.990545112736156641e+00,1.947580003681611771e+00,4.509982742098663747e+07,4.410063157196671516e+07,1.000000000000000000e+00
1.496853961080867046e-03,1.830417216435374939e+03,1.830767983143666697e+03,4.625652770752348986e-02,2.250183625292828116e-01,-4.421613775975415483e+05,1.893344243339789790e+00,1.855888868193171781e+00,4.288773710465461016e+07,4.209659240124547482e+07,1.000000000000000000e+00
1.527143132529349377e-03,1.833053522613278346e+03,1.833419050385485207e+03,4.626537700156482802e-02,2.251977807973738477e-01,-4.415823880539103411e+05,1.803427569716901768e+00,1.783535670997894451e+00,4.082022602085548639e+07,4.025108680528941751e+07,1.000000000000000000e+00
1.557432303977831708e-03,1.835576896717789850e+03,1.835938520649028987e+03,4.627385494651507780e-02,2.253694375186462984e-01,-4.410273183989361860e+05,1.719996240414494171e+00,1.693876483034836733e+00,3.888544238973405212e+07,3.819950133769442886e+07,1.000000000000000000e+00
1.587721475426314257e-03,1.837993747322987701e+03,1.838325846391686810e+03,4.628197294469931639e-02,2.255338539119855212e-01,-4.404959523328181822e+05,1.642358960550938551e+00,1.611417787387865896e+00,3.707265089783270657e+07,3.634679748940819502e+07,1.000000000000000000e+00
1.616182557140168497e-03,1.840173061171861491e+03,1.840497760765189014e+03,4.628928387206503181e-02,2.256821758291316093e-01,-4.400179016282802913e+05,1.574248268992148425e+00,1.549492159749371600e+00,3.547217734848310053e+07,3.491973942701239139e+07,1.000000000000000000e+00
1.644643638854022521e-03,1.842267966295299630e+03,1.842594019922968528e+03,4.629629675551964751e-02,2.258248549069284961e-01,-4.395600362461167388e+05,1.510317973436053451e+00,1.490006165800390248e+00,3.396375530669443309e+07,3.355332534323507920e+07,1.000000000000000000e+00
1.673104720567876545e-03,1.844282727826983091e+03,1.844610017815620267e+03,4.630302189832601056e-02,2.259622102147067491e-01,-4.391218398164801765e+05,1.450211103403412860e+00,1.417034377958631186e+00,3.254081441589007527e+07,3.194743445699982345e+07,1.000000000000000000e+00
1.701565802281730568e-03,1.846221325305380105e+03,1.846534683969607386e+03,4.630946961068352352e-02,2.260945325914715254e-01,-4.387027383158162702e+05,1.393609954079355395e+00,1.353013635258008884e+00,3.119734788787086308e+07,3.050827094868424535e+07,1.000000000000000000e+00
1.730026883995584592e-03,1.848087474618144370e+03,1.848384709266869550e+03,4.631565011783986968e-02,2.262220877208396264e-01,-4.383021171353638638e+05,1.340238212271193774e+00,1.308657788512102238e+00,2.992789284638971090e+07,2.940333159446024895e+07,1.000000000000000000e+00
1.758487965709438616e-03,1.849884647629436131e+03,1.850176427279284326e+03,4.632157349458319168e-02,2.263451187329607039e-01,-4.379193341211220250e+05,1.289865967502294763e+00,1.268735019127621877e+00,2.872753328097720444e+07,2.837037715515743196e+07,1.000000000000000000e+00
1.786949047423292639e-03,1.851616089368093526e+03,1.851907868410183028e+03,4.632724963009646202e-02,2.264638483237247091e-01,-4.375537285582243931e+05,1.242325826619796736e+00,1.224434857826101730e+00,2.759196600621249527e+07,2.726473159986930713e+07,1.000000000000000000e+00
1.815410129137146663e-03,1.853284832249854844e+03,1.853587250916489438e+03,4.633268823593425512e-02,2.265784802955718158e-01,-4.372046252608106006e+05,1.197556354591443384e+00,1.168227306351114603e+00,2.651771482969892025e+07,2.594457916720446572e+07,1.000000000000000000e+00
1.872583561352682367e-03,1.856456228692881041e+03,1.856726553454056784e+03,4.634292471985117234e-02,2.267969355386340868e-01,-4.365510630471787881e+05,1.113004673456190696e+00,1.092746853805252272e+00,2.451980386862797290e+07,2.415362315498147532e+07,1.000000000000000000e+00
1.929756993568218070e-03,1.859414022722164191e+03,1.859676667002189106e+03,4.635235779138120737e-02,2.270015285127218729e-01,-4.359537869447178673e+05,1.036968845511147652e+00,1.018594709341114513e+00,2.271942689089043438e+07,2.245036584544077516e+07,1.000000000000000000e+00
1.986930425783753774e-03,1.862176869742480903e+03,1.862441423445911141e+03,4.636105582955941939e-02,2.271934615692888793e-01,-4.354078366759316996e+05,9.680376106331006758e-01,9.395038572952999489e-01,2.109154350282564759e+07,2.062679225213380530e+07,1.000000000000000000e+00
2.044103857999289477e-03,1.864761344004785997e+03,1.865003485901908789e+03,4.636908139465802103e-02,2.273737861636961066e-01,-4.349085913790736813e+05,9.053247532871393499e-01,8.698732841829712736e-01,1.961587788641651347e+07,1.928546694869441912e+07,1.000000000000000000e+00
2.105557163299196302e-03,1.867356856961759831e+03,1.867606913565470677e+03,4.637702157994290364e-02,2.275556966068656983e-01,-4.344192893515424803e+05,8.437988262749239743e-01,7.993331179980791568e-01,1.817873593185465410e+07,1.774301026853844523e+07,1.000000000000000000e+00
2.167010468599103127e-03,1.869780485562669810e+03,1.870021911811151313e+03,4.638431990975204477e-02,2.277263451743641309e-01,-4.339739524707524106e+05,7.878416078355894303e-01,7.417827483301213665e-01,1.687837708596444502e+07,1.641269544036375917e+07,1.000000000000000000e+00
2.228463773899009952e-03,1.872046753498487078e+03,1.872270441510228693e+03,4.639103406142469632e-02,2.278866336726901864e-01,-4.335682626675271895e+05,7.367864793803113876e-01,7.078379541578767586e-01,1.569880146423773654e+07,1.545252439813226834e+07,1.000000000000000000e+00
2.289917079198916777e-03,1.874168597417678711e+03,1.874408199361093921e+03,4.639721579432812965e-02,2.280373620672572210e-01,-4.331983378335817251e+05,6.901657445760256415e-01,6.576940587327966270e-01,1.462671002866994403e+07,1.425513992719409242e+07,1.000000000000000000e+00
2.362091248299030832e-03,1.876490940635437255e+03,1.876719069551676739e+03,4.640385572101931450e-02,2.282030843319331481e-01,-4.328050581696494482e+05,6.400412700613669070e-01,6.091081466614571838e-01,1.348732537825759687e+07,1.313998746644608490e+07,1.000000000000000000e+00
2.434265417399144454e-03,1.878648534741401136e+03,1.878859698228618299e+03,4.640990412468053161e-02,2.283577802623999453e-01,-4.324507122555230744e+05,5.947095617371200849e-01,5.697222221915779761e-01,1.246263822382238880e+07,1.226049881444303691e+07,1.000000000000000000e+00
2.506439586499258510e-03,1.880656066705443436e+03,1.880892967230699242e+03,4.641541997440625650e-02,2.285023642401728949e-01,-4.321309694469685201e+05,5.535608764414079452e-01,5.210249196216056866e-01,1.153849178819476254e+07,1.114428127791954949e+07,1.000000000000000000e+00
2.578613755599372566e-03,1.882526508433792969e+03,1.882744488022921587e+03,4.642045513507828819e-02,2.286376437203891387e-01,-4.318420243841437623e+05,5.162729906091358956e-01,4.784521587014864408e-01,1.070372551006199792e+07,1.035221443140760064e+07,1.000000000000000000e+00
2.677453224115658968e-03,1.884884188040735808e+03,1.885088134643197009e+03,4.642664594587563726e-02,2.288089540167212443e-01,-4.314907342453289311e+05,4.699053707008869485e-01,4.283432399678464009e-01,9.683920228189907968e+06,9.402007412586489692e+06,1.000000000000000000e+00
2.776292692631945370e-03,1.887037952803639655e+03,1.887257608227625042e+03,4.643215847166938526e-02,2.289662493410764554e-01,-4.311818782880688086e+05,4.289670125640833720e-01,3.817417117361647239e-01,8.788123885973058641e+06,8.365971234527677298e+06,1.000000000000000000e+00
2.875132161148231773e-03,1.889010138327043933e+03,1.889213468282317990e+03,4.643708009719169083e-02,2.291109658687978667e-01,-4.309094165009909775e+05,3.925453391325790520e-01,3.631558243782513906e-01,7.997591494610138237e+06,7.748548618865839206e+06,1.000000000000000000e+00
2.973971629664517741e-03,1.890820043208628249e+03,1.891035130933883011e+03,4.644148477573783323e-02,2.292443557655876873e-01,-4.306683010280409362e+05,3.600228160709894043e-01,3.401756950408282298e-01,7.297325889642237686e+06,7.044199454402501695e+06,1.000000000000000000e+00
3.072770003919425390e-03,1.892483741447460261e+03,1.892694181409049634e+03,4.644543373557113997e-02,2.293674662030225631e-01,-4.304543911604497116e+05,3.309064676578238329e-01,3.134011270913350522e-01,6.675123397324283607e+06,6.432109036924981512e+06,1.000000000000000000e+00
3.171568378174332604e-03,1.894016547752823499e+03,1.894215665579535198e+03,4.644898219049431454e-02,2.294813151239445959e-01,-4.302640453259949572e+05,3.047560575763152424e-01,2.881499680922448015e-01,6.120258707919528708e+06,5.943304198828114197e+06,1.000000000000000000e+00
3.270366752429240253e-03,1.895431134086501970e+03,1.895642334684718662e+03,4.645217550652114280e-02,2.295867467725193067e-01,-4.300942929034964181e+05,2.812101313682133785e-01,2.557300273271342350e-01,5.623962740807196125e+06,5.352449273922864348e+06,1.000000000000000000e+00
3.369165126684147901e-03,1.896738560848193174e+03,1.896946665410977175e+03,4.645505226378211783e-02,2.296845027913401449e-01,-4.299426338201407343e+05,2.599619192120047884e-01,2.346196848145033209e-01,5.178831819501595572e+06,4.902267534307005815e+06,1.000000000000000000e+00
3.467963500939055550e-03,1.897948482413517695e+03,1.898147988886939402e+03,4.645764525635828063e-02,2.297752329265380089e-01,-4.298069547255763318e+05,2.407685236316222388e-01,2.163964369331418114e-01,4.778688314859424718e+06,4.551443435418463312e+06,1.000000000000000000e+00
3.566761875193963198e-03,1.899069304788934460e+03,1.899269242735128500e+03,4.645998253840178532e-02,2.298595011189250026e-01,-4.296854382086456753e+05,2.235913353392525726e-01,2.003238728963153970e-01,4.419124262548770756e+06,4.201129876512320712e+06,1.000000000000000000e+00
3.764358623703778495e-03,1.901065396834612557e+03,1.901267619573776983e+03,4.646396627380569577e-02,2.300100564909193790e-01,-4.294797245896793902e+05,1.930261337793040544e-01,1.755245369350137974e-01,3.798333961081425659e+06,3.586372111422101967e+06,1.000000000000000000e+00
3.880377479379528219e-03,1.902120550885547118e+03,1.902317401213764242e+03,4.646600968125518677e-02,2.300899725886841884e-01,-4.293753152271900326e+05,1.778460038681248245e-01,1.613108727021020927e-01,3.485493599683939945e+06,3.308394647447003983e+06,1.000000000000000000e+00
3.996396335055277943e-03,1.903091269670104566e+03,1.903295480675551744e+03,4.646782982871002637e-02,2.301636550267266434e-01,-4.292827414836613461e+05,1.642233956637881021e-01,1.463745767257812747e-01,3.205882148365247529e+06,2.998424772891466971e+06,1.000000000000000000e+00
4.228434046406776524e-03,1.904800185683446898e+03,1.904999221598882514e+03,4.647086490461229541e-02,2.302936728880055073e-01,-4.291287401398224756e+05,1.404057666160108409e-01,1.195372002361032165e-01,2.729016128478344530e+06,2.517904005010808352e+06,1.000000000000000000e+00
4.460471757758275105e-03,1.906274352959936323e+03,1.906475271574157887e+03,4.647336057661521219e-02,2.304062467950704074e-01,-4.290027690436616540e+05,1.208935844107886931e-01,1.017226673985784230e-01,2.338718542632712983e+06,2.135406778790111654e+06,1.000000000000000000e+00
4.692509469109774553e-03,1.907552588671089552e+03,1.907751890669714612e+03,4.647542893578526790e-02,2.305041634163714215e-01,-4.288986257910416462e+05,1.046481690768328032e-01,9.032471009129568185e-02,2.016014967360696057e+06,1.837151155249571661e+06,1.000000000000000000e+00
4.924547180461273134e-03,1.908665976533601452e+03,1.908860512002019959e+03,4.647715451450744328e-02,2.305896778501795030e-01,-4.288117300228737295e+05,9.101996078687051017e-02,7.671212907405428050e-02,1.747032354459247785e+06,1.588809878123066155e+06,1.000000000000000000e+00
5.156584891812771715e-03,1.909639591045376847e+03,1.909842051204040217e+03,4.647860198704693857e-02,2.306646263109038975e-01,-4.287386627095260192e+05,7.951187580915231035e-02,6.212371989099632619e-02,1.521186493161840132e+06,1.323748861248378176e+06,1.000000000000000000e+00
5.388622603164271163e-03,1.910493752536716556e+03,1.910690339129675976e+03,4.647982093917713692e-02,2.307305083742935692e-01,-4.286768648928208277e+05,6.973685860239081657e-02,5.458042513622859970e-02,1.330320454656214686e+06,1.162129305435152026e+06,1.000000000000000000e+00
5.620660314515769744e-03,1.911244928453475495e+03,1.911441540854921186e+03,4.648084897353772782e-02,2.307885459572702747e-01,-4.286244388833008707e+05,6.139706903529241339e-02,4.822278330154135262e-02,1.168130391787703848e+06,1.012041502076253179e+06,1.000000000000000000e+00
5.874605226283687726e-03,1.911964146401540120e+03,1.912164725737212393e+03,4.648178738614820726e-02,2.308441951705736406e-01,-4.285762014937540516e+05,5.361781576510497860e-02,3.990462875838976520e-02,1.017674479604862398e+06,8.496950079526507761e+05,1.000000000000000000e+00
6.128550138051606574e-03,1.912591450072092357e+03,1.912788125433859022e+03,4.648256348406251681e-02,2.308928012640709126e-01,-4.285359680702900514e+05,4.705702926940562997e-02,3.517592535703110285e-02,8.905843484790227376e+05,7.426090228418292245e+05,1.000000000000000000e+00
6.636439961587444272e-03,1.913601450054490897e+03,1.913801823669299210e+03,4.648368982685882611e-02,2.309711046927528377e-01,-4.284765041371244006e+05,3.667188351522930601e-02,2.610324771141050992e-02,6.921952010679275263e+05,5.429050432866456686e+05,1.000000000000000000e+00
7.144329785123281970e-03,1.914397173902332952e+03,1.914591832127300904e+03,4.648452123151911031e-02,2.310329261813084678e-01,-4.284317641023928300e+05,2.886900801140920847e-02,1.965678054413106876e-02,5.432658015910161193e+05,4.142133925636242493e+05,1.000000000000000000e+00
7.652219608659118801e-03,1.915028266626259892e+03,1.915225873881254529e+03,4.648514486875875151e-02,2.310820331447832054e-01,-4.283974850245851558e+05,2.289281370014974518e-02,1.443889953296825096e-02,4.297448041528429021e+05,2.996456385898922454e+05,1.000000000000000000e+00
8.160123708451996749e-03,1.915531075096990890e+03,1.915725915477307808e+03,4.648561667888688465e-02,2.311212049605156638e-01,-4.283709637581089046e+05,1.826480193036000843e-02,1.110488037061826971e-02,3.421836610528776655e+05,2.257439810488620133e+05,1.000000000000000000e+00
8.668027808244873830e-03,1.915932104320760118e+03,1.916127406199035249e+03,4.648597107862822986e-02,2.311524790321900780e-01,-4.283505951596025843e+05,1.466290516550327640e-02,8.238836737739696839e-03,2.741507422130526975e+05,1.607936192516645242e+05,1.000000000000000000e+00
9.683836007830627993e-03,1.916483609214772514e+03,1.916677551039176478e+03,4.648638700974853238e-02,2.311954929839737938e-01,-4.283260763563453220e+05,9.763657568960540378e-03,3.833706479838178832e-03,1.822502671156717406e+05,7.414103074920845393e+04,1.000000000000000000e+00
1.069964420743912958e-02,1.916854062847999785e+03,1.917045812405232255e+03,4.648664960076445002e-02,2.312244286508530200e-01,-4.283101873149522580e+05,6.561899068490759449e-03,8.114165627203933110e-04,1.222538977079810866e+05,1.536094103089068449e+04,1.000000000000000000e+00
1.171545240704763118e-02,1.917104249082552542e+03,nan,4.648681555242311497e-02,2.312439912423397970e-01,-4.282999030202336144e+05,4.433875861804997473e-03,nan,8.247107449780810566e+04,nan,0.000000000000000000e+00
1.374706880626443140e-02,1.917363216216833280e+03,nan,4.648695539072681543e-02,2.312642643466426562e-01,-4.282910962217093911e+05,2.232431588647346143e-03,nan,4.144450735268737481e+04,nan,0.000000000000000000e+00
1.577868520548088641e-02,1.917494042533374795e+03,nan,4.648702425552861395e-02,2.312745397747015264e-01,-4.282867015217926819e+05,1.131234899107958717e-03,nan,2.093600825890063788e+04,nan,0.000000000000000000e+00
1.781030160469790347e-02,1.917560182278340108e+03,nan,4.648705879966064103e-02,2.312797630990524045e-01,-4.282844806677973829e+05,5.749916131472496183e-04,nan,1.058792351608005265e+04,nan,0.000000000000000000e+00
1.984191800391492053e-02,1.917593509816111009e+03,nan,4.648707626803143256e-02,2.312824226771753588e-01,-4.282833528801347129e+05,2.927491363413276849e-04,nan,5.340020154110482508e+03,nan,0.000000000000000000e+00
2.187353440313193759e-02,1.917610155129200393e+03,nan,4.648708514702450112e-02,2.312837785352980235e-01,-4.282827779765222222e+05,1.492226954963827505e-04,nan,2.672031607371489827e+03,nan,0.000000000000000000e+00
2.390515080234894771e-02,1.917618314420029492e+03,nan,4.648708971774072329e-02,2.312844709002108701e-01,-4.282824797756769694e+05,7.617703188121984490e-05,nan,1.314369078958335649e+03,nan,0.000000000000000000e+00
2.593676720156596824e-02,1.917622172100423313e+03,nan,4.648709226463186572e-02,2.312848255091348726e-01,-4.282823058215938509e+05,3.913462507053581290e-05,nan,6.259029787520184982e+02,nan,0.000000000000000000e+00
2.796838360078298183e-02,1.917623857279782442e+03,nan,4.648709416532580130e-02,2.312850020418699692e-01,-4.282821567607768811e+05,2.145431573562532943e-05,nan,2.971614945253376163e+02,nan,0.000000000000000000e+00
2.999999999999999889e-02,1.917623857279782442e+03,nan,4.648709416532580130e-02,2.312850020418699692e-01,-4.282821567607764155e+05,2.145431573562533621e-05,nan,2.971614945253384690e+02,nan,0.000000000000000000e+00
