z,T,fgm_T,Z,C,h,omega_C,fgm_omega_C,qdot,fgm_qdot,covered
0.000000000000000000e+00,3.000000000000000000e+02,3.000047278241797244e+02,5.872674556501891047e-02,6.821745667097522947e-02,-9.360682798198014498e+05,7.946520242124536018e-03,8.378775790580493196e-03,2.899119845625566086e+05,3.058555718716894044e+05,1.000000000000000000e+00
2.701047914175006761e-06,3.051016024334552981e+02,3.051049965598366498e+02,5.872222175787782800e-02,6.882205240213107311e-02,-9.361696844600955956e+05,7.895847520862699434e-03,8.325086058288128435e-03,2.774157013939972967e+05,2.928427811877604690e+05,1.000000000000000000e+00
5.402095828350013522e-06,3.101749858209053059e+02,3.101789234060653371e+02,5.871785963475385783e-02,6.942303435978469661e-02,-9.362561596790504409e+05,7.873636801191982379e-03,8.284080905378613316e-03,2.670512708269053255e+05,2.816585891983970650e+05,1.000000000000000000e+00
8.103143742525020706e-06,3.152210023132241190e+02,3.152252467783137035e+02,5.871365379346857316e-02,7.002058295425273027e-02,-9.363286538117302116e+05,7.867413771487589275e-03,8.269386493227698365e-03,2.583358800501321384e+05,2.722873706561793806e+05,1.000000000000000000e+00
1.080419165670002704e-05,3.202404672927693809e+02,3.202463610211993341e+02,5.870959918383089615e-02,7.061486742482324386e-02,-9.363880399316411931e+05,7.878231349628013469e-03,8.274478602073467512e-03,2.510024333248886105e+05,2.638607278944849386e+05,1.000000000000000000e+00
1.350523957087503338e-05,3.252341616748759066e+02,3.252393800274954287e+02,5.870569107714507934e-02,7.120604675145791873e-02,-9.364351227475826163e+05,7.907266782328933874e-03,8.296075482746552779e-03,2.448649578485436214e+05,2.574278926334323769e+05,1.000000000000000000e+00
1.620628748505004141e-05,3.302028339803302970e+02,3.302105163995807970e+02,5.870192503887765312e-02,7.179427047429529085e-02,-9.364706447968903231e+05,7.955292275565873164e-03,8.347357062774151890e-03,2.397836779562667070e+05,2.514132041496901948e+05,1.000000000000000000e+00
1.890733539922504944e-05,3.351472022227771390e+02,3.351550355703506057e+02,5.869829690412840112e-02,7.237967943283572791e-02,-9.364952920100340853e+05,8.022767559021540956e-03,8.410259742736656691e-03,2.356487058764298272e+05,2.470528168561352359e+05,1.000000000000000000e+00
2.160838331340005409e-05,3.400679556334383165e+02,3.400759635642593821e+02,5.869480275559173926e-02,7.296240643352766564e-02,-9.365096987135076197e+05,8.109941822499796421e-03,8.495107098534937159e-03,2.323711867367587110e+05,2.435749987049399060e+05,1.000000000000000000e+00
2.701047914175006676e-05,3.498413651658059393e+02,3.498505983973114439e+02,5.868820291101604913e-02,7.412036668179072807e-02,-9.365104968218897702e+05,8.343186866137643209e-03,8.727497521944455397e-03,2.280952666988475539e+05,2.387962805641888117e+05,1.000000000000000000e+00
3.241257497010008282e-05,3.595282200789573039e+02,3.595392663415660763e+02,5.868209602738322372e-02,7.526905018516646950e-02,-9.364768770181158325e+05,8.655388544732791831e-03,9.055348386018461510e-03,2.265050997997743252e+05,2.368885787912481464e+05,1.000000000000000000e+00
3.781467079845009889e-05,3.691331151201312082e+02,3.691436732460317103e+02,5.867645796956462434e-02,7.640928019908133084e-02,-9.364124421513037523e+05,9.046085132306508347e-03,9.431468001751371760e-03,2.272802237451355904e+05,2.373539581688921025e+05,1.000000000000000000e+00
4.321676662680010817e-05,3.786603145817640552e+02,3.786734445230110850e+02,5.867126705794209474e-02,7.754179829954091496e-02,-9.363203109028844628e+05,9.515067799999880893e-03,9.919464449060151276e-03,2.301969561525989266e+05,2.402414031069737393e+05,1.000000000000000000e+00
4.861886245515011746e-05,3.881137836735348969e+02,3.881262208897503001e+02,5.866650373266406315e-02,7.866727492652123011e-02,-9.362031922726876801e+05,1.006266181969368498e-02,1.047643458795772566e-02,2.351036201703187253e+05,2.451772430736098322e+05,1.000000000000000000e+00
5.402095828350013352e-05,3.974972161376087456e+02,3.975128173628460786e+02,5.866215027335919263e-02,7.978631827154940293e-02,-9.360634471111672465e+05,1.068986232196901531e-02,1.116373700579330157e-02,2.419040432887433562e+05,2.525868586996965751e+05,1.000000000000000000e+00
5.942305411185014959e-05,4.068140586812794481e+02,4.068299546509562106e+02,5.865819056361615963e-02,8.089948181251115089e-02,-9.359031391913873376e+05,1.139839226466847835e-02,1.184897924549405644e-02,2.505461248052450246e+05,2.608678571201028826e+05,1.000000000000000000e+00
6.482514994020016565e-05,4.160675326832079008e+02,4.160827850934644516e+02,5.865460989186405821e-02,8.200727073581964843e-02,-9.357240777950651245e+05,1.219071054040606061e-02,1.265095762429023669e-02,2.610136881380147533e+05,2.714494874090782832e+05,1.000000000000000000e+00
6.752619785437518046e-05,4.206714284679117100e+02,4.206895560959248996e+02,5.865295709202592717e-02,8.255927671058310713e-02,-9.356278738854235271e+05,1.261948370904228053e-02,1.314738419502729447e-02,2.669520625410520588e+05,2.782599672343984712e+05,1.000000000000000000e+00
7.022724576855018171e-05,4.252605558101776069e+02,4.252787065415997745e+02,5.865139434014030040e-02,8.311010604437751859e-02,-9.355275721968756989e+05,1.307050566947755635e-02,1.363110360005858994e-02,2.733556371036780765e+05,2.851301945464957389e+05,1.000000000000000000e+00
7.292829368272518297e-05,4.298352642117096138e+02,4.298538781518938663e+02,5.864992011623112317e-02,8.365981088497874418e-02,-9.354233429284847807e+05,1.354429493373805402e-02,1.406786365800256726e-02,2.802311440277149668e+05,2.914305386639554054e+05,1.000000000000000000e+00
7.562934159690019777e-05,4.343958922653962986e+02,4.344164268434758469e+02,5.864853296084674567e-02,8.420844124591959912e-02,-9.353153460298178252e+05,1.404140888100396944e-02,1.470449086999033733e-02,2.875866359055736102e+05,3.009182450993431266e+05,1.000000000000000000e+00
7.833038951107519903e-05,4.389427681071329630e+02,4.389618679485661232e+02,5.864723147157008959e-02,8.475604512219574171e-02,-9.352037319036897970e+05,1.456244972934338938e-02,1.509019334889341417e-02,2.954315068461188930e+05,3.066801310631011147e+05,1.000000000000000000e+00
8.103143742525020028e-05,4.434762098442274691e+02,4.434969509481139767e+02,5.864601429977173153e-02,8.530266859816666714e-02,-9.350886420540113468e+05,1.510806532246358053e-02,1.579839723305033125e-02,3.037764792971865973e+05,3.175847320555120241e+05,1.000000000000000000e+00
8.373248533942521509e-05,4.479965259618016375e+02,4.480149183152836940e+02,5.864488014758507950e-02,8.584835594827548710e-02,-9.349702096835955745e+05,1.567895060051362893e-02,1.625970619886771967e-02,3.126335926472166320e+05,3.247338744224925758e+05,1.000000000000000000e+00
8.643353325360021635e-05,4.525040157085012424e+02,4.525251225564215360e+02,5.864382776508567791e-02,8.639314973115359841e-02,-9.348485602463596733e+05,1.627585824940052869e-02,1.700260236637268427e-02,3.220162417717381613e+05,3.364325838166480535e+05,1.000000000000000000e+00
9.183562908195023241e-05,4.614817041622715124e+02,4.615034316929653642e+02,5.864196412483925480e-02,8.748025012791936506e-02,-9.345963263999307528e+05,1.755012819661044832e-02,1.832691184996270914e-02,3.423686164862687583e+05,3.576679355701961322e+05,1.000000000000000000e+00
9.723772491030023492e-05,4.704115873968498818e+02,4.704337509098191958e+02,5.864041275678474885e-02,8.856425510414481228e-02,-9.343325058583924547e+05,1.893831023885571285e-02,1.978653954531774117e-02,3.650050499874817906e+05,3.816362116089623887e+05,1.000000000000000000e+00
1.026398207386502510e-04,4.792957517221285570e+02,4.793187570987475397e+02,5.863916516567160842e-02,8.964545039677637717e-02,-9.340578685451451456e+05,2.044807541141974508e-02,2.137857999434696760e-02,3.900707624464010005e+05,4.081381057598512853e+05,1.000000000000000000e+00
1.080419165670002670e-04,4.881361675694683413e+02,4.881599048995768158e+02,5.863821340653520287e-02,9.072410161550462093e-02,-9.337731014594883891e+05,2.208791264598021498e-02,2.312433730335610935e-02,4.177308360925313318e+05,4.377029173807461630e+05,1.000000000000000000e+00
1.134440123953502831e-04,4.969346978715375371e+02,4.969590980359342893e+02,5.863755002952494161e-02,9.180045609137874041e-02,-9.334788186792845372e+05,2.386714659633190627e-02,2.503671146758136568e-02,4.481691505493239965e+05,4.705907106452573789e+05,1.000000000000000000e+00
1.188461082237002992e-04,5.056931056697436020e+02,5.057182834598849581e+02,5.863716803102787811e-02,9.287474451482702342e-02,-9.331755700377313187e+05,2.579597071841131795e-02,2.712773089594035930e-02,4.815875964364300598e+05,5.070268991135519464e+05,1.000000000000000000e+00
1.242482040520503017e-04,5.144130610308499172e+02,5.144381949436324248e+02,5.863706081021700239e-02,9.394718239116967018e-02,-9.328638486751434393e+05,2.788548311067013188e-02,2.931418868175120207e-02,5.182052907735603512e+05,5.455366241725472501e+05,1.000000000000000000e+00
1.296502998804003313e-04,5.230961473447082426e+02,5.231203129905242122e+02,5.863722213029327890e-02,9.501797133741646251e-02,-9.325440976329068653e+05,3.014772359703100924e-02,3.154961764223941645e-02,5.582576609277395764e+05,5.852043809637101367e+05,1.000000000000000000e+00
1.350523957087503609e-04,5.317438670667373799e+02,5.317671524293397169e+02,5.863764608380815646e-02,9.608730024058545482e-02,-9.322167156291307183e+05,3.259571093301374956e-02,3.391445234763876965e-02,6.019953123070682632e+05,6.274407231152806198e+05,1.000000000000000000e+00
1.404544915371003634e-04,5.403576469616058375e+02,5.403839754943290927e+02,5.863832706154977620e-02,9.715534629481606399e-02,-9.318820621328020934e+05,3.524347879678500078e-02,3.662798687934831071e-02,6.496826236350825056e+05,6.763997424029750982e+05,1.000000000000000000e+00
1.458565873654503659e-04,5.489388428983568247e+02,5.489657088828067799e+02,5.863925972455711483e-02,9.822227593207369378e-02,-9.315404618344544433e+05,3.810610615689680875e-02,3.979177312134904443e-02,7.015960183773866156e+05,7.340641148153358372e+05,1.000000000000000000e+00
1.512586831938003955e-04,5.574887442418064438e+02,5.575162950928290684e+02,5.864043897889416324e-02,9.928824565916817557e-02,-9.311922085958439857e+05,4.119969303994676368e-02,4.324172729318385283e-02,7.580216314385132864e+05,7.973246229606622364e+05,1.000000000000000000e+00
1.539597311079753832e-04,5.617523408547260715e+02,5.617793563790067992e+02,5.864111932880933936e-02,9.982090692198926363e-02,-9.310155838880360825e+05,4.283956055717878797e-02,4.448378080822883163e-02,7.880775717016508570e+05,8.199322110749700805e+05,1.000000000000000000e+00
1.566607790221503981e-04,5.660085532272959199e+02,5.660369889065831330e+02,5.864185968939682192e-02,1.003533827387914357e-01,-9.308374082930773729e+05,4.454380831000094576e-02,4.699830218528527198e-02,8.193735820757793263e+05,8.665070842657599133e+05,1.000000000000000000e+00
1.593618269363254129e-04,5.702575261249716050e+02,5.702852020927747390e+02,5.864265948122093092e-02,1.008856902642874115e-01,-9.306577113843015395e+05,4.631478323000812192e-02,4.833539371802911266e-02,8.519482535167025635e+05,8.909237322454517707e+05,1.000000000000000000e+00
1.620628748505004006e-04,5.744994008326137873e+02,5.745259343954062388e+02,5.864351813630763050e-02,1.014178461589792801e-01,-9.304765213920985116e+05,4.815487603876243694e-02,5.044670464475517480e-02,8.858400706150529440e+05,9.299140948558929376e+05,1.000000000000000000e+00
1.647639227646754154e-04,5.787343152552531365e+02,5.787627699882177694e+02,5.864443509760125517e-02,1.019498666071352033e-01,-9.302938652834219392e+05,5.006654042372069013e-02,5.254756435860341579e-02,9.210874511942643439e+05,9.686718603486869251e+05,1.000000000000000000e+00
1.674649706788504302e-04,5.829624040148811446e+02,5.829907187070546115e+02,5.864540981844757611e-02,1.024817673339095264e-01,-9.301097688368730014e+05,5.205229615653569897e-02,5.403504112347553429e-02,9.577286906007166253e+05,9.959162665920320433e+05,1.000000000000000000e+00
1.701660185930254179e-04,5.871837985434588063e+02,5.872134786821940224e+02,5.864644176210225684e-02,1.030135636216531619e-01,-9.299242567136528669e+05,5.411472899958012783e-02,5.711823925904697258e-02,9.958018836379473796e+05,1.053078029463146813e+06,1.000000000000000000e+00
1.728670665072004327e-04,5.913986271723326809e+02,5.914275681889877205e+02,5.864753040126319261e-02,1.035452703254588769e-01,-9.297373525246139616e+05,5.625648981434373808e-02,5.874563557268983743e-02,1.035344839269106858e+06,1.082952751747704577e+06,1.000000000000000000e+00
1.755681144213754475e-04,5.956070152182344373e+02,5.956340471526185638e+02,5.864867521762610891e-02,1.040769018879829644e-01,-9.295490788936690660e+05,5.848029333791093798e-02,6.112472665176903880e-02,1.076394992346723098e+06,1.126951173083204310e+06,1.000000000000000000e+00
1.782691623355504352e-04,5.998090850660337310e+02,5.998386945522817086e+02,5.864987570146183715e-02,1.046084723535829208e-01,-9.293594575177590596e+05,6.078891671858212969e-02,6.388766602584250442e-02,1.118989314372790279e+06,1.178015316737032495e+06,1.000000000000000000e+00
1.809702102497254500e-04,6.040049562484057333e+02,6.040344138919950865e+02,5.865113135121459431e-02,1.051399953818072108e-01,-9.291685092236013152e+05,6.318519782731801815e-02,6.568507147637533961e-02,1.163164224760044832e+06,1.210996743678564439e+06,1.000000000000000000e+00
1.836712581639004648e-04,6.081947455225647445e+02,6.082239348555814331e+02,5.865244167312055196e-02,1.056714842602723692e-01,-9.289762540213996544e+05,6.567203334699477091e-02,6.910173981376757646e-02,1.208955503900995711e+06,1.274228499150208663e+06,1.000000000000000000e+00
1.863723060780754525e-04,6.123785669442088420e+02,6.124082111553547065e+02,5.865380618084530678e-02,1.062029519169592207e-01,-9.287827111556972377e+05,6.825237663981410796e-02,7.145872936735840619e-02,1.256398209281827789e+06,1.317508917764319573e+06,1.000000000000000000e+00
1.890733539922504673e-04,6.165565319388122134e+02,6.165838243285749058e+02,5.865522439513994046e-02,1.067344109319590395e-01,-9.285878991535372334e+05,7.092923539500574359e-02,7.378533376066569172e-02,1.305526595836840104e+06,1.360162182320271619e+06,1.000000000000000000e+00
1.917744019064254821e-04,6.207287493703933023e+02,6.207591478525951061e+02,5.865669584351458632e-02,1.072658735486981402e-01,-9.283918358700943645e+05,7.370566906324979572e-02,7.769671906015200580e-02,1.356374041716154665e+06,1.431923902900682064e+06,1.000000000000000000e+00
1.944754498206004698e-04,6.248953256078825689e+02,6.249252389145757434e+02,5.865822005992883670e-02,1.077973516846680302e-01,-9.281945385319101624e+05,7.658478609458067854e-02,7.989566766513488127e-02,1.408972980653165374e+06,1.472004126399846515e+06,1.000000000000000000e+00
1.971764977347754846e-04,6.290563645892023033e+02,6.290842474261291954e+02,5.865979658449830408e-02,1.083288569416861746e-01,-9.279960237778949086e+05,7.956974102811543992e-02,8.320586326785824050e-02,1.463354842256514356e+06,1.532401929791061673e+06,1.000000000000000000e+00
1.998775456489504995e-04,6.332119678831694500e+02,6.332421589195054139e+02,5.866142496321644084e-02,1.088604006157118109e-01,-9.277963076982016210e+05,8.266373159347333022e-02,8.687676630451994508e-02,1.519550002145563485e+06,1.599133971648570849e+06,1.000000000000000000e+00
2.025785935631254872e-04,6.373622347493206917e+02,6.373923614124190635e+02,5.866310474769116656e-02,1.093919937062389491e-01,-9.275954058711194666e+05,8.586999640160331015e-02,8.930587918968170558e-02,1.577587746131695807e+06,1.643044691330935340e+06,1.000000000000000000e+00
2.052796414773005020e-04,6.415072621957554020e+02,6.415364533611868865e+02,5.866483549489540095e-02,1.099236469252877629e-01,-9.273933333980870666e+05,8.919181540373730122e-02,9.366600775552512415e-02,1.637496261309663299e+06,1.721672365014006384e+06,1.000000000000000000e+00
2.079806893914755168e-04,6.456471450350833265e+02,6.456774818724311444e+02,5.866661676693084998e-02,1.104553707060139112e-01,-9.271901049369559623e+05,9.263252145934777748e-02,9.706912015317495368e-02,1.699302699861129513e+06,1.782669262127938680e+06,1.000000000000000000e+00
2.106817373056505045e-04,6.497819759385474754e+02,6.498126585636787240e+02,5.866844813080470539e-02,1.109871752109517912e-01,-9.269857347335969098e+05,9.619555501013737908e-02,9.976472268779511265e-02,1.763033492015919182e+06,1.830787822488053236e+06,1.000000000000000000e+00
2.160838331340005341e-04,6.580368442915190599e+02,6.580673983222771994e+02,5.867225980281239039e-02,1.120510797004046905e-01,-9.265737523809657432e+05,1.036981464452086665e-01,1.083910100698463747e-01,1.896204960369536886e+06,1.984057243177660741e+06,1.000000000000000000e+00
2.214859289623505637e-04,6.662726011511711022e+02,6.663035350740734657e+02,5.867626620726056758e-02,1.131154200073603011e-01,-9.261573114597657695e+05,1.117297433170783283e-01,1.176703038369829729e-01,2.037345064371230546e+06,2.147028706663944293e+06,1.000000000000000000e+00
2.268880247907005662e-04,6.744899138831009395e+02,6.745181782173323199e+02,5.868046404768122865e-02,1.141802682571075866e-01,-9.257365141484815395e+05,1.203178367809782656e-01,1.253698304932320540e-01,2.186616636996301357e+06,2.280561354630984832e+06,1.000000000000000000e+00
2.322901206190505687e-04,6.826894203797941145e+02,6.827204726493387170e+02,5.868485008826720278e-02,1.152456929427670973e-01,-9.253114585972602945e+05,1.294902318036741107e-01,1.347966921331436863e-01,2.344169139613850974e+06,2.442678456381270662e+06,1.000000000000000000e+00
2.376922164474005983e-04,6.908717304194863118e+02,6.909026916464815713e+02,5.868942114909745517e-02,1.163117591175037713e-01,-9.248822396402126178e+05,1.392748474767370181e-01,1.461267998232423371e-01,2.510140646295272280e+06,2.634660714713411406e+06,1.000000000000000000e+00
2.430943122757506009e-04,6.990374269432143137e+02,6.990665266287884378e+02,5.869417410177560357e-02,1.173785285719446680e-01,-9.244489494550555246e+05,1.496996424623048272e-01,1.564274660374360137e-01,2.684661264754020609e+06,2.806996216297612991e+06,1.000000000000000000e+00
2.484964081041006034e-04,7.071870672547100867e+02,7.072183162481047702e+02,5.869910586539790059e-02,1.184460599981454060e-01,-9.240116781795319403e+05,1.607925730130373432e-01,1.669300896747381580e-01,2.867857330034689512e+06,2.980820875755697023e+06,1.000000000000000000e+00
2.538985039324506330e-04,7.153211841469759520e+02,7.153521408117044302e+02,5.870421340276955197e-02,1.195144091412981141e-01,-9.235705144933926640e+05,1.725815794993713626e-01,1.805767045233976076e-01,3.059856175130075309e+06,3.202670459106389433e+06,1.000000000000000000e+00
2.593005997608006626e-04,7.234402869587161149e+02,7.234700606104980807e+02,5.870949371679176632e-02,1.205836289402411193e-01,-9.231255461738851154e+05,1.850946047757898727e-01,1.934343326881542979e-01,3.260791308665143326e+06,3.408662073222729843e+06,1.000000000000000000e+00
2.647026955891506922e-04,7.315448625633000574e+02,7.315768260039926645e+02,5.871494384694786461e-02,1.216537696577112138e-01,-9.226768606318810489e+05,1.983596435263523805e-01,2.054633457310899580e-01,3.470807797743153758e+06,3.599208544194743503e+06,1.000000000000000000e+00
2.701047914175007218e-04,7.396353762925556339e+02,7.396663689159096293e+02,5.872056086582288364e-02,1.227248790011721130e-01,-9.222245454349077772e+05,2.124047888490371294e-01,2.217995638692931148e-01,3.690067473295565229e+06,3.854651821551615372e+06,1.000000000000000000e+00
2.755068872458506972e-04,7.477122727975433918e+02,7.477418063440951528e+02,5.872634187559900437e-02,1.237970022349807603e-01,-9.217686888223957503e+05,2.272580070557246867e-01,2.371947835380811553e-01,3.918752308650075924e+06,4.091700659181254916e+06,1.000000000000000000e+00
2.782079351600257391e-04,7.517457464410489365e+02,7.517765945590900856e+02,5.872929280577184746e-02,1.243334525136677166e-01,-9.215394138315417804e+05,2.349990991319323985e-01,2.452225709134979448e-01,4.036769217310220003e+06,4.214097353848710656e+06,1.000000000000000000e+00
2.809089830742007268e-04,7.557759682194259767e+02,7.558075748228584416e+02,5.873228376671824069e-02,1.248701731127525028e-01,-9.213092992886058055e+05,2.429532006917437259e-01,2.514607055732523411e-01,4.157227708612666000e+06,4.308780233353180811e+06,1.000000000000000000e+00
2.836100309883757145e-04,7.598029883734558325e+02,7.598322953805146653e+02,5.873531440165966067e-02,1.254071690597722277e-01,-9.210783566164851654e+05,2.511241602905709414e-01,2.617829256377274261e-01,4.280160582269241102e+06,4.464028853861129843e+06,1.000000000000000000e+00
2.863110789025507565e-04,7.638268559859299103e+02,7.638576270602319482e+02,5.873838435496450683e-02,1.259444452473206522e-01,-9.208465973764153896e+05,2.595157674105201817e-01,2.706333302889732950e-01,4.405602295744685456e+06,4.596297700105808675e+06,1.000000000000000000e+00
2.890121268167257442e-04,7.678476190017191811e+02,7.678792137853670283e+02,5.874149327202371484e-02,1.264820064356979024e-01,-9.206140332841442432e+05,2.681318401379492733e-01,2.774198020829699574e-01,4.533589531244274229e+06,4.697198351113018580e+06,1.000000000000000000e+00
2.917131747309007319e-04,7.718653242470024907e+02,7.718943435391421417e+02,5.874464079912352504e-02,1.270198572554654404e-01,-9.203806762261941331e+05,2.769762591354659742e-01,2.883122306623773778e-01,4.664161453487390652e+06,4.858310143369440921e+06,1.000000000000000000e+00
2.944142226450757738e-04,7.758800174476500615e+02,7.759103809944241448e+02,5.874782658331524632e-02,1.275580022099045974e-01,-9.201465382761991350e+05,2.860529852025935349e-01,2.982340395713893866e-01,4.797359868235577829e+06,5.004456970334682614e+06,1.000000000000000000e+00
2.971152705592507615e-04,7.798917432467725348e+02,7.799227716939527681e+02,5.875105027228254978e-02,1.280964456773796001e-01,-9.199116317113343393e+05,2.953660720070129253e-01,3.056382511306823258e-01,4.933229344214987941e+06,5.112657641888376325e+06,1.000000000000000000e+00
2.998163184734257492e-04,7.839005452214491925e+02,7.839288505828832285e+02,5.875431151420570236e-02,1.286351919136067556e-01,-9.196759690288120182e+05,3.049196776516890917e-01,3.169392594199385571e-01,5.071817318943997845e+06,5.276890928309597075e+06,1.000000000000000000e+00
3.025173663876007911e-04,7.879064658986461609e+02,7.879366362325869204e+02,5.875760995762305261e-02,1.291742450538322928e-01,-9.194395629624844296e+05,3.147180763383621294e-01,3.279992269608515421e-01,5.213174196245336905e+06,5.436554056058166549e+06,1.000000000000000000e+00
3.052184143017757788e-04,7.919095467703421036e+02,7.919406439240857480e+02,5.876094525128981033e-02,1.297136091149196646e-01,-9.192024264995042467e+05,3.247656708108928036e-01,3.359837421449872741e-01,5.357353440217956901e+06,5.550775575944614597e+06,1.000000000000000000e+00
3.079194622159507665e-04,7.959098283078733402e+02,7.959379760386199223e+02,5.876431704403394657e-02,1.302532879973483937e-01,-9.189645728970790515e+05,3.350670065753603710e-01,3.475903172020783916e-01,5.504411672226963565e+06,5.717001905102992430e+06,1.000000000000000000e+00
3.106205101301258084e-04,7.999073499755127159e+02,7.999373625359203288e+02,5.876772498460961641e-02,1.307932854871255990e-01,-9.187260156992956763e+05,3.456267903373217987e-01,3.601407715254087427e-01,5.654408785248117521e+06,5.896126336395150051e+06,1.000000000000000000e+00
3.133215580443007961e-04,8.039021502432910893e+02,8.039330605312995885e+02,5.877116872154782012e-02,1.313336052576101753e-01,-9.184867687540004263e+05,3.564499191726393512e-01,3.687931701847501631e-01,5.807408111499177292e+06,6.017901809216086753e+06,1.000000000000000000e+00
3.160226059584757838e-04,8.078942665990681462e+02,8.079220561029602550e+02,5.877464790300479525e-02,1.318742508712485717e-01,-9.182468462297639344e+05,3.675415379254326487e-01,3.805343988293333202e-01,5.963476737852430902e+06,6.183625734140341170e+06,1.000000000000000000e+00
3.187236538726508257e-04,8.118837355598375325e+02,8.119135369249679570e+02,5.877816217660830622e-02,1.324152257812160338e-01,-9.180062626328599872e+05,3.789071714939536983e-01,3.947860654058236718e-01,6.122686242934065871e+06,6.384694215401112102e+06,1.000000000000000000e+00
3.241257497010008011e-04,8.198548792245882169e+02,8.198822554229038815e+02,5.878529492975852200e-02,1.334981849990959646e-01,-9.175232445717887022e+05,4.024733410154366364e-01,4.158606428754975659e-01,6.450645591941691004e+06,6.677569446380876005e+06,1.000000000000000000e+00
3.295278455293508308e-04,8.278158632752315498e+02,8.278460727924027651e+02,5.879256345742237683e-02,1.345824961280445986e-01,-9.170377201066178968e+05,4.272009582600737598e-01,4.422435870250714940e-01,6.792060193569432013e+06,7.043437810051570646e+06,1.000000000000000000e+00
3.349299413577008604e-04,8.357669453151055450e+02,8.357958814729174719e+02,5.879996491625172350e-02,1.356681829652616467e-01,-9.165498193795877742e+05,4.531390131968761059e-01,4.720590463962974770e-01,7.147610470760445110e+06,7.455332982265422121e+06,1.000000000000000000e+00
3.376309892718758481e-04,8.397388453331138862e+02,8.397685492085126953e+02,5.880371442504438162e-02,1.362115453899396811e-01,-9.163049875110554276e+05,4.665840250710112658e-01,4.832184720770221764e-01,7.331017976227406412e+06,7.606388952488052659e+06,1.000000000000000000e+00
3.403320371860508358e-04,8.437083562376707278e+02,8.437388019989925851e+02,5.880749616918825445e-02,1.367552609590263202e-01,-9.160596247181002982e+05,4.803527653472798309e-01,4.945397162483598508e-01,7.518252442785540596e+06,7.759642486590500921e+06,1.000000000000000000e+00
3.430330851002258777e-04,8.476755062118436399e+02,8.477035506070660631e+02,5.881130978434465778e-02,1.372993322038779385e-01,-9.158137493214205606e+05,4.944530504796609272e-01,5.139922542354798951e-01,7.709419233969279565e+06,8.027297108333405107e+06,1.000000000000000000e+00
3.457341330144008654e-04,8.516403225447596697e+02,8.516693826962531375e+02,5.881515490399700369e-02,1.378437615587628784e-01,-9.155673801524401642e+05,5.088928833050982981e-01,5.273233960643340934e-01,7.904627057700317353e+06,8.207089243646429852e+06,1.000000000000000000e+00
3.484351809285758531e-04,8.556028316357596850e+02,8.556334961188841817e+02,5.881903115927747394e-02,1.383885513616312513e-01,-9.153205365708481986e+05,5.236805588179839210e-01,5.391610714509671443e-01,8.103988589053640142e+06,8.365447122441515326e+06,1.000000000000000000e+00
3.511362288427508950e-04,8.595630589979848537e+02,8.595901250773365518e+02,5.882293817879218761e-02,1.389337038548155712e-01,-9.150732384822388412e+05,5.388247127143437343e-01,5.589327084730345563e-01,8.307620755125103518e+06,8.635320639670770615e+06,1.000000000000000000e+00
3.538372767569258827e-04,8.635210292613860474e+02,8.635492130533724549e+02,5.882687558844512665e-02,1.394792211856574204e-01,-9.148255063558022957e+05,5.543343486381735463e-01,5.748357398645251859e-01,8.515644906482547522e+06,8.849535818569395691e+06,1.000000000000000000e+00
3.565383246711008704e-04,8.674767661751503738e+02,8.675064614700401080e+02,5.883084301126075694e-02,1.400251054070578705e-01,-9.145773612421232974e+05,5.702188574034089408e-01,5.876285417515000331e-01,8.728186947554305196e+06,9.019085398201899603e+06,1.000000000000000000e+00
3.592393725852759123e-04,8.714302926095471094e+02,8.714565116178155222e+02,5.883484006720565707e-02,1.405713584779517134e-01,-9.143288247910491191e+05,5.864880331287248838e-01,6.070045706177596978e-01,8.945377452564494684e+06,9.280573189905615523e+06,1.000000000000000000e+00
3.619404204994509000e-04,8.753816305571964449e+02,8.754092519145568758e+02,5.883886637300897449e-02,1.411179822637038395e-01,-9.140799192696752725e+05,6.031520881434483394e-01,6.257865198980306909e-01,9.167351777005590498e+06,9.532857169995194301e+06,1.000000000000000000e+00
3.646414684136258877e-04,8.793308011337633161e+02,8.793598974805606758e+02,5.884292154198187547e-02,1.416649785364293423e-01,-9.138306675804181723e+05,6.202216673736365982e-01,6.395960470988885094e-01,9.394250168317936361e+06,9.714281909613136202e+06,1.000000000000000000e+00
3.673425163278009296e-04,8.832778245780800717e+02,8.833034510528718783e+02,5.884700518383599588e-02,1.422123489752358250e-01,-9.135810932792134117e+05,6.377078624833768528e-01,6.584210599750566217e-01,9.626217876977013424e+06,9.965735905699657276e+06,1.000000000000000000e+00
3.700435642419759173e-04,8.872227202517002524e+02,8.872497621390808717e+02,5.885111690450087890e-02,1.427600951663888784e-01,-9.133312205938415136e+05,6.556222258802612002e-01,6.806365730824563975e-01,9.863405268196403980e+06,1.026414105692648701e+07,1.000000000000000000e+00
3.727446121561509050e-04,8.911655066378873471e+02,8.911938509531279351e+02,5.885525630594048291e-02,1.433082186033998728e-01,-9.130810744423726574e+05,6.739767846298458931e-01,6.955970198979170016e-01,1.010596793403981254e+07,1.045937337774232775e+07,1.000000000000000000e+00
3.754456600703259470e-04,8.951062013400380692e+02,8.951311616231378139e+02,5.885942298596874567e-02,1.438567206870370041e-01,-9.128306804517806740e+05,6.927840542986452022e-01,7.135756626265871150e-01,1.035406680555701628e+07,1.069660873754642718e+07,1.000000000000000000e+00
3.781467079845009347e-04,8.990448210795459545e+02,8.990710245000205987e+02,5.886361653806422567e-02,1.444056027252582086e-01,-9.125800649766841670e+05,7.120570527357732438e-01,7.398129930792853859e-01,1.060786826448580250e+07,1.104939091891607456e+07,1.000000000000000000e+00
3.808477558986759224e-04,9.029813816931050496e+02,9.030088600827109531e+02,5.886783655118398018e-02,1.449548659330668898e-01,-9.123292551182584139e+05,7.318093137996497521e-01,7.559778501064839951e-01,1.086754425403208099e+07,1.125883036383228935e+07,1.000000000000000000e+00
3.835488038128509643e-04,9.069158981294563091e+02,9.069438905157641102e+02,5.887208260957642325e-02,1.455045114322901789e-01,-9.120782787433227059e+05,7.520549010350900954e-01,7.730709429246707121e-01,1.113327238823936321e+07,1.148115877997926436e+07,1.000000000000000000e+00
3.862498517270259520e-04,9.108483844455786311e+02,9.108737157472264698e+02,5.887635429259355929e-02,1.460545402512785640e-01,-9.118271645035910187e+05,7.728084213060903984e-01,8.015867022759626259e-01,1.140523605947202258e+07,1.186295404228109308e+07,1.000000000000000000e+00
3.889508996412009397e-04,9.147788538023273759e+02,9.148054084017800278e+02,5.888065117450250879e-02,1.466049533245285252e-01,-9.115759418551191920e+05,7.940850383896820297e-01,8.211039816306242578e-01,1.168362454355845228e+07,1.211706339374986663e+07,1.000000000000000000e+00
3.916519475553759816e-04,9.187073184595219573e+02,9.187359723596123331e+02,5.888497282429617369e-02,1.471557514922262888e-01,-9.113246410779298749e+05,8.159004865366699111e-01,8.386601820208460234e-01,1.196863310217090696e+07,1.234331768225853890e+07,1.000000000000000000e+00
3.943529954695509693e-04,9.226337897704838724e+02,9.226581409510956746e+02,5.888931880550353493e-02,1.477069354997133654e-01,-9.110732932958331658e+05,8.382710840053283485e-01,8.675134618256734598e-01,1.226046308205603994e+07,1.272671046257736906e+07,1.000000000000000000e+00
3.970540433837259570e-04,9.265582781760302851e+02,9.265838301104217862e+02,5.889368867599933943e-02,1.482585059968736796e-01,-9.108219304964543553e+05,8.612137465742824016e-01,8.914246565577489401e-01,1.255932201076825894e+07,1.303971103807208501e+07,1.000000000000000000e+00
3.997550912979009989e-04,9.304807931979224804e+02,9.305083952018514992e+02,5.889808198781337767e-02,1.488104635374415952e-01,-9.105705855514490977e+05,8.847460010409579079e-01,9.104436647951555939e-01,1.286542368860440142e+07,1.328338229312400334e+07,1.000000000000000000e+00
4.024561392120759866e-04,9.344013434317752171e+02,9.344249422700745527e+02,5.890249828693965017e-02,1.493628085782308657e-01,-9.103192922369320877e+05,9.088859987118229622e-01,9.383346829787515553e-01,1.317898827648064867e+07,1.365009080626957119e+07,1.000000000000000000e+00
4.051571871262509743e-04,9.383199365394274309e+02,9.383444944186346675e+02,5.890693711314518716e-02,1.499155414782844808e-01,-9.100680852541049244e+05,9.336525288905347386e-01,9.673986636778444392e-01,1.350024237954363413e+07,1.403221341067864560e+07,1.000000000000000000e+00
4.078582350404260162e-04,9.422365792407797471e+02,9.422630166872207838e+02,5.891139799977917341e-02,1.504686624979444109e-01,-9.098170002500918927e+05,9.590650323696308099e-01,9.880858417182393216e-01,1.382941912635228224e+07,1.429601839474636130e+07,1.000000000000000000e+00
4.105592829546010039e-04,9.461512773051006207e+02,9.461741419294694424e+02,5.891588047358203850e-02,1.510221717978415257e-01,-9.095660738389742328e+05,9.851436149309045209e-01,1.014592542325114533e+00,1.416675824351576716e+07,1.464009961592240445e+07,1.000000000000000000e+00
4.132603308687759916e-04,9.500640355418065610e+02,9.500874931870099545e+02,5.892038405449516458e-02,1.515760694378052442e-01,-9.093153436230310472e+05,1.011909060858899867e+00,1.049623628791534813e+00,1.451250612571919337e+07,1.510198966083990969e+07,1.000000000000000000e+00
4.159613787829510335e-04,9.539748577907192839e+02,9.540001100102784903e+02,5.892490825547117006e-02,1.521303553756921112e-01,-9.090648482141757850e+05,1.039382846470925603e+00,1.072105224996832362e+00,1.486691590111149475e+07,1.538722163328066655e+07,1.000000000000000000e+00
4.186624266971260212e-04,9.578837469118050194e+02,9.579083222480921904e+02,5.892945258228515087e-02,1.526850294661336038e-01,-9.088146272555844625e+05,1.067587153666116340e+00,1.096998719842137593e+00,1.523024749207553081e+07,1.570551653839205392e+07,1.000000000000000000e+00
4.213634746113010089e-04,9.617907047744000693e+02,9.618131334074636243e+02,5.893401653334703200e-02,1.532400914592021435e-01,-9.085647214435184142e+05,1.096544883494501743e+00,1.136937081174889785e+00,1.560276767143396847e+07,1.623127425457412750e+07,1.000000000000000000e+00
4.240645225254760509e-04,9.656957322459272746e+02,9.657197346115110577e+02,5.893859959951535527e-02,1.537955409989950062e-01,-9.083151725493295817e+05,1.126279669745860579e+00,1.163154238914573479e+00,1.598475011418613419e+07,1.656477153649938107e+07,1.000000000000000000e+00
4.267655704396510386e-04,9.695988291801094192e+02,9.696255245398697298e+02,5.894320126391301012e-02,1.543513776221362432e-01,-9.080660234416329768e+05,1.156815892556164238e+00,1.187670866308399908e+00,1.637647544489583373e+07,1.687440836465193331e+07,1.000000000000000000e+00
4.294666183538260263e-04,9.734999944046835481e+02,9.735214590104814079e+02,5.894782100174488643e-02,1.549076007561949742e-01,-9.078173181086614495e+05,1.188178692027852090e+00,1.229131742250346937e+00,1.677823128088349476e+07,1.741613165968330577e+07,1.000000000000000000e+00
4.321676662680010682e-04,9.773992257086226800e+02,9.774218914771527125e+02,5.895245828011811545e-02,1.554642097180206628e-01,-9.075691016807670239e+05,1.220393981857715859e+00,1.261938245767102007e+00,1.719031227139127627e+07,1.783688320885603875e+07,1.000000000000000000e+00
4.348687141821761101e-04,9.812965198288691226e+02,9.813217832522217350e+02,5.895711255786513505e-02,1.560212037119944051e-01,-9.073214204530779971e+05,1.253488462964082339e+00,1.288657766944768079e+00,1.761302013291205093e+07,1.817269558107141033e+07,1.000000000000000000e+00
4.375697620963510978e-04,9.851918724365870048e+02,9.852125680229380578e+02,5.896178328536991198e-02,1.565785818281952291e-01,-9.070743219082941068e+05,1.287489637101805418e+00,1.328666575464304112e+00,1.804666368087992445e+07,1.868935138965603337e+07,1.000000000000000000e+00
4.402708100105260855e-04,9.890852781229380071e+02,9.891065865047069110e+02,5.896646990439799452e-02,1.571363430404818240e-01,-9.068278547396070790e+05,1.322425820450167322e+00,1.369155359662646232e+00,1.849155885792263225e+07,1.921120119242820144e+07,1.000000000000000000e+00
4.429718579247011274e-04,9.929767303843873378e+02,9.930004817558451577e+02,5.897117184793050637e-02,1.576944862044882267e-01,-9.065820688737413147e+05,1.358326157153555869e+00,1.398349623073811276e+00,1.894802875885868818e+07,1.957640010931510478e+07,1.000000000000000000e+00
4.456729058388761151e-04,9.968662216075445031e+02,9.968862463518283903e+02,5.897588854000273412e-02,1.582530100555331609e-01,-9.063370154940906214e+05,1.395220632788446657e+00,1.436283760218277639e+00,1.941640365241836756e+07,2.005953356048806012e+07,1.000000000000000000e+00
4.483739537530511028e-04,1.000753743053547169e+03,1.000773611240619175e+03,5.898061939554775229e-02,1.588119132064427230e-01,-9.060928872987683862e+05,1.433140080276973816e+00,1.485652582420620149e+00,1.989701699203499034e+07,2.069724053336795419e+07,1.000000000000000000e+00
4.510750016672261447e-04,1.004639284759535144e+03,1.004661483169896542e+03,5.898536382025649366e-02,1.593711941452969350e-01,-9.058495582540999167e+05,1.472116222342461533e+00,1.517546924132604502e+00,2.039022000662029535e+07,2.109417030031504482e+07,1.000000000000000000e+00
4.537760495814011324e-04,1.008522834807214167e+03,1.008544495533737631e+03,5.899012121041313089e-02,1.599308512332521248e-01,-9.056072501262333244e+05,1.512181641865762316e+00,1.553072912507226899e+00,2.089635998358770087e+07,2.153961290466701984e+07,1.000000000000000000e+00
4.564770974955761201e-04,1.012404379898197021e+03,1.012423019020961760e+03,5.899489095276857359e-02,1.604908827022958895e-01,-9.053659935843417188e+05,1.553369823537451122e+00,1.609971412913538291e+00,2.141579580265536904e+07,2.227246801710183546e+07,1.000000000000000000e+00
4.591781454097511620e-04,1.016283905577553128e+03,1.016304519344950336e+03,5.899967242440939258e-02,1.610512866527444853e-01,-9.051258196628798032e+05,1.595715159421045692e+00,1.647167848113370692e+00,2.194889355146444961e+07,2.273593642022306472e+07,1.000000000000000000e+00
4.618791933239261497e-04,1.020161396216065214e+03,1.020185339700987697e+03,5.900446499263389821e-02,1.616120610506020794e-01,-9.048867597753759474e+05,1.639252961609743320e+00,1.682077476322146437e+00,2.249602652961173654e+07,2.316809113873000070e+07,1.000000000000000000e+00
4.645802412381011375e-04,1.024036834992064541e+03,1.024054631391855764e+03,5.900926801483655226e-02,1.621732037248306835e-01,-9.046488457283485914e+05,1.684019474622316492e+00,1.741334222864458159e+00,2.305757525018085167e+07,2.392432649919608980e+07,1.000000000000000000e+00
4.672812891522761794e-04,1.027910203872845386e+03,1.027929207162287639e+03,5.901408083840103264e-02,1.627347123645282168e-01,-9.044121097352904035e+05,1.730051887503932795e+00,1.788187770250939224e+00,2.363392743856085837e+07,2.451195805045597255e+07,1.000000000000000000e+00
4.699823370664511671e-04,1.031781483595667623e+03,1.031803693090169872e+03,5.901890280060256150e-02,1.632965845160150031e-01,-9.041765844307629159e+05,1.777388345591921714e+00,1.826394552510079095e+00,2.422547802845796943e+07,2.498223754925239831e+07,1.000000000000000000e+00
4.726833849806261548e-04,1.035650653648353682e+03,1.035667802844754988e+03,5.902373322852014215e-02,1.638588175798281754e-01,-9.039423028845712543e+05,1.826067961903343750e+00,1.883638594878582317e+00,2.483262915496895462e+07,2.570348508815375343e+07,1.000000000000000000e+00
4.753844328948011967e-04,1.039517692249485435e+03,1.039535068463576636e+03,5.902857143895928055e-02,1.644214088076230151e-01,-9.037092986160325818e+05,1.876130828098658387e+00,1.941646182729730663e+00,2.545579014453176782e+07,2.643287317368491367e+07,1.000000000000000000e+00
4.780854808089761844e-04,1.043382576328207051e+03,1.043403005599962171e+03,5.903341673838569809e-02,1.649843552989805062e-01,-9.034776056083183503e+05,1.927618024973972721e+00,1.983514502984555561e+00,2.609537750152589008e+07,2.694516169492921233e+07,1.000000000000000000e+00
4.807865287231511721e-04,1.047245281503644037e+03,1.047261930374453414e+03,5.903826842287087512e-02,1.655476539981216577e-01,-9.032472583228858421e+05,1.980571632432321039e+00,2.037913068601710620e+00,2.675181489124302194e+07,2.762076357031380013e+07,1.000000000000000000e+00
4.834875766373262140e-04,1.051105782063938477e+03,1.051121491282843635e+03,5.904312577804971679e-02,1.661113016905265694e-01,-9.030182917139776982e+05,2.035034738883121364e+00,2.108699435197733507e+00,2.742553311890712380e+07,2.851043609070268646e+07,1.000000000000000000e+00
4.861886245515012017e-04,1.054964050944913424e+03,1.054982678653965877e+03,5.904798807909134029e-02,1.666752949994592670e-01,-9.027907412432031706e+05,2.091051450017283209e+00,2.154572062800399035e+00,2.811697010437329859e+07,2.906811393984071538e+07,1.000000000000000000e+00
4.888896724656761894e-04,1.058820059708370536e+03,1.058838407859455629e+03,5.905285459068320558e-02,1.672396303823966979e-01,-9.025646428941822378e+05,2.148666896904542156e+00,2.205757944551471894e+00,2.882657085209940374e+07,2.969413960207250714e+07,1.000000000000000000e+00
4.915907203798512313e-04,1.062673778520027327e+03,1.062688148049300480e+03,5.905772456702965828e-02,1.678043041273628300e-01,-9.023400331872587558e+05,2.207927243358500213e+00,2.287477273709648706e+00,2.955478741594051570e+07,3.071588727433871850e+07,1.000000000000000000e+00
4.942917682940262732e-04,1.066525176127101304e+03,1.066541981740072515e+03,5.906259725186514126e-02,1.683693123491659671e-01,-9.021169491942723980e+05,2.268879692513962709e+00,2.340810180387704165e+00,3.030207885828276724e+07,3.136326635423896089e+07,1.000000000000000000e+00
4.969928162082012067e-04,1.070374219835551457e+03,1.070395017134796717e+03,5.906747187848303965e-02,1.689346509855409739e-01,-9.018954285533856601e+05,2.331572492560599397e+00,2.391084615266241720e+00,3.106891120299899951e+07,3.197024715450138971e+07,1.000000000000000000e+00
4.996938641223762486e-04,1.074220875486979139e+03,1.074234537315898024e+03,5.907234766978050611e-02,1.695003157931945781e-01,-9.016755094839683734e+05,2.396054941576448272e+00,2.476643056696552936e+00,3.185575738168021664e+07,3.302863716008019447e+07,1.000000000000000000e+00
5.023949120365512905e-04,1.078065107435201526e+03,1.078080068189658277e+03,5.907722383832025859e-02,1.700663023437546939e-01,-9.014572308015116723e+05,2.462377391404356963e+00,2.543556024046556452e+00,3.266309717256997153e+07,3.384334127006947249e+07,1.000000000000000000e+00
5.050959599507262240e-04,1.081906878522501984e+03,1.081925700006038369e+03,5.908209958640971149e-02,1.706326060196233230e-01,-9.012406319326058729e+05,2.530591250514355295e+00,2.598660570171737572e+00,3.349141713160738721e+07,3.450385630754020810e+07,1.000000000000000000e+00
5.077970078649012660e-04,1.085746150055569615e+03,1.085759268146995055e+03,5.908697410619827978e-02,1.711992220097336148e-01,-9.010257529299185844e+05,2.600748985794692825e+00,2.681850411179945937e+00,3.434121051496287435e+07,3.551937649570379406e+07,1.000000000000000000e+00
5.104980557790763079e-04,1.089582881781132301e+03,1.089595985900847836e+03,5.909184657979344585e-02,1.717661453052105602e-01,-9.008126344872319605e+05,2.672904123214447480e+00,2.764202117248409252e+00,3.521297719243779778e+07,3.652131540968637168e+07,1.000000000000000000e+00
5.131991036932512414e-04,1.093417031861297119e+03,1.093433881107808929e+03,5.909671617939633859e-02,1.723333706949362054e-01,-9.006013179544642335e+05,2.747111247300488834e+00,2.824567510332689046e+00,3.610722355108221620e+07,3.723937312139712274e+07,1.000000000000000000e+00
5.159001516074262833e-04,1.097248556848606313e+03,1.097261324528160912e+03,5.910158206745730336e-02,1.729008927610196089e-01,-9.003918453527168604e+05,2.823425999372052075e+00,2.904398125664345187e+00,3.702446238837740570e+07,3.820021030019645393e+07,1.000000000000000000e+00
5.186011995216013252e-04,1.101077411660818598e+03,1.101088662304963009e+03,5.910644339685237197e-02,1.734687058741720134e-01,-9.001842593893194571e+05,2.901905074476040181e+00,3.004219371703830799e+00,3.796521279431943595e+07,3.941057368303088099e+07,1.000000000000000000e+00
5.213022474357763671e-04,1.104903549555426707e+03,1.104918397202676942e+03,5.911129931108109747e-02,1.740368041889873152e-01,-8.999786034728433006e+05,2.982606216966800616e+00,3.070375279991213180e+00,3.893000002173395455e+07,4.019133059402782470e+07,1.000000000000000000e+00
5.240032953499514090e-04,1.108726922103926427e+03,1.108740516918684762e+03,5.911614894448651014e-02,1.746051816391298028e-01,-8.997749217281085439e+05,3.065588214674376477e+00,3.146258903138405838e+00,3.991935534414711595e+07,4.109151771525382251e+07,1.000000000000000000e+00
5.267043432641263425e-04,1.112547479165842788e+03,1.112557029980535617e+03,5.912099142249777756e-02,1.751738319324286919e-01,-8.995732590111464961e+05,3.150910891605537500e+00,3.263569439092780744e+00,4.093381590053695440e+07,4.250497363859997690e+07,1.000000000000000000e+00
5.294053911783013844e-04,1.116365168862535029e+03,1.116378035498742520e+03,5.912582586189635281e-02,1.757427485458810668e-01,-8.993736609241041588e+05,3.238635099122649130e+00,3.337604292347170265e+00,4.197392452628354728e+07,4.337291605107390881e+07,1.000000000000000000e+00
5.321064390924764263e-04,1.120179937550783734e+03,1.120197598389996756e+03,5.913065137110604108e-02,1.763119247205641171e-01,-8.991761738300808938e+05,3.328822705545864125e+00,3.409934245402855613e+00,4.304022956963984668e+07,4.421929529081489891e+07,1.000000000000000000e+00
5.348074870066513598e-04,1.123991729796185155e+03,1.124000699445272630e+03,5.913546705050781727e-02,1.768813534564580570e-01,-8.989808448678920977e+05,3.421536584124887703e+00,3.536032798193977644e+00,4.413328469304441661e+07,4.572167805859910697e+07,1.000000000000000000e+00
5.375085349208264017e-04,1.127800488346361135e+03,1.127811339231972852e+03,5.914027199277983177e-02,1.774510275071807530e-01,-8.987877219667169265e+05,3.516840599327529127e+00,3.628072470764912794e+00,4.525364865859977156e+07,4.680062136494782567e+07,1.000000000000000000e+00
5.402095828350014436e-04,1.131606154104001462e+03,1.131621641903066575e+03,5.914506528326340939e-02,1.780209393746360058e-01,-8.985968538606336806e+05,3.614799591393372147e+00,3.707287419770207926e+00,4.640188509705001116e+07,4.771982584067405015e+07,1.000000000000000000e+00
5.429106307491763771e-04,1.135408666099759557e+03,1.135417091707273585e+03,5.914984600035543688e-02,1.785910813035763711e-01,-8.984082901030086214e+05,3.715479359102400903e+00,3.831517625483377376e+00,4.757856225959806889e+07,4.918086857658185810e+07,1.000000000000000000e+00
5.456116786633514191e-04,1.139207961465014932e+03,1.139216754394366717e+03,5.915461321592781901e-02,1.791614452760832421e-01,-8.982220810807326343e+05,3.818946640710064511e+00,3.943579025721822173e+00,4.878425275192213804e+07,5.048997885989230871e+07,1.000000000000000000e+00
5.483127265775264610e-04,1.143003975404523317e+03,1.143017371855173678e+03,5.915936599577454463e-02,1.797320230059652468e-01,-8.980382780282588210e+05,3.925269093002785148e+00,4.030004549727058460e+00,5.001953324977152050e+07,5.148384473571181297e+07,1.000000000000000000e+00
5.510137744917013945e-04,1.146796641168974929e+03,1.146804801486785436e+03,5.916410340008691759e-02,1.803028059330774036e-01,-8.978569330414386932e+05,4.034515268430577173e+00,4.151261535346839615e+00,5.128498419556608051e+07,5.289111746134474128e+07,1.000000000000000000e+00
5.537148224058764364e-04,1.150585890027480445e+03,1.150592666395379183e+03,5.916882448395731353e-02,1.808737852175635319e-01,-8.976780990911124973e+05,4.146754590276625407e+00,4.285792539510783428e+00,5.258118947547038645e+07,5.445406727480003983e+07,1.000000000000000000e+00
5.564158703200514783e-04,1.154371651240005576e+03,1.154382737132327975e+03,5.917352829791221874e-02,1.814449517340236961e-01,-8.975018300364532042e+05,4.262057325826686949e+00,4.380590102711829914e+00,5.390873607648933679e+07,5.553516065246560425e+07,1.000000000000000000e+00
5.591169182342264118e-04,1.158153852029779728e+03,1.158161507061815882e+03,5.917821388847469000e-02,1.820162960656094286e-01,-8.973281806379972259e+05,4.380494557503572750e+00,4.498187189735330271e+00,5.526821372324373573e+07,5.688236786295998096e+07,1.000000000000000000e+00
5.618179661484014537e-04,1.161932417555701022e+03,1.161936953413409583e+03,5.918288029875685280e-02,1.825878084980499527e-01,-8.971572065703650005e+05,4.502138151930867416e+00,4.657186604837356469e+00,5.666021449422220141e+07,5.871590233483929187e+07,1.000000000000000000e+00
5.645190140625764956e-04,1.165707270884761328e+03,1.165716292801564578e+03,5.918752656908278509e-02,1.831594790136113482e-01,-8.969889644346159184e+05,4.627060726882031183e+00,4.759850922591570388e+00,5.808533241749959439e+07,5.987513873824063689e+07,1.000000000000000000e+00
5.672200619767514291e-04,1.169478332964519041e+03,1.169488204157426935e+03,5.919215173764202920e-02,1.837312972849923509e-01,-8.968235117702103453e+05,4.755335616046565406e+00,4.873343977521485293e+00,5.954416304616285861e+07,6.115881484600761533e+07,1.000000000000000000e+00
5.699211098909264710e-04,1.173245522595645980e+03,1.173248894234477802e+03,5.919675484117414843e-02,1.843032526691599782e-01,-8.966609070665570907e+05,4.887036831489764310e+00,5.052576991989211841e+00,6.103730301399054378e+07,6.320515630256417394e+07,1.000000000000000000e+00
5.726221578051015129e-04,1.177008756404575024e+03,1.177015680486741530e+03,5.920133491568443235e-02,1.848753342011275613e-01,-8.965012097740746103e+05,5.022239023564193161e+00,5.170517778063958403e+00,6.256534957228859514e+07,6.452905022832592577e+07,1.000000000000000000e+00
5.753232057192764464e-04,1.180767948816277340e+03,1.180780341694783374e+03,5.920589099719106296e-02,1.854475305876799596e-01,-8.963444803147547645e+05,5.161017437796189711e+00,5.282953159243353625e+00,6.412890010917332023e+07,6.578791127414572239e+07,1.000000000000000000e+00
5.780242536334514883e-04,1.184523012027200593e+03,1.184525640643423230e+03,5.921042212250373499e-02,1.860198302010489524e-01,-8.961907800921814051e+05,5.303447867814995220e+00,5.473166764948314444e+00,6.572855165293707699e+07,6.793355330063694715e+07,1.000000000000000000e+00
5.807253015476265302e-04,1.188273855978391794e+03,1.188278616873190231e+03,5.921492733003375780e-02,1.865922210725430852e-01,-8.960401715009353356e+05,5.449606602526706922e+00,5.614701876753654730e+00,6.736490036143150926e+07,6.951367980767683685e+07,1.000000000000000000e+00
5.834263494618014637e-04,1.192020388328842955e+03,1.192030690402930077e+03,5.921940566063566003e-02,1.871646908861368530e-01,-8.958927179353778483e+05,5.599570364105677100e+00,5.736555220987155757e+00,6.903854099998435378e+07,7.086478411309166253e+07,1.000000000000000000e+00
5.861273973759765056e-04,1.195762514429082785e+03,1.195764822338965814e+03,5.922385615847985951e-02,1.877372269720259113e-01,-8.957484837977365823e+05,5.753416230276141796e+00,5.926153077745789588e+00,7.075006641421326995e+07,7.297742927805437148e+07,1.000000000000000000e+00
5.888284452901515476e-04,1.199500137295048262e+03,1.199503037935215389e+03,5.922827787195611426e-02,1.883098163001533376e-01,-8.956075345054471400e+05,5.911221528055776275e+00,6.093455664450462272e+00,7.250006703357966244e+07,7.483189040010233223e+07,1.000000000000000000e+00
5.915294932043264810e-04,1.203233157582260674e+03,1.203241682306278335e+03,5.923266985460666489e-02,1.888824454737211000e-01,-8.954699364977332298e+05,6.073063669893232763e+00,6.225234942652351222e+00,7.428913067140303552e+07,7.627886793905307353e+07,1.000000000000000000e+00
5.942305411185015230e-04,1.206961473560310878e+03,1.206963883236136780e+03,5.923703116608749347e-02,1.894551007227013029e-01,-8.953357572413762100e+05,6.239019834575432633e+00,6.413335391088554438e+00,7.611784474923573434e+07,7.834981829341506958e+07,1.000000000000000000e+00
5.996326369468514984e-04,1.214403723836310519e+03,1.214410262290860373e+03,5.924565907091799977e-02,1.906004497368118944e-01,-8.950778568572151707e+05,6.583403195645653128e+00,6.752740594481159597e+00,7.989474815144088864e+07,8.206598298374584317e+07,1.000000000000000000e+00
6.050347327752015822e-04,1.221825906729563712e+03,1.221825168291786440e+03,5.925415376164259312e-02,1.917457275772598280e-01,-8.948344194127725204e+05,6.945147943971671900e+00,7.165300610047171226e+00,8.383675924907465279e+07,8.655875590545266867e+07,1.000000000000000000e+00
6.104368286035515576e-04,1.229227121816969429e+03,1.229229138242995077e+03,5.926250806483584349e-02,1.928908102496424415e-01,-8.946060208650329150e+05,7.324872757193552353e+00,7.504561108996218088e+00,8.794822389564806223e+07,9.021537452846823633e+07,1.000000000000000000e+00
6.158389244319015330e-04,1.236606428392282169e+03,1.236609195870895519e+03,5.927071500789105746e-02,1.940355671834064488e-01,-8.943932538276510313e+05,7.723190500896265576e+00,7.930066371222098454e+00,9.223332113295578957e+07,9.478624453813064098e+07,1.000000000000000000e+00
6.185399723460765749e-04,1.240287473265084600e+03,1.240291783213283907e+03,5.927476063334487927e-02,1.946077705012785319e-01,-8.942929656009658938e+05,7.929616513161846569e+00,8.112659899426523324e+00,9.444319742261332273e+07,9.673415238873676956e+07,1.000000000000000000e+00
6.212410202602516168e-04,1.243962660696870671e+03,1.243959150086254567e+03,5.927876675871025791e-02,1.951798403113964020e-01,-8.941968273937848862e+05,8.140924856572665291e+00,8.396322005000694588e+00,9.669804179475577176e+07,9.975760554071450233e+07,1.000000000000000000e+00
6.239420681744265503e-04,1.247631861248366704e+03,1.247632958114634675e+03,5.928273258357364545e-02,1.957517583149078755e-01,-8.941049180836807936e+05,8.357187500033223415e+00,8.583499730589874588e+00,9.899833338347738981e+07,1.017406076159761250e+08,1.000000000000000000e+00
6.266431160886015922e-04,1.251294942841647753e+03,1.251301826252544743e+03,5.928665732744994171e-02,1.963235057630255964e-01,-8.940173175612107152e+05,8.578475480325579383e+00,8.765956195964195174e+00,1.013445371814860851e+08,1.036714411575519443e+08,1.000000000000000000e+00
6.320452119169515676e-04,1.258602397068940490e+03,1.258601798636136891e+03,5.929438142861287453e-02,1.974664344664676663e-01,-8.938552717871069908e+05,9.036186225281323203e+00,9.283554590575722187e+00,1.061744208162194341e+08,1.091169434429282099e+08,1.000000000000000000e+00
6.374473077453016515e-04,1.265883763787514454e+03,1.265879662985097184e+03,5.930193305665169834e-02,1.986084452016085300e-01,-8.937113930283341324e+05,9.514807148378377377e+00,9.785066632207268356e+00,1.111925953517131805e+08,1.143548044960527867e+08,1.000000000000000000e+00
6.428494035736516269e-04,1.273137892048687945e+03,1.273142212883986531e+03,5.930930683464207681e-02,1.997493715182117324e-01,-8.935863542830492370e+05,1.001487164554879428e+01,1.023860528477565879e+01,1.164019202740334868e+08,1.190703488343478590e+08,1.000000000000000000e+00
6.482514994020016023e-04,1.280363587655502897e+03,1.280360054842908994e+03,5.931649783170017676e-02,2.008890392389798829e-01,-8.934808433522341074e+05,1.053687911294342072e+01,1.082833563454806480e+01,1.218048625417304635e+08,1.251456733091410249e+08,1.000000000000000000e+00
6.536535952303516861e-04,1.287559612967196017e+03,1.287555340382335999e+03,5.932350160674946388e-02,2.020272662950561848e-01,-8.933955621322296793e+05,1.108129241182119173e+01,1.136591810940977787e+01,1.274034410858184546e+08,1.306518570094121248e+08,1.000000000000000000e+00
6.590556910587016615e-04,1.294724686814322240e+03,1.294726081825099754e+03,5.933031425223388861e-02,2.031638625743947824e-01,-8.933312257710457779e+05,1.164853282308441429e+01,1.191386193876575028e+01,1.331991730548080206e+08,1.362385160968883932e+08,1.000000000000000000e+00
6.644577868870516369e-04,1.301857484535906679e+03,1.301851301554744623e+03,5.933693243743151657e-02,2.042986297846289823e-01,-8.932885616797870025e+05,1.223897400206277375e+01,1.257862880418314688e+01,1.391930171855624914e+08,1.429456879620217979e+08,1.000000000000000000e+00
6.698598827154017207e-04,1.308956638150500112e+03,1.308952200697779745e+03,5.934335345096784786e-02,2.054313613324780241e-01,-8.932683083913360024e+05,1.285293540879473539e+01,1.315402389154895246e+01,1.453853143210154176e+08,1.487318654494869411e+08,1.000000000000000000e+00
6.752619785437516961e-04,1.316020736673521242e+03,1.316019688701296218e+03,5.934957524209610868e-02,2.065618422219235861e-01,-8.932712142590692965e+05,1.349067555128757334e+01,1.380052535870696673e+01,1.517757248434905112e+08,1.551868631395418048e+08,1.000000000000000000e+00
6.806640743721016715e-04,1.323048326593836919e+03,1.323040419843308428e+03,5.935559646029901770e-02,2.076898489734196329e-01,-8.932980359886372462e+05,1.415238577833130762e+01,1.453834375163904014e+01,1.583631614172418416e+08,1.624723076796639562e+08,1.000000000000000000e+00
6.860661702004517554e-04,1.330037912523544719e+03,1.330033718273626164e+03,5.936141649280143873e-02,2.088151495660997559e-01,-8.933495369952030014e+05,1.483818715408966149e+01,1.515359114173665667e+01,1.651457021829437017e+08,1.685533795818367600e+08,1.000000000000000000e+00
6.887672181146266889e-04,1.333517842382349272e+03,1.333509237967300805e+03,5.936425102852926905e-02,2.093766926205801182e-01,-8.933848469663567375e+05,1.519028699129737703e+01,1.560099089498367952e+01,1.686103119865914583e+08,1.729012497724657655e+08,1.000000000000000000e+00
6.914682660288017308e-04,1.336987677382007860e+03,1.336984934215825660e+03,5.936703521149908069e-02,2.099374672741102787e-01,-8.934266300093292957e+05,1.554842898568484699e+01,1.590256884443403251e+01,1.721226645303612947e+08,1.758706798691887558e+08,1.000000000000000000e+00
6.943857272135537523e-04,1.340723960976626813e+03,1.340719211806156181e+03,5.936998607317377219e-02,2.105422738267436200e-01,-8.934791398135983618e+05,1.594203009414101757e+01,1.627671927388227502e+01,1.759694576625042558e+08,1.795178531193964779e+08,1.000000000000000000e+00
6.973031883983058822e-04,1.344447983485801387e+03,1.344439821533329678e+03,5.937287863306387609e-02,2.111461069235364696e-01,-8.935394347211064305e+05,1.634264204193580028e+01,1.676563927920554775e+01,1.798706988727041781e+08,1.842159549945446551e+08,1.000000000000000000e+00
7.002206495830580121e-04,1.348159488247936679e+03,1.348157885064553511e+03,5.937571321679019354e-02,2.117489254817641053e-01,-8.936076365133860381e+05,1.675023482673216080e+01,1.710658459502592876e+01,1.838256076875829697e+08,1.875411058945662677e+08,1.000000000000000000e+00
7.031381107678101421e-04,1.351858215425440449e+03,1.351852537305920578e+03,5.937849022303750418e-02,2.123506876950974620e-01,-8.936838668095292524e+05,1.716476950547508551e+01,1.753416680785328907e+01,1.878333132168410718e+08,1.916457561220243573e+08,1.000000000000000000e+00
7.060555719525622720e-04,1.355543902079824420e+03,1.355536740700352766e+03,5.938121012442614671e-02,2.129513510378282515e-01,-8.937682469496573322e+05,1.758619763431288519e+01,1.801911313225657807e+01,1.918928511887176633e+08,1.962653669275471568e+08,1.000000000000000000e+00
7.089730331373142935e-04,1.359216282253687496e+03,1.359215551286686377e+03,5.938387346826015656e-02,2.135508722701533746e-01,-8.938608978734113043e+05,1.801446078485681923e+01,1.837913489391571886e+01,1.960031611993780732e+08,1.997455134992259741e+08,1.000000000000000000e+00
7.118904943220663150e-04,1.362875087057888550e+03,1.362868287770570760e+03,5.938648087713570278e-02,2.141492074443359095e-01,-8.939619399940992007e+05,1.844949010668926803e+01,1.886188304640634428e+01,2.001630840361376703e+08,2.043072924211643040e+08,1.000000000000000000e+00
7.148079555068184449e-04,1.366520044765865805e+03,1.366514034510309784e+03,5.938903304941029609e-02,2.147463119120202879e-01,-8.940714930680294055e+05,1.889120591615652955e+01,1.933122773222282476e+01,2.043713590654511750e+08,2.087416903740199804e+08,1.000000000000000000e+00
7.177254166915705749e-04,1.370150880913433639e+03,1.370151432408809796e+03,5.939153075951845995e-02,2.153421403325082584e-01,-8.941896760596396634e+05,1.933951730276599079e+01,1.970480115745999683e+01,2.086266217067148685e+08,2.123178145223354101e+08,1.000000000000000000e+00
7.206428778763227048e-04,1.373767318405968126e+03,1.373760063674110143e+03,5.939397485813482230e-02,2.159366466822677799e-01,-8.943166070019762265e+05,1.979432174795757504e+01,2.024343267011629877e+01,2.129274009987192154e+08,2.173243004333676398e+08,1.000000000000000000e+00
7.235603390610748347e-04,1.377369077631337859e+03,1.377364531377379535e+03,5.939636627217162457e-02,2.165297842654787808e-01,-8.944524028531294316e+05,2.025550475569904307e+01,2.069797820567980651e+01,2.172721172809644639e+08,2.215923616288702190e+08,1.000000000000000000e+00
7.264778002458268562e-04,1.380955876580425411e+03,1.380957615269150210e+03,5.939870600461207711e-02,2.171215057258817360e-01,-8.945971793482749490e+05,2.072293949431478666e+01,2.109020840690645215e+01,2.216590799988981187e+08,2.253127932933300734e+08,1.000000000000000000e+00
7.293952614305788777e-04,1.384527430973638275e+03,1.384519677164588074e+03,5.940099513416780691e-02,2.177117630597346087e-01,-8.947510508479103446e+05,2.119648645137283083e+01,2.169149559988335341e+01,2.260864856554611027e+08,2.308084316430189312e+08,1.000000000000000000e+00
7.323127226153310076e-04,1.388083454395173021e+03,1.388080320623829721e+03,5.940323481476230544e-02,2.183005076301367531e-01,-8.949141301820161752e+05,2.167599310255924649e+01,2.212423030805599211e+01,2.305524159196812809e+08,2.348526648273941576e+08,1.000000000000000000e+00
7.352301838000831376e-04,1.391623658433475157e+03,1.391621841854608192e+03,5.940542627483021143e-02,2.188876901825269616e-01,-8.950865284905586159e+05,2.216129359703500512e+01,2.255551508648857606e+01,2.350548359141615629e+08,2.388728039565046430e+08,1.000000000000000000e+00
7.381476449848352675e-04,1.395147752829563160e+03,1.395140602781278176e+03,5.940757081643471826e-02,2.194732608616052350e-01,-8.952683550604328047e+05,2.265220846081215456e+01,2.317160253035080331e+01,2.395915926936134994e+08,2.444300015153892934e+08,1.000000000000000000e+00
7.410651061695873974e-04,1.398655445631715338e+03,1.398653923948337706e+03,5.940966981419473075e-02,2.200571692294891191e-01,-8.954597171592114028e+05,2.314854432079012980e+01,2.359508145155575676e+01,2.441604139354925752e+08,2.483705671586782634e+08,1.000000000000000000e+00
7.439825673543395274e-04,1.402146443358071792e+03,1.402142176361834117e+03,5.941172471402473426e-02,2.206393642853407833e-01,-8.956607198656272376e+05,2.365009365131528796e+01,2.408260300394051967e+01,2.487589068559165299e+08,2.528274902303502858e+08,1.000000000000000000e+00
7.469000285390916573e-04,1.405620451165715167e+03,1.405615073465900196e+03,5.941373703168071480e-02,2.212197944862810961e-01,-8.958714658973311307e+05,2.415663454586848147e+01,2.468353997501452568e+01,2.533845573710437715e+08,2.581998991109147668e+08,1.000000000000000000e+00
7.498174897238436788e-04,1.409077173027653544e+03,1.409077264345695767e+03,5.941570835111607135e-02,2.217984077698109679e-01,-8.960920554359230446e+05,2.466793051596442155e+01,2.511528607223200638e+01,2.580347295180189610e+08,2.621766874213105738e+08,1.000000000000000000e+00
7.527349509085957003e-04,1.412516311916337372e+03,1.412512215619040262e+03,5.941764032264262169e-02,2.223751515775636012e-01,-8.963225859497834463e+05,2.518373031974602938e+01,2.565412529646770423e+01,2.627066651545113623e+08,2.670007680708047748e+08,1.000000000000000000e+00
7.556524120933478302e-04,1.415937569994993055e+03,1.415934194261866878e+03,5.941953466090173219e-02,2.229499728805862391e-01,-8.965631520147573901e+05,2.570376782251335612e+01,2.622869054943708633e+01,2.673974839516142011e+08,2.721014162910605669e+08,1.000000000000000000e+00
7.585698732780999601e-04,1.419340648815479426e+03,1.419342361275766734e+03,5.942139314264259509e-02,2.235228182059855462e-01,-8.968138451332285767e+05,2.622776189148702741e+01,2.667531316807996689e+01,2.721041836977045536e+08,2.761727695867542028e+08,1.000000000000000000e+00
7.614873344628520901e-04,1.422725249523793991e+03,1.422721628090285321e+03,5.942321760431384936e-02,2.240936336651120908e-01,-8.970747535517280921e+05,2.675541632714675444e+01,2.726576104014809587e+01,2.768236409283719063e+08,2.813485601598435640e+08,1.000000000000000000e+00
7.644047956476042200e-04,1.426091073072021345e+03,1.426089647466535553e+03,5.942500993946745608e-02,2.246623649831261393e-01,-8.973459620775628136e+05,2.728641983319840847e+01,2.780700533291331311e+01,2.815526118982068896e+08,2.861274443776817918e+08,1.000000000000000000e+00
7.673222568323563499e-04,1.429437820437671917e+03,1.429441031351488164e+03,5.942677209598235671e-02,2.252289575300965019e-01,-8.976275518947347300e+05,2.782044602755352258e+01,2.825766489224007572e+01,2.862877339094901085e+08,2.901921670161508322e+08,1.000000000000000000e+00
7.702397180171084799e-04,1.432765192849302593e+03,1.432762550757404142e+03,5.942850607310885130e-02,2.257933563534847143e-01,-8.979196003795890138e+05,2.835715349606454438e+01,2.890152525550247731e+01,2.910255270113618970e+08,2.957101719064624310e+08,1.000000000000000000e+00
7.731571792018605014e-04,1.436072892019178198e+03,1.436073614903191356e+03,5.943021391834228673e-02,2.263555062121369588e-01,-8.982221809165485902e+05,2.889618589137932503e+01,2.941651052485170226e+01,2.957623960839750767e+08,3.002397180284053087e+08,1.000000000000000000e+00
7.760746403866125229e-04,1.439360620381964281e+03,1.439364146072352014e+03,5.943189772412921928e-02,2.269153516116495795e-01,-8.985353627143612830e+05,2.943717207828226634e+01,2.988699455472779576e+01,3.004946333185200095e+08,3.044210314588536620e+08,1.000000000000000000e+00
7.789921015713646528e-04,1.442628081340014432e+03,1.442626906276960426e+03,5.943355962441577989e-02,2.274728368411988999e-01,-8.988592106232863152e+05,2.997972632779773861e+01,3.056187102165872105e+01,3.052184211065901518e+08,3.100813765213604569e+08,1.000000000000000000e+00
7.819095627561167827e-04,1.445874979514346023e+03,1.445877711463618425e+03,5.943520179104327256e-02,2.280279060117136603e-01,-8.991937849536180729e+05,3.052344856098287096e+01,3.103820564106057134e+01,3.099298353465973139e+08,3.142673130984667540e+08,1.000000000000000000e+00
7.848270239408689126e-04,1.449101021001659774e+03,1.449101388343613280e+03,5.943682643000205296e-02,2.285805030954488060e-01,-8.995391412960555172e+05,3.106792464452164282e+01,3.153770886663878414e+01,3.146248491790950894e+08,3.186039088183998466e+08,1.000000000000000000e+00
7.877444851256210426e-04,1.452305913636612104e+03,1.452306733795479204e+03,5.943843577755046625e-02,2.291305719668530194e-01,-8.998953303442806937e+05,3.161272673855076221e+01,3.218985864772131578e+01,3.192993371550766826e+08,3.239997800484458804e+08,1.000000000000000000e+00
7.906619463103731725e-04,1.455489367259469873e+03,1.455493947469893556e+03,5.944003209621111228e-02,2.296780564447518380e-01,-9.002623977203170070e+05,3.215741369859193810e+01,3.266140301213317088e+01,3.239490798469169140e+08,3.281066789227511287e+08,1.000000000000000000e+00
7.935794074951253024e-04,1.458651093988486082e+03,1.458652348884490493e+03,5.944161767065260504e-02,2.302229003357567638e-01,-9.006403838030186016e+05,3.270153153146229386e+01,3.320029052933490021e+01,3.285697689018641710e+08,3.326575989709563851e+08,1.000000000000000000e+00
7.964968686798773239e-04,1.461790808496892168e+03,1.461794445589972838e+03,5.944319480347048240e-02,2.307650474788833506e-01,-9.010293235602885252e+05,3.324461390673401695e+01,3.381952422150688875e+01,3.331570125450423360e+08,3.377252165556957126e+08,1.000000000000000000e+00
7.994143298646293454e-04,1.464908228293971661e+03,1.464914760587983665e+03,5.944476581087657779e-02,2.313044417913064921e-01,-9.014292463853689842e+05,3.378618272300721515e+01,3.428348158130451395e+01,3.377063415272300243e+08,3.417158187484295964e+08,1.000000000000000000e+00
8.023317910493814754e-04,1.468003074009882766e+03,1.468006207717384768e+03,5.944633301831144662e-02,2.318410273151962353e-01,-9.018401759378258139e+05,3.432574873019198947e+01,3.484597199861942585e+01,3.422132155211174488e+08,3.463306610489494205e+08,1.000000000000000000e+00
8.052492522341336053e-04,1.471075069683823358e+03,1.471081233445172984e+03,5.944789875599038043e-02,2.323747482655821317e-01,-9.022621299895683769e+05,3.486281220642144518e+01,3.542508568692920790e+01,3.466730299562715292e+08,3.510253208960513473e+08,1.000000000000000000e+00
8.081667134188857352e-04,1.474123943054969914e+03,1.474132529136568564e+03,5.944946535439828150e-02,2.329055490791481775e-01,-9.026951202765293419e+05,3.539686369035389646e+01,3.588971945890104820e+01,3.510811232927966118e+08,3.549614797833601832e+08,1.000000000000000000e+00
8.110841746036378652e-04,1.477149425855924846e+03,1.477155072777996565e+03,5.945103513974470122e-02,2.334333744639278674e-01,-9.031391523563072551e+05,3.592738476681517312e+01,3.646815834716754523e+01,3.554327847184914351e+08,3.595634770086303353e+08,1.000000000000000000e+00
8.140016357883899951e-04,1.480151254107860268e+03,1.480159780879464734e+03,5.945261042939496005e-02,2.339581694497583353e-01,-9.035942254724367522e+05,3.645384890604613304e+01,3.700112048293880207e+01,3.597232622654198408e+08,3.638472682507169247e+08,1.000000000000000000e+00
8.169190969731421250e-04,1.483129168417244955e+03,1.483138926560709251e+03,5.945419352728902734e-02,2.344798794394872266e-01,-9.040603324254852487e+05,3.697572235387723083e+01,3.745029156194674869e+01,3.639477713249930143e+08,3.675975760758550167e+08,1.000000000000000000e+00
8.198365581578941465e-04,1.486082914273098368e+03,1.486090954247637683e+03,5.945578671936450205e-02,2.349984502607484482e-01,-9.045374594519688981e+05,3.749246507243758231e+01,3.803683041544395849e+01,3.681015035533257723e+08,3.721026823772682548e+08,1.000000000000000000e+00
8.227540193426461680e-04,1.489012242344813103e+03,1.489023352313036867e+03,5.945739226899543484e-02,2.355138282183239784e-01,-9.050255861107254168e+05,3.800353172817124658e+01,3.853676076333631073e+01,3.721796361398074627e+08,3.760785984916550517e+08,1.000000000000000000e+00
8.256714805273982979e-04,1.491916908779253390e+03,1.491928798380519765e+03,5.945901241246349944e-02,2.360259601468666091e-01,-9.055246851778908167e+05,3.850837272623063257e+01,3.898029799968792730e+01,3.761773414263283610e+08,3.797122668360203505e+08,1.000000000000000000e+00
8.285889417121504279e-04,1.494796675497330853e+03,1.494808438479431288e+03,5.946064935447290672e-02,2.365347934640261995e-01,-9.060347225504560629e+05,3.900643528721171549e+01,3.956170369572507894e+01,3.800897968444585800e+08,3.840048852913371921e+08,1.000000000000000000e+00
8.315064028969025578e-04,1.497651310488532317e+03,1.497665166201952388e+03,5.946230526372558306e-02,2.370402762237123206e-01,-9.065556571591171669e+05,3.949716456489141336e+01,4.001791863145445660e+01,3.839121951533764601e+08,3.875985960761628747e+08,1.000000000000000000e+00
8.344238640816546877e-04,1.500480588103766650e+03,1.500492949717863667e+03,5.946398226856740299e-02,2.375423571695637892e-01,-9.070874408905002056e+05,3.998000480024658998e+01,4.044484848261626553e+01,3.876397549402353764e+08,3.910110523708432317e+08,1.000000000000000000e+00
8.373413252664068177e-04,1.503284289344785293e+03,1.503298801380434725e+03,5.946568245272152581e-02,2.380409857883167835e-01,-9.076300185194122605e+05,4.045440050988857195e+01,4.099517400257634137e+01,3.912677313615642190e+08,3.949084525490947962e+08,1.000000000000000000e+00
8.402587864511589476e-04,1.506062202150707435e+03,1.506078211292304786e+03,5.946740785111880034e-02,2.385361123631707381e-01,-9.081833276511868462e+05,4.091979770362355140e+01,4.141840118841165008e+01,3.947914270820278525e+08,3.981985364040152431e+08,1.000000000000000000e+00
8.431762476359109691e-04,1.508814121679700975e+03,1.508826923297633130e+03,5.946916044584078104e-02,2.390276880268049631e-01,-9.087472986747004325e+05,4.137564512875596989e+01,4.183822643036406674e+01,3.982062033852748871e+08,4.014348396754715443e+08,1.000000000000000000e+00
8.460937088206629906e-04,1.511539850586517105e+03,1.511558785046532648e+03,5.947094216218400120e-02,2.395156648141745781e-01,-9.093218547260757769e+05,4.182139553537000154e+01,4.235579332570176803e+01,4.015074914084072709e+08,4.049199949977100492e+08,1.000000000000000000e+00
8.490111700054151205e-04,1.514239199293740285e+03,1.514258179279012438e+03,5.947275486486026941e-02,2.399999957147025131e-01,-9.099069116636182880e+05,4.225650695972981907e+01,4.273994406104451116e+01,4.046908034715017080e+08,4.078611059922455549e+08,1.000000000000000000e+00
8.519286311901672504e-04,1.516911986257617855e+03,1.516925887379384449e+03,5.947460035434030956e-02,2.404806347240254494e-01,-9.105023780539483996e+05,4.268044401963913970e+01,4.313476187507898629e+01,4.077517444495142698e+08,4.107894079734417200e+08,1.000000000000000000e+00
8.548460923749193804e-04,1.519558038226165991e+03,1.519580314679735920e+03,5.947648036335436567e-02,2.409575368948781993e-01,-9.111081551697705872e+05,4.309267921850607053e+01,4.359719916665192585e+01,4.106860231554684043e+08,4.137325325572022200e+08,1.000000000000000000e+00
8.577635535596715103e-04,1.522177190490580415e+03,1.522198977929340344e+03,5.947839655355562777e-02,2.414306583873045975e-01,-9.117241369992461987e+05,4.349269425166365011e+01,4.395533753170875002e+01,4.134894636789381504e+08,4.163817983018125296e+08,1.000000000000000000e+00
8.606810147444236402e-04,1.524769287127497137e+03,1.524785042680086235e+03,5.948035051235883025e-02,2.418999565177475941e-01,-9.123502102672898909e+05,4.387998131137425162e+01,4.432139574580964592e+01,4.161580166470133662e+08,4.189746922430754304e+08,1.000000000000000000e+00
8.635984759291757702e-04,1.527334181233309209e+03,1.527359816871130306e+03,5.948234374995817891e-02,2.423653898072403723e-01,-9.129862544687241316e+05,4.425404438389630712e+01,4.472474395187477825e+01,4.186877703493918777e+08,4.213427202331239581e+08,1.000000000000000000e+00
8.665159371139277917e-04,1.529871735147946310e+03,1.529896060345064143e+03,5.948437769653570906e-02,2.428269180282225104e-01,-9.136321419135393808e+05,4.461440053482565560e+01,4.504963674390611317e+01,4.210749616941158772e+08,4.236448430387780666e+08,1.000000000000000000e+00
8.694333982986798132e-04,1.532381820669497529e+03,1.532399734804284435e+03,5.948645369966234359e-02,2.432845022502345689e-01,-9.142877377841161797e+05,4.496058117604692939e+01,4.538049902440089767e+01,4.233159869343045950e+08,4.258590176397555470e+08,1.000000000000000000e+00
8.723508594834319431e-04,1.534864319256976842e+03,1.534894542767793382e+03,5.948857302190142110e-02,2.437381048839916131e-01,-9.149529002045732923e+05,4.529213331039190393e+01,4.573294122078682022e+01,4.254074121327748895e+08,4.276799829525982738e+08,1.000000000000000000e+00
8.752683206681840730e-04,1.537319122222778560e+03,1.537347146583201493e+03,5.949073683861516582e-02,2.441876897241218591e-01,-9.156274803220824106e+05,4.560862074743066330e+01,4.602018104140508825e+01,4.273459833047851920e+08,4.296012710668714046e+08,1.000000000000000000e+00
8.781857818529362029e-04,1.539746130912041281e+03,1.539767164429266813e+03,5.949294623598238435e-02,2.446332219900499150e-01,-9.163113224001595518e+05,4.590962528649683350e+01,4.630633932814709652e+01,4.291286362072892189e+08,4.313884562552240491e+08,1.000000000000000000e+00
8.811032430376883329e-04,1.542145256870631556e+03,1.542178915215838742e+03,5.949520220922613345e-02,2.450746683653431957e-01,-9.170042639237771509e+05,4.619474786059743110e+01,4.659001146269495308e+01,4.307525057160076499e+08,4.325450085493990183e+08,1.000000000000000000e+00
8.840207042224404628e-04,1.544516421998903979e+03,1.544547751206172052e+03,5.949750566105811017e-02,2.455119970349841640e-01,-9.177061357161819469e+05,4.646360963742274919e+01,4.684093874824517911e+01,4.322149347613269091e+08,4.340850424187341928e+08,1.000000000000000000e+00
8.869381654071925927e-04,1.546859558693115787e+03,1.546884371380528819e+03,5.949985740033696124e-02,2.459451777209192280e-01,-9.184167620672286721e+05,4.671585307146669663e+01,4.708580607182656763e+01,4.335134827665698528e+08,4.354792133118286133e+08,1.000000000000000000e+00
8.898556265919446142e-04,1.549174609971614473e+03,1.549213535131767230e+03,5.950225814094573656e-02,2.463741817153347613e-01,-9.191359608730076579e+05,4.695114290370784715e+01,4.730823414621999490e+01,4.346459335633634925e+08,4.359984349526904225e+08,1.000000000000000000e+00
8.927730877766966357e-04,1.551461529587832501e+03,1.551497536457807882e+03,5.950470850088413616e-02,2.467989819120409434e-01,-9.198635437865521526e+05,4.716916710334265872e+01,4.751287163947849734e+01,4.356103027310163975e+08,4.370770810337384343e+08,1.000000000000000000e+00
8.956905489614487657e-04,1.553720282127195787e+03,1.553749269880399652e+03,5.950720900157947107e-02,2.472195528354060867e-01,-9.205993163792856503e+05,4.736963774835925989e+01,4.770926274544476797e+01,4.364048443393355012e+08,4.380655019572330117e+08,1.000000000000000000e+00
8.986080101462008956e-04,1.555950843090131229e+03,1.555992073789958113e+03,5.950976006741057200e-02,2.476358706672526222e-01,-9.213430783129672054e+05,4.755229184004861764e+01,4.785702585668555287e+01,4.370280570462099314e+08,4.379253361125575900e+08,1.000000000000000000e+00
9.015254713309530255e-04,1.558153198958290432e+03,1.558193623181852445e+03,5.951236202544716442e-02,2.480479132711513324e-01,-9.220946235217103967e+05,4.771689204868323486e+01,4.801446222344434744e+01,4.374786895349714756e+08,4.384552969919161201e+08,1.000000000000000000e+00
9.044429325157051554e-04,1.560327347246314275e+03,1.560360869591382880e+03,5.951501510539795176e-02,2.484556602145553406e-01,-9.228537404038002715e+05,4.786322738614931893e+01,4.816903102979789963e+01,4.377557452481839657e+08,4.390688841987366676e+08,1.000000000000000000e+00
9.073603937004572854e-04,1.562473296536292082e+03,1.562517106344288322e+03,5.951771943976857937e-02,2.488590927882082804e-01,-9.236202120227654232e+05,4.799111380330481325e+01,4.825283499799001419e+01,4.378584864091641307e+08,4.383903842511473894e+08,1.000000000000000000e+00
9.102778548852094153e-04,1.564591066497368729e+03,1.564637711756973431e+03,5.952047506422173534e-02,2.492581940232950488e-01,-9.243938163174579386e+05,4.810039470862034250e+01,4.835021242080223658e+01,4.377864372939982414e+08,4.382346449917311668e+08,1.000000000000000000e+00
9.131953160699614368e-04,1.566680687887706199e+03,1.566720205307328342e+03,5.952328191813950620e-02,2.496529487057737029e-01,-9.251743263204643736e+05,4.819094140649170299e+01,4.845714841135001905e+01,4.375393867521895170e+08,4.383905285772323012e+08,1.000000000000000000e+00
9.161127772547134583e-04,1.568742202541376400e+03,1.568786974427531959e+03,5.952613984537945269e-02,2.500433433883801349e-01,-9.259615103846215643e+05,4.826265345260170392e+01,4.848567038370986637e+01,4.371173899453651309e+08,4.373652219224153757e+08,1.000000000000000000e+00
9.190302384394655882e-04,1.570775663337461310e+03,1.570828425842693832e+03,5.952904859522349656e-02,2.504293663997513297e-01,-9.267551324168560095e+05,4.831545892540967202e+01,4.850337413455365976e+01,4.365207693094176650e+08,4.363429987113111019e+08,1.000000000000000000e+00
9.219476996242177182e-04,1.572781134154042320e+03,1.572826356697143410e+03,5.953200782351048687e-02,2.508110078511809338e-01,-9.275549521191335516e+05,4.834931461200174851e+01,4.855873137329871980e+01,4.357501147165756226e+08,4.360211190415285230e+08,1.000000000000000000e+00
9.248651608089698481e-04,1.574758689804450796e+03,1.574801778519171194e+03,5.953501709395071090e-02,2.511882596404619861e-01,-9.283607252356349491e+05,4.836420610809541643e+01,4.855525279331970268e+01,4.348062828501065373e+08,4.348814047079741359e+08,1.000000000000000000e+00
9.277826219937219780e-04,1.576708415958546084e+03,1.576768863975429440e+03,5.953807587961273962e-02,2.515611154533515803e-01,-9.291722038060071645e+05,4.836014783132424100e+01,4.847914491237261814e+01,4.336903957755196691e+08,4.328161018056431413e+08,1.000000000000000000e+00
9.307000831784741079e-04,1.578630409046503928e+03,1.578683746915871779e+03,5.954118356458010936e-02,2.519295707621234115e-01,-9.299891364236697555e+05,4.833718294831415108e+01,4.848464985037418273e+01,4.324038387282145619e+08,4.320244108391114473e+08,1.000000000000000000e+00
9.336175443632262379e-04,1.580524776147954981e+03,1.580567987936506597e+03,5.954433944576794507e-02,2.522936228217602106e-01,-9.308112684990785783e+05,4.829538321557365066e+01,4.846633101268859178e+01,4.309482571088484526e+08,4.309470689522471428e+08,1.000000000000000000e+00
9.365350055479782594e-04,1.582391634864071648e+03,1.582456455447751068e+03,5.954754273489641647e-02,2.526532706632672598e-01,-9.316383425268679857e+05,4.823484873543149121e+01,4.828820013155316104e+01,4.293255527134307027e+08,4.278930733409945369e+08,1.000000000000000000e+00
9.394524667327302809e-04,1.584231113175509790e+03,1.584293049114414544e+03,5.955079256061092396e-02,2.530085150846728692e-01,-9.324700983567996882e+05,4.815570762788969716e+01,4.822552357833514236e+01,4.275378791966046095e+08,4.263972031408863664e+08,1.000000000000000000e+00
9.423699279174824108e-04,1.586043349283923362e+03,1.586094956075776508e+03,5.955408797074529526e-02,2.533593586392139385e-01,-9.333062734673554078e+05,4.805811562035982831e+01,4.817690426715839180e+01,4.255876368018624783e+08,4.251167033811352253e+08,1.000000000000000000e+00
9.452873891022345407e-04,1.587828491440004655e+03,1.587890507829518356e+03,5.955742793471795193e-02,2.537058056212825319e-01,-9.341466032419827534e+05,4.794225555693435581e+01,4.798049341418286673e+01,4.234774663640363812e+08,4.220768024883835316e+08,1.000000000000000000e+00
9.482048502869866707e-04,1.589586697755907153e+03,1.589659637987509996e+03,5.956081134605659827e-02,2.540478620496519624e-01,-9.349908212467525154e+05,4.780833682985164046e+01,4.779269469475070764e+01,4.212102426239494681e+08,4.192283745016307831e+08,1.000000000000000000e+00
9.511223114717388006e-04,1.591318136005020961e+03,1.591381338487214180e+03,5.956423702504173856e-02,2.543855356485643648e-01,-9.358386595094994409e+05,4.765659473553908043e+01,4.769211449372083678e+01,4.187890668670674562e+08,4.174827962447775006e+08,1.000000000000000000e+00
9.540397726564908221e-04,1.593022983407103084e+03,1.593077299793133079e+03,5.956770372146383274e-02,2.547188358262191255e-01,-9.366898487991619622e+05,4.748728975851952328e+01,4.753494230448882973e+01,4.162172589314658046e+08,4.151003523309873939e+08,1.000000000000000000e+00
9.569572338412428436e-04,1.594701426401742538e+03,1.594785322493274634e+03,5.957121011748457706e-02,2.550477736512488658e-01,-9.375441189054412534e+05,4.730070678622558944e+01,4.718997681051131821e+01,4.134983486028806567e+08,4.106363581229740381e+08,1.000000000000000000e+00
9.598746950259949735e-04,1.596353660408296946e+03,1.596429731553557303e+03,5.957475483059677251e-02,2.553723618267422779e-01,-9.384011989174783230e+05,4.709715425857655902e+01,4.703352610507884179e+01,4.106360664468998909e+08,4.083827768326398134e+08,1.000000000000000000e+00
9.627921562107471035e-04,1.597979889575280822e+03,1.598043113412660432e+03,5.957833641667336505e-02,2.556926146624022289e-01,-9.392608175017122412e+05,4.687696325589874391e+01,4.688016857499437151e+01,4.076343341011552215e+08,4.061865092845807076e+08,1.000000000000000000e+00
9.657096173954992334e-04,1.599580326517476806e+03,1.599655236995288760e+03,5.958195337309961370e-02,2.560085480444204142e-01,-9.401227031776229851e+05,4.664048652955422369e+01,4.654475558141641756e+01,4.044972540815311074e+08,4.020259832069093585e+08,1.000000000000000000e+00
9.686270785802513633e-04,1.601155192043726629e+03,1.601245132119616073e+03,5.958560414197934529e-02,2.563201794036549797e-01,-9.409865845915629761e+05,4.638809747930110916e+01,4.621014634575064406e+01,4.012290991296588182e+08,3.979334794716569185e+08,1.000000000000000000e+00
9.715445397650033848e-04,1.602704714873813600e+03,1.602783317831130717e+03,5.958928711340881479e-02,2.566275276817131523e-01,-9.418521907873707823e+05,4.612018908215929969e+01,4.600825952557929810e+01,3.978343011586503983e+08,3.953140805413802266e+08,1.000000000000000000e+00
9.744620009497554063e-04,1.604229131347350176e+03,1.604294510766247640e+03,5.959300062880921317e-02,2.569306132955208044e-01,-9.427192514740744373e+05,4.583717277714283966e+01,4.577868929352951000e+01,3.943174398279467225e+08,3.924122485151740313e+08,1.000000000000000000e+00
9.773794621345075363e-04,1.605728685123214063e+03,1.605822325816725879e+03,5.959674298431116152e-02,2.572294581000033054e-01,-9.435874972893208032e+05,4.553947731092446816e+01,4.530514489815492851e+01,3.906832308061788082e+08,3.870081310654068589e+08,1.000000000000000000e+00
9.802969233192596662e-04,1.607203626872394580e+03,1.607299314678130941e+03,5.960051243418246214e-02,2.575240853494511484e-01,-9.444566600589462323e+05,4.522754754905514574e+01,4.498701925876435581e+01,3.869365137557306290e+08,3.832619396048964858e+08,1.000000000000000000e+00
9.832143845040117961e-04,1.608654213962913900e+03,1.608736394507987370e+03,5.960430719429198748e-02,2.578145196572148579e-01,-9.453264730513376417e+05,4.490184325796883513e+01,4.473888794605364438e+01,3.830822400987607241e+08,3.802635824697597623e+08,1.000000000000000000e+00
9.861318456887637092e-04,1.610080710139617167e+03,1.610155326221990208e+03,5.960812544560141479e-02,2.581007869542931710e-01,-9.461966712270291755e+05,4.456283786254779500e+01,4.440496616870643720e+01,3.791254606003506184e+08,3.764008723704546094e+08,1.000000000000000000e+00
9.890493068735158391e-04,1.611483385197615235e+03,1.611593907356577574e+03,5.961196533767732647e-02,2.583829144464797056e-01,-9.470669914822435239e+05,4.421101718455044249e+01,4.385281686545568647e+01,3.750713128283875585e+08,3.704135270831249356e+08,1.000000000000000000e+00
9.919667680582679690e-04,1.612862514652085565e+03,1.612965563684539575e+03,5.961582499221566855e-02,2.586609305706169537e-01,-9.479371728868712671e+05,4.384687816668242277e+01,4.353969101165760236e+01,3.709250085267932415e+08,3.668371584912914634e+08,1.000000000000000000e+00
9.948842292430200990e-04,1.614218379403324661e+03,1.614306233660857288e+03,5.961970250657089299e-02,2.589348649496441834e-01,-9.488069569156002253e+05,4.347092758763237441e+01,4.324967165631805699e+01,3.666918209607849717e+08,3.635075181465035677e+08,1.000000000000000000e+00
9.978016904277722289e-04,1.615551265399664999e+03,1.615638430615899324e+03,5.962359595728217165e-02,2.592047483469719915e-01,-9.496760876728126314e+05,4.308368077271990160e+01,4.283050985385756348e+01,3.623770722706583142e+08,3.589266706127248406e+08,1.000000000000000000e+00
1.000719151612524359e-03,1.616861463297241016e+03,1.616986593080344846e+03,5.962750340358870249e-02,2.594706126198871310e-01,-9.505443121099376585e+05,4.268566030538035250e+01,4.222758352546241412e+01,3.579861208909000754e+08,3.526300554376218319e+08,1.000000000000000000e+00
1.003636612797276489e-03,1.618149268119113913e+03,1.618262383028541080e+03,5.963142289092702303e-02,2.597324906725042570e-01,-9.514113802359530237e+05,4.227739474393631269e+01,4.189663363700526588e+01,3.535243490701850057e+08,3.489695070020083785e+08,1.000000000000000000e+00
1.006554073982028619e-03,1.619414978912824381e+03,1.619511753935185652e+03,5.963535245440219207e-02,2.599904164079843150e-01,-9.522770453197837342e+05,4.185941734866366915e+01,4.156956073937466556e+01,3.489971505462326407e+08,3.453606777057756186e+08,1.000000000000000000e+00
1.009471535166780749e-03,1.620658898408764117e+03,1.620754490614380074e+03,5.963929012222617815e-02,2.602444246805172279e-01,-9.531410640853332588e+05,4.143226482331320426e+01,4.111408388827701543e+01,3.444099184093087912e+08,3.405487332453969717e+08,1.000000000000000000e+00
1.012388996351532879e-03,1.621881332678512081e+03,1.622017662643029325e+03,5.964323391911538486e-02,2.604945512468026525e-01,-9.540031968979318626e+05,4.099647607580006792e+01,4.047040471775357418e+01,3.397680332046692967e+08,3.340486126129219532e+08,1.000000000000000000e+00
1.015306457536285008e-03,1.623082590795400392e+03,1.623209461394991649e+03,5.964718186964108187e-02,2.607408327175080864e-01,-9.548632079430035083e+05,4.055259100184345300e+01,4.008987277476299482e+01,3.350768513051888347e+08,3.299986205661766529e+08,1.000000000000000000e+00
1.018223918721036922e-03,1.624262984496515628e+03,1.624373100122437791e+03,5.965113200152483836e-02,2.609833065084490866e-01,-9.557208653957910137e+05,4.010114929588853272e+01,3.973130570022411945e+01,3.303416936000209451e+08,3.261660616887257695e+08,1.000000000000000000e+00
1.021141379905788835e-03,1.625422827848269890e+03,1.625521283701507173e+03,5.965508234887324096e-02,2.612220107919503986e-01,-9.565759415829668287e+05,3.964268929266980734e+01,3.929659777832425505e+01,3.255678345273242593e+08,3.216354270705599189e+08,1.000000000000000000e+00
1.024058841090540965e-03,1.626562436914798127e+03,1.626705025392204789e+03,5.965903095534413891e-02,2.614569844481456906e-01,-9.574282131350418786e+05,3.917774684330663604e+01,3.862257096595777028e+01,3.207604914918463826e+08,3.150414042233606577e+08,1.000000000000000000e+00
1.026976302275293094e-03,1.627682129431176918e+03,1.627827459522928393e+03,5.966297587723953799e-02,2.616882670166490454e-01,-9.582774611304310383e+05,3.870685422878706561e+01,3.815465254361226499e+01,3.159248146914168000e+08,3.102830549445333481e+08,1.000000000000000000e+00
1.029893763460045224e-03,1.628782224480764398e+03,1.628911528245799218e+03,5.966691518651744824e-02,2.619158986483695051e-01,-9.591234712301462423e+05,3.823053911430702811e+01,3.777120848251873042e+01,3.110658773877217174e+08,3.062856027988519073e+08,1.000000000000000000e+00
1.032811224644797354e-03,1.629863042178508522e+03,1.629973503654422757e+03,5.967084697371866781e-02,2.621399200578756750e-01,-9.599660338040222414e+05,3.774932354684254676e+01,3.738297457482148189e+01,3.061886666409279704e+08,3.022585630229631662e+08,1.000000000000000000e+00
1.035728685829549484e-03,1.630924903359559039e+03,1.631067612865374258e+03,5.967476935080121003e-02,2.623603724760934508e-01,-9.608049440474810544e+05,3.726372299903180618e+01,3.672502549427034069e+01,3.012980745375488997e+08,2.959412487439414859e+08,1.000000000000000000e+00
1.038646147014301614e-03,1.631968129274882585e+03,1.632136606184621769e+03,5.967868045387904330e-02,2.625772976037168971e-01,-9.616400020897897193e+05,3.677424546144358430e+01,3.612606855195020472e+01,2.963988899261958599e+08,2.901827408758910298e+08,1.000000000000000000e+00
1.041563608199053744e-03,1.632993041293237638e+03,1.633145234888683490e+03,5.968257844585848210e-02,2.627907375651254984e-01,-9.624710130928714061e+05,3.628139058628049440e+01,3.571943854750220027e+01,2.914957906842440367e+08,2.860696100044512749e+08,1.000000000000000000e+00
1.044481069383805874e-03,1.633999960611062988e+03,1.634132112063979548e+03,5.968646151896970370e-02,2.630007348631613340e-01,-9.632977873416324146e+05,3.578564888491423801e+01,3.531811982401894312e+01,2.865933365244525671e+08,2.820160665447967052e+08,1.000000000000000000e+00
1.047398530568558004e-03,1.634989207969650352e+03,1.635118254248100129e+03,5.969032789718738824e-02,2.632073323345671123e-01,-9.641201403249308933e+05,3.528750098342945307e+01,3.480115556455194081e+01,2.816959623574941754e+08,2.769934878606359959e+08,1.000000000000000000e+00
1.050315991753310134e-03,1.635961103381007661e+03,1.636137637369173262e+03,5.969417583853897646e-02,2.634105731064129152e-01,-9.649378928081792546e+05,3.478741694095908343e+01,3.410895760543455424e+01,2.768079722131304741e+08,2.706418644734536409e+08,1.000000000000000000e+00
1.053233452938062264e-03,1.636915965861792756e+03,1.637094905574512040e+03,5.969800363729527160e-02,2.636105005533157519e-01,-9.657508708967032144e+05,3.428585563953718207e+01,3.361341904053166729e+01,2.719335337303664088e+08,2.658777774555638134e+08,1.000000000000000000e+00
1.056150914122814394e-03,1.637854113176579631e+03,1.638015402355107881e+03,5.970180962604324654e-02,2.638071582557538486e-01,-9.665589060908824904e+05,3.378326425738342920e+01,3.319945432182345257e+01,2.670766732287180126e+08,2.617815168065921366e+08,1.000000000000000000e+00
1.059068375307566524e-03,1.638775861589835813e+03,1.638915928258152007e+03,5.970559217763694859e-02,2.640005899592785532e-01,-9.673618353322198382e+05,3.328007784005102110e+01,3.279135255686296091e+01,2.622412714626676440e+08,2.577479307324763238e+08,1.000000000000000000e+00
1.061985836492318654e-03,1.639681525627729116e+03,1.639837653956523127e+03,5.970934970702810457e-02,2.641908395348930849e-01,-9.681595010412388947e+05,3.277671895162802684e+01,3.220106999178545948e+01,2.574310606176373959e+08,2.522978802496108115e+08,1.000000000000000000e+00
1.064903297677070567e-03,1.640571417849082991e+03,1.640776789625893343e+03,5.971308067297401156e-02,2.643779509403957895e-01,-9.689517511463203700e+05,3.227359715449343724e+01,3.152597743684937370e+01,2.526496256108236909e+08,2.462978252629061043e+08,1.000000000000000000e+00
1.069286185273342262e-03,1.641879244357575089e+03,1.642066156310086171e+03,5.971863292859477118e-02,2.646532311206123422e-01,-9.701314733947314089e+05,3.151916286004675882e+01,3.086239268232413124e+01,2.455284454206705391e+08,2.399619570214470923e+08,1.000000000000000000e+00
1.073669072869613741e-03,1.643153239816539781e+03,1.643306852526855209e+03,5.972411708321075097e-02,2.649216824411022020e-01,-9.712981845218826784e+05,3.076740845720807727e+01,3.024134747956593117e+01,2.384906193946242034e+08,2.339850244347847104e+08,1.000000000000000000e+00
1.078051960465885436e-03,1.644394431896174638e+03,1.644591266400374252e+03,5.972952851838655985e-02,2.651834538525615903e-01,-9.724514401122323470e+05,3.001953495282065631e+01,2.933387662811862029e+01,2.315462204298735857e+08,2.259823427425477803e+08,1.000000000000000000e+00
1.082434848062157132e-03,1.645603833232145917e+03,1.645821767466930396e+03,5.973486287146721752e-02,2.654386938649136995e-01,-9.735908239239514805e+05,2.927667145986683295e+01,2.854446890266160608e+01,2.247045151605265737e+08,2.189321732140942812e+08,1.000000000000000000e+00
1.086817735658428610e-03,1.646782440164024820e+03,1.646969849322063965e+03,5.974011604235120176e-02,2.656875503127474336e-01,-9.747159477684536250e+05,2.853987323054337821e+01,2.792493236325663375e+01,2.179739548115220070e+08,2.131044472614913881e+08,1.000000000000000000e+00
1.091200623254700306e-03,1.647931231589417166e+03,1.648102698554997914e+03,5.974528419884825303e-02,2.659301701350672009e-01,-9.758264513095153961e+05,2.781012058592772007e+01,2.722245581760301647e+01,2.113621792411940992e+08,2.067109750089267492e+08,1.000000000000000000e+00
1.095583510850972001e-03,1.649051167934689829e+03,1.649301955146545879e+03,5.975036378064235015e-02,2.661666991700993301e-01,-9.769220017899906961e+05,2.708831877055524728e+01,2.630576623889767518e+01,2.048760267548818886e+08,1.991523745337761939e+08,1.000000000000000000e+00
1.099966398447243480e-03,1.650143190239058413e+03,1.650372731701206249e+03,5.975535150188335254e-02,2.663972819647948409e-01,-9.780022936894459417e+05,2.637529847161430041e+01,2.568042804764055020e+01,1.985215486107642651e+08,1.934562988793569505e+08,1.000000000000000000e+00
1.104349286043515175e-03,1.651208219351273101e+03,1.651404666211016092e+03,5.976024435245937128e-02,2.666220615993627474e-01,-9.790670483194554690e+05,2.567181684464653557e+01,2.508504262933290363e+01,1.923040277197678089e+08,1.879944351439829767e+08,1.000000000000000000e+00
1.108732173639786871e-03,1.652247155234633738e+03,1.652459525168587334e+03,5.976503959799576993e-02,2.668411795262649600e-01,-9.801160133595333900e+05,2.497855895169510987e+01,2.434242774716187085e+01,1.862280010987535417e+08,1.816916296474172175e+08,1.000000000000000000e+00
1.113115061236058349e-03,1.653260876378298462e+03,1.653538046607625347e+03,5.976973477864945539e-02,2.670547754237716509e-01,-9.811489623401836725e+05,2.429613954959619093e+01,2.353676306524437933e+01,1.802972856173950732e+08,1.752554402145656645e+08,1.000000000000000000e+00
1.117497948832330045e-03,1.654250239309819563e+03,1.654499118171743248e+03,5.977432770675792512e-02,2.672629870633925209e-01,-9.821656940760702128e+05,2.362510517789389297e+01,2.295645598820069111e+01,1.745150065952681303e+08,1.700764298992547393e+08,1.000000000000000000e+00
1.121880836428601740e-03,1.655216078205869962e+03,1.655430623990144568e+03,5.977881646342186883e-02,2.674659501911126336e-01,-9.831660320555968210e+05,2.296593650302931877e+01,2.239036311548272451e+01,1.688836287999290824e+08,1.650271313240829706e+08,1.000000000000000000e+00
1.126263724024873219e-03,1.656159204595530809e+03,1.656392382370288715e+03,5.978319939408986705e-02,2.676637984216704846e-01,-9.841498237899545347e+05,2.231905087731959014e+01,2.170108328729533653e+01,1.634049894224770963e+08,1.594006591073934734e+08,1.000000000000000000e+00
1.130646611621144914e-03,1.657080407152365979e+03,1.657386868560306993e+03,5.978747510322993119e-02,2.678566631456801295e-01,-9.851169401276705321e+05,2.168480507442566818e+01,2.096167395580143378e+01,1.580803326140646636e+08,1.538158135832764506e+08,1.000000000000000000e+00
1.135029499217416610e-03,1.657980451569314482e+03,1.658258826913440089e+03,5.979164244816151386e-02,2.680446734487844096e-01,-9.860672745376414387e+05,2.106349816406390119e+01,2.041676116011297637e+01,1.529103452004522383e+08,1.490987938360663056e+08,1.000000000000000000e+00
1.139412386813688305e-03,1.658860080512137301e+03,1.659104915399275342e+03,5.979570053213539849e-02,2.682279560425475662e-01,-9.870007423664062517e+05,2.045537449200406499e+01,1.988527269644526996e+01,1.478951932102753818e+08,1.444997617945763767e+08,1.000000000000000000e+00
1.143795274409960001e-03,1.659720013645305016e+03,1.659949592424191906e+03,5.979964869673654038e-02,2.684066352062521865e-01,-9.879172800725023262e+05,1.986062673452276783e+01,1.929889119003632914e+01,1.430345588973188102e+08,1.396551115604799688e+08,1.000000000000000000e+00
1.148178162006231479e-03,1.660560947725789219e+03,1.660870416112605881e+03,5.980348651369691432e-02,2.685808327392425476e-01,-9.888168444432186661e+05,1.927939900378866867e+01,1.863600186968905703e+01,1.383276779743360281e+08,1.349535584585313201e+08,1.000000000000000000e+00
1.152561049602503175e-03,1.661383556758666828e+03,1.661699172381820290e+03,5.980721377619217793e-02,2.687506679229773043e-01,-9.896994117963383906e+05,1.871178999378801677e+01,1.808488896432870519e+01,1.337733768487751782e+08,1.306102272090275288e+08,1.000000000000000000e+00
1.156943937198774870e-03,1.662188492209886135e+03,1.662473379479001323e+03,5.981083048970622235e-02,2.689162574923860127e-01,-9.905649771717063850e+05,1.815785618598557249e+01,1.759235040536396966e+01,1.293701097516348362e+08,1.264884799732117653e+08,1.000000000000000000e+00
1.161326824795046349e-03,1.662976383270223550e+03,1.663225875558210419e+03,5.981433686253494197e-02,2.690777156156861083e-01,-9.914135535146240145e+05,1.761761519343790638e+01,1.711187684930996511e+01,1.251159959109095484e+08,1.224686512903118432e+08,1.000000000000000000e+00
1.165709712391318044e-03,1.663747837165708006e+03,1.664029464164328829e+03,5.981773329601045713e-02,2.692351538821727286e-01,-9.922451708548977040e+05,1.709104939595570372e+01,1.654973729165855900e+01,1.210088579903624803e+08,1.183629655860238224e+08,1.000000000000000000e+00
1.170092599987589740e-03,1.664503439508414431e+03,1.664863803693951922e+03,5.982102037451697552e-02,2.693886812970311961e-01,-9.930598754818717716e+05,1.657810957968153787e+01,1.599714287140028723e+01,1.170462706782856584e+08,1.146875493683516383e+08,1.000000000000000000e+00
1.178858375180132914e-03,1.665968801607933983e+03,1.666278102387454283e+03,5.982726874450323279e-02,2.696843210990357287e-01,-9.946386875016966369e+05,1.559370570011948764e+01,1.510175188920635136e+01,1.095508341622790098e+08,1.075203793091860116e+08,1.000000000000000000e+00
1.187624150372676088e-03,1.667377386104076777e+03,1.667681444977168667e+03,5.983309215253571067e-02,2.699655979286961216e-01,-9.961509786488757236e+05,1.466237293591738222e+01,1.418975143712410691e+01,1.025971465794840902e+08,1.007134881317414939e+08,1.000000000000000000e+00
1.196389925565219479e-03,1.668733131718563982e+03,1.669105931378612922e+03,5.983850086376148875e-02,2.702332896717803967e-01,-9.975976253657441121e+05,1.378279063442151653e+01,1.331629744320174069e+01,9.615855167491042614e+07,9.481259055007785559e+07,1.000000000000000000e+00
1.205155700757762653e-03,1.670039676855834614e+03,1.670352239302199905e+03,5.984350708336686614e-02,2.704881345564049133e-01,-9.989796864883374656e+05,1.295336802447397240e+01,1.254930701953879257e+01,9.020690452740843594e+07,8.889920859468621016e+07,1.000000000000000000e+00
1.213921475950305827e-03,1.671300376571159632e+03,1.671664290216049949e+03,5.984812464518256270e-02,2.707308321970327558e-01,-1.000298379524058430e+06,1.217230335950262443e+01,1.177448504101628401e+01,8.471318270429840684e+07,8.376000171104578674e+07,1.000000000000000000e+00
1.222687251142849218e-03,1.672518319947836062e+03,1.672916763208787870e+03,5.985236871464418018e-02,2.709620448181784269e-01,-1.001555058059366420e+06,1.143764153020487662e+01,1.107478018277957332e+01,7.964805077337874472e+07,7.911282233387231827e+07,1.000000000000000000e+00
1.231453026335392392e-03,1.673696347570097942e+03,1.674037672677364299e+03,5.985625550952017315e-02,2.711823986131203790e-01,-1.002751190465124790e+06,1.074732497172715995e+01,1.042238346691415529e+01,7.498234054363755882e+07,7.432497754150353372e+07,1.000000000000000000e+00
1.240218801527935566e-03,1.674837068821587081e+03,1.675222663015466196e+03,5.985980204085861872e-02,2.713924851965547891e-01,-1.003888340001304052e+06,1.009923697688597954e+01,9.788350543200081688e+00,7.068744461349740624e+07,7.031428244546081126e+07,1.000000000000000000e+00
1.248984576720478957e-03,1.675942878792592865e+03,1.676382742195492028e+03,5.986302587577945616e-02,2.715928631170231311e-01,-1.004968146386913373e+06,9.491237780130973078e+00,9.217486061880537207e+00,6.673562814701858163e+07,6.682128600001907349e+07,1.000000000000000000e+00
1.257750351913022131e-03,1.677015974622253225e+03,1.677402004103481431e+03,5.986594492295645165e-02,2.717840593997062903e-01,-1.005992308861956932e+06,8.921194061197548208e+00,8.663597813097945632e+00,6.310026659138232470e+07,6.296969276683227718e+07,1.000000000000000000e+00
1.266516127105565305e-03,1.678058371147182470e+03,1.678415643058153819e+03,5.986857724102680883e-02,2.719665710961838290e-01,-1.006962570744968834e+06,8.387002592515848676e+00,8.123365687115267519e+00,5.975601810792901367e+07,5.941364326118577272e+07,1.000000000000000000e+00
1.275281902298108696e-03,1.679071915762232720e+03,1.679559055107655468e+03,5.987094086961920053e-02,2.721408668216339644e-01,-1.007880705461794743e+06,7.886608751953929186e+00,7.691798686222402814e+00,5.667893975825747102e+07,5.714837892708583176e+07,1.000000000000000000e+00
1.284047677490652087e-03,1.680058302433460085e+03,1.680508732864856938e+03,5.987305368229956654e-02,2.723073882646724897e-01,-1.008748504006420029e+06,7.418020600037785073e+00,7.233472676171672333e+00,5.384655622011637688e+07,5.417060022332619876e+07,1.000000000000000000e+00
1.292813452683195261e-03,1.681019084827940105e+03,1.681416806683715777e+03,5.987493326039475261e-02,2.724665516579239943e-01,-1.009567763775857049e+06,6.979319172707563190e+00,6.792127040915380221e+00,5.123788927718481421e+07,5.127758408613089472e+07,1.000000000000000000e+00
1.301579227875738435e-03,1.681955688549180877e+03,1.682369791381016739e+03,5.987659678644173533e-02,2.726187492009571889e-01,-1.010340278713346110e+06,6.568665585106313820e+00,6.389842130410044341e+00,4.883345558519747108e+07,4.887818364248550683e+07,1.000000000000000000e+00
1.310345003068281826e-03,1.682869422482853679e+03,1.683405998257052943e+03,5.987806095583615706e-02,2.727643504292399101e-01,-1.011067830682673375e+06,6.184305474106849942e+00,6.081964423251305263e+00,4.661523941367613524e+07,4.725072264918281138e+07,1.000000000000000000e+00
1.319110778260825000e-03,1.683761489273172174e+03,1.684257394349351216e+03,5.987934190517581190e-02,2.729037035253234489e-01,-1.011752181994410115e+06,5.824571235281453596e+00,5.719704758508282971e+00,4.456664621350985765e+07,4.501560770657679439e+07,1.000000000000000000e+00
1.327876553453368174e-03,1.684632994959379403e+03,1.685081801556298615e+03,5.988045515574028782e-02,2.730371365698062158e-01,-1.012395068999172654e+06,5.487882429653305749e+00,5.372039897785192863e+00,4.267244208715967089e+07,4.287182054926815629e+07,1.000000000000000000e+00
1.336642328645911565e-03,1.685484957810896049e+03,1.685902043676494486e+03,5.988141557055963460e-02,2.731649587314536887e-01,-1.012998196665181546e+06,5.172744640910910796e+00,5.038182433590551845e+00,4.091868366110771149e+07,4.089375570130999386e+07,1.000000000000000000e+00
1.345408103838454739e-03,1.686318316403602012e+03,1.686850698165368613e+03,5.988223732354244766e-02,2.732874613967491984e-01,-1.013563234056015965e+06,4.877746873828099794e+00,4.818136389511765039e+00,3.929264348122786731e+07,3.966733081934116036e+07,1.000000000000000000e+00
1.360552689562696121e-03,1.687716323456683085e+03,1.688254231716342929e+03,5.988336210708247731e-02,2.734872203551892422e-01,-1.014453507871052134e+06,4.412657293512493695e+00,4.374239520131361303e+00,3.675718204369413853e+07,3.710759046860340238e+07,1.000000000000000000e+00
1.375697275286937287e-03,1.689065523192895625e+03,1.689524612947848937e+03,5.988417893196019276e-02,2.736732824517610352e-01,-1.015243535149038769e+06,3.997491761291594781e+00,3.925277137244805203e+00,3.451570363462589681e+07,3.449794954378042370e+07,1.000000000000000000e+00
1.390841861011178453e-03,1.690369417769383062e+03,1.690961423678751544e+03,5.988474547398273812e-02,2.738468239931968751e-01,-1.015940975910250214e+06,3.626696431216894112e+00,3.629144925623822182e+00,3.252413741838097945e+07,3.271561216750776023e+07,1.000000000000000000e+00
1.405986446735419618e-03,1.691631091996124951e+03,1.692237698591455683e+03,5.988511318339615613e-02,2.740089088139555651e-01,-1.016553060053765425e+06,3.295325345751327628e+00,3.316509336535601093e+00,3.074546973021742702e+07,3.091209278734570742e+07,1.000000000000000000e+00
1.421131032459660784e-03,1.692853276624224463e+03,1.693392901893234239e+03,5.988532755392490803e-02,2.741604997169513891e-01,-1.017086580411660019e+06,2.998983206090502840e+00,2.988952974693702025e+00,2.914866849912292510e+07,2.909004558319709077e+07,1.000000000000000000e+00
1.436275618183901950e-03,1.694038401288834621e+03,1.694609911383915687e+03,5.988542846927879387e-02,2.743024687234165704e-01,-1.017547894401405589e+06,2.733769315826536150e+00,2.735929548132574940e+00,2.770774476116088778e+07,2.757669235173144564e+07,1.000000000000000000e+00
1.451420203908143115e-03,1.695188638747918731e+03,1.695902877930524710e+03,5.988545059816453159e-02,2.744356062476958069e-01,-1.017942932258075103e+06,2.496224832915944436e+00,2.576662607742584932e+00,2.640093925176005438e+07,2.638899257574229687e+07,1.000000000000000000e+00
1.466564789632384498e-03,1.696305941832581766e+03,1.696963340078302508e+03,5.988542381495777500e-02,2.745606293061158554e-01,-1.018277210148760816e+06,2.283284191495659865e+00,2.337976673604439615e+00,2.521002509284294769e+07,2.507909086443198845e+07,1.000000000000000000e+00
1.481709375356625880e-03,1.697392074322207918e+03,1.697982733201190968e+03,5.988537362852875551e-02,2.746781888612424005e-01,-1.018555846770861070e+06,2.092230971948558782e+00,2.112848912181021444e+00,2.411971585707344860e+07,2.384631679609788209e+07,1.000000000000000000e+00
1.496853961080867046e-03,1.698448636770033090e+03,1.699067018970700474e+03,5.988532160618244976e-02,2.747888763934636658e-01,-1.018783582297501503e+06,1.920658185076839608e+00,1.946103112691301318e+00,2.311716719060503319e+07,2.277607171555420384e+07,1.000000000000000000e+00
1.511998546805108212e-03,1.699477088142986986e+03,1.700262910802431634e+03,5.988528578334620378e-02,2.748932297832206717e-01,-1.018964798763952916e+06,1.766432760349422537e+00,1.863336724383149123e+00,2.219155998702861369e+07,2.188803734006028995e+07,1.000000000000000000e+00
1.527143132529349377e-03,1.700478763995360623e+03,1.701236938469519373e+03,5.988528105257702461e-02,2.749917385783384183e-01,-1.019103541181873996e+06,1.627663940000390719e+00,1.712881138389308999e+00,2.133375361974333972e+07,2.099119562323972210e+07,1.000000000000000000e+00
1.542287718253590543e-03,1.701454891775507804e+03,1.702156154436865108e+03,5.988531952777968043e-02,2.750848487132334652e-01,-1.019203538832666003e+06,1.502675240481647245e+00,1.562147872509336954e+00,2.053599865603068843e+07,2.013698566854705289e+07,1.000000000000000000e+00
1.557432303977831708e-03,1.702406603759866812e+03,1.703043446147004261e+03,5.988541088131279361e-02,2.751729667392679435e-01,-1.019268226324258489e+06,1.389979637089778786e+00,1.419177786559431498e+00,1.979169961153823882e+07,1.932884024483092129e+07,1.000000000000000000e+00
1.572576889702072874e-03,1.703334948023176366e+03,1.704021739194319025e+03,5.988556265301156478e-02,2.752564636191763836e-01,-1.019300764106421615e+06,1.288257639564680535e+00,1.329660406897048786e+00,1.909521949888147786e+07,1.860306753599812835e+07,1.000000000000000000e+00
1.587721475426314257e-03,1.704240897780086016e+03,1.705070337129982590e+03,5.988578053115128225e-02,2.753356781324011182e-01,-1.019304058226416237e+06,1.196337958366416654e+00,1.286674769544996044e+00,1.844171911768718064e+07,1.795676467874245346e+07,1.000000000000000000e+00
1.601952016283241485e-03,1.705072586864084542e+03,1.705918883506004477e+03,5.988604922955176324e-02,2.754064914221147076e-01,-1.019282938387958216e+06,1.117952722605935145e+00,1.213172651539363933e+00,1.786303669049146399e+07,1.737464282685646415e+07,1.000000000000000000e+00
1.616182557140168497e-03,1.705885999791023551e+03,1.706687511124976481e+03,5.988638223623510976e-02,2.754740305955448165e-01,-1.019240379349482129e+06,1.046534729342152747e+00,1.124822826983901791e+00,1.731560496593834460e+07,1.681747266390145570e+07,1.000000000000000000e+00
1.630413097997095509e-03,1.706681797971074957e+03,1.707433046938255075e+03,5.988678092467574626e-02,2.755385126808985174e-01,-1.019178265133026522e+06,9.813949102596208895e-01,1.040357468534764074e+00,1.679677736571709067e+07,1.628614930706778727e+07,1.000000000000000000e+00
1.644643638854022521e-03,1.707460604189467631e+03,1.708156604852242481e+03,5.988724588192499004e-02,2.756001375907148887e-01,-1.019098333858748781e+06,9.219159288098908167e-01,9.595343804395988219e-01,1.630421964371262863e+07,1.577903485005193576e+07,1.000000000000000000e+00
1.658874179710949533e-03,1.708223005956817588e+03,1.708893554438806177e+03,5.988777702753100146e-02,2.756590896122599332e-01,-1.019002188619847060e+06,8.675445445712595127e-01,8.920778719891641062e-01,1.583586454854265042e+07,1.528683037715116888e+07,1.000000000000000000e+00
1.673104720567876545e-03,1.708969558463970088e+03,1.709746764926447440e+03,5.988837371900749412e-02,2.757155387585186190e-01,-1.018891307642358937e+06,8.177848400859949463e-01,8.707641245396104956e-01,1.538987401716985740e+07,1.485213197067377530e+07,1.000000000000000000e+00
1.687335261424803556e-03,1.709700787198461285e+03,1.710573809839771684e+03,5.988903484501372637e-02,2.757696419933184373e-01,-1.018767053750657593e+06,7.721922474748030840e-01,8.502673112829363111e-01,1.496460774691594020e+07,1.443612800156661868e+07,1.000000000000000000e+00
1.701565802281730568e-03,1.710417190269418370e+03,1.711295716514091282e+03,5.988975890736893126e-02,2.758215443425439672e-01,-1.018630683164182119e+06,7.303683469132705719e-01,8.091163255138392740e-01,1.455859728463177010e+07,1.403846902022874542e+07,1.000000000000000000e+00
1.715796343138657580e-03,1.711119241711363429e+03,1.711960223457857865e+03,5.989054409440265625e-02,2.758713799300571146e-01,-1.018483352573315031e+06,6.919563118474909569e-01,7.596881078824767597e-01,1.417052422440300696e+07,1.365765626453705132e+07,1.000000000000000000e+00
1.730026883995584592e-03,1.711807389803049091e+03,1.712606724866787317e+03,5.989138833936247241e-02,2.759192728175307030e-01,-1.018326129864622490e+06,6.566377682914934510e-01,7.121601333410276791e-01,1.379920653802988119e+07,1.329234596982112154e+07,1.000000000000000000e+00
1.758487965709438616e-03,1.713143268553296139e+03,1.713848063563645383e+03,5.989324718202233833e-02,2.760095751028502908e-01,-1.017984950171575765e+06,5.943079222623089963e-01,6.224798848624637504e-01,1.310305047872387432e+07,1.260552922851662524e+07,1.000000000000000000e+00
1.786949047423292639e-03,1.714428732462952894e+03,1.715152405214807914e+03,5.989531130652975960e-02,2.760934518730528975e-01,-1.017615498681186466e+06,5.411377885515757935e-01,5.690615634619569096e-01,1.246171701852305047e+07,1.197440871063821390e+07,1.000000000000000000e+00
1.815410129137146663e-03,1.715666669186508443e+03,1.716505861030179631e+03,5.989755976158891992e-02,2.761716035947229253e-01,-1.017223609785277513e+06,4.955254382998023344e-01,5.475217623295910441e-01,1.186890351866606437e+07,1.142647302333468571e+07,1.000000000000000000e+00
1.843996845244914515e-03,1.716864888543406096e+03,1.717674353092253114e+03,5.989998232793674465e-02,2.762449472170989129e-01,-1.016812389617055655e+06,4.560144976076552781e-01,5.006965204088504873e-01,1.131696805531522259e+07,1.089129106001022644e+07,1.000000000000000000e+00
1.872583561352682367e-03,1.718020287165165655e+03,1.718767969047574979e+03,5.990254827680220606e-02,2.763136593995260681e-01,-1.016387786390144378e+06,4.217532381102849781e-01,4.526180480146772545e-01,1.080404350648557208e+07,1.038821051565442048e+07,1.000000000000000000e+00
1.901170277460450218e-03,1.719135128440986136e+03,1.719811541544243255e+03,5.990523725437136432e-02,2.763782033782536951e-01,-1.015953403650401509e+06,3.918712138493150587e-01,4.074832564206203322e-01,1.032619063137339614e+07,9.917514132895274088e+06,1.000000000000000000e+00
1.929756993568218070e-03,1.720211501947321494e+03,1.720847282422168519e+03,5.990802999635670700e-02,2.764389833457385759e-01,-1.015512290410366957e+06,3.656565485840356233e-01,3.712447660724125242e-01,9.879998189384149387e+06,9.466412236996665597e+06,1.000000000000000000e+00
1.958343709675985922e-03,1.721251341688945558e+03,1.721943153458094457e+03,5.991090850692021991e-02,2.764963530497313582e-01,-1.015067022980061010e+06,3.425255009347538127e-01,3.549351440218733722e-01,9.462493671951180324e+06,9.093643669228740036e+06,1.000000000000000000e+00
1.986930425783753774e-03,1.722256441878140322e+03,1.722988634397076112e+03,5.991385615384473007e-02,2.765506230209530125e-01,-1.014619774450516212e+06,3.219982692491580312e-01,3.391830824418267110e-01,9.071073196597613394e+06,8.741091259141346440e+06,1.000000000000000000e+00
2.015517141891521626e-03,1.723228470658124252e+03,1.723929107270798795e+03,5.991685770245031017e-02,2.766020666623317248e-01,-1.014172373725388548e+06,3.036798980127714542e-01,3.159978676245527307e-01,8.703446444278182462e+06,8.379836577587093227e+06,1.000000000000000000e+00
2.044103857999289477e-03,1.724168982085935340e+03,1.724831414594714033e+03,5.991989930555140231e-02,2.766509253880183317e-01,-1.013726355689105694e+06,2.872458843981540166e-01,2.940143624502007391e-01,8.357595624167403206e+06,8.037872408137688413e+06,1.000000000000000000e+00
2.074830510649243107e-03,1.725146371788134047e+03,1.725761454372619028e+03,5.992319931935301269e-02,2.767007975406078901e-01,-1.013249922286991379e+06,2.713695175664262438e-01,2.716133092651554226e-01,8.008071376713749953e+06,7.689987678569899872e+06,1.000000000000000000e+00
2.105557163299196302e-03,1.726090734890441809e+03,1.726653060209055639e+03,5.992651726146046992e-02,2.767481684711378676e-01,-1.012777889434733312e+06,2.570703091563223963e-01,2.503726023711684290e-01,7.679605566373155452e+06,7.360658189638423733e+06,1.000000000000000000e+00
2.136283815949149498e-03,1.727003636819447365e+03,1.727557548002861495e+03,5.992984089007077908e-02,2.767932452506889351e-01,-1.012311330393941491e+06,2.441191706150496743e-01,2.364176841866799661e-01,7.370437919838996604e+06,7.059059254863474518e+06,1.000000000000000000e+00
2.167010468599103127e-03,1.727886539542740820e+03,1.728445334966733526e+03,5.993315945418173363e-02,2.768362113819532455e-01,-1.011851114315037616e+06,2.323271256456931055e-01,2.301808773067716696e-01,7.079002067221219651e+06,6.834188377064857632e+06,1.000000000000000000e+00
2.197737121249056756e-03,1.728740810703022362e+03,1.729298546358816566e+03,5.993646357152251913e-02,2.768772299934855186e-01,-1.011397937724564690e+06,2.215375277255862141e-01,2.242369476490487790e-01,6.803898707391060889e+06,6.620084086281358264e+06,1.000000000000000000e+00
2.228463773899009952e-03,1.729567731718903360e+03,1.730116574896541579e+03,5.993974510680040446e-02,2.769164465475073555e-01,-1.010952351182806888e+06,2.116203007980379525e-01,2.136902071336211628e-01,6.543874818061812781e+06,6.367937873505527154e+06,1.000000000000000000e+00
2.259190426548963147e-03,1.730368504985352047e+03,1.730903492578531313e+03,5.994299705336928602e-02,2.769539911388297360e-01,-1.010514781849269173e+06,2.024680397171553237e-01,2.023990975259948033e-01,6.297808806775698438e+06,6.115175257507809438e+06,1.000000000000000000e+00
2.289917079198916777e-03,1.731144260264737568e+03,1.731661743789589764e+03,5.994621342024077093e-02,2.769899804419648226e-01,-1.010085552532706410e+06,1.939951149985649770e-01,1.915930156493377001e-01,6.064706422028325498e+06,5.873401589058122598e+06,1.000000000000000000e+00
2.326004163748974021e-03,1.732024763439836534e+03,1.732517708741751221e+03,5.994993897684507134e-02,2.770303962792384778e-01,-1.009592389687320101e+06,1.847930908099136293e-01,1.794777147439002574e-01,5.806210983183807693e+06,5.602485946069109254e+06,1.000000000000000000e+00
2.362091248299030832e-03,1.732873909481727878e+03,1.733338787534247331e+03,5.995360182658383136e-02,2.770689690343116629e-01,-1.009111274046752253e+06,1.763008189533989412e-01,1.679337372913354276e-01,5.562920488587375730e+06,5.344487802544654347e+06,1.000000000000000000e+00
2.398178332849087643e-03,1.733693203868197088e+03,1.734152533857995422e+03,5.995719653432316637e-02,2.771058335279964480e-01,-1.008642338128040195e+06,1.684436252047148974e-01,1.592811532500526539e-01,5.333683048837872222e+06,5.116873297963188961e+06,1.000000000000000000e+00
2.434265417399144454e-03,1.734484054272206322e+03,1.734920907253722135e+03,5.996071882424928307e-02,2.771411100195370070e-01,-1.008185621278233244e+06,1.611928981082716150e-01,1.534123380354625310e-01,5.117591352135223337e+06,4.952854427606769837e+06,1.000000000000000000e+00
2.506439586499258510e-03,1.735984396868842623e+03,1.736386316298529437e+03,5.996753631127420964e-02,2.772072209579492519e-01,-1.007308718124518520e+06,1.480762891034517470e-01,1.419409393704208489e-01,4.720508495879444294e+06,4.621642724438519217e+06,1.000000000000000000e+00
2.578613755599372566e-03,1.737387316846152316e+03,1.737795500965645260e+03,5.997404153430117846e-02,2.772682323060410292e-01,-1.006478538719798205e+06,1.363927557303252769e-01,1.299647551067395490e-01,4.363993052003116347e+06,4.246716925622797571e+06,1.000000000000000000e+00
2.628033489857515767e-03,1.738296602350455714e+03,1.738704126826427228e+03,5.997831266696247027e-02,2.773074113457890677e-01,-1.005936099376212107e+06,1.291166742354158126e-01,1.222858675584408555e-01,4.140503535990160890e+06,4.006366844781501219e+06,1.000000000000000000e+00
2.677453224115658968e-03,1.739166242540580697e+03,1.739569711503580720e+03,5.998243316180078971e-02,2.773446240359473403e-01,-1.005414466343248030e+06,1.223962066513862024e-01,1.150003169286488297e-01,3.932299894187354483e+06,3.778358652022381313e+06,1.000000000000000000e+00
2.726872958373802169e-03,1.739998513348248707e+03,1.740400415590409239e+03,5.998640443041322601e-02,2.773800182366871758e-01,-1.004912988825583248e+06,1.161636995852402959e-01,1.087165067855534184e-01,3.738009558875062037e+06,3.574410529360244982e+06,1.000000000000000000e+00
2.776292692631945370e-03,1.740795520695576670e+03,1.741161550754037080e+03,5.999022881802012347e-02,2.774137255612793007e-01,-1.004430982260758989e+06,1.103659067626312218e-01,1.036977445136406939e-01,3.556431152728942223e+06,3.436814889853133820e+06,1.000000000000000000e+00
2.825712426890088572e-03,1.741559216493071517e+03,1.741885829634498123e+03,5.999390937686170655e-02,2.774458637794126048e-01,-1.003967745338375214e+06,1.049599377344756501e-01,9.894399544672577429e-02,3.386503066678616684e+06,3.309287088654123247e+06,1.000000000000000000e+00
2.875132161148231773e-03,1.742291412601924776e+03,1.742602289061420379e+03,5.999744968030386316e-02,2.774765387463958843e-01,-1.003522572116758791e+06,9.991054980042445022e-02,9.380288537029450591e-02,3.227280936776182149e+06,3.167634196908182930e+06,1.000000000000000000e+00
2.924551895406374974e-03,1.742993793111756759e+03,1.743323063085228341e+03,6.000085367070753101e-02,2.775058459667527622e-01,-1.003094760809006286e+06,9.519231125326994836e-02,8.799870023478896519e-02,3.077935799997396767e+06,3.002855302707669325e+06,1.000000000000000000e+00
2.973971629664517741e-03,1.743667924909159865e+03,1.744013196585821333e+03,6.000412553379392416e-02,2.775338717743348060e-01,-1.002683619578835671e+06,9.081387688810030334e-02,8.245049987703620409e-02,2.937838961787404958e+06,2.845341760638317093e+06,1.000000000000000000e+00
3.072770003919425390e-03,1.744935327824611704e+03,1.745306247640618039e+03,6.001028340939067868e-02,2.775862911876589845e-01,-1.001909604432089021e+06,8.287605485378859993e-02,7.207807710980891625e-02,2.682516810063810088e+06,2.550862696126560681e+06,1.000000000000000000e+00
3.171568378174332604e-03,1.746108152496625735e+03,1.746487135012829640e+03,6.001597957310943893e-02,2.776345150933380301e-01,-1.001192366496728966e+06,7.574852462387747509e-02,6.335006941152547533e-02,2.455467655908451881e+06,2.301550143201942556e+06,1.000000000000000000e+00
3.270366752429240253e-03,1.747195551421226355e+03,1.747507337605977000e+03,6.002124908358136279e-02,2.776789966980543478e-01,-1.000527063663344597e+06,6.937955914640790700e-02,5.919323183445605180e-02,2.253041776491462719e+06,2.158540843542116228e+06,1.000000000000000000e+00
3.369165126684147901e-03,1.748205580490735201e+03,1.748490518028433826e+03,6.002612583271507707e-02,2.777201256757697023e-01,-9.999092744484727737e+05,6.367916456606145803e-02,5.513759988481323204e-02,2.072004631676420104e+06,2.006733473126408644e+06,1.000000000000000000e+00
3.467963500939055550e-03,1.749145353704252557e+03,1.749464532930160203e+03,6.003064186749484249e-02,2.777582391502647630e-01,-9.993349764962801710e+05,5.856514608652854670e-02,5.103711811278969362e-02,1.909611028660651995e+06,1.834501157460371265e+06,1.000000000000000000e+00
3.566761875193963198e-03,1.750021173204717343e+03,1.750369909955576986e+03,6.003482705459419616e-02,2.777936306605022221e-01,-9.988005228541558608e+05,5.396654588459331992e-02,4.722861229339589406e-02,1.763532552227381850e+06,1.674526619149933336e+06,1.000000000000000000e+00
3.665560249448870846e-03,1.750838638247314748e+03,1.751212927191453446e+03,6.003870895451306894e-02,2.778265572528763050e-01,-9.983026143065930810e+05,4.982260501485469978e-02,4.368425884576486451e-02,1.631785973680763971e+06,1.525641653399906121e+06,1.000000000000000000e+00
3.764358623703778495e-03,1.751602736872770038e+03,1.751969223029953582e+03,6.004231282239668593e-02,2.778572451004680532e-01,-9.978382700634114444e+05,4.608650253289649223e-02,4.041543604406045570e-02,1.512694165955794044e+06,1.411087826755904825e+06,1.000000000000000000e+00
3.880377479379528219e-03,1.752437575150166367e+03,1.752746746738160027e+03,6.004621928675640818e-02,2.778906782578466350e-01,-9.973324005479544867e+05,4.216910624706977223e-02,3.624367403861043085e-02,1.387098746102216654e+06,1.315645997887711739e+06,1.000000000000000000e+00
3.996396335055277943e-03,1.753211791266040109e+03,1.753490222260843211e+03,6.004981089399252792e-02,2.779215944034359453e-01,-9.968647233286451083e+05,3.865322052698333399e-02,3.251641756004827744e-02,1.274781642841590568e+06,1.220070758116532816e+06,1.000000000000000000e+00
4.112415190731027667e-03,1.753931015118157575e+03,1.754240829384577410e+03,6.005311756305004023e-02,2.779502406532523007e-01,-9.964317687740244437e+05,3.550416098497612832e-02,2.939904044241009942e-02,1.174106530304159038e+06,1.112914413236018037e+06,1.000000000000000000e+00
4.228434046406776524e-03,1.754600224108811972e+03,1.754937758187697455e+03,6.005616601430985996e-02,2.779768345609175406e-01,-9.960304613128385972e+05,3.267842459525975574e-02,2.650308887497830959e-02,1.083628591919398867e+06,1.013371630418294808e+06,1.000000000000000000e+00
4.344452902082525381e-03,1.755223829382999611e+03,1.755585890505420139e+03,6.005898007584240667e-02,2.780015681807296302e-01,-9.956580710142566822e+05,3.013744422015857821e-02,2.380783608780433908e-02,1.002108864228085382e+06,9.207300856493993197e+05,1.000000000000000000e+00
4.460471757758275105e-03,1.755805748994142959e+03,1.756186742520171947e+03,6.006158097988568978e-02,2.780246115541794572e-01,-9.953121726618662942e+05,2.784788476145010072e-02,2.137781738984106603e-02,9.284837470527918776e+05,8.363031289413744817e+05,1.000000000000000000e+00
4.576490613434024829e-03,1.756349469931451040e+03,1.756710577540171244e+03,6.006398763574397753e-02,2.780461156101321496e-01,-9.949906100573549047e+05,2.578123295042205471e-02,1.985949506333497400e-02,8.618378042100033490e+05,7.799992544387019007e+05,1.000000000000000000e+00
4.692509469109774553e-03,1.756858100777739764e+03,1.757181727793589971e+03,6.006621687274971838e-02,2.780662145410856545e-01,-9.946914648892036639e+05,2.392320269836957849e-02,1.858389831157498256e-02,8.014191436415566131e+05,7.365252184712929884e+05,1.000000000000000000e+00
4.924547180461273134e-03,1.757778421250381143e+03,1.758073211392056237e+03,6.007018797839885904e-02,2.781025518881670155e-01,-9.941552903692079708e+05,2.081396338822380510e-02,1.594031451273620476e-02,6.969750105072491569e+05,6.483822675764246378e+05,1.000000000000000000e+00
5.156584891812771715e-03,1.758593403755763120e+03,1.758925548883528108e+03,6.007364446729432372e-02,2.781346367800061614e-01,-9.936842489909469150e+05,1.813549716826550612e-02,1.307387564209013323e-02,6.094820908681119327e+05,5.554935350205727154e+05,1.000000000000000000e+00
5.388622603164271163e-03,1.759318335365385792e+03,1.759681288563801672e+03,6.007666600760643710e-02,2.781631019026408191e-01,-9.932687207221882418e+05,1.588247383386010014e-02,1.052742963542419204e-02,5.359017702442370355e+05,4.729858602565116016e+05,1.000000000000000000e+00
5.620660314515769744e-03,1.759965772649329892e+03,1.760341788127418340e+03,6.007931785392636725e-02,2.781884708723453836e-01,-9.929009008273535874e+05,1.398098100042579651e-02,8.401080327482967833e-03,4.736239413130764733e+05,4.048717379202371230e+05,1.000000000000000000e+00
5.874605226283687726e-03,1.760597405722546000e+03,1.760928099619734667e+03,6.008185761258545698e-02,2.782131837271243358e-01,-9.925457269416474737e+05,1.224078445187071727e-02,7.037954728988218660e-03,4.160592949575895909e+05,3.613814095662960317e+05,1.000000000000000000e+00
6.128550138051606574e-03,1.761160423300991624e+03,1.761450162160767150e+03,6.008407944415716795e-02,2.782351868636641079e-01,-9.922325435386644676e+05,1.076625172773656644e-02,5.871824131794172244e-03,3.673959425372247351e+05,3.235078515490748687e+05,1.000000000000000000e+00
6.382495049819525423e-03,1.761664009878213847e+03,1.761977936877825186e+03,6.008602941261679403e-02,2.782548655532375292e-01,-9.919558249608445913e+05,9.516904655765198728e-03,4.916006690109491796e-03,3.260276945298638893e+05,2.840658611789176357e+05,1.000000000000000000e+00
6.636439961587444272e-03,1.762115731138291267e+03,1.762450345960423419e+03,6.008774508671757553e-02,2.782725406752277753e-01,-9.917111219826110173e+05,8.454930140505070510e-03,4.055839507536651914e-03,2.906674449850376695e+05,2.485878315152596042e+05,1.000000000000000000e+00
7.144329785123281970e-03,1.762882297545419306e+03,1.763249860160854723e+03,6.009056580133285974e-02,2.783026836417271666e-01,-9.913071158128818497e+05,6.862247149376240682e-03,2.583934239885467363e-03,2.345860832485417195e+05,1.879335202364230936e+05,1.000000000000000000e+00
7.652219608659118801e-03,1.763517741431172908e+03,1.763852173348628185e+03,6.009283262918335700e-02,2.783276523150718385e-01,-9.909786901691965759e+05,5.590486443163575694e-03,1.722244432854515631e-03,1.918501366647095419e+05,1.528855437531329808e+05,1.000000000000000000e+00
8.160123708451996749e-03,1.764049685003995592e+03,1.764347601819939655e+03,6.009467054665289243e-02,2.783485665088165639e-01,-9.907096578444195911e+05,4.609882500022390722e-03,1.492761798367067119e-03,1.588961692684523296e+05,1.286728186634425947e+05,1.000000000000000000e+00
8.668027808244873830e-03,1.764498349975159499e+03,1.764819428435421287e+03,6.009616981990700824e-02,2.783662700419451963e-01,-9.904887230985229835e+05,3.844025615673558622e-03,1.464028258649739244e-03,1.331099551062462560e+05,1.076863161578974978e+05,1.000000000000000000e+00
9.683836007830627993e-03,1.765190418325130167e+03,1.765545742349225975e+03,6.009835065479406796e-02,2.783939952580671839e-01,-9.901683187339205761e+05,2.837282324313902121e-03,1.418519781034094851e-03,9.693322127459778858e+04,7.468267209213232854e+04,1.000000000000000000e+00
1.069964420743912958e-02,1.765716468478828347e+03,1.766046433750344022e+03,6.009992985728433712e-02,2.784151029109367403e-01,-9.899331858137603849e+05,2.119578055772029356e-03,9.515791497271542092e-04,7.264582781222477206e+04,5.424991344204048073e+04,1.000000000000000000e+00
1.171545240704763118e-02,1.766124500277959896e+03,1.766437571098079161e+03,6.010109374068869914e-02,2.784315536934385826e-01,-9.897582207327370998e+05,1.622574342611974706e-03,6.204339568656608035e-04,5.584946045759375556e+04,4.065774671536863025e+04,1.000000000000000000e+00
1.374706880626443140e-02,1.766677792912097402e+03,1.767020847726600778e+03,6.010252498178893926e-02,2.784544754892837592e-01,-9.895468723092880100e+05,1.062980300924063056e-03,2.776093399380438645e-04,3.581526249568007916e+04,2.343571867704745091e+04,1.000000000000000000e+00
1.577868520548088641e-02,1.767057992793083713e+03,1.767382448306933384e+03,6.010346391711603176e-02,2.784702425070619269e-01,-9.894074839866792317e+05,7.182369757783003093e-04,2.428434241735365922e-04,2.424817177764904409e+04,1.452442848658563162e+04,1.000000000000000000e+00
1.781030160469790347e-02,1.767330670774910914e+03,1.767660583225677101e+03,6.010412282616924701e-02,2.784815337932143864e-01,-9.893098291668919846e+05,5.072449994108314472e-04,1.856794348174121468e-04,1.716617512882522351e+04,9.154739507977463290e+03,1.000000000000000000e+00
1.984191800391492053e-02,1.767533299520893479e+03,1.767861482557635782e+03,6.010462028255706551e-02,2.784898596068396959e-01,-9.892365378145822324e+05,3.709520445274262562e-04,1.312754066957804388e-04,1.260929070278974177e+04,5.686042932961470797e+03,1.000000000000000000e+00
2.187353440313193759e-02,1.767688496842229597e+03,nan,6.010502810034630550e-02,2.784960915348849708e-01,-9.891763690514559858e+05,2.785498041479498406e-04,nan,9.573968479868233771e+03,nan,0.000000000000000000e+00
2.390515080234894771e-02,1.767809998201303188e+03,nan,6.010538973946569913e-02,2.785007086990557434e-01,-9.891214318052139133e+05,2.128776214398688991e-04,nan,7.523369541897316594e+03,nan,0.000000000000000000e+00
2.593676720156596824e-02,1.767904242094469964e+03,nan,6.010571957549980943e-02,2.785038995228253933e-01,-9.890675273415532429e+05,1.635363756908298871e-04,nan,6.174693074144917773e+03,nan,0.000000000000000000e+00
2.796838360078298183e-02,1.767966706839320977e+03,nan,6.010597619131319291e-02,2.785055995771642534e-01,-9.890206104872666765e+05,1.236169455809706780e-04,nan,5.412314867519850850e+03,nan,0.000000000000000000e+00
2.999999999999999889e-02,1.767966706839320977e+03,nan,6.010597619131319291e-02,2.785055995771642534e-01,-9.890206104872664437e+05,1.236169455814472120e-04,nan,5.412314867514461184e+03,nan,0.000000000000000000e+00
