z,T,fgm_T,Z,C,h,omega_C,fgm_omega_C,qdot,fgm_qdot,covered
0.000000000000000000e+00,3.000000000000000000e+02,nan,4.485680634695711488e-02,2.523727107487344634e-02,-4.629795794518094626e+05,9.155446814724573640e-03,nan,4.103893791874001618e+05,nan,0.000000000000000000e+00
2.701047914175006761e-06,3.044452383361412444e+02,3.042645110700049145e+02,4.484325209619843822e-02,2.572975148578158719e-02,-4.630492408905717311e+05,9.268897548333702996e-03,9.085031476825074573e-03,4.041040474251284031e+05,3.919310636875277851e+05,1.000000000000000000e+00
5.402095828350013522e-06,3.089189612496496125e+02,3.087484536922057146e+02,4.482984672519076119e-02,2.622539908083492896e-02,-4.631098239419524325e+05,9.469049794083790259e-03,9.203552571483234260e-03,4.000170458395291935e+05,3.869779482187838294e+05,1.000000000000000000e+00
8.103143742525020706e-06,3.134206912494789208e+02,3.132535990585549825e+02,4.481659100573792687e-02,2.672419495540125783e-02,-4.631614568294826895e+05,9.719573948075564684e-03,9.383083987619637509e-03,3.976837161557256477e+05,3.827755282623813255e+05,1.000000000000000000e+00
1.080419165670002704e-05,3.179499626891715138e+02,3.177882843117590141e+02,4.480348566990219328e-02,2.722612143230251219e-02,-4.632042695790942525e+05,1.002089451477203297e-02,9.638260350476107394e-03,3.969430864390819916e+05,3.811005499787660665e+05,1.000000000000000000e+00
1.350523957087503338e-05,3.225063218069315099e+02,3.223468969231839765e+02,4.479053141293286300e-02,2.773116200121483049e-02,-4.632383933466041926e+05,1.037497849093943145e-02,9.949650861528437987e-03,3.976953325759923318e+05,3.808406201033717953e+05,1.000000000000000000e+00
1.620628748505004141e-05,3.270893267132636311e+02,3.269439048564645987e+02,4.477772889589262673e-02,2.823930126006599095e-02,-4.632639598177009029e+05,1.078393715328399872e-02,1.030161546649296586e-02,3.998738046976002515e+05,3.827212663012797129e+05,1.000000000000000000e+00
2.160838331340005409e-05,3.363330672544298068e+02,3.361964476436132259e+02,4.475257843607288732e-02,2.926479572960722850e-02,-4.632903113344412413e+05,1.177341303274997801e-02,1.120910263635361420e-02,4.083036718033350771e+05,3.897677398561884766e+05,1.000000000000000000e+00
2.701047914175006676e-05,3.456775444054838431e+02,3.455522530136584010e+02,4.472803245737878158e-02,3.030240508483468542e-02,-4.632839125038054772e+05,1.300875669304533619e-02,1.234055401646635963e-02,4.220488409266843228e+05,4.020034638136313879e+05,1.000000000000000000e+00
3.241257497010008282e-05,3.551196909649469831e+02,3.550088207306491199e+02,4.470409512031020549e-02,3.135204389018333287e-02,-4.632457761096431641e+05,1.451163383138503668e-02,1.371043843259127544e-02,4.411131824339455343e+05,4.192852448960406473e+05,1.000000000000000000e+00
3.781467079845009889e-05,3.646566144794675211e+02,3.645442095006118848e+02,4.468077023529690162e-02,3.241363921987486241e-02,-4.631768836763876025e+05,1.630712675959983260e-02,1.539114290373938716e-02,4.656513011619813042e+05,4.413167646255458239e+05,1.000000000000000000e+00
4.321676662680010817e-05,3.742855907961249500e+02,3.741905290103001676e+02,4.465806130185788481e-02,3.348712934399004915e-02,-4.630781781330003869e+05,1.842423762069651111e-02,1.738706502742820570e-02,4.959528371466231765e+05,4.705093319226006279e+05,1.000000000000000000e+00
4.861886245515011746e-05,3.840040569187119672e+02,3.839141784347394264e+02,4.463597154062102362e-02,3.457246253003874725e-02,-4.629505584175860859e+05,2.089638464805078366e-02,1.972706805869163180e-02,5.324375647800531005e+05,5.051169480881862692e+05,1.000000000000000000e+00
5.402095828350013352e-05,3.938096034570405095e+02,3.937324903526759954e+02,4.461450391900875778e-02,3.566959595766884539e-02,-4.627948757045791135e+05,2.376191740253503354e-02,2.249944246382997587e-02,5.756572925253785215e+05,5.476807572489207378e+05,1.000000000000000000e+00
5.942305411185014959e-05,4.036999668226511062e+02,4.036226659791108773e+02,4.459366117141015662e-02,3.677849473382011070e-02,-4.626119309711347451e+05,2.706468070971777828e-02,2.562800197397837806e-02,6.263027811989750480e+05,5.952568278815421509e+05,1.000000000000000000e+00
6.482514994020016565e-05,4.136730213199262494e+02,4.136148437580926043e+02,4.457344581445552012e-02,3.789913100049428774e-02,-4.624024736683431547e+05,3.085454988600028203e-02,2.927660363040642325e-02,6.852140614471049048e+05,6.531233096789228730e+05,1.000000000000000000e+00
6.752619785437518046e-05,4.186901043252184991e+02,4.186243020327198678e+02,4.456357538225104442e-02,3.846384858729878092e-02,-4.622878521052937722e+05,3.295244098717676345e-02,3.131493277271012177e-02,7.181863408740946325e+05,6.847041437325002626e+05,1.000000000000000000e+00
7.022724576855018171e-05,4.237272661451992235e+02,4.236759265966954899e+02,4.455386467510608767e-02,3.903151773292284910e-02,-4.621669021843230585e+05,3.519462398175137591e-02,3.346841261117746574e-02,7.536330717136124149e+05,7.192735939139340771e+05,1.000000000000000000e+00
7.292829368272518297e-05,4.287842868731610224e+02,4.287373577296002622e+02,4.454431393989340127e-02,3.960213799305986604e-02,-4.620397046041055582e+05,3.758947844675984695e-02,3.572013951486124189e-02,7.917142371404906735e+05,7.551921916401238414e+05,1.000000000000000000e+00
7.562934159690019777e-05,4.338609253204955394e+02,4.338096278762299676e+02,4.453492344920406687e-02,4.017570599678795679e-02,-4.619063360912833596e+05,4.014585282619488604e-02,3.827471665940904849e-02,8.326014340421138331e+05,7.958766447060981300e+05,1.000000000000000000e+00
7.833038951107519903e-05,4.389569616917271446e+02,4.389202922493403207e+02,4.452569344283850011e-02,4.075222029771281840e-02,-4.617668706876589567e+05,4.287315924547271950e-02,4.091934638138688962e-02,8.764792573411294725e+05,8.393585509783406742e+05,1.000000000000000000e+00
8.103143742525020028e-05,4.440721829759390289e+02,4.440336740048344382e+02,4.451662414779735538e-02,4.133167972200998963e-02,-4.616213793412658270e+05,4.578140513172311576e-02,4.354562809373605653e-02,9.235460419032613281e+05,8.810945547916938085e+05,1.000000000000000000e+00
8.373248533942521509e-05,4.492063827111572891e+02,4.491709274542457138e+02,4.450771577821372588e-02,4.191408335040461980e-02,-4.614699299606275163e+05,4.888122826420026462e-02,4.677064582243386365e-02,9.740146018154122867e+05,9.343550782502031652e+05,1.000000000000000000e+00
8.643353325360021635e-05,4.543593607515845747e+02,4.543319545859382060e+02,4.449896853523864493e-02,4.249943050095154884e-02,-4.613125874750546063e+05,5.218393315044662917e-02,4.993269295389678175e-02,1.028112917618165957e+06,9.865862796961468412e+05,1.000000000000000000e+00
8.913458116777521760e-05,4.595309230381202497e+02,4.594965151067152078e+02,4.449038260687957630e-02,4.308772071259868441e-02,-4.611494139004104654e+05,5.570152903466196043e-02,5.344577149269681693e-02,1.086084779688751325e+06,1.044404546079738648e+06,1.000000000000000000e+00
9.183562908195023241e-05,4.647208813718013971e+02,4.647009015654293194e+02,4.448195816779575845e-02,4.367895372945208854e-02,-4.609804684098911239e+05,5.944676951252531732e-02,5.714643459397505260e-02,1.148190389274601126e+06,1.106700008979597129e+06,1.000000000000000000e+00
9.453667699612523366e-05,4.699290531906245860e+02,4.699055602829699296e+02,4.447369537904986847e-02,4.427312948573565443e-02,-4.608058074093208415e+05,6.343319366102105616e-02,6.072848902136985388e-02,1.214706915266202297e+06,1.165813544840683229e+06,1.000000000000000000e+00
9.723772491030023492e-05,4.751552613492906403e+02,4.751369664490752598e+02,4.446559438781991919e-02,4.487024809136197501e-02,-4.606254846166183124e+05,6.767516855796529285e-02,6.522767819132069267e-02,1.285929002829756122e+06,1.242298005969164427e+06,1.000000000000000000e+00
9.993877282447524973e-05,4.803993339023596150e+02,4.803848962850437374e+02,4.445765532707101481e-02,4.547030981811646388e-02,-4.604395511449841433e+05,7.218793303279483209e-02,6.944549230811215834e-02,1.362169228711508680e+06,1.313438875957525335e+06,1.000000000000000000e+00
1.026398207386502510e-04,4.856611038902860855e+02,4.856455190153821491e+02,4.444987831519088550e-02,4.607331508636940132e-02,-4.602480555895451107e+05,7.698764245924689942e-02,7.434685817361925964e-02,1.443758497291210108e+06,1.397029828335189261e+06,1.000000000000000000e+00
1.053408686528252522e-04,4.909404091288564587e+02,4.909342650570824844e+02,4.444226345558911079e-02,4.667926445232674360e-02,-4.600510441170554259e+05,8.209141436620674692e-02,7.931530652879997811e-02,1.531046370921181981e+06,1.482400921960076317e+06,1.000000000000000000e+00
1.080419165670002670e-04,4.962370920014455464e+02,4.962249062916359321e+02,4.443481083626384803e-02,4.728815859573314018e-02,-4.598485605584420264e+05,8.751737461054617806e-02,8.464229704547086841e-02,1.624401327861914877e+06,1.573684028822571039e+06,1.000000000000000000e+00
1.107429644811752819e-04,5.015509992546500939e+02,5.015520828423829016e+02,4.442752052933656576e-02,4.789999830804553271e-02,-4.596406465038254973e+05,9.328470382036159469e-02,9.048182493139980687e-02,1.724210940923422575e+06,1.675656431403543567e+06,1.000000000000000000e+00
1.134440123953502831e-04,5.068819817966833625e+02,5.068769590656066839e+02,4.442039259055859807e-02,4.851478448098995450e-02,-4.594273413998533506e+05,9.941368378443644904e-02,9.606835037942455802e-02,1.830881969953053398e+06,1.772338630935816793e+06,1.000000000000000000e+00
1.161450603095252844e-04,5.122298944991272265e+02,5.122328635644151973e+02,4.441342705879005454e-02,4.913251809552734994e-02,-4.592086826489868690e+05,1.059257434294068323e-01,1.030334069281769044e-01,1.944840361314694397e+06,1.895577276325729908e+06,1.000000000000000000e+00
1.188461082237002992e-04,5.175945960014030334e+02,5.175972457893730052e+02,4.440662395545572766e-02,4.975320021113993629e-02,-4.589847057106083957e+05,1.128435039956970920e-01,1.091782460017212825e-01,2.066531147729547461e+06,2.002991767483392265e+06,1.000000000000000000e+00
1.215471561378753004e-04,5.229759485186015127e+02,5.229813023796529023e+02,4.439998328397878197e-02,5.037683195547117132e-02,-4.587554442036031978e+05,1.201908229928533300e-01,1.171973870910680282e-01,2.196418242055449635e+06,2.146237335117444862e+06,1.000000000000000000e+00
1.242482040520503017e-04,5.283738176520217849e+02,5.283817332551676600e+02,4.439350502919656161e-02,5.100341451423011374e-02,-4.585209300102926791e+05,1.279928364898043069e-01,1.243372748596600491e-01,2.334984119031721260e+06,2.272650344981671311e+06,1.000000000000000000e+00
1.269492519662253165e-04,5.337880722031018195e+02,5.337961560958325435e+02,4.438718915676042459e-02,5.163294912139985982e-02,-4.582811933813799988e+05,1.362759992725565694e-01,1.331756735969240324e-01,2.482729379490003455e+06,2.431514193863152061e+06,1.000000000000000000e+00
1.296502998804003313e-04,5.392185839900872679e+02,5.392312457513310164e+02,4.438103561252400298e-02,5.226543704966037096e-02,-4.580362630417767796e+05,1.450681223857630264e-01,1.414441958809218025e-01,2.640172192284268793e+06,2.579470849371156190e+06,1.000000000000000000e+00
1.323513477945753461e-04,5.446652276681655849e+02,5.446762622428088889e+02,4.437504432192213716e-02,5.290087960107194703e-02,-4.577861662969964091e+05,1.543984075633830222e-01,1.511923096380124731e-01,2.807847610037255101e+06,2.755604063250957057e+06,1.000000000000000000e+00
1.350523957087503609e-04,5.501278805524144673e+02,5.501448040395945327e+02,4.436921518934513337e-02,5.353927809792918824e-02,-4.575309291399525246e+05,1.642974780508129340e-01,1.607310006712272532e-01,2.986306755954099819e+06,2.927740087533153128e+06,1.000000000000000000e+00
1.377534436229253486e-04,5.556064224443314288e+02,5.556205281992170057e+02,4.436354809751132805e-02,5.418063387383799390e-02,-4.572705763578544138e+05,1.747974053263502969e-01,1.714946917663581205e-01,3.176115880283638369e+06,3.123001057359791361e+06,1.000000000000000000e+00
1.404544915371003634e-04,5.611007354613020652e+02,5.611214637353008357e+02,4.435804290684248335e-02,5.482494826492528145e-02,-4.570051316390415304e+05,1.859317312449668413e-01,1.824528727038000897e-01,3.377855286660598125e+06,3.322010017577733379e+06,1.000000000000000000e+00
1.431555394512753782e-04,5.666107038698111182e+02,5.666279068752842250e+02,4.435269945484544840e-02,5.547222260123997606e-02,-4.567346176794323255e+05,1.977354851546493653e-01,1.943556669548463789e-01,3.592118130477312952e+06,3.538494286787066609e+06,1.000000000000000000e+00
1.458565873654503659e-04,5.721362139217601452e+02,5.721602729873961835e+02,4.434751755550487423e-02,5.612245819825488480e-02,-4.564590562884265673e+05,2.102451955734499778e-01,2.068924117079866121e-01,3.819509093656026758e+06,3.767151276798254345e+06,1.000000000000000000e+00
1.485576352796253807e-04,5.776771536947287586e+02,5.776973530791855183e+02,4.434249699869080574e-02,5.677565634853416060e-02,-4.561784684939504950e+05,2.234988960693974902e-01,2.200779144677103838e-01,4.060642942753184587e+06,4.007220094732226338e+06,1.000000000000000000e+00
1.512586831938003955e-04,5.832334129355509731e+02,5.832604451569405910e+02,4.433763754958533476e-02,5.743181831347550503e-02,-4.558928746464714641e+05,2.375361250504068322e-01,2.343442805965856857e-01,4.316142980131197721e+06,4.267930873908514157e+06,1.000000000000000000e+00
1.539597311079753832e-04,5.888048829080634050e+02,5.888279954679769617e+02,4.433293894813298414e-02,5.809094531519769233e-02,-4.556022945216771914e+05,2.523979192562941787e-01,2.489788193487417478e-01,4.586639401127292775e+06,4.534239376426373608e+06,1.000000000000000000e+00
1.566607790221503981e-04,5.943914562444031162e+02,5.944211551789372834e+02,4.432840090851831311e-02,5.875303852848301478e-02,-4.553067474216771079e+05,2.681268008402222236e-01,2.651301183022146679e-01,4.872767573458915576e+06,4.829326003888303414e+06,1.000000000000000000e+00
1.593618269363254129e-04,5.999930268007215091e+02,6.000189318737855046e+02,4.432402311867554567e-02,5.941809907284978376e-02,-4.550062522744263406e+05,2.847667580457930447e-01,2.814053678509011447e-01,5.175166258824231103e+06,5.124846563138603233e+06,1.000000000000000000e+00
1.620628748505004006e-04,6.056094895166874039e+02,6.056415997996526812e+02,4.431980523983312242e-02,6.008612800466509724e-02,-4.547008277312576538e+05,3.023632196132018946e-01,2.995930289022726289e-01,5.494475800287982449e+06,5.456350852436200716e+06,1.000000000000000000e+00
1.647639227646754154e-04,6.112407402796432052e+02,6.112692889016080926e+02,4.431574690609771383e-02,6.075712630937786518e-02,-4.543904922622725135e+05,3.209630232030208363e-01,3.177286771399175924e-01,5.831336303071737289e+06,5.784393464205016382e+06,1.000000000000000000e+00
1.674649706788504302e-04,6.168866757927735307e+02,6.169209920152077302e+02,4.431184772407987388e-02,6.143109489378199145e-02,-4.540752642495044856e+05,3.406143782900262207e-01,3.380965020741509841e-01,6.186385840057551861e+06,6.153996971440086141e+06,1.000000000000000000e+00
1.701660185930254179e-04,6.225471934481290646e+02,6.225782158200087224e+02,4.430810727256499076e-02,6.210803457839411679e-02,-4.537551620776859927e+05,3.613668241885206744e-01,3.583428490667231459e-01,6.560258717450336553e+06,6.518225819039244205e+06,1.000000000000000000e+00
1.728670665072004327e-04,6.282221912038387472e+02,6.282585559916525426e+02,4.430452510223101270e-02,6.278794608985582837e-02,-4.534302042225769255e+05,3.832711841386979290e-01,3.810230511923924368e-01,6.953583839871706441e+06,6.927176326558735222e+06,1.000000000000000000e+00
1.755681144213754475e-04,6.339115674663104301e+02,6.339448790268074845e+02,4.430110073541525251e-02,6.347083005344766882e-02,-4.531004093368019094e+05,4.063795169211553704e-01,4.036634700118014729e-01,7.366983219749161042e+06,7.331622751394513994e+06,1.000000000000000000e+00
1.782691623355504352e-04,6.396152209767152499e+02,6.396535224522828003e+02,4.429783366593037508e-02,6.415668698562479455e-02,-4.527657963332098443e+05,4.307450689917604048e-01,4.287726754942190466e-01,7.801070686226855963e+06,7.780671511325791478e+06,1.000000000000000000e+00
1.809702102497254500e-04,6.453330507024878671e+02,6.453684570537933496e+02,4.429472335893114288e-02,6.484551728666312909e-02,-4.524263844658251619e+05,4.564222359907665894e-01,4.541258788404166080e-01,8.256450883454984054e+06,8.229744148497003131e+06,1.000000000000000000e+00
1.836712581639004648e-04,6.510649557330719972e+02,6.511051245163190515e+02,4.429176925082943528e-02,6.553732123332287052e-02,-4.520821934085271787e+05,4.834665672476585740e-01,4.817612898096982899e-01,8.733718783535540104e+06,8.719098091302225366e+06,1.000000000000000000e+00
1.863723060780754525e-04,6.568108351805224174e+02,6.568481360763194061e+02,4.428897074925847166e-02,6.623209897161011495e-02,-4.517332433316174429e+05,5.119349553676274533e-01,5.101833761435727865e-01,9.233460525187084451e+06,9.217591522726275027e+06,1.000000000000000000e+00
1.890733539922504673e-04,6.625705880839525435e+02,6.626125563859354770e+02,4.428632723308319197e-02,6.692985050950242543e-02,-4.513795549764891621e+05,5.418866363532723884e-01,5.404277970785111851e-01,9.756259231390446424e+06,9.747084005170885473e+06,1.000000000000000000e+00
1.944754498206004698e-04,6.741311266889821354e+02,6.741747382055757498e+02,4.428150178597802661e-02,6.833426778746735930e-02,-4.506582572754992289e+05,6.064043379510151155e-01,6.052400999601087461e-01,1.087105554461846873e+07,1.086943044411228970e+07,1.000000000000000000e+00
1.971764977347754846e-04,6.799317795750433788e+02,6.799719853264315361e+02,4.427931720873152371e-02,6.904091213604138244e-02,-4.502904047332371701e+05,6.411475281741481069e-01,6.410257862542196872e-01,1.146625897849342041e+07,1.148272293201541156e+07,1.000000000000000000e+00
1.998775456489504995e-04,6.857459003745127575e+02,6.857911373909892063e+02,4.427728483364790774e-02,6.975052872533589465e-02,-4.499179031517302501e+05,6.776102161754982145e-01,6.766309350349118956e-01,1.208668251602674834e+07,1.208963031690997630e+07,1.000000000000000000e+00
2.025785935631254872e-04,6.915733864788678602e+02,6.916146265993281759e+02,4.427540389750662941e-02,7.046311676786995437e-02,-4.495407772080643917e+05,7.158559506743815692e-01,7.167959528165274152e-01,1.273286873447491974e+07,1.276915179003746435e+07,1.000000000000000000e+00
2.052796414773005020e-04,6.974141347191308569e+02,6.974610583847152157e+02,4.427367360909412880e-02,7.117867529632186663e-02,-4.491590525834597065e+05,7.559482440046163543e-01,7.550712729559473368e-01,1.340535245804391801e+07,1.341167679796924815e+07,1.000000000000000000e+00
2.079806893914755168e-04,7.032680412943111605e+02,7.033101144492718504e+02,4.427209314938386486e-02,7.189720315666492390e-02,-4.487727560389848077e+05,7.979514288723006388e-01,8.001391773310574385e-01,1.410466878733331338e+07,1.416390434217483923e+07,1.000000000000000000e+00
2.106817373056505045e-04,7.091350017014567584e+02,7.091836980242154596e+02,4.427066167170731759e-02,7.261869900131592837e-02,-4.483819154941728339e+05,8.419309222735892329e-01,8.410464935098141970e-01,1.483135805903425813e+07,1.483954568289001286e+07,1.000000000000000000e+00
2.133827852198255193e-04,7.150149106672329253e+02,7.150576209640967136e+02,4.426937830190858653e-02,7.334316128233678289e-02,-4.479865601093670120e+05,8.879533786428562836e-01,8.915880224044813174e-01,1.558597055748551153e+07,1.567145481002859771e+07,1.000000000000000000e+00
2.160838331340005341e-04,7.209076620797673058e+02,7.209582147512795700e+02,4.426824213847083134e-02,7.407058824457696256e-02,-4.475867203726085136e+05,9.360868394576221663e-01,9.350741729809761704e-01,1.636907152922587283e+07,1.637764787346290052e+07,1.000000000000000000e+00
2.187848810481755489e-04,7.268131489207083860e+02,7.268562054130430852e+02,4.426725225260641494e-02,7.480097791881895608e-02,-4.471824281919788918e+05,9.864009052817864776e-01,9.917605293361257957e-01,1.718124659825237840e+07,1.729788406811824441e+07,1.000000000000000000e+00
2.214859289623505637e-04,7.327312631962356591e+02,7.327836950689496689e+02,4.426640768829807893e-02,7.553432811481818054e-02,-4.467737169942337787e+05,1.038966937585706241e+00,1.037729008718848656e+00,1.802310756682111695e+07,1.803141647779592872e+07,1.000000000000000000e+00
2.241869768765255514e-04,7.386618958669013182e+02,7.387049265075770563e+02,4.426570746228353226e-02,7.627063641429196461e-02,-4.463606218306072406e+05,1.093858293240436819e+00,1.101309802605676014e+00,1.889529855467334390e+07,1.904968580875258148e+07,1.000000000000000000e+00
2.268880247907005662e-04,7.446049367750457577e+02,7.446590583977107372e+02,4.426515056397164333e-02,7.700990016374581471e-02,-4.459431794905732968e+05,1.151150593725403404e+00,1.149683269398887653e+00,1.979850241787381843e+07,1.980809112625930086e+07,1.000000000000000000e+00
2.295890727048755810e-04,7.505602745696206739e+02,7.506029215833675607e+02,4.426473595528347682e-02,7.775211646718141467e-02,-4.455214286243591341e+05,1.210922032431059225e+00,1.220818783121925710e+00,2.073344739356756210e+07,2.093148928677650169e+07,1.000000000000000000e+00
2.322901206190505687e-04,7.565277966271971763e+02,7.565795098073060672e+02,4.426446257040834997e-02,7.849728217857099288e-02,-4.450954098748595570e+05,1.273253729348094998e+00,1.274165266234540628e+00,2.170091394815234840e+07,2.175355082308498025e+07,1.000000000000000000e+00
2.349911685332255835e-04,7.625073889689715543e+02,7.625494901456700063e+02,4.426432931546956523e-02,7.924539389412889323e-02,-4.446651660196061712e+05,1.338230163237849046e+00,1.350877501316974039e+00,2.270174192322063074e+07,2.294802966087726876e+07,1.000000000000000000e+00
2.376922164474005983e-04,7.684989361725811250e+02,7.685459779552509190e+02,4.426433506809304697e-02,7.999644794425375682e-02,-4.442307421232251800e+05,1.405939781174630809e+00,1.410986874496275689e+00,2.373683845384487882e+07,2.385947270377774537e+07,1.000000000000000000e+00
2.403932643615755860e-04,7.745023212784417410e+02,7.745440173310332739e+02,4.426447867687672427e-02,8.075044038513071176e-02,-4.437921857008003280e+05,1.476476118318493791e+00,1.491797175560415134e+00,2.480718841404712573e+07,2.509978256057185307e+07,1.000000000000000000e+00
2.430943122757506009e-04,7.805174256891319828e+02,7.805623836875298593e+02,4.426475896075977162e-02,8.150736698976782102e-02,-4.433495468922176515e+05,1.549940547709288463e+00,1.558318662554817546e+00,2.591387414540022239e+07,2.609386307234564796e+07,1.000000000000000000e+00
2.484964081041006034e-04,7.925822283136222950e+02,7.926265114870242314e+02,4.426572471913062939e-02,8.303000111793901183e-02,-4.424523697012795019e+05,1.705909781506678158e+00,1.717349331979654448e+00,2.823772845673807338e+07,2.847178058340275660e+07,1.000000000000000000e+00
2.538985039324506330e-04,8.046922217314839827e+02,8.047355955553827016e+02,4.426721831590720024e-02,8.456424989726094021e-02,-4.415393150680668768e+05,1.874817549263725791e+00,1.889718395957383557e+00,3.072096979443461075e+07,3.101469611049986631e+07,1.000000000000000000e+00
2.565995518466256207e-04,8.107638805215780167e+02,8.108083914425978946e+02,4.426815969280514795e-02,8.533571711591818321e-02,-4.410769325580825098e+05,1.964514514569729808e+00,1.982910002691895768e+00,3.202768844437799603e+07,3.237997194595794380e+07,1.000000000000000000e+00
2.593005997608006626e-04,8.168465076877764659e+02,8.168885439324395747e+02,4.426922997324302111e-02,8.611008650603199643e-02,-4.406108331086022663e+05,2.057834589115731916e+00,2.076676331997704850e+00,3.337895331088878587e+07,3.373899409286051989e+07,1.000000000000000000e+00
2.620016476749757045e-04,8.229399698135666767e+02,8.229852556794685370e+02,4.427042774328745350e-02,8.688735157431928813e-02,-4.401410910584856756e+05,2.154924829568402256e+00,2.174364271294350726e+00,3.477653953655215353e+07,3.515039802324830741e+07,1.000000000000000000e+00
2.647026955891506922e-04,8.290441307823745092e+02,8.290843844044867410e+02,4.427175155072930052e-02,8.766750545484547352e-02,-4.396677851693680277e+05,2.255938998719420940e+00,2.279486036578076913e+00,3.622232461766225845e+07,3.666032059488294274e+07,1.000000000000000000e+00
2.674037435033256799e-04,8.351588516059873655e+02,8.352047609985750114e+02,4.427319990364575464e-02,8.845054089424964072e-02,-4.391909988955833833e+05,2.361039826857351809e+00,2.381723651294069377e+00,3.771830147800473869e+07,3.811823888343796134e+07,1.000000000000000000e+00
2.701047914175007218e-04,8.412839902446120277e+02,8.413222490321196574e+02,4.427477126890702608e-02,8.923645023611931348e-02,-4.387108206626617466e+05,2.470400131387013865e+00,2.499300171659004199e+00,3.926658394644247741e+07,3.979133077353873104e+07,1.000000000000000000e+00
2.728058393316757095e-04,8.474194014184483876e+02,8.474660686078384515e+02,4.427646407064218803e-02,9.002522540440022203e-02,-4.382273441535853781e+05,2.584203599920839700e+00,2.606047832619399429e+00,4.086940999018020183e+07,4.129447647422519326e+07,1.000000000000000000e+00
2.755068872458506972e-04,8.535649364105462382e+02,8.536010988175365810e+02,4.427827668867575367e-02,9.081685788574114793e-02,-4.377406686021673959e+05,2.702645469360223984e+00,2.737506557166828003e+00,4.252914407704335451e+07,4.314800517273625731e+07,1.000000000000000000e+00
2.782079351600257391e-04,8.597204428611235016e+02,8.597679921561242509e+02,4.428020745694796756e-02,9.161133871071980295e-02,-4.372508990928371786e+05,2.825933170413809314e+00,2.848831460296881168e+00,4.424827911523713917e+07,4.469718560596882552e+07,1.000000000000000000e+00
2.809089830742007268e-04,8.658857645533073537e+02,8.659197416786010990e+02,4.428225466193058679e-02,9.240865843388484935e-02,-4.367581468662861735e+05,2.954286958279602970e+00,2.995768461685047512e+00,4.602943814596758783e+07,4.675006084391551465e+07,1.000000000000000000e+00
2.836100309883757145e-04,8.720607411904902619e+02,8.721092399019800041e+02,4.428441654105115532e-02,9.320880711255881412e-02,-4.362625296303184587e+05,3.087940535338601133e+00,3.111804767587329490e+00,4.787537587538161129e+07,4.834721638000874966e+07,1.000000000000000000e+00
2.863110789025507565e-04,8.782452081653477762e+02,8.782768795157554678e+02,4.428669128113800479e-02,9.401177428435289474e-02,-4.357641718754720641e+05,3.227141667135757785e+00,3.276000207288976895e+00,4.978898009924642742e+07,5.062002586439573020e+07,1.000000000000000000e+00
2.890121268167257442e-04,8.844389963206689345e+02,8.844880061340254542e+02,4.428907701689831222e-02,9.481754894332994343e-02,-4.352632051948254812e+05,3.372152791518322701e+00,3.397437388863868257e+00,5.177327305694030970e+07,5.227511241258756071e+07,1.000000000000000000e+00
2.917131747309007319e-04,8.906419317021139932e+02,8.906710611286188168e+02,4.429157182944191973e-02,9.562611951478279526e-02,-4.347597686076768441e+05,3.523251620482049873e+00,3.580447613363162418e+00,5.383141274074297398e+07,5.478420970230741799e+07,1.000000000000000000e+00
2.944142226450757738e-04,8.968538353029849759e+02,8.968960446270849616e+02,4.429417374486261522e-02,9.643747382855361039e-02,-4.342540088866007864e+05,3.680731734203863237e+00,3.716529674650250303e+00,5.596669417548818886e+07,5.662472802385734767e+07,1.000000000000000000e+00
2.971152705592507615e-04,9.030745228011804784e+02,9.031010570307829539e+02,4.429688073288945427e-02,9.725159909087773003e-02,-4.337460808876761002e+05,3.844903166935636385e+00,3.911292915644541068e+00,5.818255067590495944e+07,5.926591900500367582e+07,1.000000000000000000e+00
2.998163184734257492e-04,9.093038042883476919e+02,9.093392018211843606e+02,4.429969070561953076e-02,9.806848185466734980e-02,-4.332361478834586451e+05,4.016092984600052596e+00,4.063656923281803834e+00,6.048255507929474115e+07,6.131112858184941113e+07,1.000000000000000000e+00
3.025173663876007911e-04,9.155414839914594722e+02,9.155663794956024049e+02,4.430260151634470012e-02,9.888810798823469139e-02,-4.327243818986004335e+05,4.194645854569886367e+00,4.269202695973182138e+00,6.287042094787389785e+07,6.406664536873421818e+07,1.000000000000000000e+00
3.052184143017757788e-04,9.217873599867511984e+02,9.218197029092566481e+02,4.430561095848339209e-02,9.971046264235784717e-02,-4.322109640476849745e+05,4.380924609131361613e+00,4.437920262576692032e+00,6.535000373225226998e+07,6.631250858588097245e+07,1.000000000000000000e+00
3.079194622159507665e-04,9.280412239063091420e+02,9.280660180786221645e+02,4.430871676463021824e-02,1.005355302157064507e-01,-4.316960848752586753e+05,4.575310806984358436e+00,4.655587098103311838e+00,6.792530190111185610e+07,6.919813205536781251e+07,1.000000000000000000e+00
3.106205101301258084e-04,9.343028606371661908e+02,9.343327126092135586e+02,4.431191660573448321e-02,1.013632943185150681e-01,-4.311799446975780302e+05,4.778205303244302371e+00,4.844958706688746730e+00,7.060045807244437933e+07,7.169756312009783089e+07,1.000000000000000000e+00
3.133215580443007961e-04,9.405720480132555394e+02,9.405967739307038755e+02,4.431520809042119313e-02,1.021937377345359943e-01,-4.306627539460390108e+05,4.990028853649597806e+00,5.076329854057631152e+00,7.337976027179737389e+07,7.473135095438748598e+07,1.000000000000000000e+00
3.160226059584757838e-04,9.468485564999795088e+02,9.468759002501027453e+02,4.431858876446564954e-02,1.030268423811369072e-01,-4.301447335116974427e+05,5.211222814180603180e+00,5.288638287078486044e+00,7.626764364554707706e+07,7.750757967565976083e+07,1.000000000000000000e+00
3.187236538726508257e-04,9.531321488717449029e+02,9.531566551971986883e+02,4.432205611043714411e-02,1.038625892675709844e-01,-4.296261150907256524e+05,5.442250083605859601e+00,5.535181487925294519e+00,7.926869348572485149e+07,8.070541268209132552e+07,1.000000000000000000e+00
3.214247017868258134e-04,9.594225798819576312e+02,9.594472493180937818e+02,4.432560754752436910e-02,1.047009584512203217e-01,-4.291071415299348882e+05,5.683596649397671285e+00,5.772885449607366048e+00,8.238765212311473489e+07,8.378257503480389714e+07,1.000000000000000000e+00
3.241257497010008011e-04,9.657195959253936053e+02,9.657438200996435853e+02,4.432924043156253463e-02,1.055419289917383097e-01,-4.285880671718230587e+05,5.935774716860199973e+00,6.035793370206480546e+00,8.562944248144201934e+07,8.715527426631209254e+07,1.000000000000000000e+00
3.295278455293508308e-04,9.783325191068404365e+02,9.783563805669547264e+02,4.433674157166990482e-02,1.072315993789942912e-01,-4.275506175538974348e+05,6.473917362005096265e+00,6.582247597935828587e+00,9.249199915404565632e+07,9.411951812818278372e+07,1.000000000000000000e+00
3.322288934435258185e-04,9.846476311359942883e+02,9.846668059931751031e+02,4.434060172136376071e-02,1.080802180203626894e-01,-4.270328027842011652e+05,6.761747825957699298e+00,6.878790547800924138e+00,9.613196606201517582e+07,9.787363906124632061e+07,1.000000000000000000e+00
3.349299413577008604e-04,9.909682243277115958e+02,9.909916376384211389e+02,4.434453211822766278e-02,1.089313433307247947e-01,-4.265160255111076985e+05,7.062622723130346003e+00,7.179042913611094257e+00,9.991540533679901063e+07,1.016398428223784268e+08,1.000000000000000000e+00
3.376309892718758481e-04,9.972939981044521573e+02,9.973104202301580017e+02,4.434852981001397021e-02,1.097849486406324571e-01,-4.260006027249666513e+05,7.377164385549564329e+00,7.509338596315401126e+00,1.038479120423740447e+08,1.057707619758536369e+08,1.000000000000000000e+00
3.403320371860508358e-04,1.003624641402322140e+03,1.003647507599900564e+03,4.435259178613364106e-02,1.106410059712735205e-01,-4.254870758437420591e+05,7.706016185491462167e+00,7.831103635533628982e+00,1.079351610406366140e+08,1.097607628102622777e+08,1.000000000000000000e+00
3.430330851002258777e-04,1.009959830294095809e+03,1.009973531513552985e+03,4.435671497952345388e-02,1.114994859754081524e-01,-4.249758002936462290e+05,8.049844320665709319e+00,8.198191921005932414e+00,1.121829664447433949e+08,1.142937090996589810e+08,1.000000000000000000e+00
3.457341330144008654e-04,1.016299226546191221e+03,1.016321449932900578e+03,4.436089626870971803e-02,1.123603578774234057e-01,-4.244672048590222257e+05,8.409338396881526734e+00,8.543703974236951382e+00,1.165972285616832227e+08,1.185283570431180447e+08,1.000000000000000000e+00
3.484351809285758531e-04,1.022642480507973119e+03,1.022653520568899580e+03,4.436513248033874257e-02,1.132235894106068397e-01,-4.239615408703854191e+05,8.785211843868150794e+00,8.950807339911666105e+00,1.211839748197523057e+08,1.234892384474819750e+08,1.000000000000000000e+00
3.511362288427508950e-04,1.028989231018924329e+03,1.029010470810227616e+03,4.436942039202272647e-02,1.140891467514241198e-01,-4.234590657922225073e+05,9.178202016331287183e+00,9.323334497274265331e+00,1.259493348283910900e+08,1.280012786851823479e+08,1.000000000000000000e+00
3.538372767569258827e-04,1.035339105035674493e+03,1.035347210462131443e+03,4.437375673556198663e-02,1.149569944515685949e-01,-4.229600433359887102e+05,9.589070180394598353e+00,9.774287856537165808e+00,1.308995326265987605e+08,1.334221503788109869e+08,1.000000000000000000e+00
3.565383246711008704e-04,1.041691717257937853e+03,1.041711454110828981e+03,4.437813820056493719e-02,1.158270953680966969e-01,-4.224647435663247015e+05,1.001860138821246871e+01,1.017717744340981056e+01,1.360408778607938886e+08,1.382431517231846452e+08,1.000000000000000000e+00
3.592393725852759123e-04,1.048046669752993466e+03,1.048051740157184440e+03,4.438256143847844198e-02,1.166994105914260366e-01,-4.219734429988775519e+05,1.046760424574607384e+01,1.067440823293589069e+01,1.413797559655413926e+08,1.441362272829529345e+08,1.000000000000000000e+00
3.619404204994509000e-04,1.054403551580583780e+03,1.054421641473475802e+03,4.438702306704802453e-02,1.175738993714750547e-01,-4.214864246891510556e+05,1.093691057238628872e+01,1.111012125503582659e+01,1.469226173934116364e+08,1.492841942173319757e+08,1.000000000000000000e+00
3.646414684136258877e-04,1.060761938417891315e+03,1.060764093887819627e+03,4.439151967521834385e-02,1.184505190417211862e-01,-4.210039783106081886e+05,1.142737494469456117e+01,1.165676109957184003e+01,1.526759658865614533e+08,1.556696421437299550e+08,1.000000000000000000e+00
3.673425163278009296e-04,1.067121392186651065e+03,1.067137673287212692e+03,4.439604782849070758e-02,1.193292249414960732e-01,-4.205264002213725471e+05,1.193987411702383561e+01,1.212900923328788849e+01,1.586463458016005456e+08,1.611766052737031579e+08,1.000000000000000000e+00
3.700435642419759173e-04,1.073481460682070519e+03,1.073480833576173382e+03,4.440060407474469284e-02,1.202099703362970451e-01,-4.200539935176062281e+05,1.247530630770300064e+01,1.272809806295571811e+01,1.648403284601503909e+08,1.680722137580905855e+08,1.000000000000000000e+00
3.727446121561509050e-04,1.079841677205796714e+03,1.079855909879311639e+03,4.440518495053699666e-02,1.210927063364755918e-01,-4.195870680728511652e+05,1.303459034176522380e+01,1.324155109711090894e+01,1.712644975299859047e+08,1.739790962090100050e+08,1.000000000000000000e+00
3.754456600703259470e-04,1.086201560202605606e+03,1.086198041804444074e+03,4.440978698787999973e-02,1.219773818140875571e-01,-4.191259405612715054e+05,1.361866463720998688e+01,1.389756223673789748e+01,1.779254334012844265e+08,1.814181249893512726e+08,1.000000000000000000e+00
3.781467079845009347e-04,1.092560612903226456e+03,1.092572349341378413e+03,4.441440672150840513e-02,1.228639433183108809e-01,-4.186709344640412601e+05,1.422848602501604987e+01,1.445701778817761252e+01,1.848296965619816482e+08,1.877643873071340621e+08,1.000000000000000000e+00
3.808477558986759224e-04,1.098918322972990609e+03,1.098911795451893568e+03,4.441904069663073218e-02,1.237523349892264285e-01,-4.182223800567120197e+05,1.486502838873103727e+01,1.517326391866712676e+01,1.919838099310241342e+08,1.957645208838860691e+08,1.000000000000000000e+00
3.835488038128509643e-04,1.105274162168880821e+03,1.105282932482602746e+03,4.442368547716829541e-02,1.246424984704154609e-01,-4.177806143767721951e+05,1.552928111352672325e+01,1.578373450112144027e+01,1.993942401537819207e+08,2.025893588163154423e+08,1.000000000000000000e+00
3.862498517270259520e-04,1.111627586004689192e+03,1.111618138703065824e+03,4.442833765447143368e-02,1.255343728201849807e-01,-4.173459811691434006e+05,1.622224732966966343e+01,1.656133456655039282e+01,2.070673778127619326e+08,2.111426943664874732e+08,1.000000000000000000e+00
3.889508996412009397e-04,1.117978033427016726e+03,1.117983490100723429e+03,4.443299385650876371e-02,1.264278944219261736e-01,-4.169188308088433114e+05,1.694494194033165968e+01,1.722893279340958728e+01,2.150095165585899055e+08,2.184946934974583983e+08,1.000000000000000000e+00
3.916519475553759816e-04,1.124324926501855543e+03,1.124312604588712020e+03,4.443765075751165972e-02,1.273229968934379286e-01,-4.164995201984699233e+05,1.769838941810471056e+01,1.807004107900952050e+01,2.232268311086957455e+08,2.276054089953600764e+08,1.000000000000000000e+00
3.943529954695509693e-04,1.130667670114629800e+03,1.130669586657962782e+03,4.444230508806130270e-02,1.282196109957746410e-01,-4.160884126398060471e+05,1.848362136059249394e+01,1.880030240695170818e+01,2.317253541199465990e+08,2.355230686220604777e+08,1.000000000000000000e+00
3.970540433837259570e-04,1.137005651683487940e+03,1.136990632014000767e+03,4.444695364559244494e-02,1.291176645414782720e-01,-4.156858776771299308e+05,1.930167378922052990e+01,1.970666965392367231e+01,2.405109518773244917e+08,2.451908593029278219e+08,1.000000000000000000e+00
3.997550912979009989e-04,1.143338240888856717e+03,1.143336397678447838e+03,4.445159330529187269e-02,1.300170823028087563e-01,-4.152922909116122173e+05,2.015358418258459494e+01,2.050621118231880757e+01,2.495892988071686924e+08,2.537216104319601655e+08,1.000000000000000000e+00
4.024561392120759866e-04,1.149664789419108956e+03,1.149647261838819304e+03,4.445622103135683095e-02,1.309177859198669691e-01,-4.149080337843930465e+05,2.104038822871023839e+01,2.147912173747739573e+01,2.589658507525845170e+08,2.639414238207786083e+08,1.000000000000000000e+00
4.051571871262509743e-04,1.155984630735493511e+03,1.155978818414151192e+03,4.446083388858152602e-02,1.318196938092824899e-01,-4.145334933278055396e+05,2.196311628909740676e+01,2.235496866739866917e+01,2.686458170233909488e+08,2.731336482600567937e+08,1.000000000000000000e+00
4.078582350404260162e-04,1.162297079856249638e+03,1.162277244549603665e+03,4.446542905422753295e-02,1.327227210733987472e-01,-4.141690618824037374e+05,2.292278955971463006e+01,2.339518881306615228e+01,2.786341311551104188e+08,2.838955540160633922e+08,1.000000000000000000e+00
4.105592829546010039e-04,1.168601433163183174e+03,1.168591455350336673e+03,4.447000383013598873e-02,1.336267794106869300e-01,-4.138151367793848040e+05,2.392041592408671846e+01,2.435469663949559660e+01,2.889354203953499198e+08,2.937977313820073605e+08,1.000000000000000000e+00
4.132603308687759916e-04,1.174896968230718358e+03,1.174875032188474961e+03,4.447455565502770464e-02,1.345317770273669611e-01,-4.134721199861706118e+05,2.495698548511042247e+01,2.546243278895577333e+01,2.995539738510879874e+08,3.050868719350435138e+08,1.000000000000000000e+00
4.159613787829510335e-04,1.181182943680819562e+03,1.181168618737977567e+03,4.447908211693891306e-02,1.354376185510242636e-01,-4.131404177149356110e+05,2.603346577384311189e+01,2.651318208232339657e+01,3.104937093239511251e+08,3.157465564229748249e+08,1.000000000000000000e+00
4.186624266971260212e-04,1.187458599063910242e+03,1.187435188861216147e+03,4.448358096572893605e-02,1.363442049462518790e-01,-4.128204399919821299e+05,2.715079662415942607e+01,2.768220736814548033e+01,3.217581387688308954e+08,3.274827961538702250e+08,1.000000000000000000e+00
4.213634746113010089e-04,1.193723154769287476e+03,1.193705062311935308e+03,4.448805012559795685e-02,1.372514334331628172e-01,-4.125126001880023396e+05,2.830988471556659647e+01,2.882734496901439059e+01,3.333503324152380824e+08,3.388988036670527458e+08,1.000000000000000000e+00
4.240645225254760509e-04,1.199975811965295406e+03,1.199951033185843016e+03,4.449248770754164750e-02,1.381591974088579033e-01,-4.122173145073484629e+05,2.951159777623634994e+01,3.006867862918809209e+01,3.452728814923441410e+08,3.511808059313508272e+08,1.000000000000000000e+00
4.267655704396510386e-04,1.206215752572837346e+03,1.206192981847138071e+03,4.449689202167205621e-02,1.390673863727462656e-01,-4.119350014366593095e+05,3.075675845363133831e+01,3.132505205069097087e+01,3.575278596138918996e+08,3.634901752157912254e+08,1.000000000000000000e+00
4.294666183538260263e-04,1.212442139272655368e+03,1.212415838756149469e+03,4.450126158932313225e-02,1.399758858558625974e-01,-4.116660811512134387e+05,3.204613784894604578e+01,3.263120894964631447e+01,3.701167827744022012e+08,3.762289185526048541e+08,1.000000000000000000e+00
4.321676662680010682e-04,1.218654115550018332e+03,1.218626429541835250e+03,4.450559515486232631e-02,1.408845773551270497e-01,-4.114109748797715292e+05,3.338044872894676729e+01,3.400247959976559997e+01,3.830405680352747440e+08,3.894313028536399007e+08,1.000000000000000000e+00
4.348687141821761101e-04,1.224850805777421783e+03,1.224823065209090146e+03,4.450989169712014915e-02,1.417933382727502578e-01,-4.111701042266004370e+05,3.476033841666414759e+01,3.537136072138428489e+01,3.962994908688068390e+08,4.025946390321044326e+08,1.000000000000000000e+00
4.375697620963510978e-04,1.231031315338984768e+03,1.230998564330664522e+03,4.451415044035264557e-02,1.427020418617711006e-01,-4.109438904518898344e+05,3.618638138189027131e+01,3.686366281639241294e+01,4.098931412680812478e+08,4.167135420570580363e+08,1.000000000000000000e+00
4.402708100105260855e-04,1.237194730797341208e+03,1.237165685140479809e+03,4.451837086464411480e-02,1.436105571779898726e-01,-4.107327537096604356e+05,3.765907153927423678e+01,3.829263066661022918e+01,4.238203786148731709e+08,4.302657693551103473e+08,1.000000000000000000e+00
4.429718579247011274e-04,1.243340120106709719e+03,1.243301949764617575e+03,4.452255271566098183e-02,1.445187490393135543e-01,-4.105371122448980459e+05,3.917881428349136286e+01,3.991823087024556571e+01,4.380792854510840178e+08,4.453805071369069219e+08,1.000000000000000000e+00
4.456729058388761151e-04,1.249466532874790346e+03,1.249436034660233645e+03,4.452669601366446989e-02,1.454264779930431739e-01,-4.103573815491651185e+05,4.074591827719240200e+01,4.140547515717220506e+01,4.526671201827521920e+08,4.592948262040950060e+08,1.000000000000000000e+00
4.483739537530511028e-04,1.255573000668778150e+03,1.255528955437625882e+03,4.453080106167735253e-02,1.463336002910653466e-01,-4.101939734785912442e+05,4.236058702800943365e+01,4.317487797666780125e+01,4.675802688873426914e+08,4.754638542962328792e+08,1.000000000000000000e+00
4.510750016672261447e-04,1.261658537383803605e+03,1.261626392074531168e+03,4.453486845274024636e-02,1.472399678755342001e-01,-4.100472953312693280e+05,4.402291028532950179e+01,4.471565026386566899e+01,4.828141963470273614e+08,4.896878613820697665e+08,1.000000000000000000e+00
4.537760495814011324e-04,1.267722139659709683e+03,1.267672922230357017e+03,4.453889907613763077e-02,1.481454283737424216e-01,-4.099177488897464937e+05,4.573285529586460996e+01,4.661807691869314851e+01,4.983633964778658748e+08,5.067833446664924026e+08,1.000000000000000000e+00
4.564770974955761201e-04,1.273762787357074558e+03,1.273732821263150754e+03,4.454289412252006308e-02,1.490498251039479305e-01,-4.098057294286314282e+05,4.749025796266560207e+01,4.819131187024275675e+01,5.142213423633997440e+08,5.211256575471016169e+08,1.000000000000000000e+00
4.591781454097511620e-04,1.279779444093219581e+03,1.279728714807811684e+03,4.454685508783430559e-02,1.499529970926687661e-01,-4.097116246900397819e+05,4.929481395672726762e+01,5.021735505979629011e+01,5.303804361267858744e+08,5.390497921244754791e+08,1.000000000000000000e+00
4.618791933239261497e-04,1.285771057840649746e+03,1.285745333507452642e+03,4.455078377598004069e-02,1.508547791041723041e-01,-4.096358138295249082e+05,5.114606983589403910e+01,5.183871132126177628e+01,5.468319589130903482e+08,5.536336322231059074e+08,1.000000000000000000e+00
4.645802412381011375e-04,1.291736561590357951e+03,1.291684463840896797e+03,4.455468230011708219e-02,1.517550016828773107e-01,-4.095786663354728953e+05,5.304341423119819865e+01,5.399882481581071403e+01,5.635660212917194366e+08,5.724457917526746988e+08,1.000000000000000000e+00
4.672812891522761794e-04,1.297674874082371616e+03,1.297647235427361920e+03,4.455855308255275704e-02,1.526534912093773233e-01,-4.095405409253273392e+05,5.498606916616635942e+01,5.571528316580155860e+01,5.805715144294754267e+08,5.876366469349920750e+08,1.000000000000000000e+00
4.699823370664511671e-04,1.303584900605865641e+03,1.303531903810501490e+03,4.456239885314595972e-02,1.535500699707761096e-01,-4.095217844222930726e+05,5.697308157995816913e+01,5.793167330106078339e+01,5.978360624271147251e+08,6.066781090731881857e+08,1.000000000000000000e+00
4.726833849806261548e-04,1.309465533871081107e+03,1.309432073312212651e+03,4.456622264617232654e-02,1.544445562460037835e-01,-4.095227306165491464e+05,5.900331513037306763e+01,5.978192713734356545e+01,6.153459762562125921e+08,6.227603434110573530e+08,1.000000000000000000e+00
4.753844328948011967e-04,1.315315654955173841e+03,1.315261384504429998e+03,4.457002779560327588e-02,1.553367644067516207e-01,-4.095436991153332638e+05,6.107544235770514263e+01,6.206341956801342974e+01,6.330862097780549526e+08,6.421101810248382092e+08,1.000000000000000000e+00
4.780854808089761844e-04,1.321134134323993521e+03,1.321094522423281433e+03,4.457381792876125015e-02,1.562265050346292039e-01,-4.095849941865311121e+05,6.318793729505595991e+01,6.404241417794453639e+01,6.510403183715615273e+08,6.590146834447065592e+08,1.000000000000000000e+00
4.807865287231511721e-04,1.326919832931616384e+03,1.326864331520413089e+03,4.457759695832341773e-02,1.571135850551029223e-01,-4.096469036008121329e+05,6.533906861493464646e+01,6.635152547875858886e+01,6.691904207422885895e+08,6.783570788882017136e+08,1.000000000000000000e+00
4.834875766373262140e-04,1.332671603399265905e+03,1.332625974934785518e+03,4.458136907265702886e-02,1.579978078887256387e-01,-4.097296974775254494e+05,6.752689340570165655e+01,6.845304852433532972e+01,6.875171645285965204e+08,6.960086860060200691e+08,1.000000000000000000e+00
4.861886245515012017e-04,1.338388291275021174e+03,1.338331547464725190e+03,4.458513872448091608e-02,1.588789736201087488e-01,-4.098336271399331745e+05,6.974925167453653785e+01,7.078114644914955988e+01,7.059996963630509377e+08,7.152704262909232378e+08,1.000000000000000000e+00
4.888896724656761894e-04,1.344068736375446633e+03,1.344017223152543011e+03,4.458891061785922455e-02,1.597568791850234593e-01,-4.099589239855628693e+05,7.200376167604656530e+01,7.299671971077791000e+01,7.246156370865041018e+08,7.335790683950834274e+08,1.000000000000000000e+00
4.915907203798512313e-04,1.349711774209971054e+03,1.349653714503529500e+03,4.459268969354603790e-02,1.606313185759435380e-01,-4.101057983776588226e+05,7.428781616726332970e+01,7.533502863393708537e+01,7.433410628475230932e+08,7.526861700660740137e+08,1.000000000000000000e+00
4.942917682940262732e-04,1.355316237488495062e+03,1.355259004693898987e+03,4.459648111271155568e-02,1.615020830662625972e-01,-4.102744385639408138e+05,7.659857969052900728e+01,7.765577090445059127e+01,7.621504928504712582e+08,7.715599286539076567e+08,1.000000000000000000e+00
4.969928162082012067e-04,1.360880957712325653e+03,1.360821500911322801e+03,4.460029023909329454e-02,1.623689614533294356e-01,-4.104650096289650537e+05,7.893298698552899850e+01,7.999825017767798840e+01,7.810168845398974419e+08,7.904593784346348047e+08,1.000000000000000000e+00
4.996938641223762486e-04,1.366404766848099825e+03,1.366342051310785564e+03,4.460412261962831693e-02,1.632317403203488171e-01,-4.106776524865209940e+05,8.128774263042561188e+01,8.240797903109039169e+01,7.999116370263445377e+08,8.097521390902242661e+08,1.000000000000000000e+00
5.023949120365512905e-04,1.371886499083888111e+03,1.371825576834617777e+03,4.460798396363473139e-02,1.640902043170924252e-01,-4.109124829185354756e+05,8.365932200960995146e+01,8.474340909420423884e+01,8.188046035678839684e+08,8.283506909151684046e+08,1.000000000000000000e+00
5.050959599507262240e-04,1.377324992666156959e+03,1.377257067991651866e+03,4.461188012062308750e-02,1.649441364592543202e-01,-4.111695906669591204e+05,8.604397370196033989e+01,8.721980680284355003e+01,8.376641139217946529e+08,8.478736664281772375e+08,1.000000000000000000e+00
5.077970078649012660e-04,1.382719091815705269e+03,1.382656576414912024e+03,4.461581705683001497e-02,1.657933184461675702e-01,-4.114490385850744206e+05,8.843772337868766442e+01,8.953682361338037765e+01,8.564570073709328175e+08,8.660779672215565443e+08,1.000000000000000000e+00
5.104980557790763079e-04,1.388067648720086027e+03,1.387994798786884303e+03,4.461980083057746904e-02,1.666375309964754081e-01,-4.117508618545415811e+05,9.083637929388048349e+01,9.205730209628544003e+01,8.751486772089749575e+08,8.856440190639008284e+08,1.000000000000000000e+00
5.131991036932512414e-04,1.393369525599393000e+03,1.393305241012850502e+03,4.462383756657221229e-02,1.674765542012235098e-01,-4.120750672743282048e+05,9.323553944390309312e+01,9.434632741811115864e+01,8.937031274374557734e+08,9.033742440922158957e+08,1.000000000000000000e+00
5.159001516074262833e-04,1.398623596841600147e+03,1.398546126222707244e+03,4.462793342926945489e-02,1.683101678937036771e-01,-4.124216326274806052e+05,9.563060046414466342e+01,9.688538600190989314e+01,9.120830423862446547e+08,9.227774422213923931e+08,1.000000000000000000e+00
5.186011995216013252e-04,1.403828751202928515e+03,1.403762478876109299e+03,4.463209459543411584e-02,1.691381520352422951e-01,-4.127905061313952319e+05,9.801676832382548810e+01,9.913643607168762628e+01,9.302498699182713032e+08,9.399502884847646952e+08,1.000000000000000000e+00
5.213022474357763671e-04,1.408983894067969914e+03,1.408902164249573389e+03,4.463632722604123082e-02,1.699602871159852369e-01,-4.131816059768620762e+05,1.003890708727884942e+02,1.016671544655688990e+02,9.481639188222188950e+08,9.589770039177166224e+08,1.000000000000000000e+00
5.240032953499514090e-04,1.414087949763508504e+03,1.414019460600234424e+03,4.464063743766472775e-02,1.707763545695851204e-01,-4.135948199607596034e+05,1.027423722903109251e+02,1.038696657695630989e+02,9.657844709373483658e+08,9.755043458508979082e+08,1.000000000000000000e+00
5.267043432641263425e-04,1.419139863919181607e+03,1.419054520072542573e+03,4.464503127350956391e-02,1.715861372005471619e-01,-4.140300052167721442e+05,1.050713894886420974e+02,1.063692903687646805e+02,9.830699085033577681e+08,9.939706809409110546e+08,1.000000000000000000e+00
5.294053911783013844e-04,1.424138605867284241e+03,1.424067983777107429e+03,4.464951467424858184e-02,1.723894196228386022e-01,-4.144869880479365238e+05,1.073707105396532313e+02,1.085112573088338763e+02,9.999778572164977789e+08,1.009754529801309466e+09,1.000000000000000000e+00
5.321064390924764263e-04,1.429083171073166568e+03,1.428995244966400605e+03,4.465409344882982634e-02,1.731859887082051186e-01,-4.149655638641294790e+05,1.096348152331182320e+02,1.109372006676261435e+02,1.016465345653161287e+09,1.027340768813383102e+09,1.000000000000000000e+00
5.348074870066513598e-04,1.433972583586777546e+03,1.433899885970623700e+03,4.465877324542496390e-02,1.739756340424688519e-01,-4.154654972268413985e+05,1.118580979571440963e+02,1.130127211655641446e+02,1.032488982933776379e+09,1.042324742077742696e+09,1.000000000000000000e+00
5.375085349208264017e-04,1.438805898504886954e+03,1.438715279236234437e+03,4.466355952269440710e-02,1.747581483878886677e-01,-4.159865220025464660e+05,1.140348932231077583e+02,1.153355621619950995e+02,1.048005163547847986e+09,1.058806127892737269e+09,1.000000000000000000e+00
5.402095828350014436e-04,1.443582204431878381e+03,1.443506643347647014e+03,4.466845752154832705e-02,1.755333281494285969e-01,-4.165283416245263652e+05,1.161595042037392602e+02,1.173263100481578363e+02,1.062970348631896734e+09,1.072835818343768716e+09,1.000000000000000000e+00
5.415601067920889104e-04,1.445948619860159624e+03,1.445873308897655306e+03,4.467095030159538849e-02,1.759180918612174849e-01,-4.168069585551645141e+05,1.172003992624793796e+02,1.183688579347713699e+02,1.070232765672172904e+09,1.080172234402835846e+09,1.000000000000000000e+00
5.429106307491763771e-04,1.448300436200979220e+03,1.448207767580986001e+03,4.467347288900639507e-02,1.763009448089933873e-01,-4.170906609844901250e+05,1.182261208263182368e+02,1.195138986700304287e+02,1.077341247641861677e+09,1.087985194390437126e+09,1.000000000000000000e+00
5.442611547062639523e-04,1.450637549913832800e+03,1.450552208818721056e+03,4.467602586706005685e-02,1.766818627436194944e-01,-4.173794033797576558e+05,1.192359518457754888e+02,1.204654750010407440e+02,1.084290344440724611e+09,1.094506062095073700e+09,1.000000000000000000e+00
5.456116786633514191e-04,1.452959860008927990e+03,1.452881428298947412e+03,4.467860980041382657e-02,1.770608217315266519e-01,-4.176731383953176555e+05,1.202291783441002053e+02,1.214016172840288874e+02,1.091074672609646559e+09,1.100918056017468452e+09,1.000000000000000000e+00
5.469622026204388858e-04,1.455267268122081305e+03,1.455190580327022417e+03,4.468122523432095650e-02,1.774377981694183481e-01,-4.179718168946481310e+05,1.212050903036786593e+02,1.223688002252189193e+02,1.097688906019483328e+09,1.107558821324317932e+09,1.000000000000000000e+00
5.483127265775264610e-04,1.457559678587952021e+03,1.457465987595032402e+03,4.468387269386746297e-02,1.778127687987775540e-01,-4.182753879740319680e+05,1.221629825385864763e+02,1.234270293466889967e+02,1.104127776851481676e+09,1.114538833813183546e+09,1.000000000000000000e+00
5.496632505346139277e-04,1.459836998512822220e+03,1.459748399429530991e+03,4.468655268322747898e-02,1.781857107203655977e-01,-4.185837989877869841e+05,1.231021555792039806e+02,1.243268361089858729e+02,1.110386080584254742e+09,1.120492399244124651e+09,1.000000000000000000e+00
5.510137744917013945e-04,1.462099137845665155e+03,1.462017580726510459e+03,4.468926568494155371e-02,1.785566014084899733e-01,-4.188969955751536181e+05,1.240219165776834700e+02,1.251961248581730501e+02,1.116458682611415148e+09,1.126243018129731655e+09,1.000000000000000000e+00
5.523642984487889696e-04,1.464346009448608356e+03,1.464268628755545024e+03,4.469201215921597692e-02,1.789254187252318773e-01,-4.192149216887376970e+05,1.249215802316375346e+02,1.260748284600277032e+02,1.122340525545181751e+09,1.132110284041148424e+09,1.000000000000000000e+00
5.537148224058764364e-04,1.466577529165496117e+03,1.466483605527962027e+03,4.469479254324740247e-02,1.792921409344061523e-01,-4.195375196245667757e+05,1.258004697247101831e+02,1.270326410567394220e+02,1.128026636853851557e+09,1.138153215668614149e+09,1.000000000000000000e+00
5.550653463629639031e-04,1.468793615889645025e+03,1.468701276536025944e+03,4.469760725057055767e-02,1.796567467154470132e-01,-4.198647300536680268e+05,1.266579176784923675e+02,1.278723318755153571e+02,1.133512136659097910e+09,1.143462103554206848e+09,1.000000000000000000e+00
5.564158703200514783e-04,1.470994191629485385e+03,1.470909133362027205e+03,4.470045667043354848e-02,1.800192151769880455e-01,-4.201964920551793766e+05,1.274932671137682263e+02,1.286629158680724458e+02,1.138792245634188414e+09,1.148461839337729692e+09,1.000000000000000000e+00
5.577663942771389450e-04,1.473179181573178994e+03,1.473101708983426988e+03,4.470334116719819340e-02,1.803795258703320137e-01,-4.205327431509335875e+05,1.283058724158772179e+02,1.294453642803913453e+02,1.143862292942450523e+09,1.153525946505484581e+09,1.000000000000000000e+00
5.591169182342264118e-04,1.475348514150908159e+03,1.475255094644929613e+03,4.470626107976997249e-02,1.807376588025778053e-01,-4.208734193414841429e+05,1.290951003024533179e+02,1.302891622147432145e+02,1.148717724199780941e+09,1.158528693402002096e+09,1.000000000000000000e+00
5.604674421913139869e-04,1.477502121095920074e+03,1.477405348513276522e+03,4.470921672105498262e-02,1.810935944495996042e-01,-4.212184551435410394e+05,1.298603307887835854e+02,1.310573730903223293e+02,1.153354109417873621e+09,1.163089003537544966e+09,1.000000000000000000e+00
5.618179661484014537e-04,1.479639937503028477e+03,1.479550812846656299e+03,4.471220837744834670e-02,1.814473137686455351e-01,-4.215677836287413375e+05,1.306009581491679512e+02,1.317573770412240037e+02,1.157767150917516232e+09,1.167249398317387104e+09,1.000000000000000000e+00
5.631684901054889204e-04,1.481761901885651241e+03,1.481684831856828851e+03,4.471523630835141233e-02,1.817987982107525102e-01,-4.219213364637376508e+05,1.313163918697995882e+02,1.324435638376428415e+02,1.161952691171324015e+09,1.171547458012085438e+09,1.000000000000000000e+00
5.645190140625764956e-04,1.483867956230094478e+03,1.483775703247614047e+03,4.471830074572206992e-02,1.821480297327431608e-01,-4.222790439515541075e+05,1.320060575914416461e+02,1.331599615292954297e+02,1.165906720564707279e+09,1.175409830335899115e+09,1.000000000000000000e+00
5.658695380196639623e-04,1.485958046048156120e+03,1.485855954759729684e+03,4.472140189365551854e-02,1.824949908090024997e-01,-4.226408350741243339e+05,1.326693980375242461e+02,1.338419612776016550e+02,1.169625385034230471e+09,1.179086806017781734e+09,1.000000000000000000e+00
5.672200619767514291e-04,1.488032120426775919e+03,1.487938363873001435e+03,4.472453992799967776e-02,1.828396644428010864e-01,-4.230066375359644881e+05,1.333058739257153320e+02,1.344411813776741269e+02,1.173104993569770813e+09,1.182330894585087299e+09,1.000000000000000000e+00
5.685705859338390043e-04,1.490090132075793690e+03,1.490004134088024557e+03,4.472771499600246281e-02,1.831820341773630068e-01,-4.233763778089781408e+05,1.339149648584564432e+02,1.350342133395229496e+02,1.176342025537553072e+09,1.185600309880276680e+09,1.000000000000000000e+00
5.699211098909264710e-04,1.492132037372560035e+03,1.492041652969911866e+03,4.473092721599505883e-02,1.835220841064455211e-01,-4.237499811782388133e+05,1.344961701901896731e+02,1.356154196041396460e+02,1.179333137804859638e+09,1.188599585253330946e+09,1.000000000000000000e+00
5.712716338480139378e-04,1.494157796404459532e+03,1.494051344075350926e+03,4.473417667710830742e-02,1.838597988846307207e-01,-4.241273717887977255e+05,1.350490098665263190e+02,1.361845913165812192e+02,1.182075171614912510e+09,1.191186242400109053e+09,1.000000000000000000e+00
5.726221578051015129e-04,1.496167373008106779e+03,1.496068169746505646e+03,4.473746343902616773e-02,1.841951637370967676e-01,-4.245084726933384081e+05,1.355730252326650032e+02,1.366783147699619576e+02,1.184565159173004866e+09,1.193459761026700735e+09,1.000000000000000000e+00
5.739726817621889797e-04,1.498160734806268692e+03,1.498068805614183248e+03,4.474078753177346962e-02,1.845281644690690004e-01,-4.248932059007460484e+05,1.360677798062392867e+02,1.371599619826957053e+02,1.186800329850768566e+09,1.195672665817858934e+09,1.000000000000000000e+00
5.753232057192764464e-04,1.500137853241303219e+03,1.500050562882394161e+03,4.474414895554155308e-02,1.848587874747229243e-01,-4.252814924253975623e+05,1.365328600122349201e+02,1.376369954603038934e+02,1.188778115871265888e+09,1.197985143316826820e+09,1.000000000000000000e+00
5.766737296763640216e-04,1.502098703606163554e+03,1.501996429588069986e+03,4.474754768054919202e-02,1.851870197457377021e-01,-4.256732523372363066e+05,1.369678758773547145e+02,1.380547063034876487e+02,1.190496157149950504e+09,1.199259385682742596e+09,1.000000000000000000e+00
5.780242536334514883e-04,1.504043265071793485e+03,1.503937708708298032e+03,4.475098364694220232e-02,1.855128488792760766e-01,-4.260684048124589026e+05,1.373724616880010956e+02,1.384423350738428269e+02,1.191952304592465162e+09,1.200465269241195440e+09,1.000000000000000000e+00
5.793747775905389551e-04,1.505971520711990934e+03,1.505874126343206399e+03,4.475445676472925016e-02,1.858362630855903697e-01,-4.264668681848742999e+05,1.377462766275182275e+02,1.388003244210018750e+02,1.193144620159526825e+09,1.201603718497811794e+09,1.000000000000000000e+00
5.807253015476265302e-04,1.507883457524658070e+03,1.507794891805699535e+03,4.475796691375772546e-02,1.861572511950331243e-01,-4.268685599977886304e+05,1.380890054441327379e+02,1.391737166938992516e+02,1.194071369662593842e+09,1.203048894109460354e+09,1.000000000000000000e+00
5.834263494618014637e-04,1.511658400527407821e+03,1.511546410745100729e+03,4.476509779608594392e-02,1.867919183789044646e-01,-4.276813156775265234e+05,1.386801812332830650e+02,1.397144150503587525e+02,1.195121044557701111e+09,1.203240366825804949e+09,1.000000000000000000e+00
5.861273973759765056e-04,1.515368102898387178e+03,1.515272515073661680e+03,4.477237448980408985e-02,1.874167766009722236e-01,-4.285059515607836656e+05,1.391438687374757706e+02,1.401626098193121663e+02,1.195093743208585262e+09,1.203236023117608309e+09,1.000000000000000000e+00
5.888284452901515476e-04,1.519012603389046717e+03,1.518907609350229222e+03,4.477979495520006958e-02,1.880317595555386911e-01,-4.293417862888714881e+05,1.394785497904510976e+02,1.404745730301167441e+02,1.193984681741708517e+09,1.201898100650906563e+09,1.000000000000000000e+00
5.915294932043264810e-04,1.522592004364930290e+03,1.522490176641971402e+03,4.478735667984107272e-02,1.886368113432561888e-01,-4.301881308724553674e+05,1.396831706243785902e+02,1.406394076459852158e+02,1.191792996044288635e+09,1.199295654753391266e+09,1.000000000000000000e+00
5.942305411185015230e-04,1.526106471646126693e+03,1.526009122651797270e+03,4.479505668651397737e-02,1.892318865641003656e-01,-4.310442903766047093e+05,1.397571496064338987e+02,1.407607110667212851e+02,1.188521856326742172e+09,1.196641231259529114e+09,1.000000000000000000e+00
5.969315890326765649e-04,1.529556234117517306e+03,1.529445448381407004e+03,4.480289154352958686e-02,1.898169503731806373e-01,-4.319095655953129171e+05,1.397003828138116432e+02,1.405851910605525745e+02,1.184178511512850523e+09,1.190974889921411276e+09,1.000000000000000000e+00
5.996326369468514984e-04,1.532941583107219003e+03,1.532846070932758948e+03,4.481085737731251711e-02,1.903919784990061315e-01,-4.327832547069748398e+05,1.395132465552498502e+02,1.404939525803883384e+02,1.178774292963105917e+09,1.186664400600170851e+09,1.000000000000000000e+00
6.023336848610265403e-04,1.536262871533996758e+03,1.536145407193488381e+03,4.481894988719382911e-02,1.909569572240459867e-01,-4.336646549025630811e+05,1.391965965070172615e+02,1.400247775478958658e+02,1.172324583323858738e+09,1.178620412566279888e+09,1.000000000000000000e+00
6.050347327752015822e-04,1.539520512826404229e+03,1.539416263603227662e+03,4.482716436231143353e-02,1.915118833276789889e-01,-4.345530639786976972e+05,1.387517633339637086e+02,1.395833803516118223e+02,1.164848751864052057e+09,1.171245588094554663e+09,1.000000000000000000e+00
6.077357806893765157e-04,1.542714979618284133e+03,1.542608645631337595e+03,4.483549570050994471e-02,1.920567639918935310e-01,-4.354477818882798892e+05,1.381805447691035056e+02,1.390542185297636024e+02,1.156370057023113728e+09,1.163253342346868753e+09,1.000000000000000000e+00
6.104368286035515576e-04,1.545846802227086982e+03,1.545730265432545139e+03,4.484393842911744976e-02,1.925916166703626198e-01,-4.363481122418922605e+05,1.374851941941583959e+02,1.382068937034399880e+02,1.146915517058233738e+09,1.152270283433052778e+09,1.000000000000000000e+00
6.131378765177265995e-04,1.548916566923227720e+03,1.548815073724389549e+03,4.485248672746267040e-02,1.931164689217868546e-01,-4.372533637538099429e+05,1.366684058186262689e+02,1.375282745959702027e+02,1.136515750030947447e+09,1.143265522992628574e+09,1.000000000000000000e+00
6.158389244319015330e-04,1.551924914000387616e+03,1.551804952177426230e+03,4.486113445098355301e-02,1.936313582086537921e-01,-4.381628516270788969e+05,1.357332966029319437e+02,1.364175797289103400e+02,1.125204784765133619e+09,1.130254749266484261e+09,1.000000000000000000e+00
6.185399723460765749e-04,1.554872535658255401e+03,1.554762826674099188e+03,4.486987515676583993e-02,1.941363316628082203e-01,-4.390758988728469703e+05,1.346833851145657377e+02,1.353484591609765744e+02,1.113019844796234131e+09,1.117927734522719383e+09,1.000000000000000000e+00
6.212410202602516168e-04,1.557760173710666322e+03,1.557655012684495659e+03,4.487870213033983563e-02,1.946314458194609853e-01,-4.399918375597575214e+05,1.335225675453546899e+02,1.343590073201878852e+02,1.100001107694349051e+09,1.106584079052022934e+09,1.000000000000000000e+00
6.239420681744265503e-04,1.560588617133428443e+03,1.560463438541145251e+03,4.488760841355479009e-02,1.951167663214783132e-01,-4.409100099900140776e+05,1.322550911530439635e+02,1.327878155921919472e+02,1.086191442469533920e+09,1.089854380870996952e+09,1.000000000000000000e+00
6.266431160886015922e-04,1.563358699467292354e+03,1.563254422949111586e+03,4.489658683334219608e-02,1.955923675959891361e-01,-4.418297697993495967e+05,1.308855254208999384e+02,1.315041531429356780e+02,1.071636128047792554e+09,1.076176569790141582e+09,1.000000000000000000e+00
6.293441640027766341e-04,1.566071296092522743e+03,1.565961209708750630e+03,4.490563003117436364e-02,1.960583325055214043e-01,-4.427504829788613715e+05,1.294187312545397504e+02,1.300982321907961250e+02,1.056382556034016013e+09,1.061513570923912764e+09,1.000000000000000000e+00
6.320452119169515676e-04,1.568727321392340855e+03,1.568604636193310853e+03,4.491473049302056181e-02,1.965147519760283845e-01,-4.436715288173623267e+05,1.278598285553941736e+02,1.283010927714336162e+02,1.040479921149359345e+09,1.043385535614526510e+09,1.000000000000000000e+00
6.347462598311266095e-04,1.571327725823136689e+03,1.571221481403287726e+03,4.492388057960127606e-02,1.969617246042893732e-01,-4.445923007635128452e+05,1.262141625246949701e+02,1.267713021042195010e+02,1.023978902841742754e+09,1.028004729661251426e+09,1.000000000000000000e+00
6.374473077453016515e-04,1.573873492909762717e+03,1.573756761599100400e+03,4.493307255674149764e-02,1.973993562472677599e-01,-4.455122072076378972e+05,1.244872690606002976e+02,1.250439162659377104e+02,1.006931341618819237e+09,1.010971575757664442e+09,1.000000000000000000e+00
6.401483556594765850e-04,1.576365636184461437e+03,1.576243552837709558e+03,4.494229862562616751e-02,1.978277595960801216e-01,-4.464306721836891957e+05,1.226848396138749990e+02,1.230320764251879808e+02,9.893899136422864199e+08,9.915400668242772818e+08,1.000000000000000000e+00
6.428494035736516269e-04,1.578805196087992499e+03,1.578702017380800726e+03,4.495155095276509583e-02,1.982470537372727770e-01,-4.473471359923513955e+05,1.208126858645712218e+02,1.212941218228202445e+02,9.714078070533239841e+08,9.748307278539220095e+08,1.000000000000000000e+00
6.455504514878266688e-04,1.581193236850692983e+03,1.581078346932897830e+03,4.496082169947700907e-02,1.986573637040276452e-01,-4.482610557467343751e+05,1.188767045741253980e+02,1.193682463999872851e+02,9.530384033787121773e+08,9.565511061148416996e+08,1.000000000000000000e+00
6.482514994020016023e-04,1.583530843374820279e+03,1.583407839531662148e+03,4.497010305073356057e-02,1.990588200204415625e-01,-4.491719058426559204e+05,1.168828429507627789e+02,1.171265011593991829e+02,9.343349671647793055e+08,9.356398125190372467e+08,1.000000000000000000e+00
6.509525473161766442e-04,1.585819118129370963e+03,1.585715504874303406e+03,4.497938724315624082e-02,1.994515582407191956e-01,-4.500791783557353192e+05,1.148370648543059644e+02,1.152119988372263748e+02,9.153503468273285627e+08,9.179079519829581976e+08,1.000000000000000000e+00
6.536535952303516861e-04,1.588059178079854973e+03,1.587947438517593810e+03,4.498866659204529134e-02,1.998357184865662828e-01,-4.509823833675992209e+05,1.127453181350516616e+02,1.132385822850352071e+02,8.961366893680056334e+08,8.997139108154433966e+08,1.000000000000000000e+00
6.563546431445266196e-04,1.590252151667384396e+03,1.590122593331488133e+03,4.499793351727947310e-02,2.002114449852183953e-01,-4.518810492248134688e+05,1.106135033807993295e+02,1.107395898396491845e+02,8.767451713587677479e+08,8.770681649399069548e+08,1.000000000000000000e+00
6.590556910587016615e-04,1.592399175850786833e+03,1.592292064005892598e+03,4.500718056795502409e-02,2.005788856101900497e-01,-4.527747227326328284e+05,1.084474443153833931e+02,1.086890623440210533e+02,8.572257482781723738e+08,8.586934429284278154e+08,1.000000000000000000e+00
6.617567389728767034e-04,1.594501393227626750e+03,1.594391672859138453e+03,4.501640044565111132e-02,2.009381914274578351e-01,-4.536629692878210917e+05,1.062528600593025629e+02,1.068308826564552731e+02,8.376269239239556789e+08,8.419455302984898090e+08,1.000000000000000000e+00
6.644577868870516369e-04,1.596559949245063990e+03,1.596433612129024596e+03,4.502558602621620915e-02,2.012895162488357870e-01,-4.545453729529532720e+05,1.040353394314367108e+02,1.041807619277612957e+02,8.179955413075339794e+08,8.185869393767981529e+08,1.000000000000000000e+00
6.671588348012266788e-04,1.598575989513797595e+03,1.598459027011285798e+03,4.503473037999366352e-02,2.016330161949252686e-01,-4.554215364765706472e+05,1.018003174352502356e+02,1.018878595237153348e+02,7.983765960623652935e+08,7.985598884110815525e+08,1.000000000000000000e+00
6.698598827154017207e-04,1.600550657233673746e+03,1.600449633819164092e+03,4.504382679041300797e-02,2.019688492691184556e-01,-4.562910812617707998e+05,9.955305404042758255e+01,9.979971241111792324e+01,7.788130730792038441e+08,7.804278897178058624e+08,1.000000000000000000e+00
6.725609306295766542e-04,1.602485090741370868e+03,1.602369138910382617e+03,4.505286877089764719e-02,2.022971749446635936e-01,-4.571536472875934560e+05,9.729861533594321088e+01,9.760006696952150662e+01,7.593458067255481482e+08,7.613622271597898006e+08,1.000000000000000000e+00
6.752619785437516961e-04,1.604380421186231843e+03,1.604248476811009823e+03,4.506185008004737202e-02,2.026181537659550447e-01,-4.580088929858174524e+05,9.504185710029210554e+01,9.497246999199009565e+01,7.400133647143059969e+08,7.388806325083788633e+08,1.000000000000000000e+00
6.779630264579267380e-04,1.606237770341772375e+03,1.606131580429516816e+03,4.507076473507836550e-02,2.029319469656579167e-01,-4.588564950773892924e+05,9.278741080352024539e+01,9.284577552439587578e+01,7.208519553738266230e+08,7.209754595131881237e+08,1.000000000000000000e+00
6.806640743721016715e-04,1.608058248556417084e+03,1.607958607001480232e+03,4.507960702350979898e-02,2.032387160984956420e-01,-4.596961483709801687e+05,9.053967203120748763e+01,9.084059122722399593e+01,7.018953578329406977e+08,7.040344003290413618e+08,1.000000000000000000e+00
6.833651222862767135e-04,1.609842952848186314e+03,1.609727486373652255e+03,4.508837151310922386e-02,2.035386226929088993e-01,-4.605275655276869657e+05,8.830279129749794720e+01,8.845705493365329630e+01,6.831748744066895247e+08,6.840644366314960718e+08,1.000000000000000000e+00
6.860661702004517554e-04,1.611592965144476921e+03,1.611467721433123870e+03,4.509705306011434212e-02,2.038318279210753481e-01,-4.613504767941867467e+05,8.608066719967561653e+01,8.594732235830500144e+01,6.647193044039102793e+08,6.632415873323380947e+08,1.000000000000000000e+00
6.887672181146266889e-04,1.613309350669042487e+03,1.613209097554968821e+03,4.510564681576978430e-02,2.041184922881057462e-01,-4.621646297079891665e+05,8.387694184957931043e+01,8.388193217627488707e+01,6.465549389218500853e+08,6.463952670977836847e+08,1.000000000000000000e+00
6.914682660288017308e-04,1.614993156475040223e+03,1.614898610122984792e+03,4.511414823122099349e-02,2.043987753405759888e-01,-4.629697887768314686e+05,8.169499846878869675e+01,8.192344852255590126e+01,6.287055785154861212e+08,6.303586722890275717e+08,1.000000000000000000e+00
6.943857272135537523e-04,1.616776429183131768e+03,1.616664332070734872e+03,4.512322227941129721e-02,2.046945241273084859e-01,-4.638291033001064206e+05,7.936634139731557980e+01,7.946103996953253557e+01,6.098050767823317051e+08,6.103199206473969221e+08,1.000000000000000000e+00
6.973031883983058822e-04,1.618524166768643909e+03,1.618403063332359807e+03,4.513217875677193180e-02,2.049832120963329674e-01,-4.646774196371086873e+05,7.707030147231449746e+01,7.687556150361173479e+01,5.913203570236860514e+08,5.895203269029636383e+08,1.000000000000000000e+00
7.002206495830580121e-04,1.620237607053804595e+03,1.620144253223028500e+03,4.514101313064354526e-02,2.052650344081036193e-01,-4.655145050265668542e+05,7.481011647293868805e+01,7.477148421199524364e+01,5.732718372213788033e+08,5.729282329389295578e+08,1.000000000000000000e+00
7.031381107678101421e-04,1.621917956943846093e+03,1.621830318754602104e+03,4.514972128178332267e-02,2.055401835615938144e-01,-4.663401476945805480e+05,7.258868375013787499e+01,7.277116988537409270e+01,5.556768412753422260e+08,5.570798161856429577e+08,1.000000000000000000e+00
7.060555719525622720e-04,1.623566391340719974e+03,1.623460793033052141e+03,4.515829950056497732e-02,2.058088491169959289e-01,-4.671541562541313469e+05,7.040856815211688513e+01,7.048283401895604072e+01,5.385497123330588341e+08,5.390272605663146973e+08,1.000000000000000000e+00
7.089730331373142935e-04,1.625184052256618088e+03,1.625064079356088541e+03,4.516674448131637737e-02,2.060712174481264813e-01,-4.679563590869556647e+05,6.827201206715993465e+01,6.801273828623533291e+01,5.219019465838982463e+08,5.197562732246483564e+08,1.000000000000000000e+00
7.118904943220663150e-04,1.626772048118675457e+03,1.626682040959158712e+03,4.517505331495625526e-02,2.063274715238938573e-01,-4.687466037119221874e+05,6.618094724526335426e+01,6.607900142842414937e+01,5.057423400827258229e+08,5.050523730718706250e+08,1.000000000000000000e+00
7.148079555068184449e-04,1.628331453253909103e+03,1.628257909022951480e+03,4.518322348008596556e-02,2.065777907176575834e-01,-4.695247561424126034e+05,6.413700805845577690e+01,6.419229855181443156e+01,4.900771449915332198e+08,4.907066506700854897e+08,1.000000000000000000e+00
7.177254166915705749e-04,1.629863307544235568e+03,1.629765721617564850e+03,4.519125283270332416e-02,2.068223506435066805e-01,-4.702907002361320774e+05,6.214154589660820704e+01,6.230193764820096902e+01,4.749102325334330201e+08,4.761310086397272348e+08,1.000000000000000000e+00
7.206428778763227048e-04,1.631368616239711628e+03,1.631263405809133701e+03,4.519913959469604864e-02,2.070613230180604614e-01,-4.710443370393813238e+05,6.019564443217399230e+01,6.005425000775300504e+01,4.602432603264152408e+08,4.592281581726571321e+08,1.000000000000000000e+00
7.235603390610748347e-04,1.632848349919084740e+03,1.632751266057527801e+03,4.520688234127887006e-02,2.072948755466067494e-01,-4.717855841286786599e+05,5.830013551518398884e+01,5.809369202042237390e+01,4.460758419985700250e+08,4.446734023282436132e+08,1.000000000000000000e+00
7.264778002458268562e-04,1.634303444585506440e+03,1.634228127150899354e+03,4.521447998752631953e-02,2.075231718320528218e-01,-4.725143749513990479e+05,5.645561548795987505e+01,5.639611974795126770e+01,4.324057172288864851e+08,4.322672380752320290e+08,1.000000000000000000e+00
7.293952614305788777e-04,1.635734801886306741e+03,1.635660961514370683e+03,4.522193177415596843e-02,2.077463713053812333e-01,-4.732306581678748480e+05,5.466246173429885857e+01,5.476343280687467541e+01,4.192289205748869181e+08,4.202521526012457013e+08,1.000000000000000000e+00
7.323127226153310076e-04,1.637143289444870106e+03,1.637048050483894485e+03,4.522923725270326656e-02,2.079646291760310628e-01,-4.739343969962812844e+05,5.292084930909804541e+01,5.296868862169635150e+01,4.065399477003032565e+08,4.070294070684515238e+08,1.000000000000000000e+00
7.352301838000831376e-04,1.638529741293759116e+03,1.638426875932098937e+03,4.523639627022950360e-02,2.081780964008427270e-01,-4.746255685623675236e+05,5.123076752952830049e+01,5.102330854230228852e+01,3.943319178637832999e+08,3.929988739325114489e+08,1.000000000000000000e+00
7.381476449848352675e-04,1.639894958397670507e+03,1.639806386346139789e+03,4.524340895368988980e-02,2.083869196699845716e-01,-4.753041632549828500e+05,4.959203645972502272e+01,4.938764084069170224e+01,3.825967318482401967e+08,3.814186492031657696e+08,1.000000000000000000e+00
7.410651061695873974e-04,1.641239709255911748e+03,1.641174121250109692e+03,4.525027569408816841e-02,2.085912414084841460e-01,-4.759701840890158201e+05,4.800432329201726134e+01,4.794765394360862842e+01,3.713252249495286345e+08,3.713750118086174130e+08,1.000000000000000000e+00
7.439825673543395274e-04,1.642564730573712495e+03,1.642511300518986673e+03,4.525699713053003836e-02,2.087911997917952511e-01,-4.766236460762011702e+05,4.646715873599492852e+01,4.653870590377223238e+01,3.605073156380530596e+08,3.615470069200044274e+08,1.000000000000000000e+00
7.469000285390916573e-04,1.643870727992657066e+03,1.643786272464452168e+03,4.526357413428815091e-02,2.089869287739936632e-01,-4.772645756046589231e+05,4.497995365336010565e+01,4.506246204692788382e+01,3.501321538385498524e+08,3.509720901770161986e+08,1.000000000000000000e+00
7.498174897238436788e-04,1.645158376869903350e+03,1.645071296639439197e+03,4.527000779297913474e-02,2.091785581269759720e-01,-4.778930098265311681e+05,4.354201612030234969e+01,4.342113071494575394e+01,3.401882874078384042e+08,3.396832780580877066e+08,1.000000000000000000e+00
7.556524120933478302e-04,1.647680602618752346e+03,1.647620565548880222e+03,4.528244876248161549e-02,2.095498902530026908e-01,-4.791124337155789835e+05,4.081353843579899632e+01,4.072637779275833481e+01,3.215726076670857072e+08,3.215201304269498587e+08,1.000000000000000000e+00
7.614873344628520901e-04,1.650137032971725148e+03,1.650072202637758210e+03,4.529433717977527502e-02,2.099063373540470678e-01,-4.802828284152786364e+05,3.827055091081057014e+01,3.842069235973315244e+01,3.045244374883135557e+08,3.059286776465314627e+08,1.000000000000000000e+00
7.673222568323563499e-04,1.652532048923210368e+03,1.652460951129457271e+03,4.530568801855155286e-02,2.102487902786994711e-01,-4.814048232837496907e+05,3.590459818066059228e+01,3.579178521439298777e+01,2.889380202066755295e+08,2.886807316962658763e+08,1.000000000000000000e+00
7.731571792018605014e-04,1.654869635252515081e+03,1.654824528036789616e+03,4.531651827150140477e-02,2.105780801926499524e-01,-4.824791654580176692e+05,3.370661340669464323e+01,3.366348768546927062e+01,2.747066936076764464e+08,2.750965996534854770e+08,1.000000000000000000e+00
7.789921015713646528e-04,1.657153410152780680e+03,1.657110497427562905e+03,4.532684653544054310e-02,2.108949815025545349e-01,-4.835067040683394298e+05,3.166714961534420425e+01,3.179022188416635686e+01,2.617247835845072865e+08,2.631265832996743321e+08,1.000000000000000000e+00
7.848270239408689126e-04,1.659386654460668296e+03,1.659328840448650226e+03,4.533669263145850142e-02,2.112002149369417991e-01,-4.844883754336231505e+05,2.977659116581006060e+01,2.973937813971305033e+01,2.498892172087184787e+08,2.502237497518924773e+08,1.000000000000000000e+00
7.906619463103731725e-04,1.661572340067951473e+03,1.661530136612223032e+03,4.534607726157144358e-02,2.114944507086821968e-01,-4.854251892900937819e+05,2.802533237171719804e+01,2.795755783516310444e+01,2.391007824649195671e+08,2.393726459878072143e+08,1.000000000000000000e+00
7.964968686798773239e-04,1.663713157187753723e+03,1.663695861738054873e+03,4.535502170227449087e-02,2.117783116939089272e-01,-4.863182160678664222e+05,2.640392162970451295e+01,2.650073830632985050e+01,2.292650574550590217e+08,2.306573290676462054e+08,1.000000000000000000e+00
8.023317910493814754e-04,1.665811540238747739e+03,1.665761533293753473e+03,4.536354753447312954e-02,2.120523765747965861e-01,-4.871685752115148935e+05,2.490317354005200556e+01,2.495510585504466050e+01,2.202930500748113692e+08,2.211312079330531359e+08,1.000000000000000000e+00
8.081667134188857352e-04,1.667869692185761551e+03,1.667816242722564766e+03,4.537167640850456318e-02,2.123171829045956693e-01,-4.879774245249612140e+05,2.351425283609403394e+01,2.337524633193324775e+01,2.121015930938076675e+08,2.119088779550270140e+08,1.000000000000000000e+00
8.140016357883899951e-04,1.669889607242027751e+03,1.669875405668358098e+03,4.537942984241265243e-02,2.125732300637875882e-01,-4.887459505117517547e+05,2.222873427778656463e+01,2.225901625386928018e+01,2.046135387321732640e+08,2.054978777648479939e+08,1.000000000000000000e+00
8.198365581578941465e-04,1.671873091889762691e+03,1.671883897306941435e+03,4.538682905123259115e-02,2.128209820845504141e-01,-4.894753596716631437e+05,2.103864271841601408e+01,2.121329800001232968e+01,1.977577943694523275e+08,1.995063449651915729e+08,1.000000000000000000e+00
8.256714805273982979e-04,1.673821784218979701e+03,1.673801465088441091e+03,4.539389480481273442e-02,2.130608703281380301e-01,-4.901668707081639441e+05,1.993647780483821208e+01,2.001372572686866036e+01,1.914692393826677203e+08,1.924384826134389341e+08,1.000000000000000000e+00
8.315064028969025578e-04,1.675737171614116050e+03,1.675713832914266277e+03,4.540064731158496847e-02,2.132932960049635507e-01,-4.908217075915975729e+05,1.891522893350347445e+01,1.885078570810436105e+01,1.856885728536599278e+08,1.859526485090581179e+08,1.000000000000000000e+00
8.431762476359109691e-04,1.679472184716687025e+03,1.679493175770942116e+03,4.541327117079387021e-02,2.137368722060522530e-01,-4.920248395115977619e+05,1.709852977516427330e+01,1.724745222296409253e+01,1.755004532662982047e+08,1.769413427627218962e+08,1.000000000000000000e+00
8.548460923749193804e-04,1.683089448729114338e+03,1.683081490169086692e+03,4.542487902043089443e-02,2.141549849788378923e-01,-4.930973615538373706e+05,1.553154421650805084e+01,1.551472529960361157e+01,1.667521882248611450e+08,1.671703422778889537e+08,1.000000000000000000e+00
8.665159371139277917e-04,1.686596780917290971e+03,1.686621237093372656e+03,4.543560450610185930e-02,2.145499541916698338e-01,-4.940486718830642058e+05,1.417511944603124974e+01,1.425760574542449177e+01,1.591501484187950790e+08,1.600548984767375290e+08,1.000000000000000000e+00
8.781857818529362029e-04,1.690000807910749472e+03,1.690006434730207957e+03,4.544556791911052995e-02,2.149238092568230840e-01,-4.948878307951610186e+05,1.299624026353287221e+01,1.302618019322038911e+01,1.524606489643326700e+08,1.529557618146194220e+08,1.000000000000000000e+00
8.898556265919446142e-04,1.693307215687232883e+03,1.693339387482322536e+03,4.545487629253014417e-02,2.152783333167146984e-01,-4.956234920681425720e+05,1.196722266216222508e+01,1.198758805902326152e+01,1.464992781241017580e+08,1.469022760613145828e+08,1.000000000000000000e+00
9.015254713309530255e-04,1.696520946407783640e+03,1.696560021180893727e+03,4.546362392147960257e-02,2.156151002821706242e-01,-4.962638590331506566e+05,1.106494440151948133e+01,1.115136581209770483e+01,1.411215466501902640e+08,1.417357303228240013e+08,1.000000000000000000e+00
9.131953160699614368e-04,1.699646352304201400e+03,1.699682910426168746e+03,4.547189315583569091e-02,2.159355057651565768e-01,-4.968166602479646681e+05,1.027013681918655230e+01,1.026260835040977248e+01,1.362148858984155059e+08,1.363516505587778986e+08,1.000000000000000000e+00
9.248651608089698481e-04,1.702687315303645391e+03,1.702753297411587937e+03,4.547975535037698108e-02,2.162407928653439226e-01,-4.972891403356582159e+05,9.566755599780165653e+00,9.610451740249668973e+00,1.316919648403830528e+08,1.319808084006404430e+08,1.000000000000000000e+00
9.365350055479782594e-04,1.705647339619587228e+03,1.705691785845699769e+03,4.548727188795067405e-02,2.165320736627414644e-01,-4.976880622605115641e+05,8.941436129719045667e+00,8.982004051670346101e+00,1.274852193522202820e+08,1.277597248778411895e+08,1.000000000000000000e+00
9.482048502869866707e-04,1.708529623204739664e+03,1.708583823167377659e+03,4.549449521578392830e-02,2.168103471523197823e-01,-4.980197179795023985e+05,8.383030879233286825e+00,8.358519183635916505e+00,1.235424456651534587e+08,1.234791315707930773e+08,1.000000000000000000e+00
9.598746950259949735e-04,1.711337112804209028e+03,1.711424127619748333e+03,4.550146985419199763e-02,2.170765142441302697e-01,-4.982899450040035299e+05,7.882221771014891409e+00,7.905276814417174336e+00,1.198232972360564172e+08,1.198660029188785851e+08,1.000000000000000000e+00
9.715445397650033848e-04,1.714072546364107211e+03,1.714143091721699648e+03,4.550823335141929160e-02,2.173313903491637944e-01,-4.985041469222867745e+05,7.431198537481608746e+00,7.461190126160300196e+00,1.162965297037636340e+08,1.164227350938625783e+08,1.000000000000000000e+00
9.832143845040117961e-04,1.716738485744685704e+03,1.716820974083824467e+03,4.551481716907461450e-02,2.175757159809415531e-01,-4.986673163690288784e+05,7.023393653018507266e+00,7.010793781295017624e+00,1.129378535584381372e+08,1.127744419909689277e+08,1.000000000000000000e+00
9.948842292430200990e-04,1.719337342030348509e+03,1.719443146592474250e+03,4.552124749033526624e-02,2.178101657253136425e-01,-4.987840592880813056e+05,6.653264883615490177e+00,6.650141338593097196e+00,1.097282731007677019e+08,1.095285699869761765e+08,1.000000000000000000e+00
1.006554073982028619e-03,1.721871395208591366e+03,1.722000309511061005e+03,4.552754594850795533e-02,2.180353558662901925e-01,-4.988586196271810331e+05,6.316117382468426023e+00,6.351453904922385263e+00,1.066528098097167760e+08,1.065914105025501102e+08,1.000000000000000000e+00
1.018223918721036922e-03,1.724342809576474565e+03,1.724447227059228908e+03,4.553373027718401328e-02,2.182518509019998609e-01,-4.988949038368639303e+05,6.007958310793878987e+00,6.010779321190757862e+00,1.036995265297205895e+08,1.035526817591050267e+08,1.000000000000000000e+00
1.029893763460045224e-03,1.726753645913394394e+03,1.726864855339979385e+03,4.553981488558883628e-02,2.184601691411737212e-01,-4.988965047298248392e+05,5.725378018062871277e+00,5.690949180004847285e+00,1.008587850274448842e+08,1.004572116759065688e+08,1.000000000000000000e+00
1.041563608199053744e-03,1.729105871208681492e+03,1.729249318667171110e+03,4.554581136413492215e-02,2.186607875348481889e-01,-4.988667243996616453e+05,5.465452789768455943e+00,5.465766945389467502e+00,9.812268314366009831e+07,9.782111440614648163e+07,1.000000000000000000e+00
1.053233452938062264e-03,1.731401366542775804e+03,1.731558615167905600e+03,4.555172892593177536e-02,2.188541458693806507e-01,-4.988085960070765577e+05,5.225665006850549688e+00,5.248664381657738964e+00,9.548462892227680981e+07,9.530276274209028482e+07,1.000000000000000000e+00
1.064903297677070567e-03,1.733641933574058385e+03,1.733775178283092373e+03,4.555757479027470330e-02,2.190406504237479013e-01,-4.987249043238452869e+05,5.003837147469719859e+00,4.997748609162939282e+00,9.293901758230164647e+07,9.267405655586549640e+07,1.000000000000000000e+00
1.082434848062157132e-03,1.736907982025722731e+03,1.737059986187825871e+03,4.556623257357970969e-02,2.193086582052414246e-01,-4.985558729227632866e+05,4.700781316130667520e+00,4.680328383460432562e+00,8.927924571517656744e+07,8.884974112683431804e+07,1.000000000000000000e+00
1.099966398447243480e-03,1.740060188637942701e+03,1.740242056142196361e+03,4.557475609742699107e-02,2.195633284781010053e-01,-4.983433456352726789e+05,4.428553705798271345e+00,4.442397816738902883e+00,8.580287796212521195e+07,8.555108944342362881e+07,1.000000000000000000e+00
1.117497948832330045e-03,1.743103783438446726e+03,1.743261792129566402e+03,4.558315310959241279e-02,2.198056939562495204e-01,-4.980940975434700376e+05,4.182783715087307286e+00,4.171850173445823984e+00,8.249811859568946064e+07,8.217117368075510859e+07,1.000000000000000000e+00
1.135029499217416610e-03,1.746043699363289534e+03,1.746219977513774438e+03,4.559142758658445149e-02,2.200366826500673167e-01,-4.978140773631921038e+05,3.959865049556978711e+00,3.937230540104428744e+00,7.935456423420147598e+07,7.887902154795978963e+07,1.000000000000000000e+00
1.152561049602503175e-03,1.748884593129455425e+03,1.749086390339318768e+03,4.559958082183784150e-02,2.202571307876518558e-01,-4.975085047894393792e+05,3.756801735251289465e+00,3.758888109715044834e+00,7.636283477634289861e+07,7.605543614421349764e+07,1.000000000000000000e+00
1.170092599987589740e-03,1.751630863695377229e+03,1.751808225703934113e+03,4.560761226639824251e-02,2.204677938075107479e-01,-4.971819564564744360e+05,3.571088369483622849e+00,3.558928414245267291e+00,7.351433347090518475e+07,7.320490556221872568e+07,1.000000000000000000e+00
1.187624150372676088e-03,1.754286668899001370e+03,1.754480623541370733e+03,4.561552017174252960e-02,2.206693557692875340e-01,-4.968384417290172423e+05,3.400616575863476321e+00,3.360552806632474798e+00,7.080109192335945368e+07,7.018067220317374170e+07,1.000000000000000000e+00
1.205155700757762653e-03,1.756855940657209203e+03,1.757073217184221903e+03,4.562330207550900629e-02,2.208624374556982795e-01,-4.964814694755849778e+05,3.243601422142522228e+00,3.225867542333613169e+00,6.821566918622390926e+07,6.777565740702076256e+07,1.000000000000000000e+00
1.222687251142849218e-03,1.759342398981699262e+03,1.759545451137484861e+03,4.563095516332824064e-02,2.210476033832498022e-01,-4.961141068824243266e+05,3.098523132754335663e+00,3.090255714443717050e+00,6.575108465400622040e+07,6.549106003192850202e+07,1.000000000000000000e+00
1.240218801527935566e-03,1.761749564982060747e+03,1.761955887979503132e+03,4.563847653356319090e-02,2.212253678965039327e-01,-4.957390312643285724e+05,2.964080603583448603e+00,2.939871355782845086e+00,6.340077177205179632e+07,6.295902489516418427e+07,1.000000000000000000e+00
1.257750351913022131e-03,1.764080772976614526e+03,1.764301058633378716e+03,4.564586338647879521e-02,2.213962004877023659e-01,-4.953585757245590212e+05,2.839154088947005494e+00,2.808142165652679267e+00,6.115854436883922666e+07,6.060016766086665541e+07,1.000000000000000000e+00
1.275281902298108696e-03,1.766339181798037771e+03,1.766571648672475249e+03,4.565311315501129757e-02,2.215605304576593326e-01,-4.949747694177909289e+05,2.722775062502525323e+00,2.711851639087907717e+00,5.901857050511552393e+07,5.866308546513997763e+07,1.000000000000000000e+00
1.292813452683195261e-03,1.768527785362253098e+03,1.768737447562636589e+03,4.566022359076461062e-02,2.217187510135456563e-01,-4.945893730788790854e+05,2.614101719281411995e+00,2.609963147682069717e+00,5.697535067646960914e+07,5.677987598720076680e+07,1.000000000000000000e+00
1.310345003068281826e-03,1.770649422555847195e+03,1.770867353458945445e+03,4.566719281597983460e-02,2.218712228829308741e-01,-4.942039103992621531e+05,2.512398928501597961e+00,2.495846200919954239e+00,5.502369838470869511e+07,5.465214361784917116e+07,1.000000000000000000e+00
1.327876553453368174e-03,1.772706786491231469e+03,1.772937783540803593e+03,4.567401934989409606e-02,2.220182775105719042e-01,-4.938196957611861872e+05,2.417021698847418243e+00,2.390106294907328177e+00,5.315872174341608584e+07,5.262148832073435187e+07,1.000000000000000000e+00
1.345408103838454739e-03,1.774702433174161570e+03,1.774940480335746997e+03,4.568070211600683272e-02,2.221602198939947315e-01,-4.934378587788164150e+05,2.327401406200321876e+00,2.313787969050718374e+00,5.137580500678469241e+07,5.101795714001730084e+07,1.000000000000000000e+00
1.360552689562696121e-03,1.776378631204617704e+03,1.776618285010579484e+03,4.568635873531723401e-02,2.222789473076960953e-01,-4.931107078469728585e+05,2.254275993979362180e+00,2.250123942009337075e+00,4.989857840472809970e+07,4.968072080399133265e+07,1.000000000000000000e+00
1.375697275286937287e-03,1.778011976397319131e+03,1.778222397025345117e+03,4.569190693328648023e-02,2.223942261123847963e-01,-4.927865757818567799e+05,2.184793159831197151e+00,2.176994353888593192e+00,4.847681739381463081e+07,4.828690711964995414e+07,1.000000000000000000e+00
1.390841861011178453e-03,1.779603895977502589e+03,1.779829121519019282e+03,4.569734670929881393e-02,2.225062133622250915e-01,-4.924659275239364943e+05,2.118700403331678750e+00,2.105604493330233584e+00,4.710805596243996173e+07,4.678215005379549414e+07,1.000000000000000000e+00
1.405986446735419618e-03,1.781155755778841467e+03,1.781392394851872950e+03,4.570267826294110991e-02,2.226150557906833860e-01,-4.921491624696914223e+05,2.055771490948601343e+00,2.036361741341108367e+00,4.578997111905616522e+07,4.532282248800316453e+07,1.000000000000000000e+00
1.421131032459660784e-03,1.782668863179612799e+03,1.782907923330713174e+03,4.570790198380482450e-02,2.227208905905497249e-01,-4.918366209507936146e+05,1.995806084404039948e+00,1.979179954248712514e+00,4.452038985469679534e+07,4.414854652605000138e+07,1.000000000000000000e+00
1.436275618183901950e-03,1.784144469810823693e+03,1.784382873718790051e+03,4.571301844243053775e-02,2.228238461125445213e-01,-4.915285899276906275e+05,1.938630592533976627e+00,1.924678402262385513e+00,4.329730321006681770e+07,4.303315791698268801e+07,1.000000000000000000e+00
1.466564789632384498e-03,1.786986840328731887e+03,1.787201496782830645e+03,4.572293174036331370e-02,2.230214797612186661e-01,-4.909267280592877651e+05,1.831228803518178516e+00,1.812622629067867530e+00,4.097922762818998098e+07,4.074990481787494570e+07,1.000000000000000000e+00
1.496853961080867046e-03,1.789695015923749907e+03,1.789934873736749296e+03,4.573243641212444005e-02,2.232091572665381718e-01,-4.903452192810556735e+05,1.732878177478224702e+00,1.701468917294320704e+00,3.882214453686223924e+07,3.833186213835410029e+07,1.000000000000000000e+00
1.527143132529349377e-03,1.792277272726794081e+03,1.792509176682963471e+03,4.574154189057418052e-02,2.233876500774237273e-01,-4.897849438258765149e+05,1.642433318070670722e+00,1.625349889086642907e+00,3.681216197542930394e+07,3.656599468225404620e+07,1.000000000000000000e+00
1.557432303977831708e-03,1.794741242806752552e+03,1.794944319090948738e+03,4.575025891306969128e-02,2.235576441267832226e-01,-4.892463794373907149e+05,1.558967805094586545e+00,1.545799036104133162e+00,3.493691523449843377e+07,3.481032697449316084e+07,1.000000000000000000e+00
1.587721475426314257e-03,1.797093974369359557e+03,1.797323162348307051e+03,4.575859918339252735e-02,2.237197517797476776e-01,-4.887296880535357632e+05,1.481701562686241314e+00,1.454158454518447385e+00,3.318526527321555838e+07,3.281810565648455545e+07,1.000000000000000000e+00
1.616182557140168497e-03,1.799209271854648478e+03,1.799440464082967537e+03,4.576610402121089605e-02,2.238653887657023611e-01,-4.882640414249538444e+05,1.414236195778702410e+00,1.387126296661887137e+00,3.164335299581737071e+07,3.130049114798723534e+07,1.000000000000000000e+00
1.644643638854022521e-03,1.801236969806206844e+03,1.801453759821913991e+03,4.577329688689297377e-02,2.240049435644722031e-01,-4.878174381178023759e+05,1.351198788886641466e+00,1.334668187617844781e+00,3.019430715326617658e+07,3.005565963997025043e+07,1.000000000000000000e+00
1.673104720567876545e-03,1.803181739149040368e+03,1.803385024372772023e+03,4.578018858906585109e-02,2.241387885442120420e-01,-4.873895392146725208e+05,1.292189812439720420e+00,1.271918043609313598e+00,2.883130910901661590e+07,2.866015305383982882e+07,1.000000000000000000e+00
1.701565802281730568e-03,1.805047932342192098e+03,1.805273715901502783e+03,4.578679000325559800e-02,2.242672624257763259e-01,-4.869799178657834418e+05,1.236853962123915629e+00,1.210306291678010959e+00,2.754811740369217843e+07,2.721315379326726869e+07,1.000000000000000000e+00
1.730026883995584592e-03,1.806839608722687672e+03,1.807065149969101185e+03,4.579311196777816062e-02,2.243906740942440692e-01,-4.865880816759087611e+05,1.184877121342043704e+00,1.161668503207116343e+00,2.633902650016207993e+07,2.604501977134895697e+07,1.000000000000000000e+00
1.758487965709438616e-03,1.808560557444036704e+03,1.808769912439742257e+03,4.579916520076372788e-02,2.245093058891220461e-01,-4.862134907862602267e+05,1.135983100174674298e+00,1.122729817864359880e+00,2.519882787222948670e+07,2.508646371681313962e+07,1.000000000000000000e+00
1.786949047423292639e-03,1.810214318177756468e+03,1.810406031579953833e+03,4.580496023697643027e-02,2.246234164314693804e-01,-4.858555722450315952e+05,1.089932129939229277e+00,1.078708991022816921e+00,2.412278247444737330e+07,2.404710135718194768e+07,1.000000000000000000e+00
1.815410129137146663e-03,1.811804199675201517e+03,1.812015414457027646e+03,4.581050738484668955e-02,2.247332430275957860e-01,-4.855137310320171528e+05,1.046523407485849599e+00,1.029755485443857532e+00,2.310661680591185763e+07,2.290014209608749300e+07,1.000000000000000000e+00
1.843996845244914515e-03,1.813339911365881335e+03,1.813566551677646657e+03,4.581583961681730266e-02,2.248394614952933523e-01,-4.851859512410648167e+05,1.005426595878150309e+00,9.836298001352695719e-01,2.214242826885559782e+07,2.182368632823576406e+07,1.000000000000000000e+00
1.872583561352682367e-03,1.814817238907793580e+03,1.815026415659429404e+03,4.582094192339365712e-02,2.249417814043748742e-01,-4.848731462978953496e+05,9.667683514637402942e-01,9.492105604589734513e-01,2.123168540444697067e+07,2.105440066376784444e+07,1.000000000000000000e+00
1.929756993568218070e-03,1.817605048326184715e+03,1.817793468300759969e+03,4.583048623603822730e-02,2.251352843784755198e-01,-4.842905032370057888e+05,8.943171563266182345e-01,8.788132302908796545e-01,1.954902322796341777e+07,1.944624851026118174e+07,1.000000000000000000e+00
1.986930425783753774e-03,1.820195821267702968e+03,1.820413757098645647e+03,4.583925693749636016e-02,2.253157327680172517e-01,-4.837587706604062114e+05,8.293845974718470071e-01,8.122889722835955340e-01,1.803744618622122332e+07,1.777805771592871845e+07,1.000000000000000000e+00
2.044103857999289477e-03,1.822607244193038468e+03,1.822794286656621125e+03,4.584732120070936223e-02,2.254843005651407939e-01,-4.832734373928140849e+05,7.707784450528101239e-01,7.565719458561451782e-01,1.667524975175034441e+07,1.661184321159928106e+07,1.000000000000000000e+00
2.105557163299196302e-03,1.825016696222608516e+03,1.825209677761524063e+03,4.585526999531812364e-02,2.256533821132820083e-01,-4.827988054241456557e+05,7.136982154125014466e-01,6.923750362125251634e-01,1.535638380325247906e+07,1.518643252887292020e+07,1.000000000000000000e+00
2.167010468599103127e-03,1.827255049404601777e+03,1.827455565497357384e+03,4.586254707008553116e-02,2.258110962020278556e-01,-4.823679096256697085e+05,6.621514367059950779e-01,6.384673952148163245e-01,1.417020997704655305e+07,1.395859659853782691e+07,1.000000000000000000e+00
2.228463773899009952e-03,1.829337603716351396e+03,1.829511702125593956e+03,4.586921464158179307e-02,2.259584260074106177e-01,-4.819764166869299952e+05,6.154408237784955160e-01,6.008016333133563425e-01,1.310057293425899185e+07,1.307162951986928843e+07,1.000000000000000000e+00
2.289917079198916777e-03,1.831277937657767552e+03,1.831469973928188438e+03,4.587532865292386075e-02,2.260962385574557254e-01,-4.816204114750609733e+05,5.730652745712507823e-01,5.531706551991451004e-01,1.213405475539501756e+07,1.196537585498860851e+07,1.000000000000000000e+00
2.362091248299030832e-03,1.833390600113199071e+03,1.833581299339584348e+03,4.588186695077685340e-02,2.262469183357567193e-01,-4.812430785739105195e+05,5.278129199503862612e-01,5.031171677476000692e-01,1.111317385811058059e+07,1.093279416548097134e+07,1.000000000000000000e+00
2.434265417399144454e-03,1.835342682055833620e+03,1.835512816784836559e+03,4.588779349722767187e-02,2.263867590786649564e-01,-4.809042855269254651e+05,4.871859855432166819e-01,4.576928185340136124e-01,1.020118774313488416e+07,1.007382517681062035e+07,1.000000000000000000e+00
2.506439586499258510e-03,1.837149386985340698e+03,1.837342345593574919e+03,4.589317188502543832e-02,2.265167305948546650e-01,-4.805996345393846277e+05,4.505697065821968050e-01,4.106639070238743972e-01,9.384062792220240459e+06,9.104876527453416958e+06,1.000000000000000000e+00
2.578613755599372566e-03,1.838824094828429907e+03,1.839009499787971208e+03,4.589805814995870370e-02,2.266376855001431823e-01,-4.803252577313093934e+05,4.176161714879649267e-01,3.837225825604915208e-01,8.650706296027570963e+06,8.438419905882779509e+06,1.000000000000000000e+00
2.677453224115658968e-03,1.840922518134883830e+03,1.841097130592529766e+03,4.590403256952403643e-02,2.267899089594508644e-01,-4.799930008057712112e+05,3.769357558500402439e-01,3.525909216719130823e-01,7.761225298655008897e+06,7.624331083464585245e+06,1.000000000000000000e+00
2.776292692631945370e-03,1.842826738667643667e+03,1.843022716356935916e+03,4.590931588053713541e-02,2.269287192450480384e-01,-4.797023298861461226e+05,3.413445868027461527e-01,3.235203768135163638e-01,6.986596414282782935e+06,6.807087920566938818e+06,1.000000000000000000e+00
2.875132161148231773e-03,1.844559319107929696e+03,1.844731448583323981e+03,4.591400081928945914e-02,2.270555891990635733e-01,-4.794471444427003153e+05,3.099523004972455920e-01,2.966944457708695637e-01,6.308639021854341030e+06,6.248174113054295070e+06,1.000000000000000000e+00
2.973971629664517741e-03,1.846139640349784486e+03,1.846322648530481501e+03,4.591816582263388152e-02,2.271717935440299985e-01,-4.792223491111316252e+05,2.821519856361620615e-01,2.621714990848550975e-01,5.712911874837270007e+06,5.569160650135074742e+06,1.000000000000000000e+00
3.072770003919425390e-03,1.847583849090476178e+03,1.847773209683191226e+03,4.592187599221093236e-02,2.272783988340327799e-01,-4.790237598786188755e+05,2.574617867194926024e-01,2.327204421547412472e-01,5.187724632464654744e+06,5.001622010146979243e+06,1.000000000000000000e+00
3.171568378174332604e-03,1.848907084848605564e+03,1.849079343029916799e+03,4.592518968518144451e-02,2.273764219633893913e-01,-4.788477115051290020e+05,2.354577693269492289e-01,2.187023896848517834e-01,4.722926737297791988e+06,4.639471621353019029e+06,1.000000000000000000e+00
3.270366752429240253e-03,1.850121908680109300e+03,1.850304295304172683e+03,4.592815513199009769e-02,2.274667097260944515e-01,-4.786912069092663005e+05,2.157929000975669365e-01,2.023934636447939639e-01,4.310246549007851630e+06,4.202702102976828814e+06,1.000000000000000000e+00
3.369165126684147901e-03,1.851239263848731980e+03,1.851433027895039231e+03,4.593081353064653455e-02,2.275500054247262538e-01,-4.785517230823710561e+05,1.981723808820452515e-01,1.892765322237031644e-01,3.942728211414790712e+06,3.824319104674426839e+06,1.000000000000000000e+00
3.467963500939055550e-03,1.852268706258267002e+03,1.852448880004232933e+03,4.593320010568578693e-02,2.276269625968962429e-01,-4.784271323597675655e+05,1.823447570875102453e-01,1.772405285109246442e-01,3.614496635040293913e+06,3.562769578345556278e+06,1.000000000000000000e+00
3.566761875193963198e-03,1.853218594521682235e+03,1.853395125040121002e+03,4.593534498275547717e-02,2.276981562973584561e-01,-4.783156375650095288e+05,1.680949817674254609e-01,1.632268802069405944e-01,3.320571073114456143e+06,3.274231183715947904e+06,1.000000000000000000e+00
3.665560249448870846e-03,1.854096246648244687e+03,1.854284607834153348e+03,4.593727392425101669e-02,2.277640922723309647e-01,-4.782157175589562394e+05,1.552407598524120080e-01,1.491265267988085563e-01,3.056725999588993378e+06,2.972202537244805600e+06,1.000000000000000000e+00
3.764358623703778495e-03,1.854908067947972313e+03,1.855099310256846820e+03,4.593900898524216903e-02,2.278252140792694225e-01,-4.781260786360565107e+05,1.436441095777966637e-01,1.349824901315150594e-01,2.819452187766559422e+06,2.716866015025626402e+06,1.000000000000000000e+00
3.880377479379528219e-03,1.855784486621286305e+03,1.855964739910941717e+03,4.594082331219455362e-02,2.278913352643415213e-01,-4.780325071457608137e+05,1.313721170369530067e-01,1.179411841635076563e-01,2.570313504892346915e+06,2.481905125472902320e+06,1.000000000000000000e+00
3.996396335055277943e-03,1.856586858847060739e+03,1.856766466477483391e+03,4.594242833681040639e-02,2.279519923751776589e-01,-4.779498146868615877e+05,1.205768543967958711e-01,1.043762269436351170e-01,2.349726448330350686e+06,2.245774828893082682e+06,1.000000000000000000e+00
4.228434046406776524e-03,1.857989519591070120e+03,1.858179551800410536e+03,4.594508195493605951e-02,2.280582572541165753e-01,-4.778127966717120726e+05,1.018840113574432382e-01,8.712224796849324382e-02,1.977154315198776312e+06,1.853616247770061251e+06,1.000000000000000000e+00
4.460471757758275105e-03,1.859188809476328061e+03,1.859367881850256026e+03,4.594723341613979328e-02,2.281494256797486631e-01,-4.777015091144335456e+05,8.679825872011889820e-02,8.318188541276880232e-02,1.676462315965807531e+06,1.636683426484158263e+06,1.000000000000000000e+00
4.692509469109774553e-03,1.860220253841952172e+03,1.860411806414342891e+03,4.594899217427236837e-02,2.282280560933780678e-01,-4.776100907229550648e+05,7.440071688515534354e-02,6.761251738589195426e-02,1.431015099910883466e+06,1.344199822225116892e+06,1.000000000000000000e+00
4.924547180461273134e-03,1.861111989171495452e+03,1.861296000281654415e+03,4.595044010653292349e-02,2.282961947913719758e-01,-4.775342408521096222e+05,6.412567974642724433e-02,5.641029468938506958e-02,1.228864300986024784e+06,1.160541904462378239e+06,1.000000000000000000e+00
5.156584891812771715e-03,1.861886504452083727e+03,1.862069932520838847e+03,4.595163945791497923e-02,2.283554916588150796e-01,-4.774707596992447507e+05,5.554632278546457747e-02,4.662795892163761058e-02,1.061014392486758297e+06,9.883828122474246193e+05,1.000000000000000000e+00
5.388622603164271163e-03,1.862561911070334418e+03,1.862754389936293592e+03,4.595263800343057925e-02,2.284072849877454292e-01,-4.774172399815751705e+05,4.833433670490117767e-02,3.744847600555022138e-02,9.206131493644841248e+05,8.183851815647010226e+05,1.000000000000000000e+00
5.620660314515769744e-03,1.863152874309963408e+03,1.863339340109054774e+03,4.595347261384821747e-02,2.284526643325517636e-01,-4.773718568440380041e+05,4.223943666692982213e-02,3.377220760929981053e-02,8.024149295171438716e+05,7.284221600839246530e+05,1.000000000000000000e+00
5.874605226283687726e-03,1.863716480441098383e+03,1.863900327325481612e+03,4.595423113350853572e-02,2.284959905287652915e-01,-4.773299010979351588e+05,3.660122846353471709e-02,2.968314399888518848e-02,6.936791268476746045e+05,6.334010805025966838e+05,1.000000000000000000e+00
6.128550138051606574e-03,1.864207171599308822e+03,1.864397642643658401e+03,4.595486094831372631e-02,2.285337539850222366e-01,-4.772944098734629806e+05,3.184963540895210943e-02,2.497378349856119173e-02,6.023118583833837183e+05,5.296547592003116151e+05,1.000000000000000000e+00
6.382495049819525423e-03,1.864635221382706050e+03,1.864826176802233931e+03,4.595538389995295486e-02,2.285667284983338154e-01,-4.772643589829809498e+05,2.782078081945362977e-02,2.168213785064307050e-02,5.251056672167432262e+05,4.562660202825666056e+05,1.000000000000000000e+00
6.636439961587444272e-03,1.865008808646756506e+03,1.865195929881041820e+03,4.595581599860711075e-02,2.285955297912554696e-01,-4.772390311208630446e+05,2.441184820542273773e-02,1.945470782266230450e-02,4.597006962738998118e+05,4.057398229989274405e+05,1.000000000000000000e+00
7.144329785123281970e-03,1.865611365880894709e+03,1.865801291940278816e+03,4.595644691738555443e-02,2.286419826730519134e-01,-4.772008806926573161e+05,1.900205759658103039e-02,1.491662071189507437e-02,3.571712201412643772e+05,3.018347837834387319e+05,1.000000000000000000e+00
7.652219608659118801e-03,1.866085415052833696e+03,1.866275306683008012e+03,4.595690919854455991e-02,2.286785761287843388e-01,-4.771718710204511881e+05,1.493326609873535556e-02,1.157901381872175964e-02,2.800387251930750208e+05,2.291002879409369780e+05,1.000000000000000000e+00
8.160123708451996749e-03,1.866460329466421626e+03,1.866648310367751037e+03,4.595725162679117903e-02,2.287075442539752701e-01,-4.771495759963451419e+05,1.181861242447066612e-02,9.019875480641269955e-03,2.212086285602578428e+05,1.780765132532299613e+05,1.000000000000000000e+00
8.668027808244873830e-03,1.866757383728547438e+03,1.866948902632778527e+03,4.595750398536636860e-02,2.287305137290189805e-01,-4.771325393372797407e+05,9.418562641720040068e-03,6.291593222161103588e-03,1.759428423342744354e+05,1.248793451206423924e+05,1.000000000000000000e+00
9.683836007830627993e-03,1.867162491344098271e+03,1.867351612309392976e+03,4.595779746601214022e-02,2.287618413424900576e-01,-4.771119497068866622e+05,6.189179058209428111e-03,3.692740185656608488e-03,1.154667138693364104e+05,7.230913166670716600e+04,1.000000000000000000e+00
1.069964420743912958e-02,1.867431583974449950e+03,1.867623114507039418e+03,4.595797810647947457e-02,2.287826747011888484e-01,-4.770987156016782392e+05,4.110618122219623222e-03,1.431510489598800725e-03,7.655891957014710351e+04,2.810353972783294012e+04,1.000000000000000000e+00
1.171545240704763118e-02,1.867611469248679896e+03,1.867800966097554692e+03,4.595808966991782318e-02,2.287966127503701930e-01,-4.770902294904470909e+05,2.745966977808380130e-03,2.322380598321511504e-04,5.106966196394451254e+04,4.429556325178227780e+03,1.000000000000000000e+00
1.374706880626443140e-02,1.867794983678648350e+03,nan,4.595818256416617925e-02,2.288108482079375672e-01,-4.770829842466425616e+05,1.355991380849038471e-03,nan,2.518622094589612243e+04,nan,0.000000000000000000e+00
1.577868520548088641e-02,1.867886064381086271e+03,nan,4.595822718400269236e-02,2.288179311813058336e-01,-4.770794273121147417e+05,6.744888671106148616e-04,nan,1.249826771512018240e+04,nan,0.000000000000000000e+00
1.781030160469790347e-02,1.867931338753431874e+03,nan,4.595824910206753461e-02,2.288214665026553352e-01,-4.770776602752287872e+05,3.366258507734013372e-04,nan,6.214197867566471359e+03,nan,0.000000000000000000e+00
1.984191800391492053e-02,1.867953795902959200e+03,nan,4.595825997368288562e-02,2.288232340402032716e-01,-4.770767784074386582e+05,1.682917983680561188e-04,nan,3.084778418819883427e+03,nan,0.000000000000000000e+00
2.187353440313193759e-02,1.867964859897531824e+03,nan,4.595826539898717478e-02,2.288241187326091053e-01,-4.770763366222463083e+05,8.422452280952647734e-05,nan,1.522272823289175903e+03,nan,0.000000000000000000e+00
2.390515080234894771e-02,1.867970232069985741e+03,nan,4.595826814398774884e-02,2.288245621614206915e-01,-4.770761113959662616e+05,4.220654794839964849e-05,nan,7.413905043442132410e+02,nan,0.000000000000000000e+00
2.593676720156596824e-02,1.867972769576236715e+03,nan,4.595826964543336252e-02,2.288247849242794896e-01,-4.770759833039601799e+05,2.129163678479760436e-05,nan,3.526878201578008429e+02,nan,0.000000000000000000e+00
2.796838360078298183e-02,1.867973889119293062e+03,nan,4.595827071010251397e-02,2.288248931863933744e-01,-4.770758816446829587e+05,1.153436118078478391e-05,nan,1.711756909262901161e+02,nan,0.000000000000000000e+00
2.999999999999999889e-02,1.867973889119293062e+03,nan,4.595827071010251397e-02,2.288248931863933744e-01,-4.770758816446827259e+05,1.153436118069340430e-05,nan,1.711756909263178272e+02,nan,0.000000000000000000e+00
