z,T,fgm_T,Z,C,h,omega_C,fgm_omega_C,qdot,fgm_qdot,covered
0.000000000000000000e+00,3.000000000000000000e+02,3.000574083107953811e+02,6.701627471730790819e-02,7.424471021659365122e-02,-1.000602761703058495e+06,1.192042458694570495e-05,1.298512133302844821e-05,5.998518031789795714e+03,6.127520692137796686e+03,1.000000000000000000e+00
5.402095828350013522e-06,3.032888294019966793e+02,3.033456945078325475e+02,6.701441260802061539e-02,7.466477885776240386e-02,-1.000756189724895754e+06,1.191160704113741250e-05,1.297580174814180974e-05,5.765663560193952435e+03,5.893498281938154832e+03,1.000000000000000000e+00
1.080419165670002704e-05,3.065651417450082477e+02,3.066216235150805574e+02,6.701261913680622850e-02,7.508319614398374642e-02,-1.000903110946048866e+06,1.190198493124284372e-05,1.296616978760703319e-05,5.555718071870333915e+03,5.679848004912251781e+03,1.000000000000000000e+00
1.620628748505004141e-05,3.098291928620774911e+02,3.098872628031239174e+02,6.701089277890129314e-02,7.550001658843508157e-02,-1.001043795868331101e+06,1.189045958211645268e-05,1.295306598420528349e-05,5.365643278235820617e+03,5.479705081014763891e+03,1.000000000000000000e+00
2.160838331340005409e-05,3.130812308448322483e+02,3.131379574049591383e+02,6.700923207712551621e-02,7.591529244339606519e-02,-1.001178500872687902e+06,1.188779725170292491e-05,1.294975303304711819e-05,5.193218410898593902e+03,5.308721873879870145e+03,1.000000000000000000e+00
2.701047914175006676e-05,3.163214963897088978e+02,3.163781894845779448e+02,6.700763563785837318e-02,7.632907382508613559e-02,-1.001307469083323260e+06,1.190147943933003194e-05,1.296185496065350924e-05,5.036602432790428793e+03,5.148060143751022224e+03,1.000000000000000000e+00
3.241257497010008282e-05,3.195502231208722037e+02,3.196075442574432373e+02,6.700610212731125670e-02,7.674140882993182866e-02,-1.001430931172236218e+06,1.193646726896952518e-05,1.299450523388329070e-05,4.894210338166175461e+03,5.000847447891770571e+03,1.000000000000000000e+00
3.781467079845009889e-05,3.227676378921966602e+02,3.228251572606357058e+02,6.700463026807049194e-02,7.715234364296581770e-02,-1.001549106108533219e+06,1.199596639027142181e-05,1.305160892146628504e-05,4.764658237134744923e+03,4.867868606658045792e+03,1.000000000000000000e+00
4.321676662680010817e-05,3.259739610703175003e+02,3.260312211432363938e+02,6.700321883588722383e-02,7.756192263899384931e-02,-1.001662201856640284e+06,1.208198041626701931e-05,1.313461538036669993e-05,4.646730512305710363e+03,4.747696806507893598e+03,1.000000000000000000e+00
4.861886245515011746e-05,3.291694068004928795e+02,3.292260183188675455e+02,6.700186665669422004e-02,7.797018847710507350e-02,-1.001770416027195519e+06,1.219570452453537975e-05,1.324229333388361259e-05,4.539355807694654686e+03,4.638703917804032244e+03,1.000000000000000000e+00
5.402095828350013352e-05,3.323541832568022869e+02,3.324126539398879459e+02,6.700057260382982771e-02,7.837718218904819734e-02,-1.001873936484148609e+06,1.233780390820918076e-05,1.338880900162003952e-05,4.441587670498061925e+03,4.536360863227586378e+03,1.000000000000000000e+00
5.942305411185014959e-05,3.355284928780237124e+02,3.355896784407843256e+02,6.699933559545251383e-02,7.878294326194905384e-02,-1.001972941911294474e+06,1.250860976990201570e-05,1.358114348948008300e-05,4.352588308487564973e+03,4.439466303893845179e+03,1.000000000000000000e+00
6.482514994020016565e-05,3.386925325903758903e+02,3.387522412928250333e+02,6.699815459212996038e-02,7.918750971580060249e-02,-1.002067602341224672e+06,1.270825645118797402e-05,1.377872701929885077e-05,4.271614746811019359e+03,4.359588042734287228e+03,1.000000000000000000e+00
7.022724576855018171e-05,3.418464940181793281e+02,3.419041650072030620e+02,6.699702859458933624e-02,7.959091817612087838e-02,-1.002158079649458756e+06,1.293677667001552509e-05,1.399359216999387036e-05,4.198006952262358027e+03,4.286919325356632726e+03,1.000000000000000000e+00
7.562934159690019777e-05,3.449905636833735798e+02,3.450507533721060440e+02,6.699595664161528408e-02,7.999320394213668695e-02,-1.002244528016276890e+06,1.319416705390955377e-05,1.426822618968246721e-05,4.131177611792230891e+03,4.216292422905985404e+03,1.000000000000000000e+00
8.103143742525020028e-05,3.481249231947286376e+02,3.481858921227053543e+02,6.699493780808443710e-02,8.039440105082279464e-02,-1.002327094358606730e+06,1.348043270083737949e-05,1.458696175009492339e-05,4.070603315821042088e+03,4.152607352253457066e+03,1.000000000000000000e+00
8.643353325360021635e-05,3.512497494275019108e+02,3.513079382097868688e+02,6.699397120312598763e-02,8.079454233709616739e-02,-1.002405918734111707e+06,1.379561700891972316e-05,1.487434763369398376e-05,4.015816939644499598e+03,4.099232719710692436e+03,1.000000000000000000e+00
9.183562908195023241e-05,3.543652146942164336e+02,3.544272928445626007e+02,6.699305596839853771e-02,8.119365949044091146e-02,-1.002481134719475638e+06,1.413982122397545429e-05,1.526881302694597556e-05,3.966401048922154587e+03,4.045145996846539674e+03,1.000000000000000000e+00
9.723772491030023492e-05,3.574714869071700605e+02,3.575320787470060395e+02,6.699219127647447480e-02,8.159178310821593727e-02,-1.002552869764718926e+06,1.451321687497881627e-05,1.564834059391019528e-05,3.921982181960514481e+03,4.000997067583182343e+03,1.000000000000000000e+00
1.026398207386502510e-04,3.605687297332272010e+02,3.606288021102711809e+02,6.699137632932400388e-02,8.198894274587736897e-02,-1.002621245525239734e+06,1.491605334169168567e-05,1.603576419890897202e-05,3.882225883834832530e+03,3.960549803643054929e+03,1.000000000000000000e+00
1.080419165670002670e-04,3.636571027413952493e+02,3.637196941829825505e+02,6.699061035689145294e-02,8.238516696432796049e-02,-1.002686378173143486e+06,1.534866215077233250e-05,1.654596238474062653e-05,3.846832386138672064e+03,3.922568644047431917e+03,1.000000000000000000e+00
1.134440123953502831e-04,3.667367615436403980e+02,3.667953743488194505e+02,6.698989261575716281e-02,8.278048337459012473e-02,-1.002748378689316218e+06,1.581145911881259034e-05,1.694905821343663108e-05,3.815532842063054886e+03,3.892611313226168022e+03,1.000000000000000000e+00
1.188461082237002992e-04,3.698078579293599546e+02,3.698720155410754842e+02,6.698922238787900774e-02,8.317491867998219601e-02,-1.002807353137555183e+06,1.630494513404283529e-05,1.756904466275847424e-05,3.788086039987419554e+03,3.861636171479334280e+03,1.000000000000000000e+00
1.242482040520503017e-04,3.728705399938934306e+02,3.729300468750066671e+02,6.698859897940752373e-02,8.356849871596479240e-02,-1.002863402922015288e+06,1.682970612175109509e-05,1.802196638142325761e-05,3.764275530028598041e+03,3.839479783328156373e+03,1.000000000000000000e+00
1.296502998804003313e-04,3.759249522614206853e+02,3.759902603899405449e+02,6.698802171956998175e-02,8.396124848781036376e-02,-1.002916625029104645e+06,1.738641258162509326e-05,1.871880045635936749e-05,3.743907107811838159e+03,3.816087545114583918e+03,1.000000000000000000e+00
1.350523957087503609e-04,3.789712358025706180e+02,3.790314031484971338e+02,6.698748995961824326e-02,8.435319220623779812e-02,-1.002967112254871638e+06,1.797581894908571035e-05,1.922174104593552316e-05,3.726806607586613154e+03,3.800533501687866192e+03,1.000000000000000000e+00
1.404544915371003634e-04,3.820095283470365075e+02,3.820754975582730708e+02,6.698700307183638736e-02,8.474435332114302333e-02,-1.003014953418885125e+06,1.859876296463873360e-05,2.000060087557817398e-05,3.712817964074255997e+03,3.784394819907459805e+03,1.000000000000000000e+00
1.458565873654503659e-04,3.850399643914735179e+02,3.851003849953614235e+02,6.698656044860368253e-02,8.513475455354707622e-02,-1.003060233565493836e+06,1.925616516388404100e-05,2.055063503054607667e-05,3.701801507939051135e+03,3.774419879364858389e+03,1.000000000000000000e+00
1.512586831938003955e-04,3.880626753029318934e+02,3.881287920565713989e+02,6.698616150150973891e-02,8.552441792587352209e-02,-1.003103034153315471e+06,1.994902856508839307e-05,2.141966799587191383e-05,3.693632465022823908e+03,3.765197492510808388e+03,1.000000000000000000e+00
1.566607790221503981e-04,3.910777894180620819e+02,3.911380654071523963e+02,6.698580566051778873e-02,8.591336479065993237e-02,-1.003143433233720134e+06,2.067843860155575423e-05,2.201234036115995996e-05,3.688199633516860558e+03,3.759887657634430070e+03,1.000000000000000000e+00
1.620628748505004006e-04,3.940854321383125125e+02,3.941512134001368963e+02,6.698549237317338867e-02,8.630161585779938527e-02,-1.003181505619047908e+06,2.144556332483459646e-05,2.298075761720752238e-05,3.685404216931844076e+03,3.757283787320325700e+03,1.000000000000000000e+00
1.674649706788504302e-04,3.970857260213231257e+02,3.971472096405411207e+02,6.698522110385556061e-02,8.668919122040213976e-02,-1.003217323041212861e+06,2.225165389629489660e-05,2.366143456336560426e-05,3.685158793790764321e+03,3.756294950456282095e+03,1.000000000000000000e+00
1.728670665072004327e-04,4.000787908687065055e+02,4.001437978822735886e+02,6.698499133306756725e-02,8.707611037936061060e-02,-1.003250954301316640e+06,2.309804536729514069e-05,2.468883132980732265e-05,3.687386407489754220e+03,3.759650345386873596e+03,1.000000000000000000e+00
1.782691623355504352e-04,4.030647438103958393e+02,4.031287097380865134e+02,6.698480255676460271e-02,8.746239226669524913e-02,-1.003282465410857345e+06,2.398615775602217751e-05,2.551059119976211039e-05,3.692019762181242186e+03,3.763093243291723411e+03,1.000000000000000000e+00
1.836712581639004648e-04,4.060436993857251764e+02,4.061075992310742322e+02,6.698465428571662161e-02,8.784805526775328610e-02,-1.003311919725058018e+06,2.491749741049606443e-05,2.654603660413966116e-05,3.699000512215511208e+03,3.771319344503315278e+03,1.000000000000000000e+00
1.890733539922504673e-04,4.090157696214005796e+02,4.090829028228257584e+02,6.698454604490387820e-02,8.823311724232796305e-02,-1.003339378068828024e+06,2.589365866063356319e-05,2.762080450367049585e-05,3.708278634534347475e+03,3.780495363316246312e+03,1.000000000000000000e+00
1.944754498206004698e-04,4.119810641065085974e+02,4.120436107727118156e+02,6.698447737294269122e-02,8.861759554476034140e-02,-1.003364898855792242e+06,2.691632574817962511e-05,2.855481123456374157e-05,3.719811874678305230e+03,3.791536133975782377e+03,1.000000000000000000e+00
1.998775456489504995e-04,4.149396900647004145e+02,4.150077980946264802e+02,6.698444782154057420e-02,8.900150704308248950e-02,-1.003388538200860028e+06,2.798727503450466008e-05,2.989202038166295192e-05,3.733565258310211448e+03,3.807700918300805824e+03,1.000000000000000000e+00
2.052796414773005020e-04,4.178917524236820213e+02,4.179549197669322211e+02,6.698445695497810826e-02,8.938486813725657343e-02,-1.003410350026688073e+06,2.910837748274143177e-05,3.080829543389670733e-05,3.749510661312922366e+03,3.821041425149425777e+03,1.000000000000000000e+00
2.106817373056505045e-04,4.208373538821342095e+02,4.209033352445885612e+02,6.698450434961644717e-02,8.976769477656053320e-02,-1.003430386164456606e+06,3.028160140541630887e-05,3.221356158632213466e-05,3.767626432184508758e+03,3.842307342290775523e+03,1.000000000000000000e+00
2.160838331340005341e-04,4.237765949741763620e+02,4.238440828601300723e+02,6.698458959342876162e-02,9.015000247616822282e-02,-1.003448696449269308e+06,3.150901548067844504e-05,3.345303188296499749e-05,3.787897061487275096e+03,3.861881004825601394e+03,1.000000000000000000e+00
2.214859289623505637e-04,4.267095741314852830e+02,4.267733274158168797e+02,6.698471228555422097e-02,9.053180633296854796e-02,-1.003465328810522915e+06,3.279279203677869264e-05,3.470324275670098809e-05,3.810312893663415707e+03,3.884232599349854354e+03,1.000000000000000000e+00
2.268880247907005662e-04,4.296363877431714968e+02,4.297056883724084742e+02,6.698487203587338845e-02,9.091312104066501254e-02,-1.003480329357543727e+06,3.413521060206390256e-05,3.636909158658181446e-05,3.834869877113724669e+03,3.912819220715086885e+03,1.000000000000000000e+00
2.322901206190505687e-04,4.325571302135110727e+02,4.326219928437996032e+02,6.698506846460357267e-02,9.129396090419503174e-02,-1.003493742460777052e+06,3.553866172302423964e-05,3.751938156480489635e-05,3.861569348952944893e+03,3.935414537926601952e+03,1.000000000000000000e+00
2.376922164474005983e-04,4.354718940176259707e+02,4.355383222318744743e+02,6.698530120191314996e-02,9.167433985350539882e-02,-1.003505610828777542e+06,3.700565105433112226e-05,3.922550928848943740e-05,3.890417851355286530e+03,3.968184145610834094e+03,1.000000000000000000e+00
2.430943122757506009e-04,4.383807697551999922e+02,4.384510667310108829e+02,6.698556988755383079e-02,9.205427145671835065e-02,-1.003515975581272389e+06,3.853880372464855086e-05,4.096335122769859132e-05,3.921426976742202896e+03,4.001658197281469711e+03,1.000000000000000000e+00
2.484964081041006034e-04,4.412838462023144643e+02,4.413473730585222370e+02,6.698587417050955173e-02,9.243376893272019224e-02,-1.003524876318501891e+06,4.014086898241966419e-05,4.226727822195149313e-05,3.954613239431597322e+03,4.030314927925942811e+03,1.000000000000000000e+00
2.538985039324506330e-04,4.441812103614819307e+02,4.442499061592631051e+02,6.698621370866174318e-02,9.281284516320301159e-02,-1.003532351187078166e+06,4.181472512986548519e-05,4.436565647085267348e-05,3.989997971629343738e+03,4.072447788687213233e+03,1.000000000000000000e+00
2.593005997608006626e-04,4.470729475099534511e+02,4.471418578880304722e+02,6.698658816846926600e-02,9.319151270418750410e-02,-1.003538436942529399e+06,4.356338475139564972e-05,4.599766508126664421e-05,4.027607242007688455e+03,4.107245976301658629e+03,1.000000000000000000e+00
2.647026955891506922e-04,4.499591412463704501e+02,4.500244458131705301e+02,6.698699722466293360e-02,9.356978379705391258e-02,-1.003543169008759898e+06,4.539000024460995307e-05,4.783193671660080048e-05,4.067471795175551051e+03,4.147679780998887509e+03,1.000000000000000000e+00
2.701047914175007218e-04,4.528398735358290992e+02,4.529105167397551099e+02,6.698744055995321800e-02,9.394767037910593810e-02,-1.003546581534565659e+06,4.729786966624083413e-05,5.019381296763188546e-05,4.109627010805257669e+03,4.197175879762990007e+03,1.000000000000000000e+00
2.755068872458506972e-04,4.557152247534217508e+02,4.557832106520212392e+02,6.698791786475112586e-02,9.432518409369128332e-02,-1.003548707447389490e+06,4.929044290273663226e-05,5.189089435516876686e-05,4.154112881090028168e+03,4.235987790334696001e+03,1.000000000000000000e+00
2.809089830742007268e-04,4.585852737263167000e+02,4.586519868596273000e+02,6.698842883690082906e-02,9.470233629990121305e-02,-1.003549578504467150e+06,5.137132817444202128e-05,5.414264418673537176e-05,4.200974005529432361e+03,4.286183158057640867e+03,1.000000000000000000e+00
2.863110789025507565e-04,4.614500977744344254e+02,4.615222240630600936e+02,6.698897318142400803e-02,9.507913808186954641e-02,-1.003549225341509562e+06,5.354429889408388206e-05,5.681043728396366403e-05,4.250259602254643141e+03,4.343717151427798854e+03,1.000000000000000000e+00
2.917131747309007319e-04,4.643097727497771530e+02,4.643773858530266807e+02,6.698955061027497826e-02,9.545560025769160573e-02,-1.003547677519056131e+06,5.581330088396774074e-05,5.864087484194110538e-05,4.302023534952445516e+03,4.387330409167276230e+03,1.000000000000000000e+00
2.971152705592507615e-04,4.671643730744632990e+02,4.672321063524390752e+02,6.699016084210621114e-02,9.583173338798092744e-02,-1.003544963566621416e+06,5.818245997667343560e-05,6.129573506250474894e-05,4.356324354941884849e+03,4.446980752438264972e+03,1.000000000000000000e+00
3.025173663876007911e-04,4.700139717775186341e+02,4.700871693345384301e+02,6.699080360204356932e-02,9.620754778408159569e-02,-1.003541111024766695e+06,6.065609000887954414e-05,6.431135338043553803e-05,4.413225357721099499e+03,4.513100025038644162e+03,1.000000000000000000e+00
3.079194622159507665e-04,4.728586405304717459e+02,4.729265041383751509e+02,6.699147862147093735e-02,9.658305351595311561e-02,-1.003536146485207370e+06,6.323870123047773024e-05,6.633951778814080357e-05,4.472794653657523668e+03,4.562307273807661659e+03,1.000000000000000000e+00
3.133215580443007961e-04,4.756984496818005823e+02,4.757668659150251074e+02,6.699218563782372016e-02,9.695826041974256460e-02,-1.003530095629040850e+06,6.593500914618515008e-05,6.939214235008183838e-05,4.535105252374180054e+03,4.631300874177368314e+03,1.000000000000000000e+00
3.187236538726508257e-04,4.785334682902731629e+02,4.786073235690472529e+02,6.699292439439058500e-02,9.733317810505981438e-02,-1.003522983263231232e+06,6.874994380818629663e-05,7.281206338441165854e-05,4.600235160657494816e+03,4.706970312764531627e+03,1.000000000000000000e+00
3.241257497010008011e-04,4.813637641572256030e+02,4.814324674350613122e+02,6.699369464012336350e-02,9.770781596196873031e-02,-1.003514833355407813e+06,7.168865958513573160e-05,7.512119862233730151e-05,4.668267493572386229e+03,4.763035286793739942e+03,1.000000000000000000e+00
3.295278455293508308e-04,4.841894038578165578e+02,4.842581644355950061e+02,6.699449612945448940e-02,9.808218316770869749e-02,-1.003505669067095499e+06,7.475654542582009629e-05,7.855187192666815573e-05,4.739290598810078336e+03,4.840959261743550996e+03,1.000000000000000000e+00
3.349299413577008604e-04,4.870104527712975369e+02,4.870845641578106324e+02,6.699532862212170814e-02,9.845628869315775633e-02,-1.003495512785430532e+06,7.795923564389163726e-05,8.244241585450151762e-05,4.813398193984076897e+03,4.927334287338656395e+03,1.000000000000000000e+00
3.403320371860508358e-04,4.898269751103346152e+02,4.898970761851934981e+02,6.699619188299951733e-02,9.883014130905004579e-02,-1.003484386153466883e+06,8.130262125155967863e-05,8.513949637302644833e-05,4.890689517104975494e+03,4.992069993985529436e+03,1.000000000000000000e+00
3.457341330144008654e-04,4.926390339494178647e+02,4.927078038560895266e+02,6.699708568193736558e-02,9.920374959195840670e-02,-1.003472310099133523e+06,8.479286186255888421e-05,8.890803332716837337e-05,4.971269490057204166e+03,5.078095528550580639e+03,1.000000000000000000e+00
3.511362288427508950e-04,4.954466912523913038e+02,4.955206719760211627e+02,6.699800979360405473e-02,9.957712193005249790e-02,-1.003459304862902733e+06,8.843639819765389178e-05,9.334712875019167313e-05,5.055248895302605888e+03,5.176552790189334701e+03,1.000000000000000000e+00
3.565383246711008704e-04,4.982500078991354826e+02,4.983220649868907799e+02,6.699896399733790142e-02,9.995026652864300032e-02,-1.003445390024260851e+06,9.223996522086296218e-05,9.656645540438315949e-05,5.142744565845358011e+03,5.252332899242790518e+03,1.000000000000000000e+00
3.619404204994509000e-04,5.010490437114343081e+02,5.011174753434477793e+02,6.699994807700285215e-02,1.003231914155209431e-01,-1.003430584527009632e+06,9.621060594165273152e-05,1.006130718558045440e-04,5.233879588751336087e+03,5.345345208773982449e+03,1.000000000000000000e+00
3.673425163278009296e-04,5.038438574780541899e+02,5.039173177246882460e+02,6.700096182084980256e-02,1.006959044461013808e-01,-1.003414906703488436e+06,1.003556859069757725e-04,1.056923410988183025e-04,5.328783522322500176e+03,5.457517635028346376e+03,1.000000000000000000e+00
3.727446121561509050e-04,5.066345069790652929e+02,5.067088593348686345e+02,6.700200502138313474e-02,1.010684133083798869e-01,-1.003398374297746224e+06,1.046829084250345350e-04,1.098316825339174045e-04,5.427592627191933389e+03,5.551961988083396136e+03,1.000000000000000000e+00
3.781467079845009347e-04,5.094210490094307602e+02,5.094889041803803593e+02,6.700307747523222279e-02,1.014407255277102182e-01,-1.003381004487732309e+06,1.092003305588568963e-04,1.138125986422757526e-04,5.530450111761992957e+03,5.645002977751206345e+03,1.000000000000000000e+00
3.835488038128509643e-04,5.122035394018898842e+02,5.122762066535534586e+02,6.700417898302760134e-02,1.018128484714104498e-01,-1.003362813906541094e+06,1.139163799210498999e-04,1.196398301193347464e-04,5.637506392076415977e+03,5.772820262246020320e+03,1.000000000000000000e+00
3.889508996412009397e-04,5.149820330491611458e+02,5.150590869167722303e+02,6.700530934928158877e-02,1.021847893532052132e-01,-1.003343818662777310e+06,1.188398723129121756e-04,1.252138356071607445e-04,5.748919366740466103e+03,5.895841123249304474e+03,1.000000000000000000e+00
3.943529954695509693e-04,5.177565839254876892e+02,5.178264835385758715e+02,6.700646838227325430e-02,1.025565552375110184e-01,-1.003324034360051854e+06,1.239800302517195751e-04,1.291538196425643932e-04,5.864854706998712572e+03,5.988924522305201208e+03,1.000000000000000000e+00
3.997550912979009989e-04,5.205272451075479694e+02,5.205988800479495922e+02,6.700765589393749277e-02,1.029281530435710440e-01,-1.003303476115689031e+06,1.293465024275821957e-04,1.353786557189034275e-04,5.985486162645662262e+03,6.125783510279584334e+03,1.000000000000000000e+00
4.051571871262509743e-04,5.232940687947549350e+02,5.233709585971201932e+02,6.700887169975787427e-02,1.032995895494458749e-01,-1.003282158578653121e+06,1.349493841352392273e-04,1.420828946601958341e-04,6.110995883978303937e+03,6.271600857504111445e+03,1.000000000000000000e+00
4.105592829546010039e-04,5.260571063289636413e+02,5.261305293476008274e+02,6.701011561866346278e-02,1.036708713958659628e-01,-1.003260095946746645e+06,1.407992387336584573e-04,1.467957866047975670e-04,6.241574760437673831e+03,6.379950215919960101e+03,1.000000000000000000e+00
4.159613787829510335e-04,5.288164082136064508e+02,5.288867632804943923e+02,6.701138747292895159e-02,1.040420050899518722e-01,-1.003237301983107696e+06,1.469071201722456572e-04,1.531284063124711782e-04,6.377422776204623005e+03,6.520489954794136793e+03,1.000000000000000000e+00
4.213634746113010089e-04,5.315720241322782158e+02,5.316472837532735412e+02,6.701268708807849028e-02,1.044129970088072956e-01,-1.003213790032053599e+06,1.532845966513882944e-04,1.608869885973248834e-04,6.518749383509266409e+03,6.687735694758375757e+03,1.000000000000000000e+00
4.267655704396510386e-04,5.343240029667858835e+02,5.344010593073925293e+02,6.701401429279253696e-02,1.047838534029902069e-01,-1.003189573034271598e+06,1.599437754587925396e-04,1.675355907352230414e-04,6.665773893892253909e+03,6.833829974535359725e+03,1.000000000000000000e+00
4.321676662680010682e-04,5.370723928146845765e+02,5.371422094866966290e+02,6.701536891881799962e-02,1.051545803998671508e-01,-1.003164663541431306e+06,1.668973290445758455e-04,1.733049085057643453e-04,6.818725888219742956e+03,6.964506083887928071e+03,1.000000000000000000e+00
4.375697620963510978e-04,5.398172410063136795e+02,5.398907392547387190e+02,6.701675080088134728e-02,1.055251840068551772e-01,-1.003139073730200296e+06,1.741585223923319695e-04,1.820753928595555634e-04,6.977845645713986414e+03,7.152042927949132718e+03,1.000000000000000000e+00
4.429718579247011274e-04,5.425585941213513479e+02,5.426373444394079115e+02,6.701815977660451062e-02,1.058956701145558066e-01,-1.003112815415724530e+06,1.817412417496383676e-04,1.910489020596309621e-04,7.143384592775563760e+03,7.343378494474527542e+03,1.000000000000000000e+00
4.483739537530511028e-04,5.452964980049031283e+02,5.453707682219387607e+02,6.701959568642362752e-02,1.062660444997857723e-01,-1.003085900064579328e+06,1.896600247827572505e-04,1.972448745352240883e-04,7.315605772053953842e+03,7.482303529794786300e+03,1.000000000000000000e+00
4.537760495814011324e-04,5.480309977831391279e+02,5.481026300124279942e+02,6.702105837351041151e-02,1.066363128285078010e-01,-1.003058338807224995e+06,1.979300922181103154e-04,2.059087836772910103e-04,7.494784332234251451e+03,7.669268231298092360e+03,1.000000000000000000e+00
4.591781454097511620e-04,5.507621378784937178e+02,5.508386427649728603e+02,6.702254768369594884e-02,1.070064806586660533e-01,-1.003030142449983279e+06,2.065673810506811372e-04,2.163385166524563598e-04,7.681208039338585877e+03,7.889219293833713891e+03,1.000000000000000000e+00
4.645802412381011375e-04,5.534899620244448215e+02,5.535687787455239004e+02,6.702406346539700743e-02,1.073765534429293456e-01,-1.003001321486557717e+06,2.155885793820157899e-04,2.255202896855812639e-04,7.875177809748889558e+03,8.085447766731896081e+03,1.000000000000000000e+00
4.699823370664511671e-04,5.562145132798815439e+02,5.562861920043817463e+02,6.702560556954464954e-02,1.077465365313461931e-01,-1.002971886109127430e+06,2.250111629788459724e-04,2.332368798850240272e-04,8.077008265804917755e+03,8.255127709381040404e+03,1.000000000000000000e+00
4.753844328948011967e-04,5.589358340430773069e+02,5.590100008246154175e+02,6.702717384951492607e-02,1.081164351739144491e-01,-1.002941846219017170e+06,2.348534336242177325e-04,2.448152651164440499e-04,8.287028314254650468e+03,8.497852849777029405e+03,1.000000000000000000e+00
4.807865287231511721e-04,5.616539660652784960e+02,5.617332190080928740e+02,6.702876816106197178e-02,1.084862545230693143e-01,-1.002911211436976329e+06,2.451345593609044254e-04,2.569792567494116691e-04,8.505581748219772635e+03,8.751499627152737958e+03,1.000000000000000000e+00
4.861886245515012017e-04,5.643689504639212373e+02,5.644460216694454857e+02,6.703038836225284902e-02,1.088559996360923543e-01,-1.002879991113078897e+06,2.558746167179154073e-04,2.657468910165808025e-04,8.733027873035765879e+03,8.940777485610276926e+03,1.000000000000000000e+00
4.915907203798512313e-04,5.670808277354880147e+02,5.671526426727289163e+02,6.703203431340450102e-02,1.092256754774447447e-01,-1.002848194336261018e+06,2.670946350306202120e-04,2.767690636232268101e-04,8.969742156483551298e+03,9.174311767613553457e+03,1.000000000000000000e+00
4.969928162082012067e-04,5.697896377680145861e+02,5.698661178072234179e+02,6.703370587702260630e-02,1.095952869210272546e-01,-1.002815829943514778e+06,2.788166429788698896e-04,2.909904617599521378e-04,9.216116903842907050e+03,9.467374268090103214e+03,1.000000000000000000e+00
5.023949120365512905e-04,5.724954198532584542e+02,5.725771658754900955e+02,6.703540291774204296e-02,1.099648387523699949e-01,-1.002782906528747757e+06,2.910637174718348611e-04,3.052106195185388861e-04,9.472561958018093719e+03,9.760415569353781393e+03,1.000000000000000000e+00
5.077970078649012660e-04,5.751982126985387822e+02,5.752735589243142158e+02,6.703712530226932365e-02,1.103343356707542910e-01,-1.002749432451332686e+06,3.038600350461504243e-04,3.147922160725208688e-04,9.739505425248627944e+03,9.966327817324179705e+03,1.000000000000000000e+00
5.131991036932512414e-04,5.778980544382575317e+02,5.779718074751839367e+02,6.703887289932650151e-02,1.107037822912688291e-01,-1.002715415844346629e+06,3.172309259197494524e-04,3.291519338800052486e-04,1.001739442623649302e+04,1.026290832148564004e+04,1.000000000000000000e+00
5.186011995216013252e-04,5.805949826451111448e+02,5.806735528954685606e+02,6.704064557959676929e-02,1.110731831468032282e-01,-1.002680864622530062e+06,3.312029306186990230e-04,3.458285383230908124e-04,1.030669587086199135e+04,1.060243970547197205e+04,1.000000000000000000e+00
5.240032953499514090e-04,5.832890343410025480e+02,5.833701444510406873e+02,6.704244321567144616e-02,1.114425426899802452e-01,-1.002645786489964463e+06,3.458038561276024548e-04,3.607535589466652178e-04,1.060789723621296434e+04,1.090897393671761529e+04,1.000000000000000000e+00
5.294053911783013844e-04,5.859802460076610942e+02,5.860543671392722445e+02,6.704426568199858827e-02,1.118118652950296915e-01,-1.002610188947485294e+06,3.610627925804401283e-04,3.731913942177983641e-04,1.092150712301531894e+04,1.116970870958669730e+04,1.000000000000000000e+00
5.321064390924764263e-04,5.873247980743725520e+02,5.873980133577621245e+02,6.704518614988680403e-02,1.119965126862737248e-01,-1.002592185545211891e+06,3.689503478832665694e-04,3.816183686467403764e-04,1.108318753083212505e+04,1.134152815529323198e+04,1.000000000000000000e+00
5.348074870066513598e-04,5.886686531303688525e+02,5.887441143134013828e+02,6.704611278534473862e-02,1.121811524569222562e-01,-1.002574055488627055e+06,3.770140674804722250e-04,3.914353673520219387e-04,1.124817327860694058e+04,1.153900355617536661e+04,1.000000000000000000e+00
5.375085349208264017e-04,5.900118155935656432e+02,5.900896655002040916e+02,6.704704557316398805e-02,1.123657851330424340e-01,-1.002555799661257653e+06,3.852580243209642727e-04,4.012522696081164851e-04,1.141653512047950244e+04,1.173647804165615526e+04,1.000000000000000000e+00
5.402095828350014436e-04,5.913542898499463263e+02,5.914346705690559247e+02,6.704798449824314610e-02,1.125504112361256914e-01,-1.002537418935220223e+06,3.936863675621508256e-04,4.110690970538620893e-04,1.158834519363037361e+04,1.193395203370835770e+04,1.000000000000000000e+00
5.429106307491763771e-04,5.926960802538628741e+02,5.927791331447100447e+02,6.704892954558636098e-02,1.127350312831401358e-01,-1.002518914171424694e+06,4.023033457728608783e-04,4.208858711784394663e-04,1.176367717308870851e+04,1.213142595148240616e+04,1.000000000000000000e+00
5.456116786633514191e-04,5.940371911283328927e+02,5.941177479103002952e+02,6.704988070030197533e-02,1.129196457865819514e-01,-1.002500286219770089e+06,4.111133345827313180e-04,4.268956569991862811e-04,1.194260645029065745e+04,1.225745121487196047e+04,1.000000000000000000e+00
5.510137744917013945e-04,5.967173914135809127e+02,5.967907258656151726e+02,6.705180134736615782e-02,1.132888629353982768e-01,-1.002462687830906943e+06,4.293258146682559645e-04,4.428551018622097759e-04,1.231143364478696094e+04,1.258471968241002287e+04,1.000000000000000000e+00
5.564158703200514783e-04,5.993949263572263817e+02,5.994718402462303857e+02,6.705374622310371346e-02,1.136580639063264758e-01,-1.002424604738361435e+06,4.483642607565227977e-04,4.656024694590235949e-04,1.269557872764815693e+04,1.303741635049270917e+04,1.000000000000000000e+00
5.591169182342264118e-04,6.007327048113045294e+02,6.008120363903487942e+02,6.705472767360663722e-02,1.138426582037566637e-01,-1.002405371719387476e+06,4.582075329236514694e-04,4.772033132605163139e-04,1.289367088880221127e+04,1.326794017238890774e+04,1.000000000000000000e+00
5.618179661484014537e-04,6.020698290283771712e+02,6.021517162845726716e+02,6.705571514423498691e-02,1.140272499410505541e-01,-1.002386020390514634e+06,4.682720047776681616e-04,4.888042780272781928e-04,1.309584346008063767e+04,1.349846737602658141e+04,1.000000000000000000e+00
5.645190140625764956e-04,6.034063031201258127e+02,6.034896248589835750e+02,6.705670862078716432e-02,1.142118396007834324e-01,-1.002366551529936376e+06,4.785628190897802444e-04,4.993476816633943792e-04,1.330218381871229758e+04,1.370924351841345742e+04,1.000000000000000000e+00
5.672200619767514291e-04,6.047421311691323353e+02,6.048224615832585869e+02,6.705770808915474668e-02,1.143964276614443942e-01,-1.002346965906332363e+06,4.890852128125045949e-04,5.060534280400388668e-04,1.351278102331923947e+04,1.384834441632817106e+04,1.000000000000000000e+00
5.699211098909264710e-04,6.060773172291433184e+02,6.061539134262362722e+02,6.705871353532137646e-02,1.145810145974812261e-01,-1.002327264279034454e+06,4.998445396326747477e-04,5.159351279575202570e-04,1.372772596425120719e+04,1.404727575035246446e+04,1.000000000000000000e+00
5.726221578051015129e-04,6.074118653253285629e+02,6.074854945859843838e+02,6.705972494536138750e-02,1.147656008793448007e-01,-1.002307447398204473e+06,5.108462773731218881e-04,5.265159992376254464e-04,1.394711143056570654e+04,1.425912598964692370e+04,1.000000000000000000e+00
5.753232057192764464e-04,6.087457794545371144e+02,6.088215780036081242e+02,6.706074230543852821e-02,1.149501869735328058e-01,-1.002287516004994512e+06,5.220960319498809971e-04,5.402514872661695264e-04,1.417103215736041602e+04,1.452859041390043785e+04,1.000000000000000000e+00
5.780242536334514883e-04,6.100790635855506707e+02,6.101571668759562499e+02,6.706176560180485136e-02,1.151347733426328623e-01,-1.002267470831720857e+06,5.335995406412294287e-04,5.539872982808940506e-04,1.439958486906364669e+04,1.479806213818119795e+04,1.000000000000000000e+00
5.807253015476265302e-04,6.114117216593317607e+02,6.114922644796957911e+02,6.706279482079931242e-02,1.153193604453648519e-01,-1.002247312602013350e+06,5.453626755646915096e-04,5.677234595734837732e-04,1.463286832399734521e+04,1.506754168614764603e+04,1.000000000000000000e+00
5.834263494618014637e-04,6.127437575892707855e+02,6.128268740687793752e+02,6.706382994884677040e-02,1.155039487366228551e-01,-1.002227042030991521e+06,5.573914485977123252e-04,5.814599982457333525e-04,1.487098336750499402e+04,1.533702957788580898e+04,1.000000000000000000e+00
5.861273973759765056e-04,6.140751752614277166e+02,6.141585641937118680e+02,6.706487097245653062e-02,1.156885386675163413e-01,-1.002206659825409646e+06,5.696920221663169656e-04,5.927886145509002032e-04,1.511403301837524850e+04,1.556179753911718581e+04,1.000000000000000000e+00
5.888284452901515476e-04,6.154059785347720890e+02,6.154863306801321414e+02,6.706591787822142881e-02,1.158731306854106358e-01,-1.002186166683817748e+06,5.822707438444501941e-04,6.012836273333391213e-04,1.536212268595751993e+04,1.573398645124055111e+04,1.000000000000000000e+00
5.942305411185015230e-04,6.180657571050619481e+02,6.181403228771921476e+02,6.706802935484554307e-02,1.162423253464843348e-01,-1.002144872808091808e+06,6.082820723907237607e-04,6.267442021035082335e-04,1.587366541105756187e+04,1.623589112409071640e+04,1.000000000000000000e+00
5.996326369468514984e-04,6.207231251764509352e+02,6.208021729417824872e+02,6.707016417752545423e-02,1.166115335664367203e-01,-1.002103141517941025e+06,6.354842539091227474e-04,6.594026849401961538e-04,1.640666716954612639e+04,1.686833017622310945e+04,1.000000000000000000e+00
6.050347327752015822e-04,6.233781126373326060e+02,6.234621665313354697e+02,6.707232224198868276e-02,1.169807587901518786e-01,-1.002060978123282432e+06,6.639330413770240004e-04,6.920639284561511855e-04,1.696204416533913536e+04,1.750082639093191392e+04,1.000000000000000000e+00
6.104368286035515576e-04,6.260307489652857384e+02,6.261114226874348105e+02,6.707450344518690877e-02,1.173500044063898184e-01,-1.002018387816912495e+06,6.936868938843958636e-04,7.155086246145784916e-04,1.754075174506095937e+04,1.796315851552910681e+04,1.000000000000000000e+00
6.158389244319015330e-04,6.286810632339844460e+02,6.287563447389154589e+02,6.707670768526098615e-02,1.177192737489480279e-01,-1.001975375678941258e+06,7.248070275162573402e-04,7.462818643442708589e-04,1.814378525449301014e+04,1.855996360462631492e+04,1.000000000000000000e+00
6.212410202602516168e-04,6.313290841199228680e+02,6.314088477720915762e+02,6.707893486150698359e-02,1.180885700977895442e-01,-1.001931946681080852e+06,7.573575315386173266e-04,7.851659418087023100e-04,1.877218130574711176e+04,1.930263066310302020e+04,1.000000000000000000e+00
6.266431160886015922e-04,6.339748399089598934e+02,6.340595961587474676e+02,6.708118487434268362e-02,1.184578966801383970e-01,-1.001888105690836674e+06,7.914054948822937981e-04,8.240545053092829773e-04,1.942701913402449281e+04,2.004538690666260300e+04,1.000000000000000000e+00
6.320452119169515676e-04,6.366183585026874425e+02,6.366997360910770567e+02,6.708345762527476164e-02,1.188272566715436879e-01,-1.001843857475564815e+06,8.270211378386695643e-04,8.521375738681041768e-04,2.010942200610055806e+04,2.059040104549609168e+04,1.000000000000000000e+00
6.374473077453016515e-04,6.392596674246274233e+02,6.393354474377106271e+02,6.708575301686667269e-02,1.191966531969124860e-01,-1.001799206706422963e+06,8.642779485073649823e-04,8.889155524661911719e-04,2.082055867210528595e+04,2.129294527360112261e+04,1.000000000000000000e+00
6.428494035736516269e-04,6.418987938262589523e+02,6.419790054210980088e+02,6.708807095270702403e-02,1.195660893315134421e-01,-1.001754157962217461e+06,9.032528239916466205e-04,9.354330962578085275e-04,2.156164485582613270e+04,2.216911362723949424e+04,1.000000000000000000e+00
6.482514994020016023e-04,6.445357644928831178e+02,6.446209053773447977e+02,6.709041133737861373e-02,1.199355681019509123e-01,-1.001708715733142453e+06,9.440262164111614968e-04,9.819573647896547453e-04,2.233394478020354290e+04,2.304541189581427170e+04,1.000000000000000000e+00
6.536535952303516861e-04,6.471706058493259661e+02,6.472530031716466965e+02,6.709277407642791347e-02,1.203050924871112703e-01,-1.001662884424422518e+06,9.866822837869743991e-04,1.015874228844481503e-03,2.313877272503498534e+04,2.369270771281973066e+04,1.000000000000000000e+00
6.590556910587016615e-04,6.498033439654835774e+02,6.498793955175223118e+02,6.709515907633512022e-02,1.206746654190814921e-01,-1.001616668359861593e+06,1.031309045865972046e-03,1.059283416603790584e-03,2.397749461427972710e+04,2.450955842847928579e+04,1.000000000000000000e+00
6.644577868870516369e-04,6.524340045617149144e+02,6.525144432621146962e+02,6.709756624448469375e-02,1.210442897840410120e-01,-1.001570071785300039e+06,1.077998544930362269e-03,1.114947403515853357e-03,2.485152963058682508e+04,2.554208089757884954e+04,1.000000000000000000e+00
6.698598827154017207e-04,6.550626130140827854e+02,6.551479245624964278e+02,6.709999548913639367e-02,1.214139684231277799e-01,-1.001523098871987895e+06,1.126847011647252221e-03,1.170620976338577731e-03,2.576235185477904088e+04,2.657478410987595271e+04,1.000000000000000000e+00
6.752619785437516961e-04,6.576891943594470149e+02,6.577728566575419791e+02,6.710244671939664951e-02,1.217837041332786169e-01,-1.001475753719870234e+06,1.177955036059025401e-03,1.212818492083070744e-03,2.671149192845301877e+04,2.736547258009852885e+04,1.000000000000000000e+00
6.806640743721016715e-04,6.603137733004145957e+02,6.603900959387769944e+02,6.710491984519049991e-02,1.221534996680452290e-01,-1.001428040360794286e+06,1.231427744197742709e-03,1.262710123857693854e-03,2.770053874040988012e+04,2.829075918334417292e+04,1.000000000000000000e+00
6.860661702004517554e-04,6.629363742101461412e+02,6.630168608425103685e+02,6.710741477723382309e-02,1.225233577383857131e-01,-1.001379962761646952e+06,1.287374984022051326e-03,1.329305568454334846e-03,2.873114115660636162e+04,2.950672262135488563e+04,1.000000000000000000e+00
6.914682660288017308e-04,6.655570211370252309e+02,6.656422959022131636e+02,6.710993142700603931e-02,1.228932810134327758e-01,-1.001331524827408837e+06,1.345911553209864836e-03,1.396125533980733125e-03,2.980500997459230348e+04,3.072660254144184000e+04,1.000000000000000000e+00
6.973031883983058822e-04,6.683854716774021654e+02,6.684701098012244529e+02,6.711267402314316510e-02,1.232929199424235428e-01,-1.001278809025866329e+06,1.412181746886181574e-03,1.453849559770568553e-03,3.101547379824676682e+04,3.178770939970301333e+04,1.000000000000000000e+00
7.031381107678101421e-04,6.712116999401318935e+02,6.712885375307258755e+02,6.711544174041535193e-02,1.236926412483766446e-01,-1.001225681763153523e+06,1.481770297167528307e-03,1.517929337678118867e-03,3.228079957998525788e+04,3.295577848553888907e+04,1.000000000000000000e+00
7.089730331373142935e-04,6.740357349842156509e+02,6.741171911958088003e+02,6.711823447007655985e-02,1.240924481358127718e-01,-1.001172147741034045e+06,1.554842569484413259e-03,1.604523590409202708e-03,3.360339617883906612e+04,3.450991898398737976e+04,1.000000000000000000e+00
7.148079555068184449e-04,6.768576054511864868e+02,6.769442763709939754e+02,6.712105210427016244e-02,1.244923437563561774e-01,-1.001118211593345972e+06,1.631571412386223757e-03,1.691231447381681902e-03,3.498576430676879681e+04,3.606602320579643128e+04,1.000000000000000000e+00
7.177254166915705749e-04,6.782677379230948418e+02,6.783552777074771711e+02,6.712247018934773546e-02,1.246923245146493303e-01,-1.001091082860595197e+06,1.671374921755719705e-03,1.729360315006018764e-03,3.570047378892335109e+04,3.675258100842755812e+04,1.000000000000000000e+00
7.206428778763227048e-04,6.796773394912397634e+02,6.797618640863063320e+02,6.712389446720809505e-02,1.248923286488627382e-01,-1.001063855857989518e+06,1.712161788500922779e-03,1.757128071639149202e-03,3.643111738424754731e+04,3.725756090819222300e+04,1.000000000000000000e+00
7.235603390610748347e-04,6.810864136244396150e+02,6.811668715075206819e+02,6.712532492458830879e-02,1.250923565388324110e-01,-1.001036531147023197e+06,1.753956219935984880e-03,1.797429518154922308e-03,3.717803850019904348e+04,3.797747833591819654e+04,1.000000000000000000e+00
7.264778002458268562e-04,6.824949637664432203e+02,6.825728684149150922e+02,6.712676154827415531e-02,1.252924085612584781e-01,-1.001009109285678132e+06,1.796782832903716940e-03,1.840436131535518570e-03,3.794158605805841944e+04,3.874299915873847203e+04,1.000000000000000000e+00
7.293952614305788777e-04,6.839029933360972109e+02,6.839831825812153738e+02,6.712820432509886137e-02,1.254924850897325417e-01,-1.000981590828545159e+06,1.840666765004256690e-03,1.892680443477847427e-03,3.872211514256312512e+04,3.966423451342834596e+04,1.000000000000000000e+00
7.323127226153310076e-04,6.853105057275098488e+02,6.853931121717611177e+02,6.712965324194204719e-02,1.256925864947645022e-01,-1.000953976326937554e+06,1.885633711609981285e-03,1.944931685278808962e-03,3.951998724573625077e+04,4.058559240061530727e+04,1.000000000000000000e+00
7.352301838000831376e-04,6.867175043102116661e+02,6.868026599888740975e+02,6.713110828572847744e-02,1.258927131438090652e-01,-1.000926266329008387e+06,1.931709943550142085e-03,1.997189936358444683e-03,4.033557040126419452e+04,4.150707420698991336e+04,1.000000000000000000e+00
7.381476449848352675e-04,6.881239924293139438e+02,6.882118288152358900e+02,6.713256944342704813e-02,1.260928654012916095e-01,-1.000898461379863671e+06,1.978922319755657862e-03,2.049455275456454461e-03,4.116923928820605215e+04,4.242868130733825092e+04,1.000000000000000000e+00
7.410651061695873974e-04,6.895299734056636680e+02,6.896175768607713508e+02,6.713403670204963480e-02,1.262930436286335001e-01,-1.000870562021676684e+06,2.027298298782469112e-03,2.091981187184629044e-03,4.202137532655210816e+04,4.318219165623370645e+04,1.000000000000000000e+00
7.439825673543395274e-04,6.909354505359963241e+02,6.910198641834508635e+02,6.713551004864987126e-02,1.264932481842774292e-01,-1.000842568793799495e+06,2.076865950780105042e-03,2.128673121685715954e-03,4.289236677416970633e+04,4.383357458588774898e+04,1.000000000000000000e+00
7.469000285390916573e-04,6.923404270930852817e+02,6.924208010050343773e+02,6.713698947032217812e-02,1.266934794237116746e-01,-1.000814482232876355e+06,2.127653972121796438e-03,2.177610206346726994e-03,4.378260883843728516e+04,4.469085433183629357e+04,1.000000000000000000e+00
7.498174897238436788e-04,6.937449063258886781e+02,6.938237310083886769e+02,6.713847495420056932e-02,1.268937376994944133e-01,-1.000786302872949047e+06,2.179691709597408270e-03,2.232038496303512167e-03,4.469250384158399538e+04,4.563917951352513774e+04,1.000000000000000000e+00
7.527349509085957003e-04,6.951488914596935729e+02,6.952300034867681688e+02,6.713996648745754192e-02,1.270940233612771197e-01,-1.000758031245570164e+06,2.233009218598711824e-03,2.295101224732813000e-03,4.562246157369452703e+04,4.673066192248099105e+04,1.000000000000000000e+00
7.556524120933478302e-04,6.965523856962577156e+02,6.966359147373591441e+02,6.714146405730304912e-02,1.272943367558279637e-01,-1.000729667879907880e+06,2.287637443028342661e-03,2.358173107775865789e-03,4.657290030574067350e+04,4.782230281704680965e+04,1.000000000000000000e+00
7.614873344628520901e-04,6.993579139258180248e+02,6.994466651669661132e+02,6.714447732898490284e-02,1.276950505886249587e-01,-1.000672689566365909e+06,2.400919128634321567e-03,2.484344296956327459e-03,4.853612516425250942e+04,5.000605835157702677e+04,1.000000000000000000e+00
7.673222568323563499e-04,7.021615175062685239e+02,7.022460700880338891e+02,6.714751456856031531e-02,1.280958792921081668e-01,-1.000615348429695237e+06,2.519822839798497791e-03,2.580089044761741009e-03,5.058638894233399333e+04,5.166972029290111095e+04,1.000000000000000000e+00
7.731571792018605014e-04,7.049632211949486873e+02,7.050427790558826473e+02,6.715057567505412772e-02,1.284968255366417400e-01,-1.000557648631452816e+06,2.644617372759673971e-03,2.706944951807092534e-03,5.272726856303081149e+04,5.383954363934151479e+04,1.000000000000000000e+00
7.789921015713646528e-04,7.077630493859556964e+02,7.078473333888151728e+02,6.715366054798505013e-02,1.288978919485938013e-01,-1.000499594305079780e+06,2.775583539349030585e-03,2.858790420843170584e-03,5.496246626293810550e+04,5.641440072055289056e+04,1.000000000000000000e+00
7.848270239408689126e-04,7.105610261140352577e+02,7.106505415892693236e+02,6.715676908733143879e-02,1.292990811109756000e-01,-1.000441189559119055e+06,2.913014116790977291e-03,3.010684010344966653e-03,5.729580917837767629e+04,5.899007252537969907e+04,1.000000000000000000e+00
7.906619463103731725e-04,7.133571750583110997e+02,7.134421957068461779e+02,6.715990119349719845e-02,1.297003955640540496e-01,-1.000382438480371376e+06,3.057214165831273131e-03,3.126712341245836083e-03,5.973125096678317641e+04,6.096345348078321695e+04,1.000000000000000000e+00
7.964968686798773239e-04,7.161515195458549670e+02,7.162317121573504437e+02,6.716305676727779561e-02,1.301018378059391467e-01,-1.000323345137019292e+06,3.208501391512870622e-03,3.281070048719453899e-03,6.227287363013176218e+04,6.354800398959015729e+04,1.000000000000000000e+00
8.023317910493814754e-04,7.189440825551031367e+02,7.190289807085265466e+02,6.716623570982660496e-02,1.305034102931453277e-01,-1.000263913581679575e+06,3.367206509659094200e-03,3.464221048382104279e-03,6.492488930950604845e+04,6.658955320969484455e+04,1.000000000000000000e+00
8.081667134188857352e-04,7.217348867191169575e+02,7.218249860368101736e+02,6.716943792262106139e-02,1.309051154411284279e-01,-1.000204147854433511e+06,3.533673613599024651e-03,3.647434026985957919e-03,6.769164200572491973e+04,6.963212870166577341e+04,1.000000000000000000e+00
8.140016357883899951e-04,7.245239543286953676e+02,7.246096827849663669e+02,6.717266330742928393e-02,1.313069556247977165e-01,-1.000144051985794096e+06,3.708260539462372891e-03,3.788595383619301760e-03,7.057760920651782362e+04,7.198178468796503148e+04,1.000000000000000000e+00
8.198365581578941465e-04,7.273113073353393929e+02,7.273919776005584481e+02,6.717591176627651928e-02,1.317089331790035067e-01,-1.000083629999635392e+06,3.891339228941382081e-03,3.974913563771931106e-03,7.358740340636149631e+04,7.503438173227661173e+04,1.000000000000000000e+00
8.256714805273982979e-04,7.300969673540712392e+02,7.301822985677406450e+02,6.717918320141180732e-02,1.321110503990016449e-01,-1.000022885916092666e+06,4.083296088491551040e-03,4.195863487452502170e-03,7.672577350646741979e+04,7.862506356843175308e+04,1.000000000000000000e+00
8.315064028969025578e-04,7.328809556661120723e+02,7.329714347071737848e+02,6.718247751527475775e-02,1.325133095408931594e-01,-9.999618237544031581e+05,4.284532343992166967e-03,4.416892537581905594e-03,7.999760608416401374e+04,8.221702606412894966e+04,1.000000000000000000e+00
8.373413252664068177e-04,7.356632932214190532e+02,7.357499339779492402e+02,6.718579461046228496e-02,1.329157128220418427e-01,-9.999004475357276388e+05,4.495464389861616311e-03,4.588846888625137607e-03,8.340792652145080501e+04,8.501748092180718959e+04,1.000000000000000000e+00
8.431762476359109691e-04,7.384440006410873139e+02,7.385249870803889962e+02,6.718913438969537077e-02,1.333182624214680201e-01,-9.998387612859234214e+05,4.716524131632073014e-03,4.811940881824161229e-03,8.696189998359906895e+04,8.859210738750612654e+04,1.000000000000000000e+00
8.490111700054151205e-04,7.412230982196157356e+02,7.413087024354017558e+02,6.719249675578603531e-02,1.337209604802203078e-01,-9.997767690382932778e+05,4.948159320972042065e-03,5.077889791061817974e-03,9.066483223917099531e+04,9.281674257787811803e+04,1.000000000000000000e+00
8.548460923749193804e-04,7.440006059270427841e+02,7.440913069460451652e+02,6.719588161160419681e-02,1.341238091017243617e-01,-9.997144748362931423e+05,5.190833882157784920e-03,5.343938718800065810e-03,9.452217031385605515e+04,9.704295851728873095e+04,1.000000000000000000e+00
8.606810147444236402e-04,7.467765434109518310e+02,7.468643446777869030e+02,6.719928886004460089e-02,1.345268103521100045e-01,-9.996518827362083830e+05,5.445028228994188389e-03,5.552979606638577467e-03,9.853950297103774210e+04,1.003722191080607008e+05,1.000000000000000000e+00
8.665159371139277917e-04,7.495509299983521032e+02,7.496321342358684205e+02,6.720271840399372199e-02,1.349299662605163153e-01,-9.995889968098108657e+05,5.711239571210178882e-03,5.818160813064437997e-03,1.027225610130118730e+05,1.045261158610590501e+05,1.000000000000000000e+00
8.723508594834319431e-04,7.523237846974342347e+02,7.524095501707433868e+02,6.720617014629673425e-02,1.353332788193752356e-01,-9.995258211469693342e+05,5.989982209365257368e-03,6.137719564273744731e-03,1.070772173974243779e+05,1.094844983042608947e+05,1.000000000000000000e+00
8.781857818529362029e-04,7.550951261992061063e+02,7.551859250177928971e+02,6.720964398972448239e-02,1.357367499846739434e-01,-9.994623598582443083e+05,6.281787817349903519e-03,6.457403709467769704e-03,1.116094871645184903e+05,1.144448149210868432e+05,1.000000000000000000e+00
8.840207042224404628e-04,7.578649728790101108e+02,7.579540266238690265e+02,6.721313983694029992e-02,1.361403816761960484e-01,-9.993986170774531784e+05,6.587205711585887927e-03,6.715218472137263542e-03,1.163255271716202988e+05,1.184585177250518318e+05,1.000000000000000000e+00
8.898556265919446142e-04,7.606333427979251383e+02,7.607146431382403762e+02,6.721665759046709099e-02,1.365441757777423326e-01,-9.993345969642080599e+05,6.906803106099216640e-03,7.024781005738672465e-03,1.212316356323225773e+05,1.232004131870628917e+05,1.000000000000000000e+00
8.956905489614487657e-04,7.634002537040563539e+02,7.634860469847149034e+02,6.722019715265407924e-02,1.369481341373307015e-01,-9.992703037064245436e+05,7.241165352683258394e-03,7.407867231485489035e-03,1.263342514588644844e+05,1.290031104962306999e+05,1.000000000000000000e+00
9.015254713309530255e-04,7.661657230337143574e+02,7.662564753845786072e+02,6.722375842564382031e-02,1.373522585673762064e-01,-9.992057415228149621e+05,7.590896165440309644e-03,7.791109340034855363e-03,1.316399534073148097e+05,1.348081532012543175e+05,1.000000000000000000e+00
9.073603937004572854e-04,7.689297679124879323e+02,7.690200635647983063e+02,6.722734131133895064e-02,1.377565508448508891e-01,-9.991409146653530188e+05,7.956617829064323300e-03,8.115579819218643812e-03,1.371554590263185091e+05,1.397343434531170933e+05,1.000000000000000000e+00
9.131953160699614368e-04,7.716924051562132263e+02,7.717750846589450475e+02,6.723094571136910280e-02,1.381610127114238640e-01,-9.990758274217144353e+05,8.338971390307673912e-03,8.476106140904852634e-03,1.428876234113441024e+05,1.451349634709190868e+05,1.000000000000000000e+00
9.190302384394655882e-04,7.744536512718404992e+02,7.745393616228917608e+02,6.723457152705764051e-02,1.385656458735825547e-01,-9.990104841177006019e+05,8.738616832170139487e-03,8.924773619441439543e-03,1.488434377677680168e+05,1.517735814844290435e+05,1.000000000000000000e+00
9.248651608089698481e-04,7.772135224582038973e+02,7.773041080990799401e+02,6.723821865938850451e-02,1.389704520027339463e-01,-9.989448891196358018e+05,9.156233230436162940e-03,9.382887799982508534e-03,1.550300277872272709e+05,1.585446079545218963e+05,1.000000000000000000e+00
9.307000831784741079e-04,7.799720346066945922e+02,7.800636537869164613e+02,6.724188700897291981e-02,1.393754327352873523e-01,-9.988790468367483700e+05,9.592518892298222688e-03,9.791761378605530128e-03,1.614546518432206358e+05,1.645982257307293185e+05,1.000000000000000000e+00
9.365350055479782594e-04,7.827292033018426309e+02,7.828135668883724065e+02,6.724557647601613064e-02,1.397805896727188912e-01,-9.988129617235364858e+05,1.004819147690652267e-02,1.020818923333717716e-02,1.681246990131746570e+05,1.706968545144013769e+05,1.000000000000000000e+00
9.423699279174824108e-04,7.854850438218088584e+02,7.855705653469600520e+02,6.724928696028406594e-02,1.401859243816168665e-01,-9.987466382820967119e+05,1.052398809780197980e-02,1.072947337037880207e-02,1.750476869356834213e+05,1.782315615136628912e+05,1.000000000000000000e+00
9.482048502869866707e-04,7.882395711387899837e+02,7.883298756888116259e+02,6.725301836107001885e-02,1.405914383937097722e-01,-9.986800810644623125e+05,1.102066540730146753e-02,1.127523021224819018e-02,1.822312595129361725e+05,1.861000981456787558e+05,1.000000000000000000e+00
9.540397726564908221e-04,7.909927999193408823e+02,7.910858559948214861e+02,6.725677057716138163e-02,1.409971332058758131e-01,-9.986132946749007097e+05,1.153899966302983360e-02,1.178811698614480596e-02,1.896831844699197682e+05,1.935010321924925956e+05,1.000000000000000000e+00
9.598746950259949735e-04,7.937447445246154984e+02,7.938309926777584451e+02,6.726054350680610305e-02,1.414030102801357436e-01,-9.985462837722032564e+05,1.207978677690592188e-02,1.226418985919750480e-02,1.974113507832132163e+05,2.003187927943055111e+05,1.000000000000000000e+00
9.657096173954992334e-04,7.964954190105310090e+02,7.965806980771742474e+02,6.726433704767945110e-02,1.418090710436274715e-01,-9.984790530719613889e+05,1.264384234701763400e-02,1.286632900024987751e-02,2.054237659937973367e+05,2.088213253605960344e+05,1.000000000000000000e+00
9.715445397650033848e-04,7.992448371278563855e+02,7.993347992466574397e+02,6.726815109685048422e-02,1.422153168885645358e-01,-9.984116073488246184e+05,1.323200167293799023e-02,1.351399372728060398e-02,2.137285534195478831e+05,2.179285079627513478e+05,1.000000000000000000e+00
9.773794621345075363e-04,8.019930123222300153e+02,8.020876168454510662e+02,6.727198555074874464e-02,1.426217491721775421e-01,-9.983439514387391973e+05,1.384511975515598237e-02,1.415456617900453552e-02,2.223339492846113862e+05,2.269375483635617420e+05,1.000000000000000000e+00
9.832143845040117961e-04,8.047399577341084296e+02,8.048282332880633021e+02,6.727584030513078517e-02,1.430283692166389176e-01,-9.982760902411793359e+05,1.448407127941275796e-02,1.469548779917518103e-02,2.312482997841540782e+05,2.345214065568431397e+05,1.000000000000000000e+00
9.890493068735158391e-04,8.074856861986478407e+02,8.075706328786149015e+02,6.727971525504670980e-02,1.434351783089721222e-01,-9.982080287213617703e+05,1.514975058685699358e-02,1.538724444401655747e-02,2.404800581045340805e+05,2.440655084705037298e+05,1.000000000000000000e+00
9.948842292430200990e-04,8.102302102455248587e+02,8.103197329642990780e+02,6.728361029480685318e-02,1.438421777009445679e-01,-9.981397719124532305e+05,1.584307163104929986e-02,1.615259370344839657e-02,2.500377814203650632e+05,2.545612853470835835e+05,1.000000000000000000e+00
1.000719151612524359e-03,8.129735420986939971e+02,8.130680908631903776e+02,6.728752531794826575e-02,1.442493686089452165e-01,-9.980713249177519465e+05,1.656496792297374593e-02,1.691828712918285252e-02,2.599301278916036827e+05,2.650617385224403697e+05,1.000000000000000000e+00
1.006554073982028619e-03,8.157156936760893586e+02,8.158061792610477596e+02,6.729146021720139315e-02,1.446567522138466622e-01,-9.980026929128753254e+05,1.731639246536220353e-02,1.755489052598960958e-02,2.701658536858732696e+05,2.737958612799329567e+05,1.000000000000000000e+00
1.012388996351532879e-03,8.184566765892707281e+02,8.185412330272771442e+02,6.729541488445661690e-02,1.450643296608523647e-01,-9.979338811479224823e+05,1.809831767780481840e-02,1.834724743984886275e-02,2.807538100535095436e+05,2.844844142441103468e+05,1.000000000000000000e+00
1.018223918721036922e-03,8.211965021430168008e+02,8.212855182095555620e+02,6.729938921073100322e-02,1.454721020593293668e-01,-9.978648949496373534e+05,1.891173531436456806e-02,1.924774578603804381e-02,2.917029404863141244e+05,2.965295872181881568e+05,1.000000000000000000e+00
1.024058841090540965e-03,8.239351813348679343e+02,8.240291060042725348e+02,6.730338308613480203e-02,1.458800704826259398e-01,-9.977957397235616809e+05,1.975765637580607567e-02,2.014865407227539248e-02,3.030222779962664936e+05,3.085801897357896087e+05,1.000000000000000000e+00
1.029893763460045224e-03,8.266727248546225155e+02,8.267653009641002200e+02,6.730739639983829292e-02,1.462882359678757127e-01,-9.977264209561725147e+05,2.063711101926291036e-02,2.092068266865465542e-02,3.147209425590636674e+05,3.189311027456626762e+05,1.000000000000000000e+00
1.035728685829549484e-03,8.294091430837850112e+02,8.294939367351867077e+02,6.731142904003836747e-02,1.466965995157872293e-01,-9.976569442170223920e+05,2.155114846991545291e-02,2.181319010334925590e-02,3.268081387857663212e+05,3.307066491719797486e+05,1.000000000000000000e+00
1.041563608199053744e-03,8.321444460949729773e+02,8.322329101569158638e+02,6.731548089392533352e-02,1.471051620904204882e-01,-9.975873151608717162e+05,2.250083694480512625e-02,2.286035202891075271e-02,3.392931539330700180e+05,3.443796660802090191e+05,1.000000000000000000e+00
1.047398530568558004e-03,8.348786436512806404e+02,8.349718842259661642e+02,6.731955184764962241e-02,1.475139246189492992e-01,-9.975175395298199728e+05,2.348726362254812544e-02,2.391600963745402209e-02,3.521853565292973071e+05,3.581571252425868879e+05,1.000000000000000000e+00
1.053233452938062264e-03,8.376117452056021193e+02,8.377060315065267559e+02,6.732364178628863494e-02,1.479228879914109007e-01,-9.974476231554243714e+05,2.451153481270273299e-02,2.488186783397861729e-02,3.654941966285816161e+05,3.707777135175488656e+05,1.000000000000000000e+00
1.059068375307566524e-03,8.403437598999158809e+02,8.404309198111479873e+02,6.732775059381343463e-02,1.483320530604421150e-01,-9.973775719608360669e+05,2.557477714406627273e-02,2.587457687166772394e-02,3.792292124581883545e+05,3.836004438323467621e+05,1.000000000000000000e+00
1.064903297677070567e-03,8.430746965645251976e+02,8.431625668828130529e+02,6.733187815305562152e-02,1.487414206410014872e-01,-9.973073919629260199e+05,2.667814441892066291e-02,2.705708101816916775e-02,3.934000688907505828e+05,3.986971582714252290e+05,1.000000000000000000e+00
1.073669072869613741e-03,8.471753626566304547e+02,8.472703879574257826e+02,6.733811404871722917e-02,1.493567966719646922e-01,-9.972017554954680381e+05,2.841331661579668544e-02,2.890529049333289205e-02,4.155228338607594487e+05,4.222352994512472069e+05,1.000000000000000000e+00
1.082434848062157132e-03,8.512736436187178697e+02,8.513632575361190220e+02,6.734439154907773117e-02,1.499726335388618936e-01,-9.970958591015515849e+05,3.024562503348220827e-02,3.058474559871384238e-02,4.386835269450413762e+05,4.435459727294557379e+05,1.000000000000000000e+00
1.091200623254700306e-03,8.553695653829761341e+02,8.554590187602875631e+02,6.735071024191136013e-02,1.505889335153982045e-01,-9.969897244470249861e+05,3.217915962007455305e-02,3.263452797292051150e-02,4.629153792220401228e+05,4.691095896142704878e+05,1.000000000000000000e+00
1.099966398447243480e-03,8.594631522741771050e+02,8.595598834729986493e+02,6.735706970836424778e-02,1.512056986755920818e-01,-9.968833737290244317e+05,3.421811264772638139e-02,3.477988206042211677e-02,4.882520472144386149e+05,4.957868433857724303e+05,1.000000000000000000e+00
1.108732173639786871e-03,8.635544270025221749e+02,8.636425242926511601e+02,6.736346952270422239e-02,1.518229308910970521e-01,-9.967768296920965659e+05,3.636676850769296476e-02,3.674952546016559130e-02,5.147275542543763295e+05,5.201131408842998790e+05,1.000000000000000000e+00
1.117497948832330045e-03,8.676434106561416684e+02,8.677344341388295561e+02,6.736990925207059222e-02,1.524406318283917372e-01,-9.966701156444117660e+05,3.862950196855955559e-02,3.916176631640705397e-02,5.423762840720319655e+05,5.494373891556127928e+05,1.000000000000000000e+00
1.126263724024873219e-03,8.717301226932611371e+02,8.718272238195742148e+02,6.737638845622362371e-02,1.530588029458430921e-01,-9.965632554741101339e+05,4.101077742485235988e-02,4.159104296706159221e-02,5.712329841243810952e+05,5.789266003383127972e+05,1.000000000000000000e+00
1.135029499217416610e-03,8.758145809340404639e+02,8.759013702179048551e+02,6.738290668729363109e-02,1.536774454906461862e-01,-9.964562736657697242e+05,4.351514836822523158e-02,4.393113462745291964e-02,6.013327737274210667e+05,6.070739466355793411e+05,1.000000000000000000e+00
1.143795274409960001e-03,8.798968015520857762e+02,8.799893404179379104e+02,6.738946348952948306e-02,1.542965604956416104e-01,-9.963491953170271590e+05,4.614725697481528860e-02,4.676143675737728239e-02,6.327111560289212503e+05,6.406806894897447200e+05,1.000000000000000000e+00
1.152561049602503175e-03,8.839767990656287111e+02,8.840731324829923778e+02,6.739605839904619367e-02,1.549161487760142286e-01,-9.962420461553649511e+05,4.891183378334491155e-02,4.949081692880615696e-02,6.654040333722204668e+05,6.730845204555109376e+05,1.000000000000000000e+00
1.161326824795046349e-03,8.880545863283664403e+02,8.881419081745788162e+02,6.740269094357144442e-02,1.555362109258741632e-01,-9.961348525550899794e+05,5.181369745327029513e-02,5.231448453064566767e-02,6.994477256752985995e+05,7.061616159565942362e+05,1.000000000000000000e+00
1.170092599987589740e-03,8.921301745199508559e+02,8.922241563822238959e+02,6.740936064219052448e-02,1.561567473147227325e-01,-9.960276415545091731e+05,5.485775459644860741e-02,5.556151458521583347e-02,7.348789914456905099e+05,7.438449557913938770e+05,1.000000000000000000e+00
1.178858375180132914e-03,8.962035731361130502e+02,8.962992748911705121e+02,6.741606700508950833e-02,1.567777580838042584e-01,-9.959204408733325545e+05,5.804899967757522899e-02,5.861319998206895171e-02,7.717350510308112716e+05,7.792606854783716844e+05,1.000000000000000000e+00
1.187624150372676088e-03,9.002747899784093306e+02,9.003634377205665942e+02,6.742280953329622684e-02,1.573992431423461569e-01,-9.958132789303039899e+05,6.139251497979791167e-02,6.199046238794302111e-02,8.100536116801971802e+05,8.178315424624609295e+05,1.000000000000000000e+00
1.196389925565219479e-03,9.043438311435704691e+02,9.044392949220571154e+02,6.742958771841855992e-02,1.580212021636884789e-01,-9.957061848610802554e+05,6.489347063302486340e-02,6.568172811374349551e-02,8.498728939770277357e+05,8.597471558956886875e+05,1.000000000000000000e+00
1.205155700757762653e-03,9.084107010124357657e+02,9.085056173916628950e+02,6.743640104237973165e-02,1.586436345813045379e-01,-9.955991885363712208e+05,6.855712470357422372e-02,6.912421839193373663e-02,8.912316591834240826e+05,8.987892890552956378e+05,1.000000000000000000e+00
1.213921475950305827e-03,9.124754022384557857e+02,9.125654187326892952e+02,6.744324897715019140e-02,1.592665395847136511e-01,-9.954923205803345190e+05,7.238882334500038040e-02,7.308090056312054050e-02,9.341692370392032899e+05,9.429361606283891015e+05,1.000000000000000000e+00
1.222687251142849218e-03,9.165379357357426215e+02,9.166349252625213921e+02,6.745013098447566469e-02,1.598899161152883830e-01,-9.953856123892440228e+05,7.639400101102500340e-02,7.725898611529111171e-02,9.787255535569860367e+05,9.893980969088972779e+05,1.000000000000000000e+00
1.231453026335392392e-03,9.205983006666497204e+02,9.206920561627766801e+02,6.745704651560094356e-02,1.605137628619559553e-01,-9.952790961504139705e+05,8.057818073232927980e-02,8.119634907353312503e-02,1.024941158367576427e+06,1.033010324599933927e+06,1.000000000000000000e+00
1.240218801527935566e-03,9.246564944288668357e+02,9.247478838419945077e+02,6.746399501098915286e-02,1.611380782567968240e-01,-9.951728048613873543e+05,8.494697445942635261e-02,8.573509042209694064e-02,1.072857251187309157e+06,1.082615475999662187e+06,1.000000000000000000e+00
1.248984576720478957e-03,9.287125126420089600e+02,9.288109402311658869e+02,6.747097590003613143e-02,1.617628604705403650e-01,-9.950667723493784433e+05,8.950608347363009365e-02,9.046089233947139652e-02,1.122515707002536859e+06,1.134166182960448554e+06,1.000000000000000000e+00
1.257750351913022131e-03,9.327663491336888910e+02,9.328588619347657414e+02,6.747798860077966476e-02,1.623881074079592257e-01,-9.949610332909360295e+05,9.426129886718355444e-02,9.495183882622008908e-02,1.173959099592963234e+06,1.182812345621255692e+06,1.000000000000000000e+00
1.266516127105565305e-03,9.368179959250585398e+02,9.369106634209260847e+02,6.748503251960324967e-02,1.630138167031632279e-01,-9.948556232318438124e+05,9.921850209159327472e-02,1.001217286318120125e-01,1.227230723043148406e+06,1.238215390000458574e+06,1.000000000000000000e+00
1.275281902298108696e-03,9.408674432158084073e+02,9.409672897995669700e+02,6.749210705093450224e-02,1.636399857147943782e-01,-9.947505786071950570e+05,1.043836655699308391e-01,1.054333406966085629e-01,1.282374610916181235e+06,1.295076162848816020e+06,1.000000000000000000e+00
1.284047677490652087e-03,9.449146793686169303e+02,9.450059832543331595e+02,6.749921157693780649e-02,1.642666115211223743e-01,-9.946459367616586387e+05,1.097628533638373149e-01,1.105290472426397469e-01,1.339435552779349266e+06,1.349100374101056950e+06,1.000000000000000000e+00
1.292813452683195261e-03,9.489596908930453765e+02,9.490536643251490432e+02,6.750634546720161999e-02,1.648936909150432173e-01,-9.945417359698589426e+05,1.153622218784320641e-01,1.163819462378613140e-01,1.398459107767561218e+06,1.410672088466441026e+06,1.000000000000000000e+00
1.301579227875738435e-03,9.530024624288734003e+02,9.531027056660027483e+02,6.751350807842007584e-02,1.655212203989805397e-01,-9.944380154568731086e+05,1.211880205763823798e-01,1.222779745508390109e-01,1.459491614820886636e+06,1.472644055003552930e+06,1.000000000000000000e+00
1.310345003068281826e-03,9.570429767288773064e+02,9.571331154466917042e+02,6.752069875406943589e-02,1.661491961796901506e-01,-9.943348154187812470e+05,1.272465926505645939e-01,1.280872985823368615e-01,1.522580199071020586e+06,1.533029298014078755e+06,1.000000000000000000e+00
1.319110778260825000e-03,9.610812146410532932e+02,9.611765354911235590e+02,6.752791682407965901e-02,1.667776141629696007e-01,-9.942321770432379562e+05,1.335443755506422192e-01,1.346795575185553984e-01,1.587772773356245598e+06,1.601192083480057539e+06,1.000000000000000000e+00
1.327876553453368174e-03,9.651171550902952276e+02,9.652169295241574218e+02,6.753516160450138972e-02,1.674064699482721297e-01,-9.941301425300212577e+05,1.400879010527965596e-01,1.411631180526406737e-01,1.655118032092978014e+06,1.668134523993806448e+06,1.000000000000000000e+00
1.336642328645911565e-03,9.691507750595417292e+02,9.692409656819522752e+02,6.754243239716907488e-02,1.680357588232280763e-01,-9.940287551114798989e+05,1.468837934331447548e-01,1.478194106095918892e-01,1.724665426901775645e+06,1.736073421394220553e+06,1.000000000000000000e+00
1.345408103838454739e-03,9.731820495704223504e+02,9.732787599067976316e+02,6.754972848936091623e-02,1.686654757580763053e-01,-9.939280590728613315e+05,1.539387568485720004e-01,1.551893995571106966e-01,1.796465069456234341e+06,1.811090728803432314e+06,1.000000000000000000e+00
1.352980396700575322e-03,9.766625448191828127e+02,9.767627825862308555e+02,6.755605096407107935e-02,1.692097946380910212e-01,-9.938416585572209442e+05,1.602473099594141637e-01,1.614118158305729578e-01,1.860345322344064014e+06,1.874318394923444372e+06,1.000000000000000000e+00
1.360552689562696121e-03,9.801412508080271664e+02,9.802323917220410294e+02,6.756239130300081830e-02,1.697544254197375924e-01,-9.937558387698601000e+05,1.667587677511813138e-01,1.677426022577866160e-01,1.925978088237834862e+06,1.937933219167746603e+06,1.000000000000000000e+00
1.368124982424816704e-03,9.836181478270120806e+02,9.837133522377608870e+02,6.756874901902848451e-02,1.702993642678866104e-01,-9.936706302208200796e+05,1.734776562223943053e-01,1.747728954708857307e-01,1.993397268529213965e+06,2.008467847741594538e+06,1.000000000000000000e+00
1.375697275286937287e-03,9.870932150308907467e+02,9.871946659835704168e+02,6.757512361620181263e-02,1.708446071585705273e-01,-9.935860640475287801e+05,1.804085454437366620e-01,1.818445732950745297e-01,2.062637098957081558e+06,2.079419581039656419e+06,1.000000000000000000e+00
1.383269568149057870e-03,9.905664304286768811e+02,9.906612503606704649e+02,6.758151458957152580e-02,1.713901498760900810e-01,-9.935021720240355935e+05,1.875560567269269896e-01,1.886342378652642593e-01,2.133732187109001447e+06,2.146813856594616547e+06,1.000000000000000000e+00
1.390841861011178453e-03,9.940377708730512722e+02,9.941315233245817353e+02,6.758792142502560718e-02,1.719359880100863602e-01,-9.934189865700586233e+05,1.949248636069390861e-01,1.962537459745517243e-01,2.206717512598671950e+06,2.222174652050515637e+06,1.000000000000000000e+00
1.398414153873299036e-03,9.975072120496147363e+02,9.976069796153535663e+02,6.759434359912493140e-02,1.724821169525779796e-01,-9.933365407598670572e+05,2.025196914472356946e-01,2.040588832975766820e-01,2.281628420569279697e+06,2.299387984559320379e+06,1.000000000000000000e+00
1.405986446735419618e-03,1.000974728465990552e+03,1.001073407014524946e+03,6.760078057894035319e-02,1.730285318949638940e-01,-9.932550086138814222e+05,2.103453150818783701e-01,2.114761999811169690e-01,2.358500104629452340e+06,2.372306370259627234e+06,1.000000000000000000e+00
1.413558739597540201e-03,1.004440293358755184e+03,1.004532787981748584e+03,6.760723182190214731e-02,1.735752278250078662e-01,-9.931742178812084021e+05,2.184065615541005978e-01,2.197199472067860038e-01,2.437369209574781824e+06,2.452714071306870785e+06,1.000000000000000000e+00
1.421131032459660784e-03,1.007903878159950750e+03,1.008002120487786215e+03,6.761369677562752145e-02,1.741221995239110309e-01,-9.930943506617421517e+05,2.267083033268786074e-01,2.283208716462342136e-01,2.518271469813671894e+06,2.536701105855696369e+06,1.000000000000000000e+00
1.428703325321781367e-03,1.011365452946552864e+03,1.011466620303754553e+03,6.762017487777725877e-02,1.746694415633588959e-01,-9.930154239469566382e+05,2.352554603139926925e-01,2.367025149061426914e-01,2.601243399567945395e+06,2.618298895751251373e+06,1.000000000000000000e+00
1.436275618183901950e-03,1.014824986591262473e+03,1.014916753731988479e+03,6.762666555590569895e-02,1.752169483024211827e-01,-9.929374547678072704e+05,2.440529962420152910e-01,2.453346400268704153e-01,2.686321739512829110e+06,2.701444552789026406e+06,1.000000000000000000e+00
1.443847911046022532e-03,1.018282446751137513e+03,1.018379223271552405e+03,6.763316822731521571e-02,1.757647138843938250e-01,-9.928604601978041464e+05,2.531059160657598284e-01,2.547818878082518945e-01,2.773543433109711856e+06,2.792588025300038513e+06,1.000000000000000000e+00
1.451420203908143115e-03,1.021737799856186484e+03,1.021840933051570573e+03,6.763968229891595407e-02,1.763127322336170422e-01,-9.927844573559273267e+05,2.624192630315456132e-01,2.642459083497966654e-01,2.862945598460126668e+06,2.883897148156103678e+06,1.000000000000000000e+00
1.458992496770263915e-03,1.025191011097937917e+03,1.025286381390895031e+03,6.764620716709142390e-02,1.768609970522722619e-01,-9.927094634093716741e+05,2.719981153750989922e-01,2.733987844064356687e-01,2.954565496970697772e+06,2.971085130297658965e+06,1.000000000000000000e+00
1.466564789632384498e-03,1.028642044418009391e+03,1.028737370984147447e+03,6.765274221757058837e-02,1.774095018171608640e-01,-9.926354955761636375e+05,2.818475826515487448e-01,2.835875503147765597e-01,3.048440499584360514e+06,3.068183358562896028e+06,1.000000000000000000e+00
1.474137082494505081e-03,1.032090862496692353e+03,1.032192250987403440e+03,6.765928682530682192e-02,1.779582397764676027e-01,-9.925625711275996873e+05,2.919728016997139020e-01,2.939716589733066265e-01,3.144608051045673434e+06,3.167240004545310978e+06,1.000000000000000000e+00
1.481709375356625880e-03,1.035537426741580020e+03,1.035636470044718635e+03,6.766584035436470912e-02,1.785072039465127325e-01,-9.924907073905330617e+05,3.023789322474664809e-01,3.038799517263421346e-01,3.243105632528503891e+06,3.260907734762955923e+06,1.000000000000000000e+00
1.489281668218746463e-03,1.038981697276253726e+03,1.039075739027289046e+03,6.767240215781497592e-02,1.790563871084960845e-01,-9.924199217495048651e+05,3.130711521700422217e-01,3.148255668323214906e-01,3.343970722893798258e+06,3.363933516380314250e+06,1.000000000000000000e+00
1.496853961080867046e-03,1.042423632929057248e+03,1.042523476115552057e+03,6.767897157763838600e-02,1.796057818052375077e-01,-9.923502316487046191e+05,3.240546524193940181e-01,3.261779919595739763e-01,3.447240758831884246e+06,3.471046641116974875e+06,1.000000000000000000e+00
1.504426253942987629e-03,1.045863191221977331e+03,1.045964974195487230e+03,6.768554794463925439e-02,1.801553803379176699e-01,-9.922816545937693445e+05,3.353346316500633861e-01,3.371517830746703082e-01,3.552953094156186562e+06,3.574072925451020245e+06,1.000000000000000000e+00
1.511998546805108212e-03,1.049300328359654486e+03,1.049393179925094955e+03,6.769213057836889758e-02,1.807051747628238281e-01,-9.922142081534243189e+05,3.469162905767760874e-01,3.486495346168874687e-01,3.661144958553195465e+06,3.681033370003250428e+06,1.000000000000000000e+00
1.519570839667228794e-03,1.052734999218546818e+03,1.052833391944260939e+03,6.769871878705993606e-02,1.812551568881050901e-01,-9.921479099609460682e+05,3.588048261122678273e-01,3.610296893621541825e-01,3.771853416158867069e+06,3.796635611519271508e+06,1.000000000000000000e+00
1.527143132529349377e-03,1.056167157336270520e+03,1.056271054077728422e+03,6.770531186757196285e-02,1.818053182705421655e-01,-9.920827777154742507e+05,3.710054253536004265e-01,3.733249651910743316e-01,3.885115324448770843e+06,3.911325502494759858e+06,1.000000000000000000e+00
1.534715425391469960e-03,1.059596754901136592e+03,1.059692170292907349e+03,6.771190910534900798e-02,1.823556502123360734e-01,-9.920188291831555543e+05,3.835232595166970238e-01,3.853530293565576303e-01,4.000967294147689361e+06,4.022013097462136764e+06,1.000000000000000000e+00
1.542287718253590543e-03,1.063023742741905153e+03,1.063120818544071881e+03,6.771850977438935437e-02,1.829061437579211913e-01,-9.919560821981194895e+05,3.963634779724150570e-01,3.986509748131658593e-01,4.119445651304895524e+06,4.144843455657144543e+06,1.000000000000000000e+00
1.549860011115711126e-03,1.066448070317775773e+03,1.066551367977638847e+03,6.772511313722845427e-02,1.834567896908065876e-01,-9.918945546633093618e+05,4.095312026349019474e-01,4.121179123615464901e-01,4.240586403630145825e+06,4.269355514009446837e+06,1.000000000000000000e+00
1.557432303977831708e-03,1.069869685708630641e+03,1.069968658587780283e+03,6.773171844493504345e-02,1.840075785304505218e-01,-9.918342645511492155e+05,4.230315231393988462e-01,4.249815309336579250e-01,4.364425215342110954e+06,4.386934220940824598e+06,1.000000000000000000e+00
1.565004596839952291e-03,1.073288535605537163e+03,1.073384333692413520e+03,6.773832493712111935e-02,1.845585005291713043e-01,-9.917752299040541984e+05,4.368694936138174389e-01,4.392071491358142676e-01,4.490997399878428318e+06,4.516976879016759805e+06,1.000000000000000000e+00
1.572576889702072874e-03,1.076704565301510684e+03,1.076806305079342565e+03,6.774493184196583861e-02,1.851095456690965979e-01,-9.917174688348112395e+05,4.510501325443555531e-01,4.538317263669258694e-01,4.620337952141690068e+06,4.650957356662743725e+06,1.000000000000000000e+00
1.580149182564193674e-03,1.080117718682339728e+03,1.080219917305266790e+03,6.775153837625295938e-02,1.856607036591284010e-01,-9.916609995268597268e+05,4.655784282546914232e-01,4.677477607876741050e-01,4.752481671928033233e+06,4.777477354610338807e+06,1.000000000000000000e+00
1.587721475426314257e-03,1.083527938218251165e+03,1.083622603885215767e+03,6.775814374542250829e-02,1.862119639320271303e-01,-9.916058402342457557e+05,4.804593518204272606e-01,4.827900170450998285e-01,4.887463509384304285e+06,4.913505051141267642e+06,1.000000000000000000e+00
1.601952016283241485e-03,1.089928658605667351e+03,1.090033214100642454e+03,6.777055200583734229e-02,1.872481973640294783e-01,-9.915058281363521237e+05,5.093869355922905351e-01,5.125059662295277096e-01,5.148835066786616109e+06,5.183429948299138807e+06,1.000000000000000000e+00
1.616182557140168497e-03,1.096318416695186670e+03,1.096415918141042539e+03,6.778294794419269242e-02,1.882846781077354981e-01,-9.914106091703568818e+05,5.396063965081305813e-01,5.425767679138872035e-01,5.420544602522282861e+06,5.453034791567240842e+06,1.000000000000000000e+00
1.630413097997095509e-03,1.102696790122360426e+03,1.102798897095326765e+03,6.779532598631815565e-02,1.893213280174322888e-01,-9.913203063697938342e+05,5.711473710604739740e-01,5.737106477719700059e-01,5.702795027963601053e+06,5.732024956040749326e+06,1.000000000000000000e+00
1.644643638854022521e-03,1.109063338390942818e+03,1.109164174043522962e+03,6.780768042530452289e-02,1.903580653169210379e-01,-9.912350436125582783e+05,6.040383660643422470e-01,6.075264966448381543e-01,5.995782326391936280e+06,6.033455982039917260e+06,1.000000000000000000e+00
1.658874179710949533e-03,1.115417602740825259e+03,1.115514559709136392e+03,6.782000542555495504e-02,1.913948045441977441e-01,-9.911549455935907317e+05,6.383065895092385755e-01,6.411451775860141922e-01,6.299694053219544701e+06,6.331354424790348858e+06,1.000000000000000000e+00
1.673104720567876545e-03,1.121759106032379805e+03,1.121863284710640301e+03,6.783229502756661644e-02,1.924314564999614063e-01,-9.910801377934130142e+05,6.739778361747785773e-01,6.781116348680159556e-01,6.614708803078031167e+06,6.659174017929594964e+06,1.000000000000000000e+00
1.687335261424803556e-03,1.128087352647659372e+03,1.128183662159738333e+03,6.784454315345297970e-02,1.934679282002043643e-01,-9.910107464424752397e+05,7.110764170603227630e-01,7.145401036279316331e-01,6.940996025516571477e+06,6.978773085224721581e+06,1.000000000000000000e+00
1.701565802281730568e-03,1.134401828408120082e+03,1.134507234700999561e+03,6.785674361320413739e-02,1.945041228329946192e-01,-9.909468984812223352e+05,7.496251216798603956e-01,7.537456603593073456e-01,7.278716025433143601e+06,7.323382761960695498e+06,1.000000000000000000e+00
1.715796343138657580e-03,1.140702000508139690e+03,1.140801631970355857e+03,6.786889011167587804e-02,1.955399397194564348e-01,-9.908887215157231549e+05,7.896452092224510722e-01,7.938283649822345245e-01,7.628020091981232166e+06,7.672645153973492794e+06,1.000000000000000000e+00
1.730026883995584592e-03,1.146987317463358750e+03,1.147089244820755084e+03,6.788097625629324616e-02,1.965752742788673957e-01,-9.908363437686270336e+05,8.311564262640661616e-01,8.347674410267548195e-01,7.989050721193362959e+06,8.028927243867719546e+06,1.000000000000000000e+00
1.744257424852511604e-03,1.153257209072692376e+03,1.153360234838024098e+03,6.789299556545054515e-02,1.976100179977112181e-01,-9.907898940250208834e+05,8.741770483732665964e-01,8.792096663061580442e-01,8.361941898715704679e+06,8.414990166805960238e+06,1.000000000000000000e+00
1.758487965709438616e-03,1.159511086392772768e+03,1.159607401860842629e+03,6.790494147758675825e-02,1.986440584024556644e-01,-9.907495015726370038e+05,9.187239419436652454e-01,9.227032387188170981e-01,8.746819405465455726e+06,8.790222779148031026e+06,1.000000000000000000e+00
1.772718506566365627e-03,1.165748341723576686e+03,1.165855083251747828e+03,6.791680736091371129e-02,1.996772790357683458e-01,-9.907152961356271990e+05,9.648126413960199654e-01,9.706592344209352685e-01,9.143801104875169694e+06,9.204946978235324845e+06,1.000000000000000000e+00
1.786949047423292639e-03,1.171968348604063294e+03,1.172067210407682296e+03,6.792858652377307960e-02,2.007095594358405677e-01,-9.906874078009149525e+05,1.012457435736744404e+00,1.017380707746169177e+00,9.552997167359078303e+06,9.605117221484165639e+06,1.000000000000000000e+00
1.801179588280219651e-03,1.178170461816820989e+03,1.178275915356198993e+03,6.794027222559845258e-02,2.017407751184668863e-01,-9.906659669358950341e+05,1.061671457308258848e+00,1.066727928661370894e+00,9.974510187474763021e+06,1.002868795762168057e+07,1.000000000000000000e+00
1.815410129137146663e-03,1.184354017400976090e+03,1.184456258250228757e+03,6.795185768845883600e-02,2.027707975615268554e-01,-9.906511040960655082e+05,1.112466761942343174e+00,1.118536040030160716e+00,1.040843515323827229e+07,1.047144015203543752e+07,1.000000000000000000e+00
1.829703487191030589e-03,1.190545501288890364e+03,1.190645665995311901e+03,6.796338654305764115e-02,2.038040322622530209e-01,-9.906429291622728342e+05,1.165089008839811147e+00,1.170166196213241472e+00,1.085685592333314940e+07,1.091134117096257582e+07,1.000000000000000000e+00
1.843996845244914515e-03,1.196716864093883487e+03,1.196822892737347502e+03,6.797480050541204744e-02,2.048357909681212119e-01,-9.906416544030614896e+05,1.219327857983699914e+00,1.226532231385036642e+00,1.131796569292216375e+07,1.139168200165162422e+07,1.000000000000000000e+00
1.858290203298798441e-03,1.202867376090168136e+03,1.202965956760766630e+03,6.798609266986631317e-02,2.058659310727639080e-01,-9.906474119867333211e+05,1.275192534722062732e+00,1.281009361007052094e+00,1.179183459972482920e+07,1.185291010830545425e+07,1.000000000000000000e+00
1.872583561352682367e-03,1.208996288613179559e+03,1.209103532060887119e+03,6.799725614537444063e-02,2.068943058157179937e-01,-9.906603337559431093e+05,1.332691246252032169e+00,1.340093639924111235e+00,1.227852217074974254e+07,1.235481158138002269e+07,1.000000000000000000e+00
1.886876919406566292e-03,1.215102834120088801e+03,1.215204758002914105e+03,6.800828406999093190e-02,2.079207642752715079e-01,-9.906805510522888508e+05,1.391831093364480409e+00,1.399290685234272358e+00,1.277807572139861435e+07,1.285451837579315528e+07,1.000000000000000000e+00
1.901170277460450218e-03,1.221186226265019059e+03,1.221289121137554730e+03,6.801916962585796700e-02,2.089451513630514456e-01,-9.907081945179938339e+05,1.452617918394749630e+00,1.459181468823593786e+00,1.329052835485544428e+07,1.335963384705985524e+07,1.000000000000000000e+00
1.915463635514334144e-03,1.227245659992417814e+03,1.227351428116201760e+03,6.802990605467919283e-02,2.099673078207081045e-01,-9.907433938723963220e+05,1.515056086211413078e+00,1.523929870591745672e+00,1.381589654267444834e+07,1.390494227479658835e+07,1.000000000000000000e+00
1.929756993568218070e-03,1.233280311652790033e+03,1.233379088326214969e+03,6.804048667367069980e-02,2.109870702192416791e-01,-9.907862776610438013e+05,1.579148194008543005e+00,1.585999082141456906e+00,1.435417728045592085e+07,1.442509357269287296e+07,1.000000000000000000e+00
1.944050351622101996e-03,1.239289339145745998e+03,1.239397988973467136e+03,6.805090489197822279e-02,2.120042709617138144e-01,-9.908369729754008586e+05,1.644894707753880470e+00,1.655015492723707515e+00,1.490534482608813047e+07,1.500633463809903339e+07,1.000000000000000000e+00
1.958343709675985922e-03,1.245271882096020136e+03,1.245373870296929226e+03,6.806115422754793753e-02,2.130187382902888060e-01,-9.908956051414443646e+05,1.712293525640182335e+00,1.721382870046392011e+00,1.546934704085842893e+07,1.556103728822237998e+07,1.000000000000000000e+00
1.972637067729869631e-03,1.251227062068782743e+03,1.251332118758742126e+03,6.807122832443325555e-02,2.140302962987448154e-01,-9.909622973757113796e+05,1.781339471626048887e+00,1.789746541186080453e+00,1.604610136673624441e+07,1.613265197604934312e+07,1.000000000000000000e+00
1.986930425783753774e-03,1.257153982831119492e+03,1.257259709730385566e+03,6.808112097051448319e-02,2.150387649517854771e-01,-9.910371704078321345e+05,1.852023725265228737e+00,1.862978176507223971e+00,1.663549048750678636e+07,1.674345998331473954e+07,1.000000000000000000e+00
2.001223783837637916e-03,1.263051730667026504e+03,1.263150794582676554e+03,6.809082611560009213e-02,2.160439601126447617e-01,-9.911203420689681079e+05,1.924333197912670768e+00,1.932623135625025856e+00,1.723735774054957181e+07,1.732181417905038223e+07,1.000000000000000000e+00
2.015517141891521626e-03,1.268919374753590773e+03,1.269028829770398261e+03,6.810033788986746828e-02,2.170456935806185927e-01,-9.912119268461217871e+05,1.998249870510159010e+00,2.011390854779596893e+00,1.785150238062061369e+07,1.797926102977899462e+07,1.000000000000000000e+00
2.029810499945405335e-03,1.274755967606143940e+03,1.274858250771180565e+03,6.810965062258780844e-02,2.180437731402486146e-01,-9.913120354027043795e+05,2.073750108366763101e+00,2.084810247280898476e+00,1.847767487811468542e+07,1.858730473967777565e+07,1.000000000000000000e+00
2.044103857999289477e-03,1.280560545599947318e+03,1.280667337609348579e+03,6.811875886105797639e-02,2.190380026239407973e-01,-9.914207740662769647e+05,2.150803874735590426e+00,2.161411386412470215e+00,1.911557262680844590e+07,1.922212882272661477e+07,1.000000000000000000e+00
2.059467184324266509e-03,1.286762861276044760e+03,1.286869583702238060e+03,6.812831513994989374e-02,2.201021434486433725e-01,-9.915473925766831962e+05,2.235310309593048217e+00,2.249068680892583494e+00,1.981384929939948022e+07,1.994661020298513025e+07,1.000000000000000000e+00
2.074830510649243107e-03,1.292925830274247346e+03,1.293026622849243722e+03,6.813762310613821760e-02,2.211613526627950188e-01,-9.916842140880346997e+05,2.321511419112286312e+00,2.332878839914411806e+00,2.052471439339908957e+07,2.063728917377335951e+07,1.000000000000000000e+00
2.090193836974219704e-03,1.299048199201966327e+03,1.299156828901404424e+03,6.814667698482801406e-02,2.222153721763218681e-01,-9.918313493031112012e+05,2.409339065804505964e+00,2.423313195133193432e+00,2.124754089278567582e+07,2.138339091359734163e+07,1.000000000000000000e+00
2.105557163299196302e-03,1.305128697357744159e+03,1.305234498625750575e+03,6.815547139744239369e-02,2.232639392240071685e-01,-9.919888998864337336e+05,2.498712580447813636e+00,2.513713594145178476e+00,2.198160449001093581e+07,2.212504715548322722e+07,1.000000000000000000e+00
2.120920489624172900e-03,1.311166038229793230e+03,1.311266754001481786e+03,6.816400138802523878e-02,2.243067866002655397e-01,-9.921569575351235690e+05,2.589537953608487264e+00,2.601742739882525246e+00,2.272607744367315248e+07,2.284599677172537521e+07,1.000000000000000000e+00
2.136283815949149498e-03,1.317158921179017170e+03,1.317269001617852837e+03,6.817226244878003827e-02,2.253436429318022016e-01,-9.923356030283536529e+05,2.681707044743993684e+00,2.699786587476128652e+00,2.348002360269565135e+07,2.365064308911769837e+07,1.000000000000000000e+00
2.151647142274126095e-03,1.323106033313988064e+03,1.323210947100651765e+03,6.818025054446191779e-02,2.263742329904104844e-01,-9.925249052628712961e+05,2.775096906992708945e+00,2.791465332787615772e+00,2.424239438402441144e+07,2.439798371001134440e+07,1.000000000000000000e+00
2.167010468599103127e-03,1.329006051563301298e+03,1.329109973621090376e+03,6.818796213531727601e-02,2.273982780478088772e-01,-9.927249202825579559e+05,2.869569200097570771e+00,2.884093014898579721e+00,2.501202547057377547e+07,2.515229901399044693e+07,1.000000000000000000e+00
2.182373794924080158e-03,1.334857644949249561e+03,1.334967488518153004e+03,6.819539419827107263e-02,2.284154962741560824e-01,-9.929356903107090620e+05,2.964969640702389775e+00,2.985465454867649360e+00,2.578763349749709666e+07,2.597799651436651126e+07,1.000000000000000000e+00
2.197737121249056756e-03,1.340659477066971249e+03,1.340763568704829368e+03,6.820254424612405553e-02,2.294256031817381303e-01,-9.931572427944850642e+05,3.061127921827248244e+00,3.078735420880552631e+00,2.656781018777312711e+07,2.673408511946248636e+07,1.000000000000000000e+00
2.205418784411545055e-03,1.343541193132189619e+03,1.343650547116778398e+03,6.820601259451142262e-02,2.299278765488503851e-01,-9.932720608214047970e+05,3.109441412474496680e+00,3.130527835683272642e+00,2.695914522754207253e+07,2.715387467902528867e+07,1.000000000000000000e+00
2.213100447574033354e-03,1.346409950712047703e+03,1.346517158298064260e+03,6.820940953628010228e-02,2.304282620912923574e-01,-9.933895832695207791e+05,3.157874778751504685e+00,3.175061739890177037e+00,2.735104906042348593e+07,2.751432538796836883e+07,1.000000000000000000e+00
2.220782110736521653e-03,1.349265582310056743e+03,1.349369224257412270e+03,6.821273491869778161e-02,2.309267236781771815e-01,-9.935098090344250668e+05,3.206402302756519163e+00,3.224395671850154077e+00,2.774331625092466921e+07,2.791266376586171240e+07,1.000000000000000000e+00
2.228463773899009952e-03,1.352107920625433508e+03,1.352216771830133212e+03,6.821598862523532703e-02,2.314232251110630578e-01,-9.936327359203252709e+05,3.254997603629642633e+00,3.277001171416337399e+00,2.813573364624309540e+07,2.833847973999141902e+07,1.000000000000000000e+00
2.236145437061498251e-03,1.354936798652602420e+03,1.355045695152725784e+03,6.821917057580655086e-02,2.319177301428765048e-01,-9.937583606162683573e+05,3.303633408388506609e+00,3.322570808937364006e+00,2.852808093070594594e+07,2.870693637113569304e+07,1.000000000000000000e+00
2.243827100223986550e-03,1.357752049783232451e+03,1.357855188548491014e+03,6.822228072696230605e-02,2.324102024973669356e-01,-9.938866786729285959e+05,3.352281531646247537e+00,3.371031276026587253e+00,2.892013102175030112e+07,2.909653775280293077e+07,1.000000000000000000e+00
2.251508763386474848e-03,1.360553507911364250e+03,1.360661836948800328e+03,6.822531907203539803e-02,2.329006058892793551e-01,-9.940176844803888816e+05,3.400912901185660253e+00,3.423495000764514629e+00,2.931165040652550012e+07,2.951897582602480799e+07,1.000000000000000000e+00
2.259190426548963147e-03,1.363341007540640931e+03,1.363450790032565237e+03,6.822828564122555839e-02,2.333889040450639052e-01,-9.941513712468610611e+05,3.449497592900093501e+00,3.470583710094643060e+00,2.970239945053778961e+07,2.989818222572912276e+07,1.000000000000000000e+00
2.266872089711451446e-03,1.366114383894295770e+03,1.366216967176884054e+03,6.823118050162772785e-02,2.338750607242668367e-01,-9.942877309785939287e+05,3.498004867814611174e+00,3.516961889690741749e+00,3.009213270255025476e+07,3.026982817102706060e+07,1.000000000000000000e+00
2.274553752873939745e-03,1.368873473026891816e+03,1.368981290141446379e+03,6.823400375719482214e-02,2.343590397414011539e-01,-9.944267544609087054e+05,3.546403210350581148e+00,3.569593401169690594e+00,3.048059921529288962e+07,3.069284584278339520e+07,1.000000000000000000e+00
2.282235416036428044e-03,1.371618111938506672e+03,1.371728730779513853e+03,6.823675554863933845e-02,2.348408049884492810e-01,-9.945684312406037934e+05,3.594660365277173586e+00,3.618662964600039889e+00,3.086754289479029924e+07,3.108726220801075175e+07,1.000000000000000000e+00
2.289917079198916777e-03,1.374348138690301084e+03,1.374450259037445448e+03,6.823943605326521222e-02,2.353203204577876684e-01,-9.947127496096384712e+05,3.642743359183400642e+00,3.662592539512341094e+00,3.125270291187066957e+07,3.143873638581056520e+07,1.000000000000000000e+00
2.298938850336430979e-03,1.377535575776135374e+03,1.377643738448487738e+03,6.824249346180667752e-02,2.358805723765450835e-01,-9.948856023008945631e+05,3.698946797125974850e+00,3.723514503223347649e+00,3.170242980847866833e+07,3.192611216846160591e+07,1.000000000000000000e+00
2.307960621473945616e-03,1.380702382141625094e+03,1.380812508580380381e+03,6.824545329978889963e-02,2.364376144061528517e-01,-9.950620562033586903e+05,3.754807719624897011e+00,3.778328502079453255e+00,3.214889054429775476e+07,3.236485141283262894e+07,1.000000000000000000e+00
2.316982392611459819e-03,1.383848302431897764e+03,1.383952443430316180e+03,6.824831604420227016e-02,2.369913890270954338e-01,-9.952420855703618145e+05,3.810269468492678335e+00,3.832406213677954199e+00,3.259164033499677107e+07,3.279539802385237440e+07,1.000000000000000000e+00
2.326004163748974021e-03,1.386973084303383985e+03,1.387083215242489587e+03,6.825108223879411407e-02,2.375418391113754135e-01,-9.954256621661746176e+05,3.865274410423181983e+00,3.892424029134042840e+00,3.303022831951986626e+07,3.327436016339984536e+07,1.000000000000000000e+00
2.335025934886488224e-03,1.390076478698681285e+03,1.390184048824863794e+03,6.825375249289725166e-02,2.380889079790276530e-01,-9.956127552485438064e+05,3.919764070539046852e+00,3.943100847850005142e+00,3.346419853091267124e+07,3.367871378336111456e+07,1.000000000000000000e+00
2.344047706024002427e-03,1.393158240122407506e+03,1.393264533197141873e+03,6.825632748007906536e-02,2.386325394552870627e-01,-9.958033315558532486e+05,3.973679258166928463e+00,3.998653593973163112e+00,3.389309091927513480e+07,3.411995086283531785e+07,1.000000000000000000e+00
2.353069477161516630e-03,1.396218126918693770e+03,1.396330113126208289e+03,6.825880793662304769e-02,2.391726779285721083e-01,-9.959973552993496414e+05,4.026960196930186697e+00,4.056907652122964336e+00,3.431644242113335431e+07,3.458299631926146895e+07,1.000000000000000000e+00
2.362091248299030832e-03,1.399255901548286829e+03,1.399360428328660873e+03,6.826119465983850054e-02,2.397092684088633630e-01,-9.961947881602186244e+05,4.079546660666174773e+00,4.103301436681795700e+00,3.473378807408160716e+07,3.495117950828182697e+07,1.000000000000000000e+00
2.371113019436545035e-03,1.402271330865924938e+03,1.402379626587839539e+03,6.826348850621180575e-02,2.402422565866459692e-01,-9.963955892919854959e+05,4.131378114745789532e+00,4.159010362229424551e+00,3.514466216859508306e+07,3.539265473123824596e+07,1.000000000000000000e+00
2.380134790574059238e-03,1.405264186395855859e+03,1.405375944093841326e+03,6.826569038939706013e-02,2.407715888919705893e-01,-9.965997153279533377e+05,4.182393862268211748e+00,4.211996887140030843e+00,3.554859943256066740e+07,3.581301844065635651e+07,1.000000000000000000e+00
2.389156561711573441e-03,1.408234244606194807e+03,1.408338229931879368e+03,6.826780127806074405e-02,2.412972125538044854e-01,-9.968071203941295389e+05,4.232533194511889363e+00,4.257866728799567291e+00,3.594513624069073051e+07,3.617507030269403756e+07,1.000000000000000000e+00
2.398178332849087643e-03,1.411181287179908168e+03,1.411291200580621762e+03,6.826982219358028459e-02,2.418190756592070167e-01,-9.970177561273368774e+05,4.281735545095649798e+00,4.311615693007881944e+00,3.633381184496577829e+07,3.659923052087880671e+07,1.000000000000000000e+00
2.407200103986601846e-03,1.414105101283163549e+03,1.414215646070437515e+03,6.827175420761288915e-02,2.423371272125051656e-01,-9.972315716988927452e+05,4.329940647273039289e+00,4.357749750129479516e+00,3.671416961846122891e+07,3.696413631855306029e+07,1.000000000000000000e+00
2.416221875124116049e-03,1.417005479828771286e+03,1.417111242965971769e+03,6.827359843953612062e-02,2.428513171939846726e-01,-9.974485138435383560e+05,4.377088693749335846e+00,4.404558368676756430e+00,3.708575830867437273e+07,3.733215403398782015e+07,1.000000000000000000e+00
2.425243646261630252e-03,1.419882221735510711e+03,1.419993981557218603e+03,6.827535605377826888e-02,2.433615966182795520e-01,-9.976685268939627567e+05,4.423120498431634573e+00,4.455824882263242692e+00,3.744813329250892252e+07,3.773597892324653268e+07,1.000000000000000000e+00
2.434265417399144454e-03,1.422735132181025165e+03,1.422843754472847650e+03,6.827702825704128065e-02,2.438679175919593600e-01,-9.978915528205332812e+05,4.467977659403776336e+00,4.496867723995782384e+00,3.780085782884662598e+07,3.805938293084435165e+07,1.000000000000000000e+00
2.443287188536658657e-03,1.425564022849139064e+03,1.425671658960177865e+03,6.827861629543564848e-02,2.443702333705045637e-01,-9.981175312765801791e+05,4.511602722510131613e+00,4.541608609515821016e+00,3.814350430067110062e+07,3.840991446781478822e+07,1.000000000000000000e+00
2.452308959674172860e-03,1.428368712169261926e+03,1.428481845647309910e+03,6.828012145153161683e-02,2.448684984141581977e-01,-9.983463996487611439e+05,4.553939344742946815e+00,4.588995099864463079e+00,3.847565544257263094e+07,3.878171748571272194e+07,1.000000000000000000e+00
2.461330730811687063e-03,1.431149025548802683e+03,1.431255598606207059e+03,6.828154504134650860e-02,2.453626684428529825e-01,-9.985780931128421798e+05,4.594932456796798625e+00,4.624454401380546642e+00,3.879690554554105550e+07,3.905983139067945629e+07,1.000000000000000000e+00
2.470352501949201265e-03,1.433904795596257827e+03,1.434013882320798302e+03,6.828288841127372333e-02,2.458527004896935153e-01,-9.988125446943559218e+05,4.634528423900356131e+00,4.666545393440572731e+00,3.910686163491838425e+07,3.938881961243161559e+07,1.000000000000000000e+00
2.479374273086715468e-03,1.436635862335976753e+03,1.436749059066899463e+03,6.828415293497405725e-02,2.463385529532051144e-01,-9.990496853344434639e+05,4.672675204281495631e+00,4.708293803714239445e+00,3.940514461351852119e+07,3.971547809245873243e+07,1.000000000000000000e+00
2.488396044224229671e-03,1.439342073412284208e+03,1.439446376251389665e+03,6.828534001023507660e-02,2.468201856478236533e-01,-9.992894439602949424e+05,4.709322504309147561e+00,4.739092130483672172e+00,3.969139036597063392e+07,3.995579059504641593e+07,1.000000000000000000e+00
2.497417815361744307e-03,1.442023284284054398e+03,1.442133644703770869e+03,6.828645105581956920e-02,2.472975598528517893e-01,-9.995317475604620995e+05,4.744421929673507954e+00,4.778314225964133577e+00,3.996525081652545929e+07,4.026149562569490075e+07,1.000000000000000000e+00
2.506439586499258510e-03,1.444679358407448944e+03,1.444792415287472750e+03,6.828748750830931913e-02,2.477706383593557549e-01,-9.997765212644096464e+05,4.777927131595744115e+00,4.813669049981789350e+00,4.022639493665199727e+07,4.053747990748704225e+07,1.000000000000000000e+00
2.515461357636772713e-03,1.447310167408016468e+03,1.447415662217340468e+03,6.828845081896452174e-02,2.482393855152435769e-01,-1.000023688426542794e+06,4.809793947443608886e+00,4.841630052524598327e+00,4.047450969492883980e+07,4.075444001812523603e+07,1.000000000000000000e+00
2.524483128774287349e-03,1.449915591239908963e+03,1.450027279068509870e+03,6.828934245060552799e-02,2.487037672680038891e-01,-1.000273170714054024e+06,4.839980534702200465e+00,4.875805625430006174e+00,4.070930094570996612e+07,4.102019666985061765e+07,1.000000000000000000e+00
2.533504899911801552e-03,1.452495518333523478e+03,1.452608158118922120e+03,6.829016387453643033e-02,2.491637512053619663e-01,-1.000524888198786299e+06,4.868447497725055584e+00,4.904349605965908410e+00,4.093049424890751392e+07,4.124267386887288839e+07,1.000000000000000000e+00
2.542526671049315755e-03,1.455049845729395656e+03,1.455156365771961646e+03,6.829091656751692940e-02,2.496193065933431932e-01,-1.000778759452441242e+06,4.895158006386069793e+00,4.928571358876178365e+00,4.113783561609049886e+07,4.142976720011772960e+07,1.000000000000000000e+00
2.551548442186829958e-03,1.457578479199758249e+03,1.457690996244563621e+03,6.829160200880118881e-02,2.500704044120187763e-01,-1.001034701645313879e+06,4.920077907181049426e+00,4.957369070072288331e+00,4.133109217011158913e+07,4.165310989315368980e+07,1.000000000000000000e+00
2.560570213324344160e-03,1.460081333355688002e+03,1.460193730471145955e+03,6.829222167725015891e-02,2.505170173884346818e-01,-1.001292630647846381e+06,4.943175831186898961e+00,4.979637727423386728e+00,4.151005269300793856e+07,4.182625927117663622e+07,1.000000000000000000e+00
2.569591984461858363e-03,1.462558331741396387e+03,1.462665807669016431e+03,6.829277704853653486e-02,2.509591200270125944e-01,-1.001552461135149468e+06,4.964423323844560976e+00,4.999300429821582625e+00,4.167452796490026265e+07,4.197731790356631577e+07,1.000000000000000000e+00
2.578613755599372566e-03,1.465009406913790599e+03,1.465122985630204312e+03,6.829326959245442252e-02,2.513966886368919629e-01,-1.001814106693377020e+06,4.983795112165218200e+00,5.022517030250885028e+00,4.182435048741599917e+07,4.215663569950406253e+07,1.000000000000000000e+00
2.590968689163908149e-03,1.468323920025485904e+03,1.468432699826879798e+03,6.829384462680089529e-02,2.519885317942722747e-01,-1.002175218490572064e+06,5.007251613392195821e+00,5.043528878759165224e+00,4.200560842766325921e+07,4.231880104028787464e+07,1.000000000000000000e+00
2.603323622728444166e-03,1.471589609259759300e+03,1.471702121086475927e+03,6.829430843930141271e-02,2.525717848683163846e-01,-1.002539341958024190e+06,5.027099045978484781e+00,5.065624493146851037e+00,4.215882626075771451e+07,4.248972309465915710e+07,1.000000000000000000e+00
2.615678556292980184e-03,1.474806384653297300e+03,1.474917327717636908e+03,6.829466469286485375e-02,2.531464039553112944e-01,-1.002906247803378268e+06,5.043300078235341211e+00,5.081369619986559449e+00,4.228379574863941967e+07,4.261197266957004368e+07,1.000000000000000000e+00
2.628033489857515767e-03,1.477974188568286763e+03,1.478085536427769057e+03,6.829491698982625980e-02,2.537123518134024591e-01,-1.003275704739224399e+06,5.055828934172725830e+00,5.094269958400239773e+00,4.238038998282962292e+07,4.271019654825238883e+07,1.000000000000000000e+00
2.640388423422051350e-03,1.481092995665347871e+03,1.481207164997179461e+03,6.829506886238174979e-02,2.542695979084457214e-01,-1.003647480033268919e+06,5.064671174342639581e+00,5.105301022019990143e+00,4.244856505241902918e+07,4.279497094820814580e+07,1.000000000000000000e+00
2.652743356986587368e-03,1.484162812781845787e+03,1.484272473910781628e+03,6.829512376400992402e-02,2.548181184387750542e-01,-1.004021340057362453e+06,5.069823687110969423e+00,5.108406566149392702e+00,4.248835979235527664e+07,4.281897319230131805e+07,1.000000000000000000e+00
2.665098290551123385e-03,1.487183678720223497e+03,1.487299529997760146e+03,6.829508506188788908e-02,2.553578963397133972e-01,-1.004397050834210240e+06,5.071294630355033917e+00,5.114092362421313709e+00,4.249989469544166327e+07,4.286392346791347861e+07,1.000000000000000000e+00
2.677453224115658968e-03,1.490155663944895423e+03,1.490262544329121965e+03,6.829495603029907269e-02,2.558889212671889291e-01,-1.004774378578068223e+06,5.069103294569156759e+00,5.108007381875818709e+00,4.248337023718459159e+07,4.281714947397627681e+07,1.000000000000000000e+00
2.689808157680194552e-03,1.493078870193921148e+03,1.493193830195000373e+03,6.829473984504438877e-02,2.564111895614886727e-01,-1.005153090227710432e+06,5.063279890175927278e+00,5.105394529537663928e+00,4.243906469555689394e+07,4.279776664145819843e+07,1.000000000000000000e+00
2.702163091244730569e-03,1.495953430005209839e+03,1.496062015974434416e+03,6.829443957884129279e-02,2.569247041908050422e-01,-1.005532953968155663e+06,5.053865263002581543e+00,5.094337472445071846e+00,4.236733152211475372e+07,4.271223273563920707e+07,1.000000000000000000e+00
2.714518024809266586e-03,1.498779506164411941e+03,1.498893529207417942e+03,6.829405819770323349e-02,2.574294746758641339e-01,-1.005913739739624783e+06,5.040910543890307238e+00,5.082357947167862378e+00,4.226859630235591531e+07,4.261995689493236691e+07,1.000000000000000000e+00
2.726872958373802169e-03,1.501557291075173907e+03,1.501671111641461266e+03,6.829359855826654113e-02,2.579255169955558813e-01,-1.006295219730526558e+06,5.024476736680937528e+00,5.067340794616331578e+00,4.214335335095217079e+07,4.250507267697624862e+07,1.000000000000000000e+00
2.739227891938337753e-03,1.504287006059600344e+03,1.504398972057596438e+03,6.829306340603885639e-02,2.584128534750727568e-01,-1.006677168853251031e+06,5.004634250967669118e+00,5.045929737839245810e+00,4.199216197882111371e+07,4.234057229319799691e+07,1.000000000000000000e+00
2.751582825502873770e-03,1.506968900590339899e+03,1.507087204753835522e+03,6.829245537452041659e-02,2.588915126567050140e-01,-1.007059365199922118e+06,4.981462384506817109e+00,5.025685097853259009e+00,4.181564247890007496e+07,4.218591980286109447e+07,1.000000000000000000e+00
2.763937759067409787e-03,1.509603251462603794e+03,1.509711845895665192e+03,6.829177698515709327e-02,2.593615291549696833e-01,-1.007441590477236896e+06,4.955048762292103781e+00,4.996994076917536276e+00,4.161447186969992518e+07,4.196637644561772794e+07,1.000000000000000000e+00
2.776292692631945370e-03,1.512190361908090836e+03,1.512307438292537881e+03,6.829103064806470169e-02,2.598229434964130502e-01,-1.007823630417947192e+06,4.925488737762355740e+00,4.968492705275717292e+00,4.138937944449322671e+07,4.174943369257789105e+07,1.000000000000000000e+00
2.788647626196480954e-03,1.514730560659375897e+03,1.514843662659925258e+03,6.829021866347205483e-02,2.602758019458824013e-01,-1.008205275168510387e+06,4.892884763498329903e+00,4.936647939665061990e+00,4.114114216589161009e+07,4.150609404674944282e+07,1.000000000000000000e+00
2.801002559761016971e-03,1.517224200967108345e+03,1.517338125688192576e+03,6.828934322381438604e-02,2.607201563197545369e-01,-1.008586319650884019e+06,4.857345737130345675e+00,4.899899395259418533e+00,4.087057995273026824e+07,4.122705054391784221e+07,1.000000000000000000e+00
2.813357493325552988e-03,1.519671659578615390e+03,1.519789755681178804e+03,6.828840641641789611e-02,2.611560637879852265e-01,-1.008966563898391789e+06,4.818986329801858481e+00,4.863464108437447031e+00,4.057855089768826216e+07,4.095039275555837899e+07,1.000000000000000000e+00
2.825712426890088572e-03,1.522073335680451692e+03,1.522182643589701229e+03,6.828741022670264949e-02,2.615835866655672470e-01,-1.009345813364053611e+06,4.777926302814159421e+00,4.821319562099404266e+00,4.026594645969870687e+07,4.062801503348560631e+07,1.000000000000000000e+00
2.838067360454624155e-03,1.524429649813333981e+03,1.524546579779223975e+03,6.828635654184209147e-02,2.620027921952811645e-01,-1.009723879201738746e+06,4.734289819439144509e+00,4.777552804981905155e+00,3.993368666647426039e+07,4.029691289761013538e+07,1.000000000000000000e+00
2.850422294019160172e-03,1.526741042762033658e+03,1.526854681411482488e+03,6.828524715480609186e-02,2.624137523223806778e-01,-1.010100578518910217e+06,4.688204757123575206e+00,4.733267664975285172e+00,3.958271536680687964e+07,3.995877154818911850e+07,1.000000000000000000e+00
2.862777227583696189e-03,1.529007974428336865e+03,1.529121052097227221e+03,6.828408376872613372e-02,2.628165434630673203e-01,-1.010475734601702425e+06,4.639802026435111415e+00,4.683048883521500727e+00,3.921399556357338279e+07,3.957596205488634109e+07,1.000000000000000000e+00
2.875132161148231773e-03,1.531230922689535419e+03,1.531350095015009629e+03,6.828286800151281422e-02,2.632112462674112141e-01,-1.010849177111494471e+06,4.589214901334115915e+00,4.632916242381802441e+00,3.882850486169923097e+07,3.919467294168758392e+07,1.000000000000000000e+00
2.887487094712767356e-03,1.533410382250080602e+03,1.533519773951554725e+03,6.828160139066780099e-02,2.635979453785010085e-01,-1.011220742254038574e+06,4.536578366288024355e+00,4.581505295392120480e+00,3.842723105688974261e+07,3.880248380526053160e+07,1.000000000000000000e+00
2.899842028277303373e-03,1.535546863488635609e+03,1.535662548850897338e+03,6.828028539822580956e-02,2.639767291884543843e-01,-1.011590272920649499e+06,4.482028484010728953e+00,4.525115675381433888e+00,3.801116789352495223e+07,3.837186133414321393e+07,1.000000000000000000e+00
2.912196961841839390e-03,1.537640891307563834e+03,1.537758940242289782e+03,6.827892141577464324e-02,2.643476895929679493e-01,-1.011957618802776211e+06,4.425701788354526656e+00,4.470076931366044448e+00,3.758131101209909469e+07,3.795044494676609337e+07,1.000000000000000000e+00
2.924551895406374974e-03,1.539693003986763870e+03,1.539803549332743614e+03,6.827751076949629960e-02,2.647109217449810092e-01,-1.012322636479771114e+06,4.367734705140270179e+00,4.412263344361863737e+00,3.713865410836094618e+07,3.750637012520836294e+07,1.000000000000000000e+00
2.936906828970910557e-03,1.541703752048212209e+03,1.541821831355425957e+03,6.827605472518459562e-02,2.650665238089981446e-01,-1.012685189481330803e+06,4.308263004104764704e+00,4.350838296096328328e+00,3.668418531789533049e+07,3.703859248935351521e+07,1.000000000000000000e+00
2.949261762535446141e-03,1.543673697132719099e+03,1.543789990409265101e+03,6.827455449319155822e-02,2.654145967165663089e-01,-1.013045148324660026e+06,4.247421282949259691e+00,4.292673719023170520e+00,3.621888383824165165e+07,3.659375327864111960e+07,1.000000000000000000e+00
2.961616696099981724e-03,1.545603410894538001e+03,1.545714765809510254e+03,6.827301123326708077e-02,2.657552439242977238e-01,-1.013402390527886688e+06,4.185342483492427768e+00,4.229618799596387646e+00,3.574371678479925543e+07,3.611206338678408414e+07,1.000000000000000000e+00
2.973971629664517741e-03,1.547493473914913011e+03,1.547611516914134427e+03,6.827142605925626273e-02,2.660885711748466331e-01,-1.013756800599831971e+06,4.122157435030164407e+00,4.164335626670484736e+00,3.525963625437911600e+07,3.561360277855663002e+07,1.000000000000000000e+00
2.986321426446380926e-03,1.549343713152923101e+03,1.549458557517540839e+03,6.826980072812335876e-02,2.664145521706804409e-01,-1.014108124495268217e+06,4.058021271421944576e+00,4.103516905210603305e+00,3.476778262777628750e+07,3.514601105623093992e+07,1.000000000000000000e+00
2.998671223228244545e-03,1.551155517070411406e+03,1.551267840889290937e+03,6.826813562345224184e-02,2.667334364709699202e-01,-1.014456408660293557e+06,3.993033075982198365e+00,4.036929133982477325e+00,3.426886869695677608e+07,3.463295456284598261e+07,1.000000000000000000e+00
3.011021020010108164e-03,1.552929486005949229e+03,1.553048675925138014e+03,6.826643174667409997e-02,2.670453351473836001e-01,-1.014801558405071381e+06,3.927314543513361400e+00,3.968607146657070484e+00,3.376378218184518814e+07,3.410772369750326872e+07,1.000000000000000000e+00
3.023370816791971782e-03,1.554666225133223406e+03,1.554782470599271619e+03,6.826469007060670391e-02,2.673503606472684702e-01,-1.015143485752705019e+06,3.860983841876314049e+00,3.905850502158218607e+00,3.325337951586963609e+07,3.362266133404958993e+07,1.000000000000000000e+00
3.048070410355698586e-03,1.558029947497288504e+03,1.558148092367001482e+03,6.826109640595950934e-02,2.679401456411782956e-01,-1.015817398315602448e+06,3.726973749360196209e+00,3.767787568428599965e+00,3.221969587241765857e+07,3.256196843862859905e+07,1.000000000000000000e+00
3.072770003919425390e-03,1.561252344036346585e+03,1.561362181242776160e+03,6.825736320603667528e-02,2.685038645324150375e-01,-1.016477594298327807e+06,3.591830183770321927e+00,3.636204621101532641e+00,3.117442297988533974e+07,3.154362539454710856e+07,1.000000000000000000e+00
3.097469597483152193e-03,1.564338333563717697e+03,1.564457830421690005e+03,6.825349758573071024e-02,2.690424444623227274e-01,-1.017123607970562880e+06,3.456353767220912587e+00,3.496118848499655041e+00,3.012341232131207734e+07,3.045640473943741992e+07,1.000000000000000000e+00
3.109819394265015378e-03,1.565831976735158378e+03,1.565943159162786515e+03,6.825151762800499289e-02,2.693026514879076627e-01,-1.017441170465593925e+06,3.388710122041699524e+00,3.432798904181649569e+00,2.959760227052339166e+07,2.996143410314827785e+07,1.000000000000000000e+00
3.122169191046878997e-03,1.567293301819660428e+03,1.567409105846563534e+03,6.824950705271962126e-02,2.695569106625329558e-01,-1.017755039068010170e+06,3.321252398324261446e+00,3.361971777293777830e+00,2.907233094150489196e+07,2.941092615768726170e+07,1.000000000000000000e+00
3.134518987828742616e-03,1.568722919482414227e+03,1.568843074872026591e+03,6.824746670602108156e-02,2.698053381909372161e-01,-1.018065180497017689e+06,3.254060423581874861e+00,3.291658865486611241e+00,2.854819260238721967e+07,2.886478720947612450e+07,1.000000000000000000e+00
3.146868784610605801e-03,1.570121437440199543e+03,1.570236248057047760e+03,6.824539743069821252e-02,2.700480498770636562e-01,-1.018371566768234596e+06,3.187209144548639905e+00,3.229983270656536121e+00,2.802575263737351820e+07,2.838057436339490488e+07,1.000000000000000000e+00
3.159218581392468986e-03,1.571489459879347578e+03,1.571601923820446473e+03,6.824330006743624388e-02,2.702851609907201968e-01,-1.018674174974118709e+06,3.120768915156722834e+00,3.162778703954688186e+00,2.750554496678104252e+07,2.785428074747582898e+07,1.000000000000000000e+00
3.171568378174332604e-03,1.572827586909326783e+03,1.572945742042468964e+03,6.824117545572583321e-02,2.705167861424381259e-01,-1.018972987071491429e+06,3.054805528723647079e+00,3.092833641123104105e+00,2.698807154106681794e+07,2.730774312766203657e+07,1.000000000000000000e+00
3.183918174956196223e-03,1.574136414053385579e+03,1.574255732435822210e+03,6.823902443452992128e-02,2.707430391666161285e-01,-1.019267989672567812e+06,2.989380271986672888e+00,3.026560640341994901e+00,2.647380262795365974e+07,2.678851557389850542e+07,1.000000000000000000e+00
3.196267971738059408e-03,1.575416531774725854e+03,1.575528426792559458e+03,6.823684784275510506e-02,2.709640330126029117e-01,-1.019559173837568611e+06,2.924550010532666722e+00,2.966958132519123215e+00,2.596317741446948797e+07,2.631625669577254727e+07,1.000000000000000000e+00
3.208617768519922593e-03,1.576668525038244979e+03,1.576783335895821210e+03,6.823464651955543636e-02,2.711798796437530079e-01,-1.019846534868962364e+06,2.860367294118333348e+00,2.899958551647827232e+00,2.545660474539377913e+07,2.578744005088478699e+07,1.000000000000000000e+00
3.220967565301786212e-03,1.577892972905910938e+03,1.578012646175466898e+03,6.823242130448578524e-02,2.713906899440583498e-01,-1.020130072106964537e+06,2.796880474455347709e+00,2.832524263258642261e+00,2.495446393344048783e+07,2.525533931056178734e+07,1.000000000000000000e+00
3.233317362083649830e-03,1.579090448165519092e+03,1.579209093936146928e+03,6.823017303752010321e-02,2.715965736323224800e-01,-1.020409788726983475e+06,2.734133831964081551e+00,2.771707590909685326e+00,2.445710561755544692e+07,2.477184718310119957e+07,1.000000000000000000e+00
3.245667158865513449e-03,1.580261516990880182e+03,1.580373410342288935e+03,6.822790255894679856e-02,2.717976391834650007e-01,-1.020685691538985353e+06,2.672167709554472914e+00,2.713531986178385758e+00,2.396485266094945371e+07,2.430719418657926098e+07,1.000000000000000000e+00
3.258016955647377068e-03,1.581406738633045507e+03,1.581523276450654748e+03,6.822561070915379722e-02,2.719939937568801591e-01,-1.020957790789591614e+06,2.611018652298382925e+00,2.648694780382336411e+00,2.347800108429517969e+07,2.379184443012286723e+07,1.000000000000000000e+00
3.270366752429240253e-03,1.582526665140641626e+03,1.582647337930633512e+03,6.822329832831447449e-02,2.721857431314337328e-01,-1.021226099966904731e+06,2.550719551781695849e+00,2.584448202542025896e+00,2.299682103065162152e+07,2.328135522823081911e+07,1.000000000000000000e+00
3.282716549211103438e-03,1.583621841108810941e+03,1.583741059248073952e+03,6.822096625598657316e-02,2.723729916469884715e-01,-1.021490635608783225e+06,2.491299793719647049e+00,2.527106909574939664e+00,2.252155775689891726e+07,2.282223665811538696e+07,1.000000000000000000e+00
3.295066345992967057e-03,1.584692803454856630e+03,1.584805695289162259e+03,6.821861533063473815e-02,2.725558421520443142e-01,-1.021751417114517419e+06,2.432785406364510017e+00,2.472667857681252190e+00,2.205243264293833449e+07,2.238354954688887298e+07,1.000000000000000000e+00
3.307416142774830675e-03,1.585740081220004868e+03,1.585856411653260466e+03,6.821624638908904692e-02,2.727343959573645393e-01,-1.022008466560397297e+06,2.375199205229701516e+00,2.411975899576116245e+00,2.158964419952850416e+07,2.189669320798543468e+07,1.000000000000000000e+00
3.319765939556694294e-03,1.586764195395455090e+03,1.586884638903206451e+03,6.821386026595147034e-02,2.729087527951895575e-01,-1.022261808518967591e+06,2.318560925376113246e+00,2.351288454227945302e+00,2.113336903269094601e+07,2.141015433063409850e+07,1.000000000000000000e+00
3.332115736338557913e-03,1.587765658772147617e+03,1.587886634099606681e+03,6.821145779296630685e-02,2.730790107839218273e-01,-1.022511469882064732e+06,2.262887326927829346e+00,2.294532068233630095e+00,2.068376268675480410e+07,2.095365048825347424e+07,1.000000000000000000e+00
3.344465533120421098e-03,1.588744975812707025e+03,1.588860008768192529e+03,6.820903979837537878e-02,2.732452663979536012e-01,-1.022757479686965118e+06,2.208192268573467842e+00,2.245903394804803277e+00,2.024096043964932114e+07,2.055684029198431969e+07,1.000000000000000000e+00
3.369165126684147901e-03,1.590638693865693767e+03,1.590757739395723320e+03,6.820415978034841120e-02,2.735660583788747102e-01,-1.023238623328471906e+06,2.101793281386834522e+00,2.134582529790151284e+00,1.937601981979671866e+07,1.965414964229002222e+07,1.000000000000000000e+00
3.393864720247874705e-03,1.592449821763311547e+03,1.592567808788904813e+03,6.819922764605310106e-02,2.738719890429496262e-01,-1.023705619815962855e+06,1.999409942869749379e+00,2.033441153087449660e+00,1.853944164444351941e+07,1.882947158790627122e+07,1.000000000000000000e+00
3.418564313811601509e-03,1.594182082192578491e+03,1.594298762673404099e+03,6.819424983173918986e-02,2.741637677777112869e-01,-1.024158764108269010e+06,1.901069673205765920e+00,1.934919688828463880e+00,1.773166403019465879e+07,1.801816937787036970e+07,1.000000000000000000e+00
3.443263907375328746e-03,1.595839059355095515e+03,1.595961091587476176e+03,6.818923264806318885e-02,2.744420763600749491e-01,-1.024598371159260743e+06,1.806770462702907087e+00,1.833084387188044007e+00,1.695290815915757045e+07,1.718415249623006582e+07,1.000000000000000000e+00
3.467963500939055550e-03,1.597424199149273363e+03,1.597537904550481016e+03,6.818418226052304354e-02,2.747075689467087800e-01,-1.025024772031293833e+06,1.716484576212803592e+00,1.751560935479565373e+00,1.620320155544799380e+07,1.650133779738674685e+07,1.000000000000000000e+00
3.492663094502782353e-03,1.598940810128009616e+03,1.599061512183890954e+03,6.817910467086547854e-02,2.749608722434695451e-01,-1.025438310299051809e+06,1.630162133979743189e+00,1.658540619786389891e+00,1.548240154719482362e+07,1.572726511671943963e+07,1.000000000000000000e+00
3.517362688066509591e-03,1.600392065134119775e+03,1.600512387662037099e+03,6.817400569987111525e-02,2.752025858293536409e-01,-1.025839338775787153e+06,1.547734513289880098e+00,1.576133615291695600e+00,1.479021810046897829e+07,1.503708899043088406e+07,1.000000000000000000e+00
3.542062281630236394e-03,1.601781003512887082e+03,1.601897138337856859e+03,6.816889097189100799e-02,2.754332826110938992e-01,-1.026228216567258234e+06,1.469117507555465663e+00,1.500756954965143830e+00,1.412623539834512211e+07,1.439786557231579348e+07,1.000000000000000000e+00
3.566761875193963198e-03,1.603110533807276397e+03,1.603233528426670546e+03,6.816376590139140712e-02,2.756535093860753571e-01,-1.026605306444287300e+06,1.394214206414574608e+00,1.418747992321058859e+00,1.348993181304265745e+07,1.370402129379984736e+07,1.000000000000000000e+00
3.591461468757690002e-03,1.604383436851861916e+03,1.604504180095932270e+03,6.815863568164989839e-02,2.758637874938227874e-01,-1.026970972520095413e+06,1.322917586063088180e+00,1.350805743221579425e+00,1.288069812892203219e+07,1.312216863429762051e+07,1.000000000000000000e+00
3.616161062321416805e-03,1.605602369186447277e+03,1.605720820525175441e+03,6.815350527565403049e-02,2.760646135377781141e-01,-1.027325578214264475e+06,1.255112814636525576e+00,1.284008365142460750e+00,1.229785399425578862e+07,1.254678814997297339e+07,1.000000000000000000e+00
3.640860655885144043e-03,1.606769866721370590e+03,1.606893247600570021e+03,6.814837940918026804e-02,2.762564601616357418e-01,-1.027669484484529006e+06,1.190679285322544523e+00,1.213379612503430849e+00,1.174066264443787746e+07,1.194258389428172633e+07,1.000000000000000000e+00
3.665560249448870846e-03,1.607888348591719705e+03,1.608009907955887229e+03,6.814326256597777465e-02,2.764397768659356824e-01,-1.028003048305842327e+06,1.129492394386778287e+00,1.153558522923638030e+00,1.120834397554388270e+07,1.142498469395180978e+07,1.000000000000000000e+00
3.690259843012597650e-03,1.608960121147440304e+03,1.609077224361564049e+03,6.813815898494014756e-02,2.766149908528363621e-01,-1.028326621376787662e+06,1.071425083507378417e+00,1.099545124213989755e+00,1.070008607066117041e+07,1.094836940004456416e+07,1.000000000000000000e+00
3.714959436576324887e-03,1.609987382031071547e+03,1.610110773207587272e+03,6.813307265912074695e-02,2.767825078882421019e-01,-1.028640549032850424e+06,1.016349168559183003e+00,1.038725125529441407e+00,1.021505530460959300e+07,1.041498874730604328e+07,1.000000000000000000e+00
3.739659030140051691e-03,1.610972224303007579e+03,1.611098648728476519e+03,6.812800733642337958e-02,2.769427131723007918e-01,-1.028945169347246876e+06,9.641364820053124340e-01,9.805576668139062146e-01,9.752405222465109080e+06,9.904899132143823430e+06,1.000000000000000000e+00
3.764358623703778495e-03,1.611916640577775979e+03,1.612037699034603520e+03,6.812296652177360357e-02,2.770959722102749323e-01,-1.029240812400338938e+06,9.146598543224740974e-01,9.392053007073167814e-01,9.311284779202982783e+06,9.530537180655723438e+06,1.000000000000000000e+00
3.793363337622715926e-03,1.612976483760897281e+03,1.613099404376281200e+03,6.811708255697068726e-02,2.772675192947567924e-01,-1.029576933562423452e+06,8.598868634398506572e-01,8.823355388089438867e-01,8.819604363371165469e+06,9.021198705401517451e+06,1.000000000000000000e+00
3.822368051541653357e-03,1.613986134309810950e+03,1.614112879311717961e+03,6.811124171042381992e-02,2.774305020362868301e-01,-1.029901642366620130e+06,8.085134170233244655e-01,8.250127552660578845e-01,8.355066465971350670e+06,8.509033974446685985e+06,1.000000000000000000e+00
3.851372765460590788e-03,1.614948333086741286e+03,1.615071969297683609e+03,6.810544842109222952e-02,2.775854176200314161e-01,-1.030215425084944698e+06,7.603461799227022588e-01,7.811823348021044167e-01,7.916324933471346274e+06,8.108839958500630222e+06,1.000000000000000000e+00
3.880377479379528219e-03,1.615865663344509130e+03,1.615987560686776305e+03,6.809970671023722610e-02,2.777327327626428755e-01,-1.030518749739277177e+06,7.151985433324810071e-01,7.373793053352379889e-01,7.502065640117755160e+06,7.705045809542834759e+06,1.000000000000000000e+00
3.909382193298465216e-03,1.616740559192679711e+03,1.616867157599445591e+03,6.809402019849107590e-02,2.778728854638891077e-01,-1.030812065884888405e+06,6.728911315285727168e-01,6.901352060419798651e-01,7.111011329632260837e+06,7.272266920767107978e+06,1.000000000000000000e+00
3.938386907217403081e-03,1.617575313772197660e+03,1.617703801428643601e+03,6.808839212407659380e-02,2.780062866911885422e-01,-1.031095804580389289e+06,6.332521981747086803e-01,6.455443281465770289e-01,6.741926081204697490e+06,6.863511398846016265e+06,1.000000000000000000e+00
3.967391621136340946e-03,1.618372087119362959e+03,1.618496429696152063e+03,6.808282536186470446e-02,2.781333219933518341e-01,-1.031370378513952834e+06,5.961178841801799688e-01,6.153704342678389949e-01,6.393618704381368123e+06,6.575245836573975161e+06,1.000000000000000000e+00
3.996396335055277943e-03,1.619132913704610473e+03,1.619257740903937702e+03,6.807732244296546553e-02,2.782543530409505861e-01,-1.031636182257916429e+06,5.613323446104665493e-01,5.802370903248441625e-01,6.064945102765381336e+06,6.242780444569157436e+06,1.000000000000000000e+00
4.025401048974214940e-03,1.619859709638281402e+03,1.619988205777993699e+03,6.807188557457739819e-02,2.783697190921619602e-01,-1.031893592627362930e+06,5.287477645111707814e-01,5.435327319957191650e-01,5.754809749257503077e+06,5.897237126553731970e+06,1.000000000000000000e+00
4.054405762893152805e-03,1.620554279539447180e+03,1.620684438420524884e+03,6.806651665985853639e-02,2.784797383838106821e-01,-1.032142969120901078e+06,4.982242843717611946e-01,5.085240222954395817e-01,5.462166416806570254e+06,5.567677927825301886e+06,1.000000000000000000e+00
4.083410476812090670e-03,1.621218323068694417e+03,1.621345231897306121e+03,6.806121731761648197e-02,2.785847094483363540e-01,-1.032384654425241635e+06,4.696298537371201842e-01,4.856097778017537947e-01,5.186018296758484095e+06,5.343018564242601395e+06,1.000000000000000000e+00
4.112415190731027667e-03,1.621853441128245549e+03,1.621978530034321466e+03,6.805598890165022452e-02,2.786849123579463461e-01,-1.032618974967323826e+06,4.428400289931500589e-01,4.604464077374811892e-01,4.925417618286782876e+06,5.096395725101029500e+06,1.000000000000000000e+00
4.141419904649964664e-03,1.622461141736049285e+03,1.622590108372593704e+03,6.805083251960543367e-02,2.787806098978656832e-01,-1.032846241500565899e+06,4.177377288422888246e-01,4.321758121497464855e-01,4.679464868739319034e+06,4.821462819050090387e+06,1.000000000000000000e+00
4.170424618568901662e-03,1.623042845581859410e+03,1.623174138747733423e+03,6.804574905123469963e-02,2.788720486708788915e-01,-1.033066749713463942e+06,3.942129588627908965e-01,4.051576995312702878e-01,4.447307698532244191e+06,4.558726262147639878e+06,1.000000000000000000e+00
4.199429332487838659e-03,1.623599891275419395e+03,1.623731565237320183e+03,6.804073916597748461e-02,2.789594601357526793e-01,-1.033280780851102667e+06,3.721625145918578959e-01,3.813918374841748782e-01,4.228139583433612250e+06,4.325955765991942026e+06,1.000000000000000000e+00
4.228434046406776524e-03,1.624133540297476429e+03,1.624262778741503780e+03,6.803580333979745987e-02,2.790430615822349636e-01,-1.033488602341333055e+06,3.514896709463855018e-01,3.651962148518453910e-01,4.021198304066157434e+06,4.160570740819366649e+06,1.000000000000000000e+00
4.257438760325714389e-03,1.624644981665614978e+03,1.624772727734261025e+03,6.803094187123275016e-02,2.791230570455441873e-01,-1.033690468419190613e+06,3.321038643470335949e-01,3.471327832920776957e-01,3.825764294378246181e+06,3.977152590351277962e+06,1.000000000000000000e+00
4.286443474244651386e-03,1.625135336326977495e+03,1.625266271209727392e+03,6.802615489663198234e-02,2.791996381632508850e-01,-1.033886620744099375e+06,3.139203726892229596e-01,3.265639775832009928e-01,3.641158900562101044e+06,3.769998613486540504e+06,1.000000000000000000e+00
4.315448188163588383e-03,1.625605661290618627e+03,1.625738674928746832e+03,6.802144240456177438e-02,2.792729849775489881e-01,-1.034077289005663944e+06,2.968599972350449701e-01,3.068586739701041344e-01,3.466742585904519074e+06,3.571552493625155650e+06,1.000000000000000000e+00
4.344452902082525381e-03,1.626056953511977781e+03,1.626191046283039668e+03,6.801680424938415237e-02,2.793432666858332025e-01,-1.034262691514690989e+06,2.808487495379398680e-01,2.879718074983236287e-01,3.301913108699396253e+06,3.381359400945417583e+06,1.000000000000000000e+00
4.373457616001462378e-03,1.626490153542237977e+03,1.626623079756264815e+03,6.801224016401119510e-02,2.794106423425120056e-01,-1.034443035777023411e+06,2.658175455735222736e-01,2.749831307679322934e-01,3.146103695043237880e+06,3.246614043773124460e+06,1.000000000000000000e+00
4.402462329920400243e-03,1.626906148954884657e+03,1.627037382171333320e+03,6.800774977185383707e-02,2.794752615148662356e-01,-1.034618519048337708e+06,2.517019081463923169e-01,2.633845971829966159e-01,2.998781219245551620e+06,3.123521660227535758e+06,1.000000000000000000e+00
4.431467043839338107e-03,1.627305777561850846e+03,1.627436482302191507e+03,6.800333259798806151e-02,2.795372648957391015e-01,-1.034789328869175515e+06,2.384416775022966672e-01,2.507964658838387484e-01,2.859444396140845027e+06,2.990322318700775504e+06,1.000000000000000000e+00
4.460471757758275105e-03,1.627689830431164182e+03,1.627823234908619497e+03,6.799898807956726576e-02,2.795967848757219265e-01,-1.034955643580226460e+06,2.259807312289341397e-01,2.365876470735339410e-01,2.727621985451734625e+06,2.840934904128012247e+06,1.000000000000000000e+00
4.489476471677212102e-03,1.628059054718061816e+03,1.628194396898283003e+03,6.799471557550487710e-02,2.796539460774656316e-01,-1.035117632820225786e+06,2.142667346738743872e-01,2.229375804890559032e-01,2.602871108443781268e+06,2.697429657838005573e+06,1.000000000000000000e+00
4.518481185596149967e-03,1.628414156320498250e+03,1.628550745416712061e+03,6.799051437540173937e-02,2.797088658544734097e-01,-1.035275458013729309e+06,2.032510489946363352e-01,2.098185623559493673e-01,2.484776718524551485e+06,2.559514684862214606e+06,1.000000000000000000e+00
4.576490613434024829e-03,1.629084000917668163e+03,1.629219568989512481e+03,6.798232355286321082e-02,2.798123133491163816e-01,-1.035579073298191652e+06,1.831534808482846444e-01,1.909718405796771157e-01,2.267114532448742073e+06,2.357139210382498335e+06,1.000000000000000000e+00
4.634500041271899691e-03,1.629705126057770713e+03,1.629838689233883770e+03,6.797440605897493715e-02,2.799080907437762056e-01,-1.035867974858248606e+06,1.653342715151900899e-01,1.754245094658769266e-01,2.071649197496861918e+06,2.184438528046215884e+06,1.000000000000000000e+00
4.692509469109774553e-03,1.630281907831866192e+03,1.630419787526316895e+03,6.796675445911445901e-02,2.799969147836646743e-01,-1.036143188896830659e+06,1.495115989588432226e-01,1.571314198722247868e-01,1.895889529264643788e+06,1.982298093324014917e+06,1.000000000000000000e+00
4.750518896947649415e-03,1.630818268469127361e+03,1.630958646922644220e+03,6.795936086634647710e-02,2.800794241965214315e-01,-1.036405649249545299e+06,1.354395884797525984e-01,1.401261434128008299e-01,1.737635336767381290e+06,1.794405538634538185e+06,1.000000000000000000e+00
4.808528324785524277e-03,1.631317728207660593e+03,1.631457767460165542e+03,6.795221709011345368e-02,2.801561890998428561e-01,-1.036656206839210819e+06,1.229044129193487406e-01,1.280181158796616092e-01,1.594946821869553532e+06,1.658256334790743422e+06,1.000000000000000000e+00
4.866537752623398272e-03,1.631783450883546948e+03,1.631921439781020126e+03,6.794531475999085468e-02,2.802277192004496431e-01,-1.036895638270176714e+06,1.117201191989676684e-01,1.190981045637931335e-01,1.466114008189200191e+06,1.554068231382064056e+06,1.000000000000000000e+00
4.924547180461273134e-03,1.632218283995767706e+03,1.632358123324486542e+03,6.793864542752338365e-02,2.802944709418802027e-01,-1.037124653516075807e+06,1.017248871512885094e-01,1.085894087571779298e-01,1.349628903156692395e+06,1.431245304748596391e+06,1.000000000000000000e+00
4.982556608299147996e-03,1.632624793933965520e+03,1.632767618265871533e+03,6.793220064911230371e-02,2.803568537391592508e-01,-1.037343902759882738e+06,9.277777263549882858e-02,9.792015143994710347e-02,1.244160794857956469e+06,1.306580546237710631e+06,1.000000000000000000e+00
5.040566036137021991e-03,1.633005296975168903e+03,1.633150111581451256e+03,6.792597205272850325e-02,2.804152354225457611e-01,-1.037553982465012115e+06,8.475588954801951957e-02,8.792698615946310803e-02,1.148534496537047205e+06,1.189824643105283147e+06,1.000000000000000000e+00
5.098575463974896853e-03,1.633361886581133149e+03,1.633506973937074690e+03,6.791995139093254252e-02,2.804699469956953850e-01,-1.037755440758271958e+06,7.755197684789499890e-02,8.042940227205624959e-02,1.061711253077492118e+06,1.101108674877388636e+06,1.000000000000000000e+00
5.156584891812771715e-03,1.633696457460555393e+03,1.633840062450025243e+03,6.791413058237991129e-02,2.805212867993768233e-01,-1.037948782201603986e+06,7.107229980601567632e-02,7.580756960449043513e-02,9.827720125167453662e+05,1.043766825126602082e+06,1.000000000000000000e+00
5.214594319650646577e-03,1.634010726801553574e+03,1.634152787330113142e+03,6.790850174370147152e-02,2.805695241595339007e-01,-1.038134472024057759e+06,6.523484001462445669e-02,7.092625096101839999e-02,9.109027819457952864e+05,9.827065923944558017e+05,1.000000000000000000e+00
5.272603747488521439e-03,1.634306253027718185e+03,1.634451375719702810e+03,6.790305721340593459e-02,2.806149025877215930e-01,-1.038312939879737212e+06,5.996772940061285279e-02,6.480461801884747353e-02,8.453817841071751900e+05,9.062553802547873929e+05,1.000000000000000000e+00
5.330613175326396301e-03,1.634584452386808152e+03,1.634732041431203697e+03,6.789778956927021436e-02,2.806576425928887231e-01,-1.038484583195588901e+06,5.520786696100106472e-02,5.903384791793188369e-02,7.855680372619732516e+05,8.341910883345631883e+05,1.000000000000000000e+00
5.388622603164271163e-03,1.634846613646233436e+03,1.634996162784917487e+03,6.789269164060239559e-02,2.806979441566006539e-01,-1.038649770191380056e+06,5.089960067853444015e-02,5.358756218209111827e-02,7.308907603549817577e+05,7.661836622536882060e+05,1.000000000000000000e+00
5.504641458840020887e-03,1.635326351930370947e+03,1.635476719125222189e+03,6.788298412955821870e-02,2.807717774019958812e-01,-1.038961798821739852e+06,4.346820489147346783e-02,4.542166868619391951e-02,6.351294464506147197e+05,6.631345986609183019e+05,1.000000000000000000e+00
5.620660314515769744e-03,1.635755230157727283e+03,1.635901760136784105e+03,6.787386702998114696e-02,2.808379449424035501e-01,-1.039252383615610073e+06,3.732055619324568807e-02,4.094173722218661521e-02,5.544550847684057662e+05,6.036197345428098924e+05,1.000000000000000000e+00
5.747632770399729168e-03,1.636174113049527023e+03,1.636323364111952287e+03,6.786451117443986769e-02,2.809027669172980413e-01,-1.039548226349036791e+06,3.177418333582655158e-02,3.495731641246230259e-02,4.803000247134429519e+05,5.230454927186600398e+05,1.000000000000000000e+00
5.874605226283687726e-03,1.636547744792282174e+03,1.636701473108522578e+03,6.785574673210194308e-02,2.809608039401222390e-01,-1.039823379096527351e+06,2.721078097070262977e-02,2.916330764726170546e-02,4.181473041077887174e+05,4.447762239825733122e+05,1.000000000000000000e+00
6.001577682167647150e-03,1.636882314376216755e+03,1.637039921052438558e+03,6.784752211796803156e-02,2.810129932739475755e-01,-1.040079904235815862e+06,2.343307940561115826e-02,2.394313267502674869e-02,3.657693220371232019e+05,3.742651880014828057e+05,1.000000000000000000e+00
6.128550138051606574e-03,1.637183001537782502e+03,1.637335626977571337e+03,6.783979071662810112e-02,2.810601162488899907e-01,-1.040319598764093593e+06,2.028726369425579157e-02,2.190326469529401548e-02,3.213963287928068894e+05,3.456925804197829566e+05,1.000000000000000000e+00
6.255522593935565999e-03,1.637454165206969947e+03,1.637600342578825803e+03,6.783251045355573328e-02,2.811028278613827980e-01,-1.040544033391979174e+06,1.765282497153448232e-02,1.996518371080889878e-02,2.836152838006316451e+05,3.172027496289029950e+05,1.000000000000000000e+00
6.382495049819525423e-03,1.637699489577100167e+03,1.637847381275992802e+03,6.782564343364740067e-02,2.811416801010366284e-01,-1.040754587795499596e+06,1.543434249768960501e-02,1.758012547588677990e-02,2.512896440447258356e+05,2.816854714809557190e+05,1.000000000000000000e+00
6.636439961587444272e-03,1.638122020601426584e+03,1.638277547044531048e+03,6.781304650895568498e-02,2.812092096129872321e-01,-1.041137702648896375e+06,1.198438660198474989e-02,1.312269237713775683e-02,1.997798837936764467e+05,2.151500002276770538e+05,1.000000000000000000e+00
6.890384873355363121e-03,1.638474660773991218e+03,1.638631645795724580e+03,6.780169181073540663e-02,2.812664417445884246e-01,-1.041480562833654345e+06,9.457530883686176768e-03,9.947618795107058404e-03,1.610073986033006222e+05,1.675648346330909408e+05,1.000000000000000000e+00
7.144329785123281970e-03,1.638771854692445231e+03,1.638909307836192056e+03,6.779139263591327236e-02,2.813155064699770502e-01,-1.041789375690600020e+06,7.574832840346648263e-03,8.806551338391302094e-03,1.313576740871972870e+05,1.494054162245054322e+05,1.000000000000000000e+00
7.652219608659118801e-03,1.639232626323904924e+03,1.639370090155024855e+03,6.777350250301723833e-02,2.813939377512072459e-01,-1.042319767551491503e+06,5.104127547794009775e-03,6.052553861342097920e-03,9.089585103972534125e+04,1.046496165551106096e+05,1.000000000000000000e+00
8.160123708451996749e-03,1.639577151674960987e+03,1.639734821839492952e+03,6.775815287717015800e-02,2.814557410574895502e-01,-1.042771672465223121e+06,3.596210594584394599e-03,3.642348457130816820e-03,6.517355136219503765e+04,6.542966310224651534e+04,1.000000000000000000e+00
8.668027808244873830e-03,1.639840355456625502e+03,1.639953481714290547e+03,6.774474668997465532e-02,2.815059438925057722e-01,-1.043163437398102484e+06,2.633393699828531428e-03,3.055430454339812339e-03,4.810351372374447965e+04,5.535603460069641005e+04,1.000000000000000000e+00
9.175931908037750911e-03,1.640044821444725585e+03,1.640136652339928787e+03,6.773286489848437397e-02,2.815477719054193528e-01,-1.043507722030042205e+06,1.994159920324593133e-03,2.491743361839164356e-03,3.634893261759258894e+04,4.492611452818620455e+04,1.000000000000000000e+00
9.683836007830627993e-03,1.640205706555092775e+03,1.640307460008292765e+03,6.772220849230038697e-02,2.815833624509150312e-01,-1.043813364055615035e+06,1.555300960900426847e-03,1.908086081754940301e-03,2.798933093833292514e+04,3.368937916823445266e+04,1.000000000000000000e+00
1.069964420743912958e-02,1.640428309459221509e+03,1.640557968889948370e+03,6.770391980513856822e-02,2.816401961636499918e-01,-1.044327400632599485e+06,1.043785479023676827e-03,1.076672844670406842e-03,1.766060862474466194e+04,1.763245069862077435e+04,1.000000000000000000e+00
1.171545240704763118e-02,1.640573023487969976e+03,1.640635481029653192e+03,6.768817399495451193e-02,2.816865386966661555e-01,-1.044763222025912721e+06,7.635716728023609137e-04,9.296579370036428275e-04,1.159033008661299755e+04,1.424330672666788632e+04,1.000000000000000000e+00
1.273126060665603215e-02,1.640666261478334263e+03,1.640730658171122968e+03,6.767432451992322351e-02,2.817259359747168457e-01,-1.045139662165225367e+06,6.024263486538745244e-04,7.238418171012301261e-04,7.772820427035711873e+03,9.662518901107761849e+03,1.000000000000000000e+00
1.374706880626443140e-02,1.640723923035503049e+03,1.640819787933859971e+03,6.766194205880531054e-02,2.817604877271455699e-01,-1.045469366548399441e+06,5.068996402252108451e-04,5.367572820197827549e-04,5.240348960427337261e+03,5.516826549125930796e+03,1.000000000000000000e+00
1.476287700587265890e-02,1.640756148561987629e+03,1.640859731291548542e+03,6.765072112124762005e-02,2.817915074141821852e-01,-1.045761462120160228e+06,4.493388736652769236e-04,4.483987966619443384e-04,3.486602110220786471e+03,3.350098579378655359e+03,1.000000000000000000e+00
1.577868520548088641e-02,1.640769732265721814e+03,1.640840970209379748e+03,6.764043190969830366e-02,2.818198548814229709e-01,-1.046022945075140800e+06,4.144256667397315172e-04,4.296247892405910453e-04,2.228750491316079206e+03,2.532089193560880631e+03,1.000000000000000000e+00
1.679449340508939320e-02,1.640769433088943970e+03,1.640837987795546724e+03,6.763089488845934472e-02,2.818461143240253985e-01,-1.046259428348932648e+06,3.932362389471900921e-04,4.053049219364439565e-04,1.300115267526439311e+03,1.508365718357034666e+03,1.000000000000000000e+00
1.781030160469790347e-02,1.640758729139188745e+03,1.640838385594449619e+03,6.762196737404641000e-02,2.818706935109376865e-01,-1.046475551373323309e+06,3.803895252072263082e-04,3.825841342231019204e-04,5.980260259380966090e+02,5.513110736961912153e+02,1.000000000000000000e+00
1.882610980430641373e-02,1.640740274580390860e+03,1.640836335931006261e+03,6.761353700175805337e-02,2.818938797841579191e-01,-1.046675195956067881e+06,3.725715518568492070e-04,3.681235548197252499e-04,5.686901872922148016e+01,-1.302772195833364037e+02,1.000000000000000000e+00
1.984191800391492053e-02,1.640716189993353964e+03,1.640808291464169997e+03,6.760551964077031462e-02,2.819158700758279679e-01,-1.046861574386924971e+06,3.677221679096107088e-04,3.653911079425760052e-04,-3.666010516795412855e+02,-4.212016556664332825e+02,1.000000000000000000e+00
2.085772620352342732e-02,1.640688256343455123e+03,1.640773976799008778e+03,6.759786075920902471e-02,2.819367831863128782e-01,-1.047037213974539423e+06,3.645636534614616307e-04,3.616297159831456860e-04,-7.016326142871331513e+02,-7.510713927999314592e+02,1.000000000000000000e+00
2.187353440313193759e-02,1.640658052100518262e+03,1.640741782759656644e+03,6.759054008625334231e-02,2.819566575787076368e-01,-1.047203835459934198e+06,3.623170111990228499e-04,3.579845136233689813e-04,-9.684266091442462994e+02,-1.067817394270078694e+03,1.000000000000000000e+00
2.288934260274044091e-02,1.640627056922010524e+03,1.640722332131597568e+03,6.758358002469005976e-02,2.819754346354821917e-01,-1.047362100768653327e+06,3.605267772480024065e-04,3.561249567730322553e-04,-1.181144954020111982e+03,-1.278396772255776796e+03,1.000000000000000000e+00
2.390515080234894771e-02,1.640596736439830238e+03,1.640690099358964744e+03,6.757705882181132273e-02,2.819929245207006829e-01,-1.047511182146824547e+06,3.589511021435474580e-04,3.541969529560286311e-04,-1.349772591752888729e+03,-1.415693648626081995e+03,1.000000000000000000e+00
2.593676720156596824e-02,1.640542699895398982e+03,1.640635918198885292e+03,6.756579387077296661e-02,2.820229076532911883e-01,-1.047772783488759887e+06,3.561615945333717736e-04,3.504642793224529550e-04,-1.576168284852583383e+03,-1.633315170406384823e+03,1.000000000000000000e+00
2.796838360078298183e-02,1.640508359714029666e+03,nan,6.755820684371989515e-02,2.820430637195724399e-01,-1.047958783694518963e+06,3.540740295860675488e-04,nan,-1.689296327348572049e+03,nan,0.000000000000000000e+00
2.999999999999999889e-02,1.640508359714029666e+03,nan,6.755820684371989515e-02,2.820430637195724399e-01,-1.047958783694518963e+06,3.540740295860593089e-04,nan,-1.689296327348240311e+03,nan,0.000000000000000000e+00
